{
	"SensorDataCollection": {
		"SensorId": 0,
		"SensorDatas": [{
				"Time": 2.9135970590776768e-8,
				"TimeDiff": 0.0,
				"PhiDegree": 76.7594800848128,
				"Power": -25.532483368229748
			}, {
				"Time": 4.3219357755665614e-7,
				"TimeDiff": 4.0305760696587935e-7,
				"PhiDegree": 140.619652373426,
				"Power": -50.84886950148514
			}]
	}
}