{
	"SensorDataCollection": {
		"SensorId": 0,
		"SensorDatas": [{
				"Time": 495.8485427837184,
				"TimeDiff": 0.0,
				"PhiDegree": 33.07946826529349,
				"Power": -53.16986215248983
			}, {
				"Time": 461.5348426330264,
				"TimeDiff": -34.313700150692,
				"PhiDegree": 214.40902534146298,
				"Power": -55.016564192562
			}, {
				"Time": 468.7996533262837,
				"TimeDiff": -27.04888945743471,
				"PhiDegree": 27.592960449990386,
				"Power": -55.85203193199429
			}]
	}
}