{
	"SensorDataCollection": {
		"SensorId": 0,
		"SensorDatas": [{
				"Time": 8.308505185853816e-8,
				"TimeDiff": 0.0,
				"PhiDegree": 0.0,
				"Power": -40.0969341777876
			}, {
				"Time": 1.5650201845233382e-7,
				"TimeDiff": 7.341696659379566e-8,
				"PhiDegree": 0.0,
				"Power": -55.563430862420915
			}, {
				"Time": 1.9767806599707584e-7,
				"TimeDiff": 1.1459301413853768e-7,
				"PhiDegree": 0.0,
				"Power": -65.57967998788516
			}, {
				"Time": 2.1317165913492439e-7,
				"TimeDiff": 1.300866072763862e-7,
				"PhiDegree": 0.0,
				"Power": -67.4884227570459
			}]
	}
}