{
	"SensorDataCollection": {
		"SensorId": 0,
		"SensorDatas": [{
				"Time": 1.8375470551088634e-7,
				"TimeDiff": 0.0,
				"PhiDegree": 42.15488236632755,
				"Power": -43.72484336067785
			}, {
				"Time": 1.729504150354147e-7,
				"TimeDiff": -1.0804290475471637e-8,
				"PhiDegree": 298.40513456572455,
				"Power": -50.20800825907921
			}, {
				"Time": 2.0071115742512561e-7,
				"TimeDiff": 1.6956451914239272e-8,
				"PhiDegree": 294.3894093229836,
				"Power": -61.49301236886123
			}]
	}
}