{
	"SensorDataCollection": {
		"SensorId": 0,
		"SensorDatas": [{
				"Time": 1.586605964814814e-7,
				"TimeDiff": 0.0,
				"PhiDegree": 55.4022386683574,
				"Power": -29.698010653047483
			}]
	}
}