{
	"SensorDataCollection": {
		"SensorId": 0,
		"SensorDatas": [{
				"Time": 4.881022390782784e-7,
				"TimeDiff": 0.0,
				"PhiDegree": 130.11027378581434,
				"Power": -42.42939091397719
			}, {
				"Time": 8.296029311439226e-7,
				"TimeDiff": 3.415006920656441e-7,
				"PhiDegree": 163.88797897775956,
				"Power": -67.40629896121008
			}, {
				"Time": 8.448508525395431e-7,
				"TimeDiff": 3.5674861346126467e-7,
				"PhiDegree": 160.62746946118884,
				"Power": -70.98518626178571
			}]
	}
}