{
	"SensorDataCollection": {
		"SensorId": 0,
		"SensorDatas": [{
				"Time": 5.158905566999755e-7,
				"TimeDiff": 0.0,
				"PhiDegree": 159.95306640137196,
				"Power": -69.10953738650468
			}, {
				"Time": 5.798523869666372e-7,
				"TimeDiff": 6.396183026666171e-8,
				"PhiDegree": 146.69801292740956,
				"Power": -72.8659947890071
			}, {
				"Time": 5.38590901033842e-7,
				"TimeDiff": 2.2700344333866495e-8,
				"PhiDegree": 61.91181152916997,
				"Power": -81.54239075396592
			}, {
				"Time": 6.513154014935521e-7,
				"TimeDiff": 1.3542484479357662e-7,
				"PhiDegree": 164.24555223074682,
				"Power": -91.80509254827606
			}]
	}
}