{
	"SensorDataCollection": {
		"SensorId": 0,
		"SensorDatas": [{
				"Time": 8.700896896985562e-8,
				"TimeDiff": 0.0,
				"PhiDegree": 4.398705355005936,
				"Power": -35.881525233027524
			}, {
				"Time": 1.1575007315145382e-7,
				"TimeDiff": 2.87411041815982e-8,
				"PhiDegree": 318.54559168706214,
				"Power": -38.52811798160445
			}, {
				"Time": 1.8157041249175476e-7,
				"TimeDiff": 9.456144352189914e-8,
				"PhiDegree": 298.5412184622068,
				"Power": -48.386783841847304
			}, {
				"Time": 4.846118433711254e-7,
				"TimeDiff": 3.976028744012698e-7,
				"PhiDegree": 229.02070756790727,
				"Power": -51.34894825084669
			}]
	}
}