{
	"SensorDataCollection": {
		"SensorId": 0,
		"SensorDatas": [{
				"Time": 3.730478768259674e-8,
				"TimeDiff": 0.0,
				"PhiDegree": 10.304846468766033,
				"Power": -28.038972944491718
			}, {
				"Time": 8.49656750541843e-8,
				"TimeDiff": 4.7660887371587557e-8,
				"PhiDegree": 295.59297198797407,
				"Power": -40.0438536306
			}]
	}
}