{
	"SensorDataCollection": {
		"SensorId": 0,
		"SensorDatas": [{
				"Time": 1.1031120966283265e-7,
				"TimeDiff": 0.0,
				"PhiDegree": 3.468229258917148,
				"Power": -37.96231487934336
			}, {
				"Time": 1.4192609269373935e-7,
				"TimeDiff": 3.161488303090669e-8,
				"PhiDegree": 39.120517383555786,
				"Power": -40.53396306335274
			}, {
				"Time": 1.3414947532751304e-7,
				"TimeDiff": 2.3838265664680386e-8,
				"PhiDegree": 325.1644225450734,
				"Power": -40.79315672197809
			}, {
				"Time": 1.938190315436183e-7,
				"TimeDiff": 8.350782188078566e-8,
				"PhiDegree": 304.61804820539504,
				"Power": -45.20664542907974
			}]
	}
}