{
	"SensorDataCollection": {
		"SensorId": 0,
		"SensorDatas": [{
				"Time": 6.042915034096096e-8,
				"TimeDiff": 0.0,
				"PhiDegree": 6.340191745902598,
				"Power": -32.626095827440345
			}, {
				"Time": 9.736118818245838e-8,
				"TimeDiff": 3.693203784149742e-8,
				"PhiDegree": 308.0881881202017,
				"Power": -37.40275955287299
			}, {
				"Time": 3.0193375384893804e-7,
				"TimeDiff": 2.415046035079771e-7,
				"PhiDegree": 78.52640477048696,
				"Power": -63.085564458909275
			}]
	}
}