{
	"SensorDataCollection": {
		"SensorId": 0,
		"SensorDatas": [{
				"Time": 9.033614496552194e-8,
				"TimeDiff": 0.0,
				"PhiDegree": 4.23639479905884,
				"Power": -36.21181361397906
			}, {
				"Time": 1.1827145826699443e-7,
				"TimeDiff": 2.7935313301472488e-8,
				"PhiDegree": 319.6157576926001,
				"Power": -38.8083522920804
			}, {
				"Time": 1.8318808121289026e-7,
				"TimeDiff": 9.285193624736832e-8,
				"PhiDegree": 299.458034584537,
				"Power": -47.768916119595644
			}, {
				"Time": 4.868064842995573e-7,
				"TimeDiff": 3.9647033933403535e-7,
				"PhiDegree": 228.7242284983025,
				"Power": -51.314837606617886
			}]
	}
}