{
	"SensorDataCollection": {
		"SensorId": 0,
		"SensorDatas": [{
				"Time": 7.739282576649947e-8,
				"TimeDiff": 0.0,
				"PhiDegree": 172.56859202882748,
				"Power": -34.84636780091568
			}, {
				"Time": 1.1083322891292077e-7,
				"TimeDiff": 3.34404031464213e-8,
				"PhiDegree": 226.17829749438494,
				"Power": -38.03247258751719
			}, {
				"Time": 3.9406440649733637e-7,
				"TimeDiff": 3.1667158073083687e-7,
				"PhiDegree": 47.93843176686098,
				"Power": -49.3119654768125
			}, {
				"Time": 3.024612394727782e-7,
				"TimeDiff": 2.250684137062787e-7,
				"PhiDegree": 104.69820127699867,
				"Power": -59.100143436114536
			}]
	}
}