{
	"SensorDataCollection": {
		"SensorId": 0,
		"SensorDatas": [{
				"Time": 7.7032354194598e-8,
				"TimeDiff": 0.0,
				"PhiDegree": 4.969740728114248,
				"Power": -34.80494225853258
			}, {
				"Time": 1.0845046033158002e-7,
				"TimeDiff": 3.141810613698202e-8,
				"PhiDegree": 315.04238037132166,
				"Power": -37.82900402749934
			}, {
				"Time": 1.7700632080236764e-7,
				"TimeDiff": 9.997396660776965e-8,
				"PhiDegree": 295.6936629326542,
				"Power": -50.65634376264495
			}, {
				"Time": 4.781071988619533e-7,
				"TimeDiff": 4.010748446673553e-7,
				"PhiDegree": 229.92636199026467,
				"Power": -51.49099013505203
			}]
	}
}