{
	"SensorDataCollection": {
		"SensorId": 0,
		"SensorDatas": [{
				"Time": 7.078085802360012e-8,
				"TimeDiff": 0.0,
				"PhiDegree": 171.86989764584402,
				"Power": -34.051281748085806
			}, {
				"Time": 1.0632161122602114e-7,
				"TimeDiff": 3.5540753202421026e-8,
				"PhiDegree": 228.77381718425823,
				"Power": -37.80800702250869
			}, {
				"Time": 3.985658254096007e-7,
				"TimeDiff": 3.277849673860006e-7,
				"PhiDegree": 47.226192152014896,
				"Power": -49.29351832865788
			}, {
				"Time": 3.0083730115436576e-7,
				"TimeDiff": 2.3005644313076563e-7,
				"PhiDegree": 103.46874206550713,
				"Power": -60.44668693591787
			}]
	}
}