{
	"SensorDataCollection": {
		"SensorId": 0,
		"SensorDatas": [{
				"Time": 7.038653262659904e-8,
				"TimeDiff": 0.0,
				"PhiDegree": 5.440332031004945,
				"Power": -34.001340358986575
			}, {
				"Time": 1.0383536357409694e-7,
				"TimeDiff": 3.34488309474979e-8,
				"PhiDegree": 312.4396462368523,
				"Power": -37.52077184966163
			}, {
				"Time": 4.7383864548710617e-7,
				"TimeDiff": 4.0345211286050714e-7,
				"PhiDegree": 230.5438451539232,
				"Power": -51.620697234322705
			}]
	}
}