{
	"SensorDataCollection": {
		"SensorId": 0,
		"SensorDatas": [{
				"Time": 1.0032144553884512e-7,
				"TimeDiff": 0.0,
				"PhiDegree": 3.8140748342903543,
				"Power": -37.13188410978032
			}, {
				"Time": 1.2606312382442805e-7,
				"TimeDiff": 2.574167828558293e-8,
				"PhiDegree": 322.5647397416913,
				"Power": -39.74881633814849
			}, {
				"Time": 1.883126295452117e-7,
				"TimeDiff": 8.79911840063666e-8,
				"PhiDegree": 302.1108423099292,
				"Power": -46.26506263691802
			}]
	}
}