{
	"SensorDataCollection": {
		"SensorId": 0,
		"SensorDatas": [{
				"Time": 5.049255035317501e-8,
				"TimeDiff": 0.0,
				"PhiDegree": 7.594643368591444,
				"Power": -30.967788299878677
			}, {
				"Time": 9.152604216580944e-8,
				"TimeDiff": 4.103349181263443e-8,
				"PhiDegree": 303.15013662949326,
				"Power": -37.88595082182691
			}, {
				"Time": 3.0010299422622985e-7,
				"TimeDiff": 2.4961044387305485e-7,
				"PhiDegree": 80.39964672716883,
				"Power": -65.98868761835962
			}]
	}
}