{
	"SensorDataCollection": {
		"SensorId": 0,
		"SensorDatas": [{
				"Time": 9.699244797475152e-8,
				"TimeDiff": 0.0,
				"PhiDegree": 3.9451862290375637,
				"Power": -36.83611484798081
			}, {
				"Time": 1.2343035978844298e-7,
				"TimeDiff": 2.6437911813691464e-8,
				"PhiDegree": 321.6232044318057,
				"Power": -39.42115505951716
			}, {
				"Time": 1.865604164215002e-7,
				"TimeDiff": 8.956796844674867e-8,
				"PhiDegree": 301.2428344362554,
				"Power": -46.7121519532312
			}]
	}
}