{
	"SensorDataCollection": {
		"SensorId": 0,
		"SensorDatas": [{
				"Time": 6.706566706466866e-8,
				"TimeDiff": 0.0,
				"PhiDegree": 5.710593137496811,
				"Power": -33.568154642775866
			}, {
				"Time": 1.0161359383566057e-7,
				"TimeDiff": 3.454792677099191e-8,
				"PhiDegree": 311.05106101012984,
				"Power": -37.42901537886695
			}]
	}
}