{
	"SensorDataCollection": {
		"SensorId": 0,
		"SensorDatas": [{
				"Time": 8.035697190637787e-8,
				"TimeDiff": 0.0,
				"PhiDegree": 4.763641690732326,
				"Power": -35.17937898588218
			}, {
				"Time": 1.1083664415405229e-7,
				"TimeDiff": 3.047967224767441e-8,
				"PhiDegree": 316.26121592109376,
				"Power": -38.03484652715528
			}, {
				"Time": 1.7847828143836182e-7,
				"TimeDiff": 9.812130953198394e-8,
				"PhiDegree": 296.6589409062989,
				"Power": -49.82504170210471
			}, {
				"Time": 4.802620211502511e-7,
				"TimeDiff": 3.9990504924387325e-7,
				"PhiDegree": 229.6217542058909,
				"Power": -51.43683662509227
			}]
	}
}