{
	"SensorDataCollection": {
		"SensorId": 0,
		"SensorDatas": [{
				"Time": 4.127197782114872e-8,
				"TimeDiff": 0.0,
				"PhiDegree": 165.96375653207352,
				"Power": -29.037510178265585
			}, {
				"Time": 8.943003580682244e-8,
				"TimeDiff": 4.8158057985673714e-8,
				"PhiDegree": 243.40244437964535,
				"Power": -40.01588348117944
			}, {
				"Time": 4.1953870498169967e-7,
				"TimeDiff": 3.7826672716055096e-7,
				"PhiDegree": 44.214416277748995,
				"Power": -49.601088891372285
			}, {
				"Time": 3.9222309517285847e-7,
				"TimeDiff": 3.5095111735170976e-7,
				"PhiDegree": 292.44169567190943,
				"Power": -67.16491408366201
			}]
	}
}