{
	"SensorDataCollection": {
		"SensorId": 0,
		"SensorDatas": [{
				"Time": 8.368254674726087e-8,
				"TimeDiff": 0.0,
				"PhiDegree": 4.573921259909166,
				"Power": -35.53778075874061
			}, {
				"Time": 1.1327085849183414e-7,
				"TimeDiff": 2.9588311744573264e-8,
				"PhiDegree": 317.4281749041411,
				"Power": -38.26916058346016
			}, {
				"Time": 1.8000006289258957e-7,
				"TimeDiff": 9.631751614532869e-8,
				"PhiDegree": 297.60816299694966,
				"Power": -49.07043301434936
			}, {
				"Time": 4.824302961775616e-7,
				"TimeDiff": 3.9874774943030077e-7,
				"PhiDegree": 229.31987606214267,
				"Power": -51.38955286785087
			}]
	}
}