{
	"SensorDataCollection": {
		"SensorId": 0,
		"SensorDatas": [{
				"Time": 4.718723868240007e-8,
				"TimeDiff": 0.0,
				"PhiDegree": 8.13010235415598,
				"Power": -30.32869612075617
			}, {
				"Time": 8.9744939956743e-8,
				"TimeDiff": 4.255770127434293e-8,
				"PhiDegree": 301.36635112418696,
				"Power": -38.23102838650561
			}, {
				"Time": 2.9956459236173156e-7,
				"TimeDiff": 2.523773536793315e-7,
				"PhiDegree": 81.02889954026024,
				"Power": -67.1092337822329
			}]
	}
}