{
	"SensorDataCollection": {
		"SensorId": 0,
		"SensorDatas": [{
				"Time": 4.388666884962188e-8,
				"TimeDiff": 0.0,
				"PhiDegree": 8.746162262555208,
				"Power": -29.634242242627327
			}, {
				"Time": 8.805429266132336e-8,
				"TimeDiff": 4.416762381170148e-8,
				"PhiDegree": 299.5122115467719,
				"Power": -38.69249136410883
			}, {
				"Time": 2.9906245034289574e-7,
				"TimeDiff": 2.5517578149327385e-7,
				"PhiDegree": 81.66034183460842,
				"Power": -68.32376384924788
			}]
	}
}