{
	"SensorDataCollection": {
		"SensorId": 0,
		"SensorDatas": [{
				"Time": 1.0365093468375842e-7,
				"TimeDiff": 0.0,
				"PhiDegree": 3.6913859864512752,
				"Power": -37.41774458573334
			}, {
				"Time": 1.3681362896601797e-7,
				"TimeDiff": 3.316269428225955e-8,
				"PhiDegree": 40.884112468676264,
				"Power": -40.02679256211283
			}, {
				"Time": 1.287285322459103e-7,
				"TimeDiff": 2.507759756215188e-8,
				"PhiDegree": 323.4675203319829,
				"Power": -40.087859082779445
			}, {
				"Time": 1.9010725991409547e-7,
				"TimeDiff": 8.645632523033705e-8,
				"PhiDegree": 302.9626544997585,
				"Power": -45.86727428798676
			}]
	}
}