{
	"SensorDataCollection": {
		"SensorId": 0,
		"SensorDatas": [{
				"Time": 6.747940119911208e-8,
				"TimeDiff": 0.0,
				"PhiDegree": 171.46923439005187,
				"Power": -33.62339849407647
			}, {
				"Time": 1.0415289116165177e-7,
				"TimeDiff": 3.6673489962539694e-8,
				"PhiDegree": 230.15447632057774,
				"Power": -37.76057567030432
			}, {
				"Time": 4.0083924093709005e-7,
				"TimeDiff": 3.3335983973797795e-7,
				"PhiDegree": 46.8760981861077,
				"Power": -49.29724920046536
			}, {
				"Time": 3.00077692422273e-7,
				"TimeDiff": 2.3259829122316091e-7,
				"PhiDegree": 102.84916507523353,
				"Power": -61.184464581234565
			}]
	}
}