{
	"SensorDataCollection": {
		"SensorId": 0,
		"SensorDatas": [{
				"Time": 9.36639944066608e-8,
				"TimeDiff": 0.0,
				"PhiDegree": 4.085616779974876,
				"Power": -36.529699987531494
			}, {
				"Time": 1.2083237397974354e-7,
				"TimeDiff": 2.716837957308274e-8,
				"PhiDegree": 320.64090679903575,
				"Power": -39.10690091817759
			}, {
				"Time": 1.8485182676792692e-7,
				"TimeDiff": 9.118783236126612e-8,
				"PhiDegree": 300.35857440837873,
				"Power": -47.21213205384518
			}]
	}
}