{
	"SensorDataCollection": {
		"SensorId": 0,
		"SensorDatas": [{
				"Time": 7.370882312522903e-8,
				"TimeDiff": 0.0,
				"PhiDegree": 5.194428907736508,
				"Power": -34.41287963968446
			}, {
				"Time": 1.0611554721093376e-7,
				"TimeDiff": 3.240672408570474e-8,
				"PhiDegree": 313.7693099060014,
				"Power": -37.65599054815681
			}, {
				"Time": 4.7596601202487877e-7,
				"TimeDiff": 4.0225718889964975e-7,
				"PhiDegree": 230.23371915229288,
				"Power": -51.55220964479041
			}]
	}
}