{
	"SensorDataCollection": {
		"SensorId": 0,
		"SensorDatas": [{
				"Time": 6.374644913567636e-8,
				"TimeDiff": 0.0,
				"PhiDegree": 6.009005957489437,
				"Power": -33.11075821233799
			}, {
				"Time": 9.945415290864925e-8,
				"TimeDiff": 3.57077037729729e-8,
				"PhiDegree": 309.6012922580371,
				"Power": -37.38720175159452
			}, {
				"Time": 3.0261513392391333e-7,
				"TimeDiff": 2.3886868478823696e-7,
				"PhiDegree": 77.90727257907801,
				"Power": -62.24421570123292
			}]
	}
}