{
	"SensorDataCollection": {
		"SensorId": 0,
		"SensorDatas": [{
				"Time": 7.408546749442863e-8,
				"TimeDiff": 0.0,
				"PhiDegree": 172.23483398157467,
				"Power": -34.45825934123445
			}, {
				"Time": 1.0854958150544934e-7,
				"TimeDiff": 3.4464114011020706e-8,
				"PhiDegree": 227.44909041883523,
				"Power": -37.900513620374596
			}, {
				"Time": 3.963074610057131e-7,
				"TimeDiff": 3.2222199351128445e-7,
				"PhiDegree": 47.58028949673816,
				"Power": -49.29832223126809
			}, {
				"Time": 3.016319087847862e-7,
				"TimeDiff": 2.2754644129035758e-7,
				"PhiDegree": 104.08512644281537,
				"Power": -59.75310829408852
			}]
	}
}