{
	"SensorDataCollection": {
		"SensorId": 0,
		"SensorDatas": [{
				"Time": 5.7114105082704815e-8,
				"TimeDiff": 0.0,
				"PhiDegree": 6.709836807756933,
				"Power": -32.11049844566659
			}, {
				"Time": 9.5339077784337e-8,
				"TimeDiff": 3.822497270163219e-8,
				"PhiDegree": 306.5097584057202,
				"Power": -37.484230894786265
			}, {
				"Time": 3.012877868447025e-7,
				"TimeDiff": 2.441736817619977e-7,
				"PhiDegree": 79.14826470441193,
				"Power": -63.98549638338034
			}]
	}
}