{
	"SensorDataCollection": {
		"SensorId": 0,
		"SensorDatas": [{
				"Time": 4.127197782114872e-8,
				"TimeDiff": 0.0,
				"PhiDegree": 14.036243467926479,
				"Power": -29.037510178265585
			}, {
				"Time": 8.943003580682244e-8,
				"TimeDiff": 4.8158057985673714e-8,
				"PhiDegree": 296.5975556203547,
				"Power": -40.01588348117944
			}]
	}
}