{
	"SensorDataCollection": {
		"SensorId": 0,
		"SensorDatas": [{
				"Time": 1.415617160472002e-8,
				"TimeDiff": 0.0,
				"PhiDegree": 44.99999999999999,
				"Power": -19.076344764090194
			}, {
				"Time": 8.059002634099602e-8,
				"TimeDiff": 6.6433854736276e-8,
				"PhiDegree": 277.13502033643135,
				"Power": -59.57818911726807
			}]
	}
}