{
	"SensorDataCollection": {
		"SensorId": 0,
		"SensorDatas": [{
				"Time": 2.238287260955804e-8,
				"TimeDiff": 0.0,
				"PhiDegree": 153.43494882292202,
				"Power": -22.896935729279882
			}, {
				"Time": 8.24339016266721e-8,
				"TimeDiff": 6.005102901711406e-8,
				"PhiDegree": 255.9446324408234,
				"Power": -48.5194186813938
			}, {
				"Time": 4.644776257429995e-7,
				"TimeDiff": 4.4209475313344146e-7,
				"PhiDegree": 140.9590088819917,
				"Power": -51.60108776489032
			}]
	}
}