{
	"SensorDataCollection": {
		"SensorId": 0,
		"SensorDatas": [{
				"Time": 8.732826901158091e-8,
				"TimeDiff": 0.0,
				"PhiDegree": 6.5819446551780105,
				"Power": -35.91379124898174
			}, {
				"Time": 1.1798551487237403e-7,
				"TimeDiff": 3.0657245860793126e-8,
				"PhiDegree": 317.33109126735184,
				"Power": -38.61847071393356
			}, {
				"Time": 1.7864637426525618e-7,
				"TimeDiff": 9.131810525367527e-8,
				"PhiDegree": 299.0525252878425,
				"Power": -47.852117686864645
			}, {
				"Time": 4.820978226730093e-7,
				"TimeDiff": 3.9476955366142844e-7,
				"PhiDegree": 228.76065520282276,
				"Power": -51.23912068937028
			}]
	}
}