{
	"SensorDataCollection": {
		"SensorId": 0,
		"SensorDatas": [{
				"Time": 3.80435680687993e-8,
				"TimeDiff": 0.0,
				"PhiDegree": 164.7448812969422,
				"Power": -28.23430189024578
			}, {
				"Time": 8.798675026698914e-8,
				"TimeDiff": 4.994318219818984e-8,
				"PhiDegree": 245.34565510473237,
				"Power": -40.8208306620283
			}, {
				"Time": 4.2193660905734425e-7,
				"TimeDiff": 3.8389304098854494e-7,
				"PhiDegree": 43.89845404687558,
				"Power": -49.669535435867914
			}, {
				"Time": 3.909615187619636e-7,
				"TimeDiff": 3.5291795069316427e-7,
				"PhiDegree": 291.989734809132,
				"Power": -67.97563996775199
			}]
	}
}