{
	"SensorDataCollection": {
		"SensorId": 0,
		"SensorDatas": [{
				"Time": 1.94557969268767e-8,
				"TimeDiff": 0.0,
				"PhiDegree": 149.03624346792648,
				"Power": -21.600699677900742
			}, {
				"Time": 8.168771746841759e-8,
				"TimeDiff": 6.223192054154088e-8,
				"PhiDegree": 258.2154822410584,
				"Power": -51.29176960955991
			}, {
				"Time": 4.618908525795954e-7,
				"TimeDiff": 4.424350556527187e-7,
				"PhiDegree": 140.69830376787462,
				"Power": -51.454728244087164
			}]
	}
}