{
	"SensorDataCollection": {
		"SensorId": 0,
		"SensorDatas": [{
				"Time": 1.0724072141186147e-7,
				"TimeDiff": 0.0,
				"PhiDegree": 5.35582504285206,
				"Power": -37.71556942932576
			}, {
				"Time": 1.3723304265036083e-7,
				"TimeDiff": 2.9992321238499366e-8,
				"PhiDegree": 38.91870704191671,
				"Power": -40.26781303783396
			}, {
				"Time": 1.3339762921460275e-7,
				"TimeDiff": 2.6156907802741284e-8,
				"PhiDegree": 323.16908335852577,
				"Power": -40.34325426711075
			}, {
				"Time": 1.891794724553894e-7,
				"TimeDiff": 8.193875104352792e-8,
				"PhiDegree": 304.3605039458755,
				"Power": -45.11623612889255
			}]
	}
}