{
	"SensorDataCollection": {
		"SensorId": 0,
		"SensorDatas": [{
				"Time": 1.94557969268767e-8,
				"TimeDiff": 0.0,
				"PhiDegree": 30.963756532073525,
				"Power": -21.600699677900742
			}, {
				"Time": 8.168771746841759e-8,
				"TimeDiff": 6.223192054154088e-8,
				"PhiDegree": 281.7845177589416,
				"Power": -51.29176960955991
			}]
	}
}