{
	"SensorDataCollection": {
		"SensorId": 0,
		"SensorDatas": [{
				"Time": 8.070259488593998e-8,
				"TimeDiff": 0.0,
				"PhiDegree": 7.125016348901799,
				"Power": -35.217353363927096
			}, {
				"Time": 1.1316918296278496e-7,
				"TimeDiff": 3.246658807684498e-8,
				"PhiDegree": 315.0406132714252,
				"Power": -38.19893811512864
			}, {
				"Time": 1.7550273300119036e-7,
				"TimeDiff": 9.480013811525039e-8,
				"PhiDegree": 297.147693431173,
				"Power": -49.24526539157857
			}, {
				"Time": 4.77725110131151e-7,
				"TimeDiff": 3.97022515245211e-7,
				"PhiDegree": 229.36250517366722,
				"Power": -51.31626561310678
			}]
	}
}