{
	"SensorDataCollection": {
		"SensorId": 0,
		"SensorDatas": [{
				"Time": 3.483556149233191e-8,
				"TimeDiff": 0.0,
				"PhiDegree": 163.30075576600643,
				"Power": -27.351516579873312
			}, {
				"Time": 8.664797456159139e-8,
				"TimeDiff": 5.181241306925948e-8,
				"PhiDegree": 247.35128282295557,
				"Power": -41.81066854341037
			}, {
				"Time": 4.243471992400131e-7,
				"TimeDiff": 3.895116377476812e-7,
				"PhiDegree": 43.58607218065659,
				"Power": -49.74398780322616
			}, {
				"Time": 4.749182549048777e-7,
				"TimeDiff": 4.400826934125458e-7,
				"PhiDegree": 141.9732733796702,
				"Power": -52.21790812724123
			}]
	}
}