{
	"SensorDataCollection": {
		"SensorId": 0,
		"SensorDatas": [{
				"Time": 3.165416200930625e-8,
				"TimeDiff": 0.0,
				"PhiDegree": 161.56505117707798,
				"Power": -26.37915824491462
			}, {
				"Time": 8.541862281523602e-8,
				"TimeDiff": 5.3764460805929766e-8,
				"PhiDegree": 249.41723589172057,
				"Power": -43.02039894500538
			}, {
				"Time": 4.7229437674290305e-7,
				"TimeDiff": 4.406402147335968e-7,
				"PhiDegree": 141.72391616120373,
				"Power": -52.05922554886379
			}]
	}
}