{
	"SensorDataCollection": {
		"SensorId": 0,
		"SensorDatas": [{
				"Time": 3.483556149233191e-8,
				"TimeDiff": 0.0,
				"PhiDegree": 16.69924332911312,
				"Power": -27.35151125566898
			}, {
				"Time": 8.664797456159139e-8,
				"TimeDiff": 5.181241306925948e-8,
				"PhiDegree": 292.64871717704443,
				"Power": -41.81066854341037
			}]
	}
}