{
	"SensorDataCollection": {
		"SensorId": 0,
		"SensorDatas": [{
				"Time": 2.541110570983168e-8,
				"TimeDiff": 0.0,
				"PhiDegree": 156.80140948635182,
				"Power": -24.144718824035934
			}, {
				"Time": 8.330713921709466e-8,
				"TimeDiff": 5.789603350726298e-8,
				"PhiDegree": 253.7179485367836,
				"Power": -46.299171532894434
			}, {
				"Time": 4.670739088088169e-7,
				"TimeDiff": 4.416628030989852e-7,
				"PhiDegree": 141.216820966952,
				"Power": -51.750702318683665
			}]
	}
}