{
	"SensorDataCollection": {
		"SensorId": 0,
		"SensorDatas": [{
				"Time": 1.0391911348822457e-7,
				"TimeDiff": 0.0,
				"PhiDegree": 5.527540151651787,
				"Power": -37.4403571859223
			}, {
				"Time": 1.3465332455724132e-7,
				"TimeDiff": 3.073421106901675e-8,
				"PhiDegree": 39.81066098033951,
				"Power": -39.99519754754449
			}, {
				"Time": 1.3074225521734986e-7,
				"TimeDiff": 2.6823141729125296e-8,
				"PhiDegree": 322.29250614189795,
				"Power": -40.021586205092504
			}, {
				"Time": 1.8731653055120748e-7,
				"TimeDiff": 8.339741706298291e-8,
				"PhiDegree": 303.5179644432877,
				"Power": -45.445695553329614
			}]
	}
}