{
	"SensorDataCollection": {
		"SensorId": 0,
		"SensorDatas": [{
				"Time": 3.80435680687993e-8,
				"TimeDiff": 0.0,
				"PhiDegree": 15.255119967500557,
				"Power": -28.234294925672877
			}, {
				"Time": 8.798675026698914e-8,
				"TimeDiff": 4.994318219818984e-8,
				"PhiDegree": 294.6543448952676,
				"Power": -40.8208306620283
			}]
	}
}