{
	"SensorDataCollection": {
		"SensorId": 0,
		"SensorDatas": [{
				"Time": 1.0009924937337977e-8,
				"TimeDiff": 0.0,
				"PhiDegree": 90.0,
				"Power": -16.678755894302707
			}, {
				"Time": 2.3126581975576023e-7,
				"TimeDiff": 2.2125589481842226e-7,
				"PhiDegree": 177.51928027511985,
				"Power": -86.92924702213017
			}]
	}
}