{
	"SensorDataCollection": {
		"SensorId": 0,
		"SensorDatas": [{
				"Time": 2.850827871832101e-8,
				"TimeDiff": 0.0,
				"PhiDegree": 159.44395478041653,
				"Power": -25.31013570226076
			}, {
				"Time": 8.430348217376092e-8,
				"TimeDiff": 5.5795203455439914e-8,
				"PhiDegree": 251.5406693854705,
				"Power": -44.49580942412156
			}, {
				"Time": 4.69679544071258e-7,
				"TimeDiff": 4.41171265352937e-7,
				"PhiDegree": 141.47177764479827,
				"Power": -51.90345320960989
			}]
	}
}