{
	"SensorDataCollection": {
		"SensorId": 0,
		"SensorDatas": [{
				"Time": 7.078085802360012e-8,
				"TimeDiff": 0.0,
				"PhiDegree": 8.13010235415598,
				"Power": -34.051281748085806
			}, {
				"Time": 1.0632161122602114e-7,
				"TimeDiff": 3.5540753202421026e-8,
				"PhiDegree": 311.22618281574177,
				"Power": -37.80800702250869
			}, {
				"Time": 4.7126715761609314e-7,
				"TimeDiff": 4.00486299592493e-7,
				"PhiDegree": 230.28605071873923,
				"Power": -51.4837131177714
			}]
	}
}