{
	"SensorDataCollection": {
		"SensorId": 0,
		"SensorDatas": [{
				"Time": 1.2030432541705912e-8,
				"TimeDiff": 0.0,
				"PhiDegree": 56.30993247402023,
				"Power": -17.94964855850597
			}, {
				"Time": 8.02439185127489e-8,
				"TimeDiff": 6.8213485971043e-8,
				"PhiDegree": 274.77036859096677,
				"Power": -66.43492762073741
			}]
	}
}