{
	"SensorDataCollection": {
		"SensorId": 0,
		"SensorDatas": [{
				"Time": 7.739282576649947e-8,
				"TimeDiff": 0.0,
				"PhiDegree": 7.431407971172507,
				"Power": -34.84636780091568
			}, {
				"Time": 1.1083322891292077e-7,
				"TimeDiff": 3.34404031464213e-8,
				"PhiDegree": 313.82170250561506,
				"Power": -38.03247258751719
			}, {
				"Time": 1.7400560321347903e-7,
				"TimeDiff": 9.661277744697956e-8,
				"PhiDegree": 296.17000901216477,
				"Power": -50.05423897233811
			}, {
				"Time": 4.7555879288908047e-7,
				"TimeDiff": 3.9816596712258097e-7,
				"PhiDegree": 229.66756376987118,
				"Power": -51.36498729880556
			}]
	}
}