{
	"SensorDataCollection": {
		"SensorId": 0,
		"SensorDatas": [{
				"Time": 8.40144899256625e-8,
				"TimeDiff": 0.0,
				"PhiDegree": 6.84277341263094,
				"Power": -35.57272408652455
			}, {
				"Time": 1.1555427152904992e-7,
				"TimeDiff": 3.153978160338742e-8,
				"PhiDegree": 316.2097176096072,
				"Power": -38.395552446580794
			}, {
				"Time": 1.7705009174533687e-7,
				"TimeDiff": 9.303560181967437e-8,
				"PhiDegree": 298.1085643569362,
				"Power": -48.513154541907866
			}, {
				"Time": 4.799048474025513e-7,
				"TimeDiff": 3.958903574768888e-7,
				"PhiDegree": 229.06020923688288,
				"Power": -51.27437377142623
			}]
	}
}