{
	"SensorDataCollection": {
		"SensorId": 0,
		"SensorDatas": [{
				"Time": 6.747940119911208e-8,
				"TimeDiff": 0.0,
				"PhiDegree": 8.530765609948133,
				"Power": -33.62339849407647
			}, {
				"Time": 1.0415289116165177e-7,
				"TimeDiff": 3.6673489962539694e-8,
				"PhiDegree": 309.8455236794223,
				"Power": -37.76057567030432
			}, {
				"Time": 4.6914221463931883e-7,
				"TimeDiff": 4.0166281344020673e-7,
				"PhiDegree": 230.59951927137809,
				"Power": -51.55412860645603
			}]
	}
}