{
	"SensorDataCollection": {
		"SensorId": 0,
		"SensorDatas": [{
				"Time": 1.1388657407827557e-7,
				"TimeDiff": 0.0,
				"PhiDegree": 5.0424510691701645,
				"Power": -38.24093543937539
			}, {
				"Time": 1.4248679735830203e-7,
				"TimeDiff": 2.8600223280026465e-8,
				"PhiDegree": 37.23269754934794,
				"Power": -40.84622120237381
			}, {
				"Time": 1.38796638671211e-7,
				"TimeDiff": 2.491006459293542e-8,
				"PhiDegree": 324.82066634524404,
				"Power": -41.01315272266747
			}, {
				"Time": 1.9302448607585904e-7,
				"TimeDiff": 7.913791199758347e-8,
				"PhiDegree": 305.9959163564389,
				"Power": -44.582792967022556
			}]
	}
}