{
	"SensorDataCollection": {
		"SensorId": 0,
		"SensorDatas": [{
				"Time": 1.668320822889663e-8,
				"TimeDiff": 0.0,
				"PhiDegree": 36.86989764584403,
				"Power": -20.30881048585075
			}, {
				"Time": 8.107209500160259e-8,
				"TimeDiff": 6.438888677270596e-8,
				"PhiDegree": 279.47550291974363,
				"Power": -54.83964244824185
			}]
	}
}