{
	"SensorDataCollection": {
		"SensorId": 0,
		"SensorDatas": [{
				"Time": 1.668320822889663e-8,
				"TimeDiff": 0.0,
				"PhiDegree": 143.13010235415598,
				"Power": -20.30881048585075
			}, {
				"Time": 4.593137499928582e-7,
				"TimeDiff": 4.4263054176396156e-7,
				"PhiDegree": 140.434667632718,
				"Power": -51.311746391433076
			}, {
				"Time": 8.107209500160259e-8,
				"TimeDiff": 6.438888677270596e-8,
				"PhiDegree": 260.52449708025637,
				"Power": -54.83964244824185
			}]
	}
}