{
	"SensorDataCollection": {
		"SensorId": 0,
		"SensorDatas": [{
				"Time": 4.451635194036138e-8,
				"TimeDiff": 0.0,
				"PhiDegree": 12.994616791916506,
				"Power": -29.771518635976765
			}, {
				"Time": 9.097285716749951e-8,
				"TimeDiff": 4.6456505227138126e-8,
				"PhiDegree": 298.4769588259894,
				"Power": -39.36822420108821
			}, {
				"Time": 2.9576148750870807e-7,
				"TimeDiff": 2.512451355683467e-7,
				"PhiDegree": 81.56658956255583,
				"Power": -68.03873827661465
			}]
	}
}