{
	"SensorDataCollection": {
		"SensorId": 0,
		"SensorDatas": [{
				"Time": 1.0551387336435417e-8,
				"TimeDiff": 0.0,
				"PhiDegree": 71.56505117707798,
				"Power": -17.049147454092015
			}, {
				"Time": 8.003553539437118e-8,
				"TimeDiff": 6.948414805793577e-8,
				"PhiDegree": 272.38932499289587,
				"Power": -78.3632031594187
			}]
	}
}