{
	"SensorDataCollection": {
		"SensorId": 0,
		"SensorDatas": [{
				"Time": 6.08879963399372e-8,
				"TimeDiff": 0.0,
				"PhiDegree": 9.462322208025618,
				"Power": -32.69490597561952
			}, {
				"Time": 1.0000851588456033e-7,
				"TimeDiff": 3.9120519544623126e-8,
				"PhiDegree": 306.9088941267061,
				"Power": -37.82747838915698
			}, {
				"Time": 2.986645275247426e-7,
				"TimeDiff": 2.377765311848054e-7,
				"PhiDegree": 78.39907811948054,
				"Power": -62.809762983422615
			}]
	}
}