{
	"SensorDataCollection": {
		"SensorId": 0,
		"SensorDatas": [{
				"Time": 4.220554934574167e-8,
				"TimeDiff": 0.0,
				"PhiDegree": 18.434948822922006,
				"Power": -29.255711153487283
			}, {
				"Time": 9.242564549131653e-8,
				"TimeDiff": 5.022009614557486e-8,
				"PhiDegree": 295.6714382604741,
				"Power": -40.73666427118195
			}, {
				"Time": 2.919851069828156e-7,
				"TimeDiff": 2.4977955763707395e-7,
				"PhiDegree": 82.11823761869044,
				"Power": -69.07039297369668
			}]
	}
}