{
	"SensorDataCollection": {
		"SensorId": 0,
		"SensorDatas": [{
				"Time": 9.767872385429216e-8,
				"TimeDiff": 0.0,
				"PhiDegree": 7.8533133019782175,
				"Power": -36.897937408034885
			}, {
				"Time": 1.274023218628575e-7,
				"TimeDiff": 2.9723598008565336e-8,
				"PhiDegree": 40.57948491940327,
				"Power": -39.435474666885185
			}, {
				"Time": 1.2768055702695597e-7,
				"TimeDiff": 3.000183317266381e-8,
				"PhiDegree": 319.2749530559414,
				"Power": -39.440925797851634
			}, {
				"Time": 1.808880317259831e-7,
				"TimeDiff": 8.320930787169094e-8,
				"PhiDegree": 302.3392291361622,
				"Power": -45.78325403133111
			}]
	}
}