{
	"SensorDataCollection": {
		"SensorId": 0,
		"SensorDatas": [{
				"Time": 7.460957536519348e-8,
				"TimeDiff": 0.0,
				"PhiDegree": 10.304846468766033,
				"Power": -34.52099258592634
			}, {
				"Time": 1.1103053762404815e-7,
				"TimeDiff": 3.642096225885467e-8,
				"PhiDegree": 311.38645180036133,
				"Power": -38.171822267807315
			}, {
				"Time": 1.6954626408172995e-7,
				"TimeDiff": 9.493668871653648e-8,
				"PhiDegree": 295.65531858703974,
				"Power": -50.31952432746664
			}, {
				"Time": 4.7085587469925866e-7,
				"TimeDiff": 3.962462993340652e-7,
				"PhiDegree": 229.7142884579592,
				"Power": -51.29270737630554
			}]
	}
}