{
	"SensorDataCollection": {
		"SensorId": 0,
		"SensorDatas": [{
				"Time": 6.478586193820038e-8,
				"TimeDiff": 0.0,
				"PhiDegree": 11.888658039627975,
				"Power": -33.2567961884254
			}, {
				"Time": 1.0468237414190723e-7,
				"TimeDiff": 3.989651220370685e-8,
				"PhiDegree": 307.272404979149,
				"Power": -38.16175167698455
			}, {
				"Time": 4.644462357110922e-7,
				"TimeDiff": 3.9966037377289183e-7,
				"PhiDegree": 230.65631927651268,
				"Power": -51.48731218940017
			}]
	}
}