{
	"SensorDataCollection": {
		"SensorId": 0,
		"SensorDatas": [{
				"Time": 7.789468353122816e-8,
				"TimeDiff": 0.0,
				"PhiDegree": 9.865806943084369,
				"Power": -34.903698447176396
			}, {
				"Time": 1.1326417470383509e-7,
				"TimeDiff": 3.536949117260693e-8,
				"PhiDegree": 312.65291066562725,
				"Power": -38.264610672881616
			}, {
				"Time": 1.7101733435627923e-7,
				"TimeDiff": 9.312265082505107e-8,
				"PhiDegree": 296.66303702306135,
				"Power": -49.450436937859166
			}, {
				"Time": 4.7302019379679796e-7,
				"TimeDiff": 3.951255102655698e-7,
				"PhiDegree": 229.40598233435605,
				"Power": -51.24249794744604
			}]
	}
}