{
	"SensorDataCollection": {
		"SensorId": 0,
		"SensorDatas": [{
				"Time": 1.4921915073038694e-8,
				"TimeDiff": 0.0,
				"PhiDegree": 63.43494882292201,
				"Power": -19.457419898482517
			}, {
				"Time": 8.356946271430531e-8,
				"TimeDiff": 6.864754764126661e-8,
				"PhiDegree": 274.5801237799863,
				"Power": -67.48833967297998
			}]
	}
}