{
	"SensorDataCollection": {
		"SensorId": 0,
		"SensorDatas": [{
				"Time": 1.0098510070635002e-7,
				"TimeDiff": 0.0,
				"PhiDegree": 7.594643368591445,
				"Power": -37.18963552931736
			}, {
				"Time": 1.2995464242156083e-7,
				"TimeDiff": 2.8969541715210814e-8,
				"PhiDegree": 39.622490425104,
				"Power": -39.707974761675914
			}, {
				"Time": 1.302274245832357e-7,
				"TimeDiff": 2.9242323876885682e-8,
				"PhiDegree": 320.2327726969804,
				"Power": -39.70974866824888
			}, {
				"Time": 1.8269465644229681e-7,
				"TimeDiff": 8.17095557359468e-8,
				"PhiDegree": 303.2233807188519,
				"Power": -45.38225574865045
			}]
	}
}