{
	"SensorDataCollection": {
		"SensorId": 0,
		"SensorDatas": [{
				"Time": 7.853521706649398e-8,
				"TimeDiff": 0.0,
				"PhiDegree": 192.26477372789242,
				"Power": -34.97629934507179
			}, {
				"Time": 9.342079152232217e-8,
				"TimeDiff": 1.4885574455828195e-8,
				"PhiDegree": 214.76737277982727,
				"Power": -37.66562555127713
			}, {
				"Time": 4.142682079286512e-7,
				"TimeDiff": 3.3573299086215725e-7,
				"PhiDegree": 50.41245731872767,
				"Power": -50.40728867859171
			}, {
				"Time": 3.283507164842612e-7,
				"TimeDiff": 2.498154994177672e-7,
				"PhiDegree": 103.51629594381207,
				"Power": -61.15018160169235
			}]
	}
}