{
	"SensorDataCollection": {
		"SensorId": 0,
		"SensorDatas": [{
				"Time": 5.1798607807894814e-8,
				"TimeDiff": 0.0,
				"PhiDegree": 14.931417178137554,
				"Power": -31.206672025052523
			}, {
				"Time": 9.718172317749254e-8,
				"TimeDiff": 4.538311536959773e-8,
				"PhiDegree": 300.9981684075233,
				"Power": -39.03942159678135
			}, {
				"Time": 2.935252801293724e-7,
				"TimeDiff": 2.417266723214776e-7,
				"PhiDegree": 80.18240251232103,
				"Power": -65.42246735518921
			}]
	}
}