{
	"SensorDataCollection": {
		"SensorId": 0,
		"SensorDatas": [{
				"Time": 3.28621091048315e-8,
				"TimeDiff": 0.0,
				"PhiDegree": 23.962488974578182,
				"Power": -26.76057989305648
			}, {
				"Time": 8.855004101483262e-8,
				"TimeDiff": 5.5687931910001115e-8,
				"PhiDegree": 289.8237398692814,
				"Power": -43.87388809601907
			}]
	}
}