{
	"SensorDataCollection": {
		"SensorId": 0,
		"SensorDatas": [{
				"Time": 9.107259311615093e-8,
				"TimeDiff": 0.0,
				"PhiDegree": 8.426969021480673,
				"Power": -36.2832009175115
			}, {
				"Time": 1.2270048396730417e-7,
				"TimeDiff": 3.162789085115324e-8,
				"PhiDegree": 317.2414685881958,
				"Power": -38.95447734987384
			}, {
				"Time": 1.7740790327602992e-7,
				"TimeDiff": 8.633531015987899e-8,
				"PhiDegree": 300.5179961556637,
				"Power": -46.74739555966515
			}]
	}
}