{
	"SensorDataCollection": {
		"SensorId": 0,
		"SensorDatas": [{
				"Time": 1.0147999389989534e-7,
				"TimeDiff": 0.0,
				"PhiDegree": 189.46232220802565,
				"Power": -37.2324473006148
			}, {
				"Time": 1.1339247387238118e-7,
				"TimeDiff": 1.1912479972485844e-8,
				"PhiDegree": 208.02190804758501,
				"Power": -41.463838104714455
			}, {
				"Time": 3.345812335711152e-7,
				"TimeDiff": 2.3310123967121986e-7,
				"PhiDegree": 107.40822156165362,
				"Power": -57.35078429030712
			}, {
				"Time": 3.69657068184313e-7,
				"TimeDiff": 2.6817707428441766e-7,
				"PhiDegree": 105.71125156265062,
				"Power": -71.11178153719419
			}]
	}
}