{
	"SensorDataCollection": {
		"SensorId": 0,
		"SensorDatas": [{
				"Time": 5.8271941181553537e-8,
				"TimeDiff": 0.0,
				"PhiDegree": 13.240519915187205,
				"Power": -32.294398359906815
			}, {
				"Time": 1.0078100355710455e-7,
				"TimeDiff": 4.250906237555101e-8,
				"PhiDegree": 304.25196885327813,
				"Power": -38.44448700491391
			}, {
				"Time": 2.9473651526958254e-7,
				"TimeDiff": 2.3646457408802902e-7,
				"PhiDegree": 78.9040304778679,
				"Power": -63.42699937162641
			}]
	}
}