{
	"SensorDataCollection": {
		"SensorId": 0,
		"SensorDatas": [{
				"Time": 1.0760345984791997e-7,
				"TimeDiff": 0.0,
				"PhiDegree": 7.125016348901797,
				"Power": -37.74509332247853
			}, {
				"Time": 1.3542413418646474e-7,
				"TimeDiff": 2.7820674338544765e-8,
				"PhiDegree": 322.03909044925587,
				"Power": -40.2879321017537
			}, {
				"Time": 1.3516184037474114e-7,
				"TimeDiff": 2.755838052682117e-8,
				"PhiDegree": 37.81816747840815,
				"Power": -40.29302638609542
			}, {
				"Time": 1.8643457699455897e-7,
				"TimeDiff": 7.883111714663899e-8,
				"PhiDegree": 304.93926414412545,
				"Power": -44.724028933313534
			}]
	}
}