{
	"SensorDataCollection": {
		"SensorId": 0,
		"SensorDatas": [{
				"Time": 1.1091510765872073e-7,
				"TimeDiff": 0.0,
				"PhiDegree": 6.911227119024681,
				"Power": -38.01001692586874
			}, {
				"Time": 1.3807010051367494e-7,
				"TimeDiff": 2.7154992854954206e-8,
				"PhiDegree": 322.89083824458226,
				"Power": -40.59371695080836
			}, {
				"Time": 1.378128427585386e-7,
				"TimeDiff": 2.689773509981787e-8,
				"PhiDegree": 36.96755734376946,
				"Power": -40.602013369570116
			}, {
				"Time": 1.8836535784172957e-7,
				"TimeDiff": 7.745025018300884e-8,
				"PhiDegree": 305.7712825569803,
				"Power": -44.460315206773444
			}]
	}
}