{
	"SensorDataCollection": {
		"SensorId": 0,
		"SensorDatas": [{
				"Time": 1.1422821016540963e-7,
				"TimeDiff": 0.0,
				"PhiDegree": 6.7098368077569335,
				"Power": -38.26708971718932
			}, {
				"Time": 1.4074542815489133e-7,
				"TimeDiff": 2.65172179894817e-8,
				"PhiDegree": 323.7103809752774,
				"Power": -40.90856977369003
			}, {
				"Time": 1.4049306929467043e-7,
				"TimeDiff": 2.6264859129260797e-8,
				"PhiDegree": 36.149227177343526,
				"Power": -40.919921552323245
			}, {
				"Time": 1.903350491251945e-7,
				"TimeDiff": 7.610683895978487e-8,
				"PhiDegree": 306.58624953441694,
				"Power": -44.23628909904798
			}]
	}
}