{
	"SensorDataCollection": {
		"SensorId": 0,
		"SensorDatas": [{
				"Time": 8.179877542409624e-8,
				"TimeDiff": 0.0,
				"PhiDegree": 191.76828893202065,
				"Power": -35.33665977711473
			}, {
				"Time": 9.618057823624053e-8,
				"TimeDiff": 1.4381802812144295e-8,
				"PhiDegree": 213.63383684020417,
				"Power": -38.19065397166628
			}, {
				"Time": 4.1214993300334786e-7,
				"TimeDiff": 3.3035115757925164e-7,
				"PhiDegree": 50.769925991174794,
				"Power": -50.49131046519112
			}, {
				"Time": 3.2914655148873736e-7,
				"TimeDiff": 2.4734777606464114e-7,
				"PhiDegree": 104.08104012360937,
				"Power": -60.515976678054145
			}]
	}
}