{
	"SensorDataCollection": {
		"SensorId": 0,
		"SensorDatas": [{
				"Time": 3.905438917345666e-8,
				"TimeDiff": 0.0,
				"PhiDegree": 19.98310652189998,
				"Power": -28.49434464540216
			}, {
				"Time": 9.102986796992785e-8,
				"TimeDiff": 5.1975478796471196e-8,
				"PhiDegree": 293.7782519507457,
				"Power": -41.5873651964981
			}]
	}
}