{
	"SensorDataCollection": {
		"SensorId": 0,
		"SensorDatas": [{
				"Time": 1.0429340530678315e-7,
				"TimeDiff": 0.0,
				"PhiDegree": 7.352379359892361,
				"Power": -37.471817119178766
			}, {
				"Time": 1.3280928408584857e-7,
				"TimeDiff": 2.851587877906542e-8,
				"PhiDegree": 321.1536007449164,
				"Power": -39.992714682784666
			}, {
				"Time": 1.3254181571386826e-7,
				"TimeDiff": 2.8248410407085114e-8,
				"PhiDegree": 38.70260798077845,
				"Power": -39.99445410767295
			}, {
				"Time": 1.845439278827189e-7,
				"TimeDiff": 8.025052257593576e-8,
				"PhiDegree": 304.09001552149897,
				"Power": -45.03030537044512
			}]
	}
}