{
	"SensorDataCollection": {
		"SensorId": 0,
		"SensorDatas": [{
				"Time": 3.905438917345666e-8,
				"TimeDiff": 0.0,
				"PhiDegree": 160.01689347810003,
				"Power": -28.49434464540216
			}, {
				"Time": 9.102986796992785e-8,
				"TimeDiff": 5.1975478796471196e-8,
				"PhiDegree": 246.22174804925427,
				"Power": -41.5873651964981
			}, {
				"Time": 4.1962992827731145e-7,
				"TimeDiff": 3.805755391038548e-7,
				"PhiDegree": 43.57017422529885,
				"Power": -49.64832692765003
			}, {
				"Time": 3.8786962680532484e-7,
				"TimeDiff": 3.488152376318682e-7,
				"PhiDegree": 292.1742915707299,
				"Power": -67.56099051846473
			}]
	}
}