{
	"SensorDataCollection": {
		"SensorId": 0,
		"SensorDatas": [{
				"Time": 2.4060865083411824e-8,
				"TimeDiff": 0.0,
				"PhiDegree": 146.30993247402026,
				"Power": -23.60115261003464
			}, {
				"Time": 8.567448148353648e-8,
				"TimeDiff": 6.161361640012465e-8,
				"PhiDegree": 256.48656113918656,
				"Power": -49.483847818355784
			}, {
				"Time": 4.623832171035896e-7,
				"TimeDiff": 4.383223520201778e-7,
				"PhiDegree": 141.28014060874747,
				"Power": -51.68856243842775
			}]
	}
}