{
	"SensorDataCollection": {
		"SensorId": 0,
		"SensorDatas": [{
				"Time": 6.15246319826348e-8,
				"TimeDiff": 0.0,
				"PhiDegree": 12.528807709151511,
				"Power": -32.7894085581105
			}, {
				"Time": 1.0269601691160829e-7,
				"TimeDiff": 4.1171384928973494e-8,
				"PhiDegree": 305.7908698122518,
				"Power": -38.26901742634712
			}, {
				"Time": 2.9539680879249374e-7,
				"TimeDiff": 2.3387217680985894e-7,
				"PhiDegree": 78.2689338052054,
				"Power": -62.53123889379066
			}]
	}
}