{
	"SensorDataCollection": {
		"SensorId": 0,
		"SensorDatas": [{
				"Time": 8.447701912221861e-8,
				"TimeDiff": 0.0,
				"PhiDegree": 9.090276920822323,
				"Power": -35.62117181489231
			}, {
				"Time": 1.1788790569301999e-7,
				"TimeDiff": 3.3410886570801385e-8,
				"PhiDegree": 315.0389876356478,
				"Power": -38.55375820866119
			}, {
				"Time": 1.7411408239333457e-7,
				"TimeDiff": 8.963706327111596e-8,
				"PhiDegree": 298.62588239210595,
				"Power": -47.956303115331835
			}, {
				"Time": 4.773893597535525e-7,
				"TimeDiff": 3.929123406313339e-7,
				"PhiDegree": 228.79780047145394,
				"Power": -51.16283879284063
			}]
	}
}