{
	"SensorDataCollection": {
		"SensorId": 0,
		"SensorDatas": [{
				"Time": 4.858223568484659e-8,
				"TimeDiff": 0.0,
				"PhiDegree": 15.94539851019741,
				"Power": -30.604760629350043
			}, {
				"Time": 9.550615254028753e-8,
				"TimeDiff": 4.692391685544094e-8,
				"PhiDegree": 299.28207975114924,
				"Power": -39.482643861288395
			}, {
				"Time": 2.9297479060207284e-7,
				"TimeDiff": 2.4439255491722623e-7,
				"PhiDegree": 80.82539224757666,
				"Power": -66.53947262552927
			}]
	}
}