{
	"SensorDataCollection": {
		"SensorId": 0,
		"SensorDatas": [{
				"Time": 2.984383014607739e-8,
				"TimeDiff": 0.0,
				"PhiDegree": 153.43494882292202,
				"Power": -25.77773777941828
			}, {
				"Time": 8.747482921788761e-8,
				"TimeDiff": 5.763099907181023e-8,
				"PhiDegree": 252.23268149386197,
				"Power": -45.3894364064318
			}, {
				"Time": 4.676084352983767e-7,
				"TimeDiff": 4.3776460515229933e-7,
				"PhiDegree": 141.79161283082635,
				"Power": -52.00221884057281
			}]
	}
}