{
	"SensorDataCollection": {
		"SensorId": 0,
		"SensorDatas": [{
				"Time": 7.132925139704943e-8,
				"TimeDiff": 0.0,
				"PhiDegree": 10.7842978675626,
				"Power": -34.120232705659475
			}, {
				"Time": 1.0885335848642506e-7,
				"TimeDiff": 3.7524107089375624e-8,
				"PhiDegree": 310.0686662384624,
				"Power": -38.119914589591815
			}, {
				"Time": 4.68705314769304e-7,
				"TimeDiff": 3.9737606337225456e-7,
				"PhiDegree": 230.02543286097253,
				"Power": -51.350105632297286
			}]
	}
}