{
	"SensorDataCollection": {
		"SensorId": 0,
		"SensorDatas": [{
				"Time": 1.8874895472960028e-8,
				"TimeDiff": 0.0,
				"PhiDegree": 45.0,
				"Power": -21.3346559796774
			}, {
				"Time": 8.436500001793312e-8,
				"TimeDiff": 6.549010454497309e-8,
				"PhiDegree": 279.102449420856,
				"Power": -55.85859875881357
			}]
	}
}