{
	"SensorDataCollection": {
		"SensorId": 0,
		"SensorDatas": [{
				"Time": 2.6900864961979994e-8,
				"TimeDiff": 0.0,
				"PhiDegree": 150.25511870305778,
				"Power": -24.719538534899637
			}, {
				"Time": 8.651501652668958e-8,
				"TimeDiff": 5.961415156470959e-8,
				"PhiDegree": 254.33749595539481,
				"Power": -47.22996603534567
			}, {
				"Time": 4.649911944684097e-7,
				"TimeDiff": 4.380903295064297e-7,
				"PhiDegree": 141.53731359919405,
				"Power": -51.843859759475166
			}]
	}
}