{
	"SensorDataCollection": {
		"SensorId": 0,
		"SensorDatas": [{
				"Time": 1.8874895472960028e-8,
				"TimeDiff": 0.0,
				"PhiDegree": 135.0,
				"Power": -21.3346559796774
			}, {
				"Time": 4.571956863047957e-7,
				"TimeDiff": 4.3832079083183567e-7,
				"PhiDegree": 140.75701915556238,
				"Power": -51.3876287700904
			}, {
				"Time": 8.436500001793312e-8,
				"TimeDiff": 6.549010454497309e-8,
				"PhiDegree": 260.89755057914397,
				"Power": -55.85859875881357
			}]
	}
}