{
	"SensorDataCollection": {
		"SensorId": 0,
		"SensorDatas": [{
				"Time": 1.668320822889663e-8,
				"TimeDiff": 0.0,
				"PhiDegree": 53.13010235415599,
				"Power": -20.30881048585075
			}, {
				"Time": 8.390185329132731e-8,
				"TimeDiff": 6.721864506243068e-8,
				"PhiDegree": 276.8520037205513,
				"Power": -60.61707901056192
			}]
	}
}