{
	"SensorDataCollection": {
		"SensorId": 0,
		"SensorDatas": [{
				"Time": 7.527806674872585e-8,
				"TimeDiff": 0.0,
				"PhiDegree": 192.80426606528675,
				"Power": -34.60032077224521
			}, {
				"Time": 9.069978667230413e-8,
				"TimeDiff": 1.5421719923578286e-8,
				"PhiDegree": 215.969415604711,
				"Power": -37.154124408944796
			}, {
				"Time": 4.1640244389426093e-7,
				"TimeDiff": 3.411243771455351e-7,
				"PhiDegree": 50.05863934254361,
				"Power": -50.332968499125414
			}, {
				"Time": 3.2758693507139745e-7,
				"TimeDiff": 2.523088683226716e-7,
				"PhiDegree": 102.94886297234146,
				"Power": -61.82125095362571
			}]
	}
}