{
	"SensorDataCollection": {
		"SensorId": 0,
		"SensorDatas": [{
				"Time": 9.437447736480014e-8,
				"TimeDiff": 0.0,
				"PhiDegree": 8.13010235415598,
				"Power": -36.59604449311103
			}, {
				"Time": 1.2517081739283268e-7,
				"TimeDiff": 3.079634002803254e-8,
				"PhiDegree": 318.27843592354685,
				"Power": -39.18837198017887
			}, {
				"Time": 1.791253441190732e-7,
				"TimeDiff": 8.475086675427306e-8,
				"PhiDegree": 301.43745820869293,
				"Power": -46.23696796035216
			}]
	}
}