{
	"SensorDataCollection": {
		"SensorId": 0,
		"SensorDatas": [{
				"Time": 5.502930376153163e-8,
				"TimeDiff": 0.0,
				"PhiDegree": 14.036243467926479,
				"Power": -31.768220594404532
			}, {
				"Time": 9.894147674958975e-8,
				"TimeDiff": 4.391217298805812e-8,
				"PhiDegree": 302.6546562395006,
				"Power": -38.697633781792234
			}, {
				"Time": 2.941125950663612e-7,
				"TimeDiff": 2.3908329130482955e-7,
				"PhiDegree": 79.54190035202626,
				"Power": -64.38812726225513
			}]
	}
}