{
	"SensorDataCollection": {
		"SensorId": 0,
		"SensorDatas": [{
				"Time": 4.5383232943286e-8,
				"TimeDiff": 0.0,
				"PhiDegree": 17.10272699926468,
				"Power": -29.956686026246743
			}, {
				"Time": 9.391927055346654e-8,
				"TimeDiff": 4.8536037610180546e-8,
				"PhiDegree": 297.5063609358948,
				"Power": -40.04238482435758
			}, {
				"Time": 2.924613344299978e-7,
				"TimeDiff": 2.470781014867118e-7,
				"PhiDegree": 81.47072121527133,
				"Power": -67.750682493745
			}]
	}
}