{
	"SensorDataCollection": {
		"SensorId": 0,
		"SensorDatas": [{
				"Time": 8.777333769924376e-8,
				"TimeDiff": 0.0,
				"PhiDegree": 8.746162262555208,
				"Power": -35.95856057614825
			}, {
				"Time": 1.202719849332178e-7,
				"TimeDiff": 3.2498647233974054e-8,
				"PhiDegree": 316.1622593431448,
				"Power": -38.7419305821647
			}, {
				"Time": 1.7573703576299082e-7,
				"TimeDiff": 8.796369806374706e-8,
				"PhiDegree": 299.5808047936567,
				"Power": -47.31890837830079
			}]
	}
}