{
	"SensorDataCollection": {
		"SensorId": 0,
		"SensorDatas": [{
				"Time": 3.28621091048315e-8,
				"TimeDiff": 0.0,
				"PhiDegree": 156.0375110254218,
				"Power": -26.76057989305648
			}, {
				"Time": 8.855004101483262e-8,
				"TimeDiff": 5.5687931910001115e-8,
				"PhiDegree": 250.17626013071862,
				"Power": -43.87388809601907
			}, {
				"Time": 4.702347849172566e-7,
				"TimeDiff": 4.373726758124251e-7,
				"PhiDegree": 142.04307635213922,
				"Power": -52.16352556503824
			}]
	}
}