{
	"SensorDataCollection": {
		"SensorId": 0,
		"SensorDatas": [{
				"Time": 1.4921915073038694e-8,
				"TimeDiff": 0.0,
				"PhiDegree": 116.56505117707799,
				"Power": -19.457419898482517
			}, {
				"Time": 4.5204714036496233e-7,
				"TimeDiff": 4.3712522529192365e-7,
				"PhiDegree": 140.22193616464693,
				"Power": -51.100409584478285
			}]
	}
}