{
	"SensorDataCollection": {
		"SensorId": 0,
		"SensorDatas": [{
				"Time": 6.878662970191455e-8,
				"TimeDiff": 0.0,
				"PhiDegree": 14.03624346792648,
				"Power": -33.79551814737479
			}, {
				"Time": 1.0936008582855782e-7,
				"TimeDiff": 4.057345612664327e-8,
				"PhiDegree": 307.6048310252461,
				"Power": -38.48697610485698
			}, {
				"Time": 4.640049142008207e-7,
				"TimeDiff": 3.952182844989062e-7,
				"PhiDegree": 230.07647378499644,
				"Power": -51.27910288054457
			}]
	}
}