{
	"SensorDataCollection": {
		"SensorId": 0,
		"SensorDatas": [{
				"Time": 3.43528282979581e-8,
				"TimeDiff": 0.0,
				"PhiDegree": 150.94539590092288,
				"Power": -27.21052260922763
			}, {
				"Time": 9.169593643531981e-8,
				"TimeDiff": 5.7343108137361706e-8,
				"PhiDegree": 250.88332040981408,
				"Power": -44.70778186289408
			}]
	}
}