{
	"SensorDataCollection": {
		"SensorId": 0,
		"SensorDatas": [{
				"Time": 1.7968365164870175e-8,
				"TimeDiff": 0.0,
				"PhiDegree": 111.80140948635184,
				"Power": -20.914468518367435
			}, {
				"Time": 4.4991961294246324e-7,
				"TimeDiff": 4.3195124777759305e-7,
				"PhiDegree": 140.5484936353641,
				"Power": -51.17244412676364
			}]
	}
}