{
	"SensorDataCollection": {
		"SensorId": 0,
		"SensorDatas": [{
				"Time": 4.031679440336185e-8,
				"TimeDiff": 0.0,
				"PhiDegree": 24.443954780416536,
				"Power": -28.807980063929296
			}, {
				"Time": 9.409288951692458e-8,
				"TimeDiff": 5.377609511356273e-8,
				"PhiDegree": 292.9590168919275,
				"Power": -42.34241775375462
			}]
	}
}