{
	"SensorDataCollection": {
		"SensorId": 0,
		"SensorDatas": [{
				"Time": 3.730478768259674e-8,
				"TimeDiff": 0.0,
				"PhiDegree": 26.565051177077986,
				"Power": -28.038972944491718
			}, {
				"Time": 9.284220554642616e-8,
				"TimeDiff": 5.5537417863829425e-8,
				"PhiDegree": 291.0626434749972,
				"Power": -43.41700425261877
			}]
	}
}