{
	"SensorDataCollection": {
		"SensorId": 0,
		"SensorDatas": [{
				"Time": 5.593230613634718e-8,
				"TimeDiff": 0.0,
				"PhiDegree": 17.354022403660704,
				"Power": -31.918259914715335
			}, {
				"Time": 1.017666488414121e-7,
				"TimeDiff": 4.583434270506492e-8,
				"PhiDegree": 301.6409770233,
				"Power": -39.23811005445393
			}, {
				"Time": 2.908320126375798e-7,
				"TimeDiff": 2.3489970650123263e-7,
				"PhiDegree": 79.42258227946093,
				"Power": -64.10255848778365
			}]
	}
}