{
	"SensorDataCollection": {
		"SensorId": 0,
		"SensorDatas": [{
				"Time": 8.179877542409624e-8,
				"TimeDiff": 0.0,
				"PhiDegree": 11.768288932020646,
				"Power": -35.33665977711473
			}, {
				"Time": 1.1797909818083437e-7,
				"TimeDiff": 3.618032275673814e-8,
				"PhiDegree": 312.7467592735985,
				"Power": -38.61428038906969
			}, {
				"Time": 1.6959196044362833e-7,
				"TimeDiff": 8.77931850195321e-8,
				"PhiDegree": 298.1764608307905,
				"Power": -48.08438793217219
			}, {
				"Time": 4.726811014792602e-7,
				"TimeDiff": 3.9088232605516396e-7,
				"PhiDegree": 228.8356857457417,
				"Power": -51.08598616576623
			}]
	}
}