{
	"SensorDataCollection": {
		"SensorId": 0,
		"SensorDatas": [{
				"Time": 2.6060004332564624e-8,
				"TimeDiff": 0.0,
				"PhiDegree": 39.80557109226519,
				"Power": -24.398338028295345
			}, {
				"Time": 8.892216693544142e-8,
				"TimeDiff": 6.286216260287679e-8,
				"PhiDegree": 283.01105340521167,
				"Power": -50.41746202274065
			}]
	}
}