{
	"SensorDataCollection": {
		"SensorId": 0,
		"SensorDatas": [{
				"Time": 6.233361001778888e-8,
				"TimeDiff": 0.0,
				"PhiDegree": 15.524110996754258,
				"Power": -32.90790797883601
			}, {
				"Time": 1.0542061887757543e-7,
				"TimeDiff": 4.308700885978655e-8,
				"PhiDegree": 304.7302495688076,
				"Power": -38.723982847286635
			}, {
				"Time": 4.597507225503963e-7,
				"TimeDiff": 3.974171125326074e-7,
				"PhiDegree": 230.7142795560152,
				"Power": -51.42025628871224
			}, {
				"Time": 2.9213064824311934e-7,
				"TimeDiff": 2.2979703822533047e-7,
				"PhiDegree": 78.13587864006391,
				"Power": -62.24994375857679
			}]
	}
}