{
	"SensorDataCollection": {
		"SensorId": 0,
		"SensorDatas": [{
				"Time": 7.202819380016841e-8,
				"TimeDiff": 0.0,
				"PhiDegree": 13.392497753751096,
				"Power": -34.207279104970915
			}, {
				"Time": 1.1142750400505182e-7,
				"TimeDiff": 3.939931020488341e-8,
				"PhiDegree": 308.9641967551803,
				"Power": -38.45274265191486
			}, {
				"Time": 1.651013449016879e-7,
				"TimeDiff": 9.307315110151949e-8,
				"PhiDegree": 295.112869030523,
				"Power": -50.625963813016924
			}, {
				"Time": 4.6615327596551115e-7,
				"TimeDiff": 3.9412508216534273e-7,
				"PhiDegree": 229.76195590450817,
				"Power": -51.21999702619755
			}]
	}
}