{
	"SensorDataCollection": {
		"SensorId": 0,
		"SensorDatas": [{
				"Time": 8.506800430847564e-8,
				"TimeDiff": 0.0,
				"PhiDegree": 11.309932474020213,
				"Power": -35.68266918864105
			}, {
				"Time": 1.2026883762516394e-7,
				"TimeDiff": 3.5200833316688296e-8,
				"PhiDegree": 313.9141565631331,
				"Power": -38.739917226583
			}, {
				"Time": 1.7119275318557822e-7,
				"TimeDiff": 8.612474887710257e-8,
				"PhiDegree": 299.1609009048657,
				"Power": -47.40048783091393
			}]
	}
}