{
	"SensorDataCollection": {
		"SensorId": 0,
		"SensorDatas": [{
				"Time": 4.031679440336185e-8,
				"TimeDiff": 0.0,
				"PhiDegree": 155.55604521958347,
				"Power": -28.807980063929296
			}, {
				"Time": 9.409288951692458e-8,
				"TimeDiff": 5.377609511356273e-8,
				"PhiDegree": 247.04098310807248,
				"Power": -42.34241775375462
			}, {
				"Time": 3.8478182389308293e-7,
				"TimeDiff": 3.444650294897211e-7,
				"PhiDegree": 292.36181237179613,
				"Power": -67.1448630855045
			}]
	}
}