{
	"SensorDataCollection": {
		"SensorId": 0,
		"SensorDatas": [{
				"Time": 1.668320822889663e-8,
				"TimeDiff": 0.0,
				"PhiDegree": 90.0,
				"Power": -20.30881048585075
			}, {
				"Time": 2.3165062103707248e-7,
				"TimeDiff": 2.1496741280817585e-7,
				"PhiDegree": 175.87004921095843,
				"Power": -78.12749691094993
			}]
	}
}