{
	"SensorDataCollection": {
		"SensorId": 0,
		"SensorDatas": [{
				"Time": 2.6060004332564624e-8,
				"TimeDiff": 0.0,
				"PhiDegree": 140.19442890773482,
				"Power": -24.398338028295345
			}, {
				"Time": 8.892216693544142e-8,
				"TimeDiff": 6.286216260287679e-8,
				"PhiDegree": 256.9889465947882,
				"Power": -50.41746202274065
			}, {
				"Time": 4.6030346561504543e-7,
				"TimeDiff": 4.342434612824808e-7,
				"PhiDegree": 141.60418447842144,
				"Power": -51.78425232651455
			}]
	}
}