{
	"SensorDataCollection": {
		"SensorId": 0,
		"SensorDatas": [{
				"Time": 8.834227418465424e-8,
				"TimeDiff": 0.0,
				"PhiDegree": 10.885527054658738,
				"Power": -36.01544442838946
			}, {
				"Time": 1.226066285108511e-7,
				"TimeDiff": 3.426435432619687e-8,
				"PhiDegree": 315.0374871305368,
				"Power": -38.89465097143405
			}, {
				"Time": 1.7284313927474272e-7,
				"TimeDiff": 8.450086509008848e-8,
				"PhiDegree": 300.12682189338614,
				"Power": -46.78781929448931
			}]
	}
}