{
	"SensorDataCollection": {
		"SensorId": 0,
		"SensorDatas": [{
				"Time": 7.853521706649398e-8,
				"TimeDiff": 0.0,
				"PhiDegree": 12.264773727892402,
				"Power": -34.97629934507179
			}, {
				"Time": 1.1574026208006681e-7,
				"TimeDiff": 3.720504501357283e-8,
				"PhiDegree": 311.53367846892553,
				"Power": -38.52157244365637
			}, {
				"Time": 1.6804217835386691e-7,
				"TimeDiff": 8.950696128737293e-8,
				"PhiDegree": 297.1735619029244,
				"Power": -48.84542731955946
			}, {
				"Time": 4.704915603280741e-7,
				"TimeDiff": 3.919563432615801e-7,
				"PhiDegree": 229.14158362550856,
				"Power": -51.12364545109588
			}]
	}
}