{
	"SensorDataCollection": {
		"SensorId": 0,
		"SensorDatas": [{
				"Time": 5.9125440601466776e-8,
				"TimeDiff": 0.0,
				"PhiDegree": 16.389547170161123,
				"Power": -32.42724972095957
			}, {
				"Time": 1.0355600259279419e-7,
				"TimeDiff": 4.443056199132742e-8,
				"PhiDegree": 303.2128612154534,
				"Power": -38.941915426584416
			}, {
				"Time": 2.9146295550449104e-7,
				"TimeDiff": 2.3233751490302427e-7,
				"PhiDegree": 78.7777972381335,
				"Power": -63.14351397707475
			}]
	}
}