{
	"SensorDataCollection": {
		"SensorId": 0,
		"SensorDatas": [{
				"Time": 3.147781433071645e-8,
				"TimeDiff": 0.0,
				"PhiDegree": 147.99461679191648,
				"Power": -26.32216796235006
			}, {
				"Time": 9.065804289592999e-8,
				"TimeDiff": 5.9180228565213536e-8,
				"PhiDegree": 252.87618577325594,
				"Power": -46.25952056059664
			}, {
				"Time": 4.6555202691036817e-7,
				"TimeDiff": 4.340742125796517e-7,
				"PhiDegree": 142.1142836593557,
				"Power": -52.109271243683
			}]
	}
}