{
	"SensorDataCollection": {
		"SensorId": 0,
		"SensorDatas": [{
				"Time": 1.0147999389989534e-7,
				"TimeDiff": 0.0,
				"PhiDegree": 9.462322208025618,
				"Power": -37.2324473006148
			}, {
				"Time": 1.2785261256725132e-7,
				"TimeDiff": 2.6372618667355975e-8,
				"PhiDegree": 38.47065384410334,
				"Power": -39.71360931478871
			}, {
				"Time": 1.3238661982467872e-7,
				"TimeDiff": 3.0906625924783375e-8,
				"PhiDegree": 319.12271988027624,
				"Power": -39.74168694910166
			}, {
				"Time": 1.7991270813412344e-7,
				"TimeDiff": 7.84327142342281e-8,
				"PhiDegree": 303.805594937515,
				"Power": -44.94965103466026
			}]
	}
}