{
	"SensorDataCollection": {
		"SensorId": 0,
		"SensorDatas": [{
				"Time": 4.647404038423709e-8,
				"TimeDiff": 0.0,
				"PhiDegree": 21.037511025421818,
				"Power": -30.183719596602895
			}, {
				"Time": 9.689099223517593e-8,
				"TimeDiff": 5.041695185093884e-8,
				"PhiDegree": 296.59505266055925,
				"Power": -40.71301922148524
			}, {
				"Time": 2.8916201883153854e-7,
				"TimeDiff": 2.4268797844730146e-7,
				"PhiDegree": 81.37266488780743,
				"Power": -67.45953439894438
			}]
	}
}