{
	"SensorDataCollection": {
		"SensorId": 0,
		"SensorDatas": [{
				"Time": 3.147781433071645e-8,
				"TimeDiff": 0.0,
				"PhiDegree": 32.0053832080835,
				"Power": -26.32216796235006
			}, {
				"Time": 9.065804289592999e-8,
				"TimeDiff": 5.9180228565213536e-8,
				"PhiDegree": 287.12381422674406,
				"Power": -46.25952056059664
			}]
	}
}