{
	"SensorDataCollection": {
		"SensorId": 0,
		"SensorDatas": [{
				"Time": 1.1136588213720014e-7,
				"TimeDiff": 0.0,
				"PhiDegree": 8.615648184164112,
				"Power": -38.04545105150257
			}, {
				"Time": 1.4010848529221195e-7,
				"TimeDiff": 2.8742603155011818e-8,
				"PhiDegree": 321.8026156552112,
				"Power": -40.54797106903712
			}, {
				"Time": 1.3583247432976265e-7,
				"TimeDiff": 2.4466592192562517e-8,
				"PhiDegree": 35.842977522717995,
				"Power": -40.687258930103496
			}, {
				"Time": 1.8566839550776602e-7,
				"TimeDiff": 7.430251337056588e-8,
				"PhiDegree": 306.373183014023,
				"Power": -44.09988078064981
			}]
	}
}