{
	"SensorDataCollection": {
		"SensorId": 0,
		"SensorDatas": [{
				"Time": 4.337634139513124e-8,
				"TimeDiff": 0.0,
				"PhiDegree": 202.6198649480404,
				"Power": -29.521220519083013
			}, {
				"Time": 6.664211102450785e-8,
				"TimeDiff": 2.3265769629376615e-8,
				"PhiDegree": 233.07158109045682,
				"Power": -34.29828204335452
			}, {
				"Time": 4.385705377815979e-7,
				"TimeDiff": 3.951941963864666e-7,
				"PhiDegree": 46.714642395182615,
				"Power": -50.060204844259076
			}, {
				"Time": 5.606942561363449e-7,
				"TimeDiff": 5.173179147412136e-7,
				"PhiDegree": 109.91744668273972,
				"Power": -67.57382957429232
			}]
	}
}