{
	"SensorDataCollection": {
		"SensorId": 0,
		"SensorDatas": [{
				"Time": 2.3593619341200035e-8,
				"TimeDiff": 0.0,
				"PhiDegree": 45.0,
				"Power": -23.408177696911917
			}, {
				"Time": 8.823087226305015e-8,
				"TimeDiff": 6.463725292185011e-8,
				"PhiDegree": 280.89943943821487,
				"Power": -53.24577447663431
			}]
	}
}