{
	"SensorDataCollection": {
		"SensorId": 0,
		"SensorDatas": [{
				"Time": 1.080680487863738e-7,
				"TimeDiff": 0.0,
				"PhiDegree": 8.880659150520243,
				"Power": -37.78275846665349
			}, {
				"Time": 1.3750174949859835e-7,
				"TimeDiff": 2.943370071222455e-8,
				"PhiDegree": 320.9428294856004,
				"Power": -40.26692207413318
			}, {
				"Time": 1.3314204650238384e-7,
				"TimeDiff": 2.5073997716010045e-8,
				"PhiDegree": 36.683807774584494,
				"Power": -40.35299309189239
			}, {
				"Time": 1.837092718256908e-7,
				"TimeDiff": 7.564122303931702e-8,
				"PhiDegree": 305.5352583497336,
				"Power": -44.33977457904899
			}]
	}
}