{
	"SensorDataCollection": {
		"SensorId": 0,
		"SensorDatas": [{
				"Time": 9.81902830785929e-8,
				"TimeDiff": 0.0,
				"PhiDegree": 9.782407031807285,
				"Power": -36.94372932141658
			}, {
				"Time": 1.252574671203401e-7,
				"TimeDiff": 2.7067184041747216e-8,
				"PhiDegree": 39.420204697007215,
				"Power": -39.41195676999983
			}, {
				"Time": 1.298820989887961e-7,
				"TimeDiff": 3.16918159102032e-8,
				"PhiDegree": 318.1593925387874,
				"Power": -39.50115272213914
			}, {
				"Time": 1.7807786240093322e-7,
				"TimeDiff": 7.988757932234032e-8,
				"PhiDegree": 302.9135138642408,
				"Power": -45.326188697735276
			}]
	}
}