{
	"SensorDataCollection": {
		"SensorId": 0,
		"SensorDatas": [{
				"Time": 9.162104460303388e-8,
				"TimeDiff": 0.0,
				"PhiDegree": 10.491477012331599,
				"Power": -36.33597478188617
			}, {
				"Time": 1.2498977462509622e-7,
				"TimeDiff": 3.3368730022062335e-8,
				"PhiDegree": 316.11838371144273,
				"Power": -39.07507177484953
			}, {
				"Time": 1.745417119211984e-7,
				"TimeDiff": 8.292066731816452e-8,
				"PhiDegree": 301.07420790123314,
				"Power": -46.241041389516084
			}]
	}
}