{
	"SensorDataCollection": {
		"SensorId": 0,
		"SensorDatas": [{
				"Time": 1.1796809670600018e-7,
				"TimeDiff": 0.0,
				"PhiDegree": 8.130102354155982,
				"Power": -38.54829806255328
			}, {
				"Time": 1.454114843714809e-7,
				"TimeDiff": 2.7443387665480717e-8,
				"PhiDegree": 323.42880824332514,
				"Power": -41.13920704619454
			}, {
				"Time": 1.4129604813576735e-7,
				"TimeDiff": 2.332795142976717e-8,
				"PhiDegree": 34.258218164939734,
				"Power": -41.377708165315426
			}, {
				"Time": 1.897020432854314e-7,
				"TimeDiff": 7.173394657943122e-8,
				"PhiDegree": 307.99625073918247,
				"Power": -43.73563607070771
			}]
	}
}