{
	"SensorDataCollection": {
		"SensorId": 0,
		"SensorDatas": [{
				"Time": 7.527806674872585e-8,
				"TimeDiff": 0.0,
				"PhiDegree": 12.80426606528675,
				"Power": -34.60032077224521
			}, {
				"Time": 1.135553401655195e-7,
				"TimeDiff": 3.8277273416793656e-8,
				"PhiDegree": 310.2733323801405,
				"Power": -38.466105900822015
			}, {
				"Time": 1.6654483096048672e-7,
				"TimeDiff": 9.126676421176087e-8,
				"PhiDegree": 296.1523118582199,
				"Power": -49.690172726938385
			}, {
				"Time": 4.683155553034615e-7,
				"TimeDiff": 3.9303748855473567e-7,
				"PhiDegree": 229.45033305306274,
				"Power": -51.168247839596745
			}]
	}
}