{
	"SensorDataCollection": {
		"SensorId": 0,
		"SensorDatas": [{
				"Time": 4.476574521911608e-8,
				"TimeDiff": 0.0,
				"PhiDegree": 153.43494882292197,
				"Power": -29.82523865179564
			}, {
				"Time": 9.848266999566256e-8,
				"TimeDiff": 5.371692477654648e-8,
				"PhiDegree": 246.01070543106738,
				"Power": -42.15470858182874
			}, {
				"Time": 3.829903003838788e-7,
				"TimeDiff": 3.3822455516476276e-7,
				"PhiDegree": 293.0133639197932,
				"Power": -65.9343698957777
			}, {
				"Time": 2.853763323245694e-7,
				"TimeDiff": 2.406105871054533e-7,
				"PhiDegree": 98.06549027581958,
				"Power": -68.48163028231662
			}]
	}
}