{
	"SensorDataCollection": {
		"SensorId": 0,
		"SensorDatas": [{
				"Time": 7.60871361375986e-8,
				"TimeDiff": 0.0,
				"PhiDegree": 15.255118703057777,
				"Power": -34.695321510324256
			}, {
				"Time": 1.1612112912848044e-7,
				"TimeDiff": 4.0033992990881837e-8,
				"PhiDegree": 309.2090163353364,
				"Power": -38.78002968439297
			}, {
				"Time": 1.6355638822799678e-7,
				"TimeDiff": 8.746925209039818e-8,
				"PhiDegree": 296.6675068446829,
				"Power": -49.05894830492076
			}, {
				"Time": 4.657852834670925e-7,
				"TimeDiff": 3.896981473294939e-7,
				"PhiDegree": 229.1835041791385,
				"Power": -51.047483756044784
			}]
	}
}