{
	"SensorDataCollection": {
		"SensorId": 0,
		"SensorDatas": [{
				"Time": 1.94557969268767e-8,
				"TimeDiff": 0.0,
				"PhiDegree": 239.03624346792648,
				"Power": -21.600699677900742
			}, {
				"Time": 5.420509203973109e-8,
				"TimeDiff": 3.474929511285439e-8,
				"PhiDegree": 259.3582458899348,
				"Power": -49.41003391804695
			}, {
				"Time": 4.5967999646911526e-7,
				"TimeDiff": 4.4022419954223856e-7,
				"PhiDegree": 43.98890954940202,
				"Power": -50.4076318620628
			}]
	}
}