{
	"SensorDataCollection": {
		"SensorId": 0,
		"SensorDatas": [{
				"Time": 4.031679440336185e-8,
				"TimeDiff": 0.0,
				"PhiDegree": 204.4439547804165,
				"Power": -28.807980063929296
			}, {
				"Time": 6.469240975523175e-8,
				"TimeDiff": 2.43756153518699e-8,
				"PhiDegree": 235.43455504937197,
				"Power": -34.5203114259766
			}, {
				"Time": 4.408649381558127e-7,
				"TimeDiff": 4.005481437524508e-7,
				"PhiDegree": 46.398975388562505,
				"Power": -50.074294453208836
			}, {
				"Time": 5.618396940381888e-7,
				"TimeDiff": 5.215228996348269e-7,
				"PhiDegree": 110.23736204421913,
				"Power": -67.13169288167607
			}]
	}
}