{
	"SensorDataCollection": {
		"SensorId": 0,
		"SensorDatas": [{
				"Time": 2.3593619341200035e-8,
				"TimeDiff": 0.0,
				"PhiDegree": 225.00000000000003,
				"Power": -23.408177696911917
			}, {
				"Time": 5.582403463198717e-8,
				"TimeDiff": 3.223041529078714e-8,
				"PhiDegree": 252.61124520526715,
				"Power": -41.814163563250105
			}, {
				"Time": 4.5490235178497194e-7,
				"TimeDiff": 4.313087324437719e-7,
				"PhiDegree": 44.57267142855676,
				"Power": -50.290207931782874
			}]
	}
}