{
	"SensorDataCollection": {
		"SensorId": 0,
		"SensorDatas": [{
				"Time": 3.147781433071645e-8,
				"TimeDiff": 0.0,
				"PhiDegree": 212.00538320808352,
				"Power": -26.32216796235006
			}, {
				"Time": 5.9586212868539587e-8,
				"TimeDiff": 2.8108398537823137e-8,
				"PhiDegree": 243.38616448873663,
				"Power": -36.48174880704161
			}, {
				"Time": 4.478267779845934e-7,
				"TimeDiff": 4.163489636538769e-7,
				"PhiDegree": 45.47151235105934,
				"Power": -50.15529330440482
			}]
	}
}