{
	"SensorDataCollection": {
		"SensorId": 0,
		"SensorDatas": [{
				"Time": 8.903270388072276e-8,
				"TimeDiff": 0.0,
				"PhiDegree": 12.994616791916506,
				"Power": -36.08396239250345
			}, {
				"Time": 1.249867461163952e-7,
				"TimeDiff": 3.595404223567244e-8,
				"PhiDegree": 313.9551488221787,
				"Power": -39.07320879105306
			}, {
				"Time": 1.6996547356706952e-7,
				"TimeDiff": 8.093276968634676e-8,
				"PhiDegree": 300.6913808293049,
				"Power": -46.259590238825666
			}]
	}
}