{
	"SensorDataCollection": {
		"SensorId": 0,
		"SensorDatas": [{
				"Time": 2.4060865083411824e-8,
				"TimeDiff": 0.0,
				"PhiDegree": 123.69006752597981,
				"Power": -23.60115261003464
			}, {
				"Time": 4.5300358047919445e-7,
				"TimeDiff": 4.2894271539578263e-7,
				"PhiDegree": 141.41071340530675,
				"Power": -51.56404598981669
			}, {
				"Time": 9.096037364156937e-8,
				"TimeDiff": 6.689950855815755e-8,
				"PhiDegree": 261.562558710776,
				"Power": -57.78889077453505
			}]
	}
}