{
	"SensorDataCollection": {
		"SensorId": 0,
		"SensorDatas": [{
				"Time": 9.554687607308862e-8,
				"TimeDiff": 0.0,
				"PhiDegree": 12.094757077012103,
				"Power": -36.70439708974376
			}, {
				"Time": 1.2056197477554782e-7,
				"TimeDiff": 2.5015098702459194e-8,
				"PhiDegree": 39.20215934438517,
				"Power": -39.10669456089143
			}, {
				"Time": 1.297076322803632e-7,
				"TimeDiff": 3.416075620727457e-8,
				"PhiDegree": 316.07769983532893,
				"Power": -39.39594726991032
			}, {
				"Time": 1.7346655404397676e-7,
				"TimeDiff": 7.791967797088813e-8,
				"PhiDegree": 302.58716248773993,
				"Power": -45.27868193571658
			}]
	}
}