{
	"SensorDataCollection": {
		"SensorId": 0,
		"SensorDatas": [{
				"Time": 6.967112298466382e-8,
				"TimeDiff": 0.0,
				"PhiDegree": 16.69924423399362,
				"Power": -33.90994662646941
			}, {
				"Time": 1.1202200552746731e-7,
				"TimeDiff": 4.235088254280349e-8,
				"PhiDegree": 306.56339286102366,
				"Power": -38.874980161550596
			}, {
				"Time": 4.614510064544678e-7,
				"TimeDiff": 3.9177988346980394e-7,
				"PhiDegree": 229.81059486516082,
				"Power": -51.146856790119685
			}]
	}
}