{
	"SensorDataCollection": {
		"SensorId": 0,
		"SensorDatas": [{
				"Time": 5.701655743664202e-8,
				"TimeDiff": 0.0,
				"PhiDegree": 20.55604521958347,
				"Power": -32.094808646693956
			}, {
				"Time": 1.0462194877929614e-7,
				"TimeDiff": 4.760539134265412e-8,
				"PhiDegree": 300.68234102990675,
				"Power": -39.78339443654055
			}, {
				"Time": 2.875527202582618e-7,
				"TimeDiff": 2.305361628216198e-7,
				"PhiDegree": 79.30054222677256,
				"Power": -63.81402473551313
			}]
	}
}