{
	"SensorDataCollection": {
		"SensorId": 0,
		"SensorDatas": [{
				"Time": 2.6060004332564624e-8,
				"TimeDiff": 0.0,
				"PhiDegree": 219.80557109226518,
				"Power": -24.398338028295345
			}, {
				"Time": 5.691034874949494e-8,
				"TimeDiff": 3.085034441693032e-8,
				"PhiDegree": 249.40385151573187,
				"Power": -39.48389459911185
			}, {
				"Time": 4.5253151762583526e-7,
				"TimeDiff": 4.264715132932706e-7,
				"PhiDegree": 44.86915930071805,
				"Power": -50.23956202906918
			}]
	}
}