{
	"SensorDataCollection": {
		"SensorId": 0,
		"SensorDatas": [{
				"Time": 4.777343803654431e-8,
				"TimeDiff": 0.0,
				"PhiDegree": 24.77514056883192,
				"Power": -30.44589151467846
			}, {
				"Time": 9.988576338139134e-8,
				"TimeDiff": 5.211232534484703e-8,
				"PhiDegree": 295.73818390079526,
				"Power": -41.37858693461243
			}, {
				"Time": 2.858635697108531e-7,
				"TimeDiff": 2.3809013167430878e-7,
				"PhiDegree": 81.27234540651759,
				"Power": -67.1652300814276
			}]
	}
}