{
	"SensorDataCollection": {
		"SensorId": 0,
		"SensorDatas": [{
				"Time": 8.578479066374569e-8,
				"TimeDiff": 0.0,
				"PhiDegree": 13.495733280795813,
				"Power": -35.75665613229585
			}, {
				"Time": 1.2269431386040037e-7,
				"TimeDiff": 3.690952319665468e-8,
				"PhiDegree": 312.8333947833623,
				"Power": -38.9506058040719
			}, {
				"Time": 1.6828686863147826e-7,
				"TimeDiff": 8.250207796773257e-8,
				"PhiDegree": 299.7144458935495,
				"Power": -46.84639153062872
			}]
	}
}