{
	"SensorDataCollection": {
		"SensorId": 0,
		"SensorDatas": [{
				"Time": 3.89115938537534e-8,
				"TimeDiff": 0.0,
				"PhiDegree": 30.963756532073525,
				"Power": -28.458101372487306
			}, {
				"Time": 9.596341219804153e-8,
				"TimeDiff": 5.7051818344288124e-8,
				"PhiDegree": 290.3466617510352,
				"Power": -44.196573706685
			}]
	}
}