{
	"SensorDataCollection": {
		"SensorId": 0,
		"SensorDatas": [{
				"Time": 6.015216270852956e-8,
				"TimeDiff": 0.0,
				"PhiDegree": 19.44003482817619,
				"Power": -32.58426927772955
			}, {
				"Time": 1.0636327854558254e-7,
				"TimeDiff": 4.6211115837052976e-8,
				"PhiDegree": 302.22829468890365,
				"Power": -39.44711116532146
			}, {
				"Time": 2.881908426451362e-7,
				"TimeDiff": 2.2803867993660665e-7,
				"PhiDegree": 78.64869686064807,
				"Power": -62.857134244442506
			}]
	}
}