{
	"SensorDataCollection": {
		"SensorId": 0,
		"SensorDatas": [{
				"Time": 1.7968365164870175e-8,
				"TimeDiff": 0.0,
				"PhiDegree": 248.19859051364824,
				"Power": -20.914468518367435
			}, {
				"Time": 4.6208643502426767e-7,
				"TimeDiff": 4.441180698593975e-7,
				"PhiDegree": 43.70157026574927,
				"Power": -50.47406982825203
			}, {
				"Time": 5.3689161994521534e-8,
				"TimeDiff": 3.572079682965136e-8,
				"PhiDegree": 262.8599671823417,
				"Power": -56.03834943072927
			}]
	}
}