{
	"SensorDataCollection": {
		"SensorId": 0,
		"SensorDatas": [{
				"Time": 2.6060004332564624e-8,
				"TimeDiff": 0.0,
				"PhiDegree": 129.8055710922652,
				"Power": -24.398338028295345
			}, {
				"Time": 4.556163766713984e-7,
				"TimeDiff": 4.295563723388338e-7,
				"PhiDegree": 141.67243130161023,
				"Power": -51.72464951733485
			}, {
				"Time": 9.150949770523851e-8,
				"TimeDiff": 6.544949337267388e-8,
				"PhiDegree": 259.4955890942122,
				"Power": -54.17387677997513
			}]
	}
}