{
	"SensorDataCollection": {
		"SensorId": 0,
		"SensorDatas": [{
				"Time": 6.33083240186125e-8,
				"TimeDiff": 0.0,
				"PhiDegree": 18.434948822922014,
				"Power": -33.0483994195796
			}, {
				"Time": 1.0817951855364023e-7,
				"TimeDiff": 4.4871194535027733e-8,
				"PhiDegree": 303.7233966895876,
				"Power": -39.189483795231666
			}, {
				"Time": 4.5717305021287247e-7,
				"TimeDiff": 3.9386472619425996e-7,
				"PhiDegree": 230.4494991807166,
				"Power": -51.27635804670413
			}, {
				"Time": 2.8886609873096196e-7,
				"TimeDiff": 2.2555777471234946e-7,
				"PhiDegree": 77.9998153465025,
				"Power": -61.965828095717626
			}]
	}
}