{
	"SensorDataCollection": {
		"SensorId": 0,
		"SensorDatas": [{
				"Time": 3.89115938537534e-8,
				"TimeDiff": 0.0,
				"PhiDegree": 149.03624346792648,
				"Power": -28.458101372487306
			}, {
				"Time": 9.596341219804153e-8,
				"TimeDiff": 5.7051818344288124e-8,
				"PhiDegree": 249.65333824896484,
				"Power": -44.196573706685
			}, {
				"Time": 3.8043099515476704e-7,
				"TimeDiff": 3.4151940130101365e-7,
				"PhiDegree": 292.0882648558928,
				"Power": -67.55337121056931
			}]
	}
}