{
	"SensorDataCollection": {
		"SensorId": 0,
		"SensorDatas": [{
				"Time": 4.180799998993958e-8,
				"TimeDiff": 0.0,
				"PhiDegree": 151.38954033403482,
				"Power": -29.16351583280249
			}, {
				"Time": 9.717393275776455e-8,
				"TimeDiff": 5.5365932767824976e-8,
				"PhiDegree": 247.8084167801726,
				"Power": -43.085262172091376
			}, {
				"Time": 3.816982092620002e-7,
				"TimeDiff": 3.398902092720606e-7,
				"PhiDegree": 292.5523650796573,
				"Power": -66.72728510522491
			}]
	}
}