{
	"SensorDataCollection": {
		"SensorId": 0,
		"SensorDatas": [{
				"Time": 7.287335352726989e-8,
				"TimeDiff": 0.0,
				"PhiDegree": 15.945395900922854,
				"Power": -34.31131560639125
			}, {
				"Time": 1.1404117676857874e-7,
				"TimeDiff": 4.1167823241308856e-8,
				"PhiDegree": 307.90997621918666,
				"Power": -38.80322593132837
			}, {
				"Time": 1.6208629028661306e-7,
				"TimeDiff": 8.921293675934317e-8,
				"PhiDegree": 295.61344464676773,
				"Power": -49.969417250505245
			}, {
				"Time": 4.6361120310957555e-7,
				"TimeDiff": 3.9073784958230566e-7,
				"PhiDegree": 229.49558386991706,
				"Power": -51.093513511129316
			}]
	}
}