{
	"SensorDataCollection": {
		"SensorId": 0,
		"SensorDatas": [{
				"Time": 6.648211380907305e-8,
				"TimeDiff": 0.0,
				"PhiDegree": 17.52556837372287,
				"Power": -33.48959052371188
			}, {
				"Time": 1.10066960533006e-7,
				"TimeDiff": 4.358484672393296e-8,
				"PhiDegree": 305.1681786238652,
				"Power": -39.00141593684735
			}, {
				"Time": 4.593048893947452e-7,
				"TimeDiff": 3.9282277558567214e-7,
				"PhiDegree": 230.12855934525055,
				"Power": -51.20773045487718
			}]
	}
}