{
	"SensorDataCollection": {
		"SensorId": 0,
		"SensorDatas": [{
				"Time": 5.390509549461053e-8,
				"TimeDiff": 0.0,
				"PhiDegree": 21.801409486351815,
				"Power": -31.577315103844192
			}, {
				"Time": 1.0295933014901975e-7,
				"TimeDiff": 4.9054234654409217e-8,
				"PhiDegree": 299.0852634177535,
				"Power": -40.208850208969906
			}, {
				"Time": 2.8695197930365167e-7,
				"TimeDiff": 2.3304688380904115e-7,
				"PhiDegree": 79.95520193974056,
				"Power": -64.84435055912294
			}]
	}
}