{
	"SensorDataCollection": {
		"SensorId": 0,
		"SensorDatas": [{
				"Time": 4.180799998993958e-8,
				"TimeDiff": 0.0,
				"PhiDegree": 28.61045966596522,
				"Power": -29.16351583280249
			}, {
				"Time": 9.717393275776455e-8,
				"TimeDiff": 5.5365932767824976e-8,
				"PhiDegree": 292.1915832198274,
				"Power": -43.085262172091376
			}]
	}
}