{
	"SensorDataCollection": {
		"SensorId": 0,
		"SensorDatas": [{
				"Time": 3.730478768259674e-8,
				"TimeDiff": 0.0,
				"PhiDegree": 206.56505117707795,
				"Power": -28.038972944491718
			}, {
				"Time": 6.285945555777169e-8,
				"TimeDiff": 2.555466787517495e-8,
				"PhiDegree": 237.9398123742295,
				"Power": -34.92777604584151
			}, {
				"Time": 4.431725816599688e-7,
				"TimeDiff": 4.0586779397737206e-7,
				"PhiDegree": 46.0865864003623,
				"Power": -50.094977021591404
			}, {
				"Time": 5.630025764457092e-7,
				"TimeDiff": 5.256977887631125e-7,
				"PhiDegree": 110.55596573363117,
				"Power": -66.70189591907148
			}]
	}
}