{
	"SensorDataCollection": {
		"SensorId": 0,
		"SensorDatas": [{
				"Time": 8.254395564229744e-8,
				"TimeDiff": 0.0,
				"PhiDegree": 14.03624346792648,
				"Power": -35.4167994581656
			}, {
				"Time": 1.2045069097987496e-7,
				"TimeDiff": 3.790673533757752e-8,
				"PhiDegree": 311.6693908780997,
				"Power": -38.8582586768552
			}, {
				"Time": 1.6665816648950423e-7,
				"TimeDiff": 8.411421084720679e-8,
				"PhiDegree": 298.7181218907437,
				"Power": -47.504459703491094
			}]
	}
}