{
	"SensorDataCollection": {
		"SensorId": 0,
		"SensorDatas": [{
				"Time": 9.22869479739522e-8,
				"TimeDiff": 0.0,
				"PhiDegree": 12.52880770915151,
				"Power": -36.399609564130344
			}, {
				"Time": 1.1799519058334809e-7,
				"TimeDiff": 2.5708242609395894e-8,
				"PhiDegree": 40.22627333578305,
				"Power": -38.80387691076683
			}, {
				"Time": 1.273253514065393e-7,
				"TimeDiff": 3.50384034325871e-8,
				"PhiDegree": 315.03609784393313,
				"Power": -39.2226685755318
			}, {
				"Time": 1.716925176322856e-7,
				"TimeDiff": 7.940556965833341e-8,
				"PhiDegree": 301.6489357101531,
				"Power": -45.73865522588932
			}]
	}
}