{
	"SensorDataCollection": {
		"SensorId": 0,
		"SensorDatas": [{
				"Time": 4.476574521911608e-8,
				"TimeDiff": 0.0,
				"PhiDegree": 26.565051177077986,
				"Power": -29.82523865179564
			}, {
				"Time": 9.848266999566257e-8,
				"TimeDiff": 5.371692477654649e-8,
				"PhiDegree": 293.9892945689326,
				"Power": -42.15470858182874
			}, {
				"Time": 2.853763323245694e-7,
				"TimeDiff": 2.406105871054533e-7,
				"PhiDegree": 81.93450972418042,
				"Power": -68.48163028231662
			}]
	}
}