{
	"SensorDataCollection": {
		"SensorId": 0,
		"SensorDatas": [{
				"Time": 2.831234320944004e-8,
				"TimeDiff": 0.0,
				"PhiDegree": 135.0,
				"Power": -25.239782912702402
			}, {
				"Time": 9.217620692163943e-8,
				"TimeDiff": 6.38638637121994e-8,
				"PhiDegree": 257.45589505999766,
				"Power": -51.32188460724262
			}, {
				"Time": 4.5823857084527705e-7,
				"TimeDiff": 4.29926227635837e-7,
				"PhiDegree": 141.93115927057147,
				"Power": -51.88839729786724
			}]
	}
}