{
	"SensorDataCollection": {
		"SensorId": 0,
		"SensorDatas": [{
				"Time": 2.831234320944004e-8,
				"TimeDiff": 0.0,
				"PhiDegree": 44.99999999999999,
				"Power": -25.239782912702402
			}, {
				"Time": 9.217620692163946e-8,
				"TimeDiff": 6.386386371219942e-8,
				"PhiDegree": 282.54410494000234,
				"Power": -51.32188460724262
			}]
	}
}