{
	"SensorDataCollection": {
		"SensorId": 0,
		"SensorDatas": [{
				"Time": 2.1364930993717432e-8,
				"TimeDiff": 0.0,
				"PhiDegree": 231.34019174590992,
				"Power": -22.455244386625154
			}, {
				"Time": 5.4919252046456e-8,
				"TimeDiff": 3.355432105273857e-8,
				"PhiDegree": 255.93505123411796,
				"Power": -44.980922020796555
			}, {
				"Time": 4.572852405547327e-7,
				"TimeDiff": 4.359203095610153e-7,
				"PhiDegree": 44.27926573236771,
				"Power": -50.3462887684596
			}]
	}
}