{
	"SensorDataCollection": {
		"SensorId": 0,
		"SensorDatas": [{
				"Time": 2.8702876736554188e-8,
				"TimeDiff": 0.0,
				"PhiDegree": 215.53767779197435,
				"Power": -25.379561464047995
			}, {
				"Time": 5.816802473807821e-8,
				"TimeDiff": 2.946514800152402e-8,
				"PhiDegree": 246.32583289831283,
				"Power": -37.7553058720397
			}, {
				"Time": 4.501729285340575e-7,
				"TimeDiff": 4.2147005179750333e-7,
				"PhiDegree": 45.16876204110288,
				"Power": -50.194529213333425
			}]
	}
}