{
	"SensorDataCollection": {
		"SensorId": 0,
		"SensorDatas": [{
				"Time": 2.238287260955804e-8,
				"TimeDiff": 0.0,
				"PhiDegree": 116.56505117707799,
				"Power": -22.896935729279882
			}, {
				"Time": 4.504003458232587e-7,
				"TimeDiff": 4.280174732137006e-7,
				"PhiDegree": 141.14596456488107,
				"Power": -51.40671106685426
			}, {
				"Time": 9.05309744270295e-8,
				"TimeDiff": 6.814810181747146e-8,
				"PhiDegree": 263.6518794626218,
				"Power": -62.5809417457064
			}]
	}
}