{
	"SensorDataCollection": {
		"SensorId": 0,
		"SensorDatas": [{
				"Time": 3.07623159913174e-8,
				"TimeDiff": 0.0,
				"PhiDegree": 40.601294645004465,
				"Power": -26.08744135886207
			}, {
				"Time": 9.295797130747544e-8,
				"TimeDiff": 6.219565531615804e-8,
				"PhiDegree": 284.5520032866467,
				"Power": -49.010783697030604
			}]
	}
}