{
	"SensorDataCollection": {
		"SensorId": 0,
		"SensorDatas": [{
				"Time": 3.43528282979581e-8,
				"TimeDiff": 0.0,
				"PhiDegree": 209.05460409907712,
				"Power": -27.21052260922763
			}, {
				"Time": 6.115374707280696e-8,
				"TimeDiff": 2.6800918774848856e-8,
				"PhiDegree": 240.59013710651513,
				"Power": -35.56334954216234
			}, {
				"Time": 4.4549326249690873e-7,
				"TimeDiff": 4.111404341989506e-7,
				"PhiDegree": 45.77744291952212,
				"Power": -50.122043987730535
			}]
	}
}