{
	"SensorDataCollection": {
		"SensorId": 0,
		"SensorDatas": [{
				"Time": 2.238287260955804e-8,
				"TimeDiff": 0.0,
				"PhiDegree": 63.43494882292201,
				"Power": -22.896935729279882
			}, {
				"Time": 9.05309744270295e-8,
				"TimeDiff": 6.814810181747146e-8,
				"PhiDegree": 276.3481205373782,
				"Power": -62.5809417457064
			}]
	}
}