{
	"SensorDataCollection": {
		"SensorId": 0,
		"SensorDatas": [{
				"Time": 1.1191436304779019e-7,
				"TimeDiff": 0.0,
				"PhiDegree": 10.304846468766033,
				"Power": -38.08836856149034
			}, {
				"Time": 1.4219595282863838e-7,
				"TimeDiff": 3.0281589780848186e-8,
				"PhiDegree": 320.7459717590718,
				"Power": -40.53380886189896
			}, {
				"Time": 1.3390597033308957e-7,
				"TimeDiff": 2.1991607285299377e-8,
				"PhiDegree": 34.685582293125385,
				"Power": -40.811342084526274
			}, {
				"Time": 1.8299252580626986e-7,
				"TimeDiff": 7.107816275847966e-8,
				"PhiDegree": 306.99275651154994,
				"Power": -43.749272983108796
			}]
	}
}