{
	"SensorDataCollection": {
		"SensorId": 0,
		"SensorDatas": [{
				"Time": 1.0535548367281088e-7,
				"TimeDiff": 0.0,
				"PhiDegree": 10.954062643398332,
				"Power": -37.56045954240925
			}, {
				"Time": 1.3709355303727336e-7,
				"TimeDiff": 3.1738069364462476e-8,
				"PhiDegree": 318.9809392260907,
				"Power": -40.032906360252
			}, {
				"Time": 1.2847475306217015e-7,
				"TimeDiff": 2.3119269389359268e-8,
				"PhiDegree": 36.379433896371125,
				"Power": -40.099245614702355
			}, {
				"Time": 1.7905646535240682e-7,
				"TimeDiff": 7.370098167959594e-8,
				"PhiDegree": 305.28696350272065,
				"Power": -44.22169241577653
			}]
	}
}