{
	"SensorDataCollection": {
		"SensorId": 0,
		"SensorDatas": [{
				"Time": 9.881192561249904e-8,
				"TimeDiff": 0.0,
				"PhiDegree": 11.689369175439191,
				"Power": -36.999044639939264
			}, {
				"Time": 1.231656643618818e-7,
				"TimeDiff": 2.4353738749382764e-8,
				"PhiDegree": 38.22104177998539,
				"Power": -39.42501008401982
			}, {
				"Time": 1.3213122639142425e-7,
				"TimeDiff": 3.331930077892521e-8,
				"PhiDegree": 317.08141274562075,
				"Power": -39.59032690124107
			}, {
				"Time": 1.7528615600730077e-7,
				"TimeDiff": 7.647423039480173e-8,
				"PhiDegree": 303.50615249261875,
				"Power": -44.8751996699923
			}]
	}
}