{
	"SensorDataCollection": {
		"SensorId": 0,
		"SensorDatas": [{
				"Time": 4.072890181897857e-8,
				"TimeDiff": 0.0,
				"PhiDegree": 145.00797980144137,
				"Power": -28.907807851314104
			}, {
				"Time": 9.909865884865594e-8,
				"TimeDiff": 5.8369757029677366e-8,
				"PhiDegree": 250.32411534719782,
				"Power": -44.960235057150754
			}, {
				"Time": 3.773413300775854e-7,
				"TimeDiff": 3.366124282586068e-7,
				"PhiDegree": 292.27877859430595,
				"Power": -67.1282190407469
			}, {
				"Time": 1.990576903523878e-7,
				"TimeDiff": 1.5832878853340922e-7,
				"PhiDegree": 173.26166067888926,
				"Power": -68.40634582628442
			}]
	}
}