{
	"SensorDataCollection": {
		"SensorId": 0,
		"SensorDatas": [{
				"Time": 3.546898721947715e-8,
				"TimeDiff": 0.0,
				"PhiDegree": 138.81407483429032,
				"Power": -27.533159207320708
			}, {
				"Time": 9.70553955048236e-8,
				"TimeDiff": 6.158640828534645e-8,
				"PhiDegree": 254.03620555319554,
				"Power": -47.931849828147364
			}]
	}
}