{
	"SensorDataCollection": {
		"SensorId": 0,
		"SensorDatas": [{
				"Time": 1.0863318149023302e-7,
				"TimeDiff": 0.0,
				"PhiDegree": 10.619655276155134,
				"Power": -37.828352042912336
			}, {
				"Time": 1.396281936613866e-7,
				"TimeDiff": 3.0995012171153566e-8,
				"PhiDegree": 319.87957964596956,
				"Power": -40.27696956395758
			}, {
				"Time": 1.3117603575022225e-7,
				"TimeDiff": 2.2542854259989224e-8,
				"PhiDegree": 35.514975659880086,
				"Power": -40.451370746696966
			}, {
				"Time": 1.8100444183846884e-7,
				"TimeDiff": 7.237126034823582e-8,
				"PhiDegree": 306.1491330619936,
				"Power": -43.96446934173362
			}]
	}
}