{
	"SensorDataCollection": {
		"SensorId": 0,
		"SensorDatas": [{
				"Time": 1.0208160517017077e-7,
				"TimeDiff": 0.0,
				"PhiDegree": 11.309932474020213,
				"Power": -37.284202357275504
			}, {
				"Time": 1.2580396793651744e-7,
				"TimeDiff": 2.3722362766346675e-8,
				"PhiDegree": 37.28080912086187,
				"Power": -39.75653292160014
			}, {
				"Time": 1.3459390201108815e-7,
				"TimeDiff": 3.251229684091738e-8,
				"PhiDegree": 318.0486835385705,
				"Power": -39.80337360454419
			}, {
				"Time": 1.7714991944306485e-7,
				"TimeDiff": 7.506831427289408e-8,
				"PhiDegree": 304.40603293589305,
				"Power": -44.524119820977006
			}]
	}
}