{
	"SensorDataCollection": {
		"SensorId": 0,
		"SensorDatas": [{
				"Time": 1.1519873066592344e-7,
				"TimeDiff": 0.0,
				"PhiDegree": 10.007979801441337,
				"Power": -38.34095606264385
			}, {
				"Time": 1.4479506860211687e-7,
				"TimeDiff": 2.9596337936193423e-8,
				"PhiDegree": 321.58144525789,
				"Power": -40.80184979401869
			}, {
				"Time": 1.36662839797414e-7,
				"TimeDiff": 2.146410913149056e-8,
				"PhiDegree": 33.88948998965844,
				"Power": -41.17777934598223
			}, {
				"Time": 1.8501942436297252e-7,
				"TimeDiff": 6.982069369704907e-8,
				"PhiDegree": 307.8180717737289,
				"Power": -43.573169272846826
			}]
	}
}