{
	"SensorDataCollection": {
		"SensorId": 0,
		"SensorDatas": [{
				"Time": 1.1848601939736201e-7,
				"TimeDiff": 0.0,
				"PhiDegree": 9.727578551401603,
				"Power": -38.58652442519356
			}, {
				"Time": 1.4742388251936596e-7,
				"TimeDiff": 2.893786312200395e-8,
				"PhiDegree": 322.3872892966914,
				"Power": -41.079678868569914
			}, {
				"Time": 1.39445046620831e-7,
				"TimeDiff": 2.0959027223468985e-8,
				"PhiDegree": 33.12502220932263,
				"Power": -41.549466108674864
			}, {
				"Time": 1.8708387594124136e-7,
				"TimeDiff": 6.859785654387935e-8,
				"PhiDegree": 308.6253369519855,
				"Power": -43.43344437258486
			}]
	}
}