{
	"SensorDataCollection": {
		"SensorId": 0,
		"SensorDatas": [{
				"Time": 2.8702876736554188e-8,
				"TimeDiff": 0.0,
				"PhiDegree": 324.4623222080256,
				"Power": -25.379561464047995
			}, {
				"Time": 5.816802473807821e-8,
				"TimeDiff": 2.946514800152402e-8,
				"PhiDegree": 293.6741671016872,
				"Power": -37.7553058720397
			}]
	}
}