{
	"SensorDataCollection": {
		"SensorId": 0,
		"SensorDatas": [{
				"Time": 2.1364930993717432e-8,
				"TimeDiff": 0.0,
				"PhiDegree": 308.65980825409,
				"Power": -22.455244386625154
			}, {
				"Time": 5.4919252046456e-8,
				"TimeDiff": 3.355432105273857e-8,
				"PhiDegree": 284.06494876588204,
				"Power": -44.980922020796555
			}]
	}
}