{
	"SensorDataCollection": {
		"SensorId": 0,
		"SensorDatas": [{
				"Time": 3.80435680687993e-8,
				"TimeDiff": 0.0,
				"PhiDegree": 142.1250163489018,
				"Power": -28.23430189024578
			}, {
				"Time": 9.802557734401602e-8,
				"TimeDiff": 5.998200927521672e-8,
				"PhiDegree": 252.16081995836615,
				"Power": -46.31771012663107
			}, {
				"Time": 3.7608903847399586e-7,
				"TimeDiff": 3.3804547040519655e-7,
				"PhiDegree": 291.8083946123559,
				"Power": -67.98280182343296
			}]
	}
}