{
	"SensorDataCollection": {
		"SensorId": 0,
		"SensorDatas": [{
				"Time": 4.350448448492781e-8,
				"TimeDiff": 0.0,
				"PhiDegree": 147.5288077091515,
				"Power": -29.54975147568362
			}, {
				"Time": 1.0027133644527547e-7,
				"TimeDiff": 5.6766851960347655e-8,
				"PhiDegree": 248.52856070544667,
				"Power": -43.81541718921869
			}, {
				"Time": 3.786188852449024e-7,
				"TimeDiff": 3.351144007599746e-7,
				"PhiDegree": 292.7460195057096,
				"Power": -66.30828639550612
			}, {
				"Time": 1.9574448855803293e-7,
				"TimeDiff": 1.5224000407310512e-7,
				"PhiDegree": 173.14706411634376,
				"Power": -67.9731208878803
			}]
	}
}