{
	"SensorDataCollection": {
		"SensorId": 0,
		"SensorDatas": [{
				"Time": 1.7968365164870175e-8,
				"TimeDiff": 0.0,
				"PhiDegree": 291.8014094863519,
				"Power": -20.914468518367435
			}, {
				"Time": 5.3689161994521534e-8,
				"TimeDiff": 3.572079682965136e-8,
				"PhiDegree": 277.1400328176583,
				"Power": -56.03834943072927
			}]
	}
}