{
	"SensorDataCollection": {
		"SensorId": 0,
		"SensorDatas": [{
				"Time": 2.541110570983168e-8,
				"TimeDiff": 0.0,
				"PhiDegree": 66.80140948635182,
				"Power": -24.144718824035934
			}, {
				"Time": 9.38478824247971e-8,
				"TimeDiff": 6.843677671496542e-8,
				"PhiDegree": 276.12288212096644,
				"Power": -63.51111760602927
			}]
	}
}