{
	"SensorDataCollection": {
		"SensorId": 0,
		"SensorDatas": [{
				"Time": 2.6900864961979994e-8,
				"TimeDiff": 0.0,
				"PhiDegree": 119.74488129694224,
				"Power": -24.719538534899637
			}, {
				"Time": 4.50929947591658e-7,
				"TimeDiff": 4.24029082629678e-7,
				"PhiDegree": 141.74209677783512,
				"Power": -51.66507132881351
			}, {
				"Time": 9.426217310207198e-8,
				"TimeDiff": 6.736130814009198e-8,
				"PhiDegree": 261.86014575867506,
				"Power": -58.70485994279403
			}]
	}
}