{
	"SensorDataCollection": {
		"SensorId": 0,
		"SensorDatas": [{
				"Time": 1.7013600861695125e-8,
				"TimeDiff": 0.0,
				"PhiDegree": 258.6900675259798,
				"Power": -20.46563535285797
			}, {
				"Time": 4.6450437464890696e-7,
				"TimeDiff": 4.474907737872118e-7,
				"PhiDegree": 43.41721533463878,
				"Power": -50.54544039926991
			}]
	}
}