{
	"SensorDataCollection": {
		"SensorId": 0,
		"SensorDatas": [{
				"Time": 2.541110570983168e-8,
				"TimeDiff": 0.0,
				"PhiDegree": 113.19859051364821,
				"Power": -24.144718824035934
			}, {
				"Time": 4.4831467210627445e-7,
				"TimeDiff": 4.229035663964428e-7,
				"PhiDegree": 141.47804851068483,
				"Power": -51.50170257056479
			}, {
				"Time": 9.38478824247971e-8,
				"TimeDiff": 6.843677671496542e-8,
				"PhiDegree": 263.87711787903356,
				"Power": -63.51111760602927
			}]
	}
}