{
	"SensorDataCollection": {
		"SensorId": 0,
		"SensorDatas": [{
				"Time": 2.3593619341200035e-8,
				"TimeDiff": 0.0,
				"PhiDegree": 81.86989764584402,
				"Power": -23.408177696911917
			}, {
				"Time": 4.3795161734850045e-7,
				"TimeDiff": 4.143579980073004e-7,
				"PhiDegree": 140.39049458719447,
				"Power": -50.88271395769337
			}]
	}
}