{
	"SensorDataCollection": {
		"SensorId": 0,
		"SensorDatas": [{
				"Time": 2.6900864961979994e-8,
				"TimeDiff": 0.0,
				"PhiDegree": 60.25511870305778,
				"Power": -24.719538534899637
			}, {
				"Time": 9.4262173102072e-8,
				"TimeDiff": 6.7361308140092e-8,
				"PhiDegree": 278.13985424132494,
				"Power": -58.704859942794045
			}]
	}
}