{
	"SensorDataCollection": {
		"SensorId": 0,
		"SensorDatas": [{
				"Time": 1.7013600861695125e-8,
				"TimeDiff": 0.0,
				"PhiDegree": 281.3099324740202,
				"Power": -20.46563535285797
			}, {
				"Time": 5.337721033603131e-8,
				"TimeDiff": 3.636360947433618e-8,
				"PhiDegree": 273.5839304401782,
				"Power": -67.82648086332715
			}]
	}
}