{
	"SensorDataCollection": {
		"SensorId": 0,
		"SensorDatas": [{
				"Time": 3.303106707768005e-8,
				"TimeDiff": 0.0,
				"PhiDegree": 45.00000000000001,
				"Power": -26.812708357063922
			}, {
				"Time": 9.619122691031912e-8,
				"TimeDiff": 6.316015983263906e-8,
				"PhiDegree": 284.05263242042946,
				"Power": -49.863116027542674
			}]
	}
}