{
	"SensorDataCollection": {
		"SensorId": 0,
		"SensorDatas": [{
				"Time": 3.303106707768005e-8,
				"TimeDiff": 0.0,
				"PhiDegree": 135.0,
				"Power": -26.812708357063922
			}, {
				"Time": 9.619122691031911e-8,
				"TimeDiff": 6.316015983263906e-8,
				"PhiDegree": 255.94736757957057,
				"Power": -49.86311602754266
			}]
	}
}