{
	"SensorDataCollection": {
		"SensorId": 0,
		"SensorDatas": [{
				"Time": 1.092972983555881e-7,
				"TimeDiff": 0.0,
				"PhiDegree": 12.339087278326193,
				"Power": -37.88162220920392
			}, {
				"Time": 1.4180126998744664e-7,
				"TimeDiff": 3.2503971631858546e-8,
				"PhiDegree": 318.84857187065995,
				"Power": -40.31513295886069
			}, {
				"Time": 1.2926626210418914e-7,
				"TimeDiff": 1.9968963748601045e-8,
				"PhiDegree": 34.31109342241401,
				"Power": -40.592227409613855
			}, {
				"Time": 1.7832101875754986e-7,
				"TimeDiff": 6.902372040196176e-8,
				"PhiDegree": 306.78155771689524,
				"Power": -43.59920165848234
			}]
	}
}