{
	"SensorDataCollection": {
		"SensorId": 0,
		"SensorDatas": [{
				"Time": 9.630128158268035e-8,
				"TimeDiff": 0.0,
				"PhiDegree": 14.03624346792648,
				"Power": -36.773392568641036
			}, {
				"Time": 1.1848123870480578e-7,
				"TimeDiff": 2.217995712212543e-8,
				"PhiDegree": 37.95168629825729,
				"Power": -39.12840584599627
			}, {
				"Time": 1.3204407437173766e-7,
				"TimeDiff": 3.5742792789057305e-8,
				"PhiDegree": 315.0348078523352,
				"Power": -39.53874828757182
			}, {
				"Time": 1.7066465110668552e-7,
				"TimeDiff": 7.436336952400517e-8,
				"PhiDegree": 303.1904835585897,
				"Power": -44.80803021125291
			}]
	}
}