{
	"SensorDataCollection": {
		"SensorId": 0,
		"SensorDatas": [{
				"Time": 4.960274409132142e-8,
				"TimeDiff": 0.0,
				"PhiDegree": 340.3461759419467,
				"Power": -30.800783332628953
			}, {
				"Time": 7.085263714474554e-8,
				"TimeDiff": 2.124989305342412e-8,
				"PhiDegree": 311.24633588334757,
				"Power": -34.28108130926647
			}, {
				"Time": 3.2265592341910517e-7,
				"TimeDiff": 2.730531793277837e-7,
				"PhiDegree": 81.67765760588614,
				"Power": -69.00411775910425
			}]
	}
}