{
	"SensorDataCollection": {
		"SensorId": 0,
		"SensorDatas": [{
				"Time": 3.43528282979581e-8,
				"TimeDiff": 0.0,
				"PhiDegree": 330.94539590092285,
				"Power": -27.21052260922763
			}, {
				"Time": 6.115374707280696e-8,
				"TimeDiff": 2.6800918774848856e-8,
				"PhiDegree": 299.4098628934849,
				"Power": -35.56334954216234
			}]
	}
}