{
	"SensorDataCollection": {
		"SensorId": 0,
		"SensorDatas": [{
				"Time": 1.0278806069412522e-7,
				"TimeDiff": 0.0,
				"PhiDegree": 13.134022306396322,
				"Power": -37.34457767553882
			}, {
				"Time": 1.2381135857350748e-7,
				"TimeDiff": 2.1023297879382255e-8,
				"PhiDegree": 36.05212151303022,
				"Power": -39.840935724699605
			}, {
				"Time": 1.3684694429720185e-7,
				"TimeDiff": 3.405888360307663e-8,
				"PhiDegree": 317.0096577311492,
				"Power": -39.89180863139809
			}, {
				"Time": 1.7440720089537353e-7,
				"TimeDiff": 7.161914020124831e-8,
				"PhiDegree": 305.0254256708861,
				"Power": -44.10667988203204
			}]
	}
}