{
	"SensorDataCollection": {
		"SensorId": 0,
		"SensorDatas": [{
				"Time": 5.9125440601466776e-8,
				"TimeDiff": 0.0,
				"PhiDegree": 343.6104596659652,
				"Power": -32.42728890427393
			}, {
				"Time": 7.781697562417489e-8,
				"TimeDiff": 1.8691535022708113e-8,
				"PhiDegree": 316.7965303454954,
				"Power": -34.97999868050279
			}, {
				"Time": 3.242564269561421e-7,
				"TimeDiff": 2.651309863546753e-7,
				"PhiDegree": 79.92528420490383,
				"Power": -65.85641524457495
			}]
	}
}