{
	"SensorDataCollection": {
		"SensorId": 0,
		"SensorDatas": [{
				"Time": 4.337634139513124e-8,
				"TimeDiff": 0.0,
				"PhiDegree": 337.3801350519595,
				"Power": -29.521220519083013
			}, {
				"Time": 6.664211102450785e-8,
				"TimeDiff": 2.3265769629376615e-8,
				"PhiDegree": 306.92841890954315,
				"Power": -34.29828204335452
			}]
	}
}