{
	"SensorDataCollection": {
		"SensorId": 0,
		"SensorDatas": [{
				"Time": 3.730478768259674e-8,
				"TimeDiff": 0.0,
				"PhiDegree": 333.434948822922,
				"Power": -28.038972944491718
			}, {
				"Time": 6.285945555777169e-8,
				"TimeDiff": 2.555466787517495e-8,
				"PhiDegree": 302.06018762577054,
				"Power": -34.92777604584151
			}]
	}
}