{
	"SensorDataCollection": {
		"SensorId": 0,
		"SensorDatas": [{
				"Time": 1.1582520819830417e-7,
				"TimeDiff": 0.0,
				"PhiDegree": 11.633633998940438,
				"Power": -38.38830125029071
			}, {
				"Time": 1.4689172746074847e-7,
				"TimeDiff": 3.10665192624443e-8,
				"PhiDegree": 320.5616981061113,
				"Power": -40.79367005811895
			}, {
				"Time": 1.3483080488055756e-7,
				"TimeDiff": 1.900559668225339e-8,
				"PhiDegree": 32.71239458561554,
				"Power": -41.36943581282041
			}, {
				"Time": 1.8239507985984854e-7,
				"TimeDiff": 6.656987166154437e-8,
				"PhiDegree": 308.46075852094833,
				"Power": -43.25874882224272
			}]
	}
}