{
	"SensorDataCollection": {
		"SensorId": 0,
		"SensorDatas": [{
				"Time": 6.233361001778888e-8,
				"TimeDiff": 0.0,
				"PhiDegree": 344.4758890032458,
				"Power": -32.90790797883601
			}, {
				"Time": 8.028164738485157e-8,
				"TimeDiff": 1.7948037367062692e-8,
				"PhiDegree": 318.42697432456004,
				"Power": -35.341223112974234
			}, {
				"Time": 3.2485672477862624e-7,
				"TimeDiff": 2.6252311476083736e-7,
				"PhiDegree": 79.34585689925015,
				"Power": -64.94379659125396
			}]
	}
}