{
	"SensorDataCollection": {
		"SensorId": 0,
		"SensorDatas": [{
				"Time": 9.30677821455282e-8,
				"TimeDiff": 0.0,
				"PhiDegree": 14.53445508054012,
				"Power": -36.47362125720531
			}, {
				"Time": 1.1586836998959629e-7,
				"TimeDiff": 2.2800587844068085e-8,
				"PhiDegree": 38.966445148127214,
				"Power": -38.79172417294893
			}, {
				"Time": 1.2970471393017987e-7,
				"TimeDiff": 3.663693178465167e-8,
				"PhiDegree": 313.99315893868646,
				"Power": -39.394218502022255
			}, {
				"Time": 1.6886118078583814e-7,
				"TimeDiff": 7.579339864030993e-8,
				"PhiDegree": 302.2429981837294,
				"Power": -45.241116872731055
			}]
	}
}