{
	"SensorDataCollection": {
		"SensorId": 0,
		"SensorDatas": [{
				"Time": 5.593230613634718e-8,
				"TimeDiff": 0.0,
				"PhiDegree": 342.64597536373867,
				"Power": -31.918292539651354
			}, {
				"Time": 7.541940624737054e-8,
				"TimeDiff": 1.9487100111023368e-8,
				"PhiDegree": 315.0609414931123,
				"Power": -34.67405823651612
			}, {
				"Time": 3.236894121928865e-7,
				"TimeDiff": 2.6775710605653934e-7,
				"PhiDegree": 80.51060137371499,
				"Power": -66.81635631182705
			}]
	}
}