{
	"SensorDataCollection": {
		"SensorId": 0,
		"SensorDatas": [{
				"Time": 1.0604013036144599e-7,
				"TimeDiff": 0.0,
				"PhiDegree": 12.724355685422369,
				"Power": -37.617116272800914
			}, {
				"Time": 1.3930617355054567e-7,
				"TimeDiff": 3.326604318909968e-8,
				"PhiDegree": 317.94546402008837,
				"Power": -40.09570263601937
			}, {
				"Time": 1.2652421245607867e-7,
				"TimeDiff": 2.0484082094632684e-8,
				"PhiDegree": 35.162842729168275,
				"Power": -40.21261851324313
			}, {
				"Time": 1.763434023431908e-7,
				"TimeDiff": 7.030327198174482e-8,
				"PhiDegree": 305.91323534161967,
				"Power": -43.83048802861188
			}]
	}
}