{
	"SensorDataCollection": {
		"SensorId": 0,
		"SensorDatas": [{
				"Time": 4.9264923515337714e-8,
				"TimeDiff": 0.0,
				"PhiDegree": 28.300755766006375,
				"Power": -30.73643862134741
			}, {
				"Time": 1.0290157156814649e-7,
				"TimeDiff": 5.363664805280877e-8,
				"PhiDegree": 294.93136907691076,
				"Power": -42.03788262865761
			}, {
				"Time": 2.8256601741164353e-7,
				"TimeDiff": 2.333010938963058e-7,
				"PhiDegree": 81.16968414277584,
				"Power": -66.86770375715975
			}]
	}
}