{
	"SensorDataCollection": {
		"SensorId": 0,
		"SensorDatas": [{
				"Time": 7.070216888529437e-8,
				"TimeDiff": 0.0,
				"PhiDegree": 19.29004621918873,
				"Power": -34.041340093356474
			}, {
				"Time": 1.1471921123903785e-7,
				"TimeDiff": 4.401704235374348e-8,
				"PhiDegree": 305.5706106279863,
				"Power": -39.27572024503185
			}, {
				"Time": 1.5764289704260293e-7,
				"TimeDiff": 8.694072815730855e-8,
				"PhiDegree": 295.0441471777795,
				"Power": -50.293986954179346
			}, {
				"Time": 4.589071460198851e-7,
				"TimeDiff": 3.8820497713459073e-7,
				"PhiDegree": 229.54176240886144,
				"Power": -51.018293463234016
			}]
	}
}