{
	"SensorDataCollection": {
		"SensorId": 0,
		"SensorDatas": [{
				"Time": 7.7032354194598e-8,
				"TimeDiff": 0.0,
				"PhiDegree": 17.650124219930124,
				"Power": -34.80494225857826
			}, {
				"Time": 1.1872524725172947e-7,
				"TimeDiff": 4.169289305713147e-8,
				"PhiDegree": 308.19105106607634,
				"Power": -39.11067322937862
			}, {
				"Time": 1.605816611436748e-7,
				"TimeDiff": 8.354930694907681e-8,
				"PhiDegree": 297.20183404489,
				"Power": -48.42640967527912
			}, {
				"Time": 4.6326522382410115e-7,
				"TimeDiff": 3.8623286962950315e-7,
				"PhiDegree": 228.91376642258217,
				"Power": -50.93054598343596
			}]
	}
}