{
	"SensorDataCollection": {
		"SensorId": 0,
		"SensorDatas": [{
				"Time": 1.190952060318659e-7,
				"TimeDiff": 0.0,
				"PhiDegree": 11.309932474020215,
				"Power": -38.631269787068526
			}, {
				"Time": 1.494836741654248e-7,
				"TimeDiff": 3.0388468133558895e-8,
				"PhiDegree": 321.3741460984149,
				"Power": -41.04973442778483
			}, {
				"Time": 1.3765004609636376e-7,
				"TimeDiff": 1.8554840064497865e-8,
				"PhiDegree": 31.96180668385155,
				"Power": -41.764580963060666
			}, {
				"Time": 1.8448890048637777e-7,
				"TimeDiff": 6.539369445451187e-8,
				"PhiDegree": 309.2722001350092,
				"Power": -43.14387974088899
			}]
	}
}