{
	"SensorDataCollection": {
		"SensorId": 0,
		"SensorDatas": [{
				"Time": 8.341604114448315e-8,
				"TimeDiff": 0.0,
				"PhiDegree": 16.26020470831196,
				"Power": -35.509619842643126
			}, {
				"Time": 1.229631516448745e-7,
				"TimeDiff": 3.954711050039136e-8,
				"PhiDegree": 310.63569618966255,
				"Power": -39.1222888971038
			}, {
				"Time": 1.6373980036361997e-7,
				"TimeDiff": 8.032375921913682e-8,
				"PhiDegree": 299.27914285456103,
				"Power": -46.92577985852698
			}]
	}
}