{
	"SensorDataCollection": {
		"SensorId": 0,
		"SensorDatas": [{
				"Time": 5.5231246839299377e-8,
				"TimeDiff": 0.0,
				"PhiDegree": 25.016893478100023,
				"Power": -31.802029927645187
			}, {
				"Time": 1.0588763558435856e-7,
				"TimeDiff": 5.065638874505918e-8,
				"PhiDegree": 298.2075776631893,
				"Power": -40.79426026419924
			}, {
				"Time": 2.8366707975076833e-7,
				"TimeDiff": 2.2843583291146896e-7,
				"PhiDegree": 79.83765396099774,
				"Power": -64.55068364883014
			}]
	}
}