{
	"SensorDataCollection": {
		"SensorId": 0,
		"SensorDatas": [{
				"Time": 1.223688019893525e-7,
				"TimeDiff": 0.0,
				"PhiDegree": 11.003540851749504,
				"Power": -38.86780360602917
			}, {
				"Time": 1.5210464964139545e-7,
				"TimeDiff": 2.9735847652042942e-8,
				"PhiDegree": 322.15874814635026,
				"Power": -41.315215998091944
			}, {
				"Time": 1.4049195987980181e-7,
				"TimeDiff": 1.8123157890449312e-8,
				"PhiDegree": 31.241465516862316,
				"Power": -42.162700952558936
			}, {
				"Time": 1.866188897277266e-7,
				"TimeDiff": 6.425008773837409e-8,
				"PhiDegree": 310.06527492381235,
				"Power": -43.06246677869582
			}]
	}
}