{
	"SensorDataCollection": {
		"SensorId": 0,
		"SensorDatas": [{
				"Time": 5.275693668217708e-8,
				"TimeDiff": 0.0,
				"PhiDegree": 341.565051177078,
				"Power": -31.377456667019512
			}, {
				"Time": 7.309554252526686e-8,
				"TimeDiff": 2.033860584308978e-8,
				"PhiDegree": 313.2132086988569,
				"Power": -34.43601237572183
			}, {
				"Time": 3.231558556859732e-7,
				"TimeDiff": 2.703989190037961e-7,
				"PhiDegree": 81.09308224965449,
				"Power": -67.86966987912083
			}]
	}
}