{
	"SensorDataCollection": {
		"SensorId": 0,
		"SensorDatas": [{
				"Time": 4.63541071768549e-8,
				"TimeDiff": 0.0,
				"PhiDegree": 30.256437163529263,
				"Power": -30.159076045861063
			}, {
				"Time": 1.0154015951526595e-7,
				"TimeDiff": 5.518605233841105e-8,
				"PhiDegree": 293.22380676623925,
				"Power": -42.84996471537647
			}, {
				"Time": 2.820730840740897e-7,
				"TimeDiff": 2.357189768972348e-7,
				"PhiDegree": 81.83941780535845,
				"Power": -68.18236170254593
			}]
	}
}