{
	"SensorDataCollection": {
		"SensorId": 0,
		"SensorDatas": [{
				"Time": 1.1255912208050098e-7,
				"TimeDiff": 0.0,
				"PhiDegree": 11.976132444203355,
				"Power": -38.138545864249146
			}, {
				"Time": 1.4433037346918846e-7,
				"TimeDiff": 3.177125138868748e-8,
				"PhiDegree": 319.7202396945258,
				"Power": -40.54832227488362
			}, {
				"Time": 1.3203568856218991e-7,
				"TimeDiff": 1.9476566481688933e-8,
				"PhiDegree": 33.49490056625331,
				"Power": -40.97826926292444
			}, {
				"Time": 1.803386876586195e-7,
				"TimeDiff": 6.777956557811853e-8,
				"PhiDegree": 307.63064155528724,
				"Power": -43.40960971290333
			}]
	}
}