{
	"SensorDataCollection": {
		"SensorId": 0,
		"SensorDatas": [{
				"Time": 8.021830576008012e-8,
				"TimeDiff": 0.0,
				"PhiDegree": 16.927513064147043,
				"Power": -35.16409455454895
			}, {
				"Time": 1.2081670961104678e-7,
				"TimeDiff": 4.059840385096666e-8,
				"PhiDegree": 309.4348097908542,
				"Power": -39.09684294113306
			}, {
				"Time": 1.6213408920371343e-7,
				"TimeDiff": 8.19157834436333e-8,
				"PhiDegree": 298.250603643851,
				"Power": -47.63408720892359
			}]
	}
}