{
	"SensorDataCollection": {
		"SensorId": 0,
		"SensorDatas": [{
				"Time": 6.13434102871201e-8,
				"TimeDiff": 0.0,
				"PhiDegree": 22.380135051959577,
				"Power": -32.76262125602992
			}, {
				"Time": 1.092003421600695e-7,
				"TimeDiff": 4.785693187294941e-8,
				"PhiDegree": 301.29462299527967,
				"Power": -39.957796801773796
			}, {
				"Time": 4.5247587551734046e-7,
				"TimeDiff": 3.9113246523022036e-7,
				"PhiDegree": 230.50624460029073,
				"Power": -51.20663783939425
			}, {
				"Time": 2.8492022654167446e-7,
				"TimeDiff": 2.2357681625455435e-7,
				"PhiDegree": 78.51663189806376,
				"Power": -62.56780632459811
			}]
	}
}