{
	"SensorDataCollection": {
		"SensorId": 0,
		"SensorDatas": [{
				"Time": 9.954158904895272e-8,
				"TimeDiff": 0.0,
				"PhiDegree": 13.570434385161487,
				"Power": -37.06351534798439
			}, {
				"Time": 1.2112966210201802e-7,
				"TimeDiff": 2.15880730530653e-8,
				"PhiDegree": 36.98100802359337,
				"Power": -39.47888315934122
			}, {
				"Time": 1.344255507432009e-7,
				"TimeDiff": 3.4883961694248176e-8,
				"PhiDegree": 316.03987169610735,
				"Power": -39.705425526981784
			}, {
				"Time": 1.7251380887711738e-7,
				"TimeDiff": 7.297221982816467e-8,
				"PhiDegree": 304.1179060916918,
				"Power": -44.431263148846
			}]
	}
}