{
	"SensorDataCollection": {
		"SensorId": 0,
		"SensorDatas": [{
				"Time": 6.756184399247165e-8,
				"TimeDiff": 0.0,
				"PhiDegree": 20.22485943116808,
				"Power": -33.63436189094892
			}, {
				"Time": 1.128109192670877e-7,
				"TimeDiff": 4.5249075274616053e-8,
				"PhiDegree": 304.1920472700583,
				"Power": -39.43829098939342
			}, {
				"Time": 4.5674907633425375e-7,
				"TimeDiff": 3.891872323417821e-7,
				"PhiDegree": 229.86023527416407,
				"Power": -51.07328761740237
			}]
	}
}