{
	"SensorDataCollection": {
		"SensorId": 0,
		"SensorDatas": [{
				"Time": 5.8271941181553537e-8,
				"TimeDiff": 0.0,
				"PhiDegree": 23.62937773065682,
				"Power": -32.294398359906815
			}, {
				"Time": 1.0750497603036214e-7,
				"TimeDiff": 4.92330348488086e-8,
				"PhiDegree": 299.7748788535587,
				"Power": -40.3314271344335
			}, {
				"Time": 2.8427476257306343e-7,
				"TimeDiff": 2.260028213915099e-7,
				"PhiDegree": 79.17568712153245,
				"Power": -63.52246897020598
			}]
	}
}