{
	"SensorDataCollection": {
		"SensorId": 0,
		"SensorDatas": [{
				"Time": 5.222670275563543e-8,
				"TimeDiff": 0.0,
				"PhiDegree": 26.565051177077986,
				"Power": -31.28342111710832
			}, {
				"Time": 1.0435194882199278e-7,
				"TimeDiff": 5.2125246066357346e-8,
				"PhiDegree": 296.59290761404463,
				"Power": -41.35833595503935
			}, {
				"Time": 2.8309742137227363e-7,
				"TimeDiff": 2.308707186166382e-7,
				"PhiDegree": 80.50237390123527,
				"Power": -65.6619125161267
			}]
	}
}