{
	"SensorDataCollection": {
		"SensorId": 0,
		"SensorDatas": [{
				"Time": 8.984182582435088e-8,
				"TimeDiff": 0.0,
				"PhiDegree": 15.068488159492212,
				"Power": -36.163555403613834
			}, {
				"Time": 1.1329351595749636e-7,
				"TimeDiff": 2.3451690133145484e-8,
				"PhiDegree": 40.02767511697175,
				"Power": -38.47137356960296
			}, {
				"Time": 1.2740978930080411e-7,
				"TimeDiff": 3.7567963476453234e-8,
				"PhiDegree": 312.91361765173997,
				"Power": -39.274554297889736
			}, {
				"Time": 1.6710487715908535e-7,
				"TimeDiff": 7.726305133473447e-8,
				"PhiDegree": 301.27532697593506,
				"Power": -45.73504597860162
			}]
	}
}