{
	"SensorDataCollection": {
		"SensorId": 0,
		"SensorDatas": [{
				"Time": 3.80435680687993e-8,
				"TimeDiff": 0.0,
				"PhiDegree": 37.8749836510982,
				"Power": -28.23430189024578
			}, {
				"Time": 9.802557734401602e-8,
				"TimeDiff": 5.998200927521672e-8,
				"PhiDegree": 287.8391800416338,
				"Power": -46.31771012663107
			}]
	}
}