{
	"SensorDataCollection": {
		"SensorId": 0,
		"SensorDatas": [{
				"Time": 7.385971135504791e-8,
				"TimeDiff": 0.0,
				"PhiDegree": 18.43494882292201,
				"Power": -34.43108935686426
			}, {
				"Time": 1.1669172080174879e-7,
				"TimeDiff": 4.283200944670088e-8,
				"PhiDegree": 306.90331886946643,
				"Power": -39.168521119848776
			}, {
				"Time": 1.5908407608667504e-7,
				"TimeDiff": 8.522436473162712e-8,
				"PhiDegree": 296.13295477338323,
				"Power": -49.310237977216815
			}, {
				"Time": 4.6107926103760404e-7,
				"TimeDiff": 3.8721954968255614e-7,
				"PhiDegree": 229.22628048340218,
				"Power": -50.97078539775575
			}]
	}
}