{
	"SensorDataCollection": {
		"SensorId": 0,
		"SensorDatas": [{
				"Time": 6.444125384554653e-8,
				"TimeDiff": 0.0,
				"PhiDegree": 21.25050550713324,
				"Power": -33.20867108211888
			}, {
				"Time": 1.1097015787773067e-7,
				"TimeDiff": 4.6528904032184144e-8,
				"PhiDegree": 302.7669006109709,
				"Power": -39.6630577165389
			}, {
				"Time": 4.5460525200575554e-7,
				"TimeDiff": 3.90163998160209e-7,
				"PhiDegree": 230.18172185481077,
				"Power": -51.13599202772539
			}, {
				"Time": 2.856032155002659e-7,
				"TimeDiff": 2.2116196165471938e-7,
				"PhiDegree": 77.86064233401459,
				"Power": -61.67884135874418
			}]
	}
}