{
	"SensorDataCollection": {
		"SensorId": 0,
		"SensorDatas": [{
				"Time": 3.7749790945920057e-8,
				"TimeDiff": 0.0,
				"PhiDegree": 135.0,
				"Power": -28.157173720556862
			}, {
				"Time": 1.0026756133692245e-7,
				"TimeDiff": 6.251777039100239e-8,
				"PhiDegree": 254.56059951067627,
				"Power": -48.735602718653766
			}, {
				"Time": 2.0609191976035568e-7,
				"TimeDiff": 1.6834212881443563e-7,
				"PhiDegree": 172.55811395655547,
				"Power": -67.01811871852273
			}]
	}
}