{
	"SensorDataCollection": {
		"SensorId": 0,
		"SensorDatas": [{
				"Time": 9.162104460303388e-8,
				"TimeDiff": 0.0,
				"PhiDegree": 349.50852298766836,
				"Power": -36.33597478188617
			}, {
				"Time": 1.046617398246703e-7,
				"TimeDiff": 1.3040695221636424e-8,
				"PhiDegree": 329.4027600380507,
				"Power": -39.81455629845844
			}, {
				"Time": 2.0384882785299494e-7,
				"TimeDiff": 1.1222778324996106e-7,
				"PhiDegree": 296.2278434377423,
				"Power": -51.37511803761487
			}, {
				"Time": 5.045951920709056e-7,
				"TimeDiff": 4.129741474678717e-7,
				"PhiDegree": 230.47403708526528,
				"Power": -52.142223092680794
			}]
	}
}