{
	"SensorDataCollection": {
		"SensorId": 0,
		"SensorDatas": [{
				"Time": 4.2729861987434864e-8,
				"TimeDiff": 0.0,
				"PhiDegree": 141.34019174590992,
				"Power": -29.375705115935816
			}, {
				"Time": 1.022466539572717e-7,
				"TimeDiff": 5.951679196983684e-8,
				"PhiDegree": 250.95367026663004,
				"Power": -45.708045222550965
			}, {
				"Time": 1.9947671982091632e-7,
				"TimeDiff": 1.5674685783348146e-7,
				"PhiDegree": 172.3098521431479,
				"Power": -66.17799120730658
			}, {
				"Time": 3.7425590583174616e-7,
				"TimeDiff": 3.3152604384431127e-7,
				"PhiDegree": 292.47243575351,
				"Power": -66.70153491424756
			}]
	}
}