{
	"SensorDataCollection": {
		"SensorId": 0,
		"SensorDatas": [{
				"Time": 7.810877834691332e-8,
				"TimeDiff": 0.0,
				"PhiDegree": 19.98310652189998,
				"Power": -34.92803572562918
			}, {
				"Time": 1.213652272887093e-7,
				"TimeDiff": 4.3256448941795987e-8,
				"PhiDegree": 307.21707562645656,
				"Power": -39.45547776155897
			}, {
				"Time": 1.576214262595079e-7,
				"TimeDiff": 7.951264791259459e-8,
				"PhiDegree": 297.75628102755206,
				"Power": -47.79319557843013
			}, {
				"Time": 4.6075554393844706e-7,
				"TimeDiff": 3.8264676559153374e-7,
				"PhiDegree": 228.64108410928137,
				"Power": -50.81756959886387
			}]
	}
}