{
	"SensorDataCollection": {
		"SensorId": 0,
		"SensorDatas": [{
				"Time": 3.7749790945920057e-8,
				"TimeDiff": 0.0,
				"PhiDegree": 45.0,
				"Power": -28.157173720556862
			}, {
				"Time": 1.0026756133692245e-7,
				"TimeDiff": 6.251777039100239e-8,
				"PhiDegree": 285.4394004893237,
				"Power": -48.735602718653766
			}]
	}
}