{
	"SensorDataCollection": {
		"SensorId": 0,
		"SensorDatas": [{
				"Time": 6.878662970191455e-8,
				"TimeDiff": 0.0,
				"PhiDegree": 22.833654177917545,
				"Power": -33.79551814737479
			}, {
				"Time": 1.1558606129521477e-7,
				"TimeDiff": 4.679943159330023e-8,
				"PhiDegree": 303.2625292516109,
				"Power": -39.88340746287183
			}, {
				"Time": 4.5420339320332433e-7,
				"TimeDiff": 3.854167635014098e-7,
				"PhiDegree": 229.58889743342368,
				"Power": -50.94258650592276
			}]
	}
}