{
	"SensorDataCollection": {
		"SensorId": 0,
		"SensorDatas": [{
				"Time": 1.1005860752306326e-7,
				"TimeDiff": 0.0,
				"PhiDegree": 14.036243467926479,
				"Power": -37.94228255142486
			}, {
				"Time": 1.44018867617783e-7,
				"TimeDiff": 3.396026009471975e-8,
				"PhiDegree": 317.84899945933574,
				"Power": -40.37874868439694
			}, {
				"Time": 1.2741525433235598e-7,
				"TimeDiff": 1.735664680929272e-8,
				"PhiDegree": 33.071672001018186,
				"Power": -40.780102581494916
			}, {
				"Time": 1.756599836364274e-7,
				"TimeDiff": 6.560137611336414e-8,
				"PhiDegree": 307.43322472094087,
				"Power": -43.24516087875713
			}]
	}
}