{
	"SensorDataCollection": {
		"SensorId": 0,
		"SensorDatas": [{
				"Time": 1.1654388236310707e-7,
				"TimeDiff": 0.0,
				"PhiDegree": 13.240519915187205,
				"Power": -38.44229387211824
			}, {
				"Time": 1.4903359908510086e-7,
				"TimeDiff": 3.248971672199378e-8,
				"PhiDegree": 319.57095559866247,
				"Power": -40.812044045564704
			}, {
				"Time": 1.3305723002877002e-7,
				"TimeDiff": 1.6513347665662942e-8,
				"PhiDegree": 31.503397357163202,
				"Power": -41.60862277338909
			}, {
				"Time": 1.7979435274084668e-7,
				"TimeDiff": 6.325047037773961e-8,
				"PhiDegree": 309.12212344843175,
				"Power": -42.9573798984581
			}]
	}
}