{
	"SensorDataCollection": {
		"SensorId": 0,
		"SensorDatas": [{
				"Time": 9.716447136969318e-8,
				"TimeDiff": 0.0,
				"PhiDegree": 15.945395900922858,
				"Power": -36.85165381808266
			}, {
				"Time": 1.1645893887209863e-7,
				"TimeDiff": 1.9294467502405457e-8,
				"PhiDegree": 36.657149703032665,
				"Power": -39.19498185095529
			}, {
				"Time": 1.34422734820211e-7,
				"TimeDiff": 3.725826345051781e-8,
				"PhiDegree": 314.0285008824504,
				"Power": -39.703817050470434
			}, {
				"Time": 1.678823018003571e-7,
				"TimeDiff": 7.071783043066391e-8,
				"PhiDegree": 303.8138736171577,
				"Power": -44.3443780442322
			}]
	}
}