{
	"SensorDataCollection": {
		"SensorId": 0,
		"SensorDatas": [{
				"Time": 2.984383014607739e-8,
				"TimeDiff": 0.0,
				"PhiDegree": 63.43494882292201,
				"Power": -25.77773777941828
			}, {
				"Time": 9.756634326334444e-8,
				"TimeDiff": 6.772251311726705e-8,
				"PhiDegree": 277.86241622079524,
				"Power": -59.5907918713506
			}]
	}
}