{
	"SensorDataCollection": {
		"SensorId": 0,
		"SensorDatas": [{
				"Time": 8.441109869148334e-8,
				"TimeDiff": 0.0,
				"PhiDegree": 18.43494882292201,
				"Power": -35.614284090073554
			}, {
				"Time": 1.0605179644384446e-7,
				"TimeDiff": 2.164069775236112e-8,
				"PhiDegree": 40.966148786723046,
				"Power": -37.80744321846417
			}, {
				"Time": 1.2551402599827712e-7,
				"TimeDiff": 4.110292730679378e-8,
				"PhiDegree": 309.6437058167648,
				"Power": -39.403702683960205
			}, {
				"Time": 1.608377018722215e-7,
				"TimeDiff": 7.642660318073817e-8,
				"PhiDegree": 299.8604669732223,
				"Power": -46.3491377046565
			}]
	}
}