{
	"SensorDataCollection": {
		"SensorId": 0,
		"SensorDatas": [{
				"Time": 1.230492639652696e-7,
				"TimeDiff": 0.0,
				"PhiDegree": 12.528807709151511,
				"Power": -38.91616304558761
			}, {
				"Time": 1.5417411748535302e-7,
				"TimeDiff": 3.112485352008342e-8,
				"PhiDegree": 321.1794578538402,
				"Power": -41.291803132601274
			}, {
				"Time": 1.3879074648209756e-7,
				"TimeDiff": 1.5741482516827962e-8,
				"PhiDegree": 30.06368906068915,
				"Power": -42.447857096079005
			}, {
				"Time": 1.8407784799814687e-7,
				"TimeDiff": 6.102858403287728e-8,
				"PhiDegree": 310.73376811606977,
				"Power": -42.81203698509954
			}]
	}
}