{
	"SensorDataCollection": {
		"SensorId": 0,
		"SensorDatas": [{
				"Time": 4.0178485953188936e-8,
				"TimeDiff": 0.0,
				"PhiDegree": 41.63353933657021,
				"Power": -28.77419986125796
			}, {
				"Time": 1.0120695565761986e-7,
				"TimeDiff": 6.102846970443092e-8,
				"PhiDegree": 287.26049549164424,
				"Power": -47.09448207436543
			}]
	}
}