{
	"SensorDataCollection": {
		"SensorId": 0,
		"SensorDatas": [{
				"Time": 5.380172992395999e-8,
				"TimeDiff": 0.0,
				"PhiDegree": 29.744881296942225,
				"Power": -31.559528366857972
			}, {
				"Time": 1.073459979822423e-7,
				"TimeDiff": 5.354426805828232e-8,
				"PhiDegree": 295.7956523546311,
				"Power": -41.97654572038975
			}, {
				"Time": 2.7980705861471895e-7,
				"TimeDiff": 2.2600532869075896e-7,
				"PhiDegree": 80.38963455792201,
				"Power": -65.3630305049117
			}]
	}
}