{
	"SensorDataCollection": {
		"SensorId": 0,
		"SensorDatas": [{
				"Time": 8.834227418465424e-8,
				"TimeDiff": 0.0,
				"PhiDegree": 349.1144729453412,
				"Power": -36.01544442838946
			}, {
				"Time": 1.0180383773263403e-7,
				"TimeDiff": 1.3461563547979794e-8,
				"PhiDegree": 328.44687440050944,
				"Power": -39.26780996093649
			}, {
				"Time": 2.0239635918416483e-7,
				"TimeDiff": 1.1405408499951059e-7,
				"PhiDegree": 295.38050103730734,
				"Power": -52.127372570285814
			}]
	}
}