{
	"SensorDataCollection": {
		"SensorId": 0,
		"SensorDatas": [{
				"Time": 1.1979426431118402e-7,
				"TimeDiff": 0.0,
				"PhiDegree": 12.875001559612476,
				"Power": -38.682330434390565
			}, {
				"Time": 1.5158892737218855e-7,
				"TimeDiff": 3.179466306100453e-8,
				"PhiDegree": 320.3888427221897,
				"Power": -41.04679498692309
			}, {
				"Time": 1.3591326538833913e-7,
				"TimeDiff": 1.611900107715511e-8,
				"PhiDegree": 30.768360043919348,
				"Power": -42.02738148350832
			}, {
				"Time": 1.8191810938741664e-7,
				"TimeDiff": 6.212384507623262e-8,
				"PhiDegree": 309.9374325298307,
				"Power": -42.868207875945814
			}]
	}
}