{
	"SensorDataCollection": {
		"SensorId": 0,
		"SensorDatas": [{
				"Time": 4.812173016682365e-8,
				"TimeDiff": 0.0,
				"PhiDegree": 33.690067525979785,
				"Power": -30.51470638205938
			}, {
				"Time": 1.04614712417716e-7,
				"TimeDiff": 5.6492982250892346e-8,
				"PhiDegree": 292.50319084437086,
				"Power": -43.53513602750398
			}, {
				"Time": 2.787706312043266e-7,
				"TimeDiff": 2.3064890103750294e-7,
				"PhiDegree": 81.74207260257545,
				"Power": -67.87974168163214
			}]
	}
}