{
	"SensorDataCollection": {
		"SensorId": 0,
		"SensorDatas": [{
				"Time": 4.2729861987434864e-8,
				"TimeDiff": 0.0,
				"PhiDegree": 38.659808254090095,
				"Power": -29.375705115935816
			}, {
				"Time": 1.022466539572717e-7,
				"TimeDiff": 5.951679196983684e-8,
				"PhiDegree": 289.04632973337,
				"Power": -45.708045222550965
			}]
	}
}