{
	"SensorDataCollection": {
		"SensorId": 0,
		"SensorDatas": [{
				"Time": 1.0682465496858716e-7,
				"TimeDiff": 0.0,
				"PhiDegree": 14.470294100065887,
				"Power": -37.68157883886095
			}, {
				"Time": 1.415628625351668e-7,
				"TimeDiff": 3.473820756657965e-8,
				"PhiDegree": 316.94268340205747,
				"Power": -40.18328831800103
			}, {
				"Time": 1.246324871605352e-7,
				"TimeDiff": 1.780783219194805e-8,
				"PhiDegree": 33.90873965523401,
				"Power": -40.372632095977764
			}, {
				"Time": 1.7365206497589357e-7,
				"TimeDiff": 6.682741000730641e-8,
				"PhiDegree": 306.55899882849434,
				"Power": -43.44952602181969
			}]
	}
}