{
	"SensorDataCollection": {
		"SensorId": 0,
		"SensorDatas": [{
				"Time": 5.093162427271792e-8,
				"TimeDiff": 0.0,
				"PhiDegree": 31.6075022462489,
				"Power": -31.048908598325752
			}, {
				"Time": 1.0593662016059484e-7,
				"TimeDiff": 5.500499588787692e-8,
				"PhiDegree": 294.1706404555119,
				"Power": -42.68997280431506
			}, {
				"Time": 2.7926939370233066e-7,
				"TimeDiff": 2.2833776942961273e-7,
				"PhiDegree": 81.0645988139272,
				"Power": -66.5668877023534
			}]
	}
}