{
	"SensorDataCollection": {
		"SensorId": 0,
		"SensorDatas": [{
				"Time": 9.0766465886572e-8,
				"TimeDiff": 0.0,
				"PhiDegree": 17.10272896905237,
				"Power": -36.25360001190783
			}, {
				"Time": 1.1117689182650105e-7,
				"TimeDiff": 2.041042593992905e-8,
				"PhiDegree": 38.710832829578635,
				"Power": -38.46657288997089
			}, {
				"Time": 1.2987335550270146e-7,
				"TimeDiff": 3.9106889616129465e-8,
				"PhiDegree": 311.91127916559816,
				"Power": -39.49596780367801
			}, {
				"Time": 1.6426224182925457e-7,
				"TimeDiff": 7.349577594268257e-8,
				"PhiDegree": 301.87954863781175,
				"Power": -45.21510578831764
			}]
	}
}