{
	"SensorDataCollection": {
		"SensorId": 0,
		"SensorDatas": [{
				"Time": 6.5724218209663e-8,
				"TimeDiff": 0.0,
				"PhiDegree": 23.962488974578182,
				"Power": -33.386403853539605
			}, {
				"Time": 1.13790201683907e-7,
				"TimeDiff": 4.8065983474244e-8,
				"PhiDegree": 301.8575707966833,
				"Power": -40.14260721351788
			}, {
				"Time": 4.52047496195296e-7,
				"TimeDiff": 3.86323277985633e-7,
				"PhiDegree": 229.9109083052253,
				"Power": -50.99929090275799
			}]
	}
}