{
	"SensorDataCollection": {
		"SensorId": 0,
		"SensorDatas": [{
				"Time": 5.968766029215477e-8,
				"TimeDiff": 0.0,
				"PhiDegree": 26.565051177077986,
				"Power": -32.51363161249773
			}, {
				"Time": 1.1041355863816955e-7,
				"TimeDiff": 5.072589834601477e-8,
				"PhiDegree": 298.9150201823831,
				"Power": -40.88049303784392
			}, {
				"Time": 4.477791539579699e-7,
				"TimeDiff": 3.880914936658151e-7,
				"PhiDegree": 230.56418047448844,
				"Power": -51.13662850349628
			}, {
				"Time": 2.8099818629123166e-7,
				"TimeDiff": 2.2131052599907688e-7,
				"PhiDegree": 79.0479196545433,
				"Power": -63.227832717283945
			}]
	}
}