{
	"SensorDataCollection": {
		"SensorId": 0,
		"SensorDatas": [{
				"Time": 2.6900864961979994e-8,
				"TimeDiff": 0.0,
				"PhiDegree": 97.12501634890178,
				"Power": -24.719538534899637
			}, {
				"Time": 4.4101829841295994e-7,
				"TimeDiff": 4.1411743345097994e-7,
				"PhiDegree": 141.27723145923633,
				"Power": -51.27647452818886
			}]
	}
}