{
	"SensorDataCollection": {
		"SensorId": 0,
		"SensorDatas": [{
				"Time": 8.179877542409624e-8,
				"TimeDiff": 0.0,
				"PhiDegree": 348.23171106797935,
				"Power": -35.33665977711473
			}, {
				"Time": 9.618057823624053e-8,
				"TimeDiff": 1.4381802812144295e-8,
				"PhiDegree": 326.36616315979586,
				"Power": -38.19065397166628
			}]
	}
}