{
	"SensorDataCollection": {
		"SensorId": 0,
		"SensorDatas": [{
				"Time": 2.6900864961979994e-8,
				"TimeDiff": 0.0,
				"PhiDegree": 82.8749836510982,
				"Power": -24.719538534899637
			}, {
				"Time": 4.358319162259203e-7,
				"TimeDiff": 4.089310512639403e-7,
				"PhiDegree": 140.7284319248509,
				"Power": -50.96139982619101
			}]
	}
}