{
	"SensorDataCollection": {
		"SensorId": 0,
		"SensorDatas": [{
				"Time": 7.18734606594807e-8,
				"TimeDiff": 0.0,
				"PhiDegree": 21.801409486351815,
				"Power": -34.18808817113205
			}, {
				"Time": 1.1744927197374514e-7,
				"TimeDiff": 4.5575811314264443e-8,
				"PhiDegree": 304.6237085958041,
				"Power": -39.68682230482604
			}, {
				"Time": 1.546264114192792e-7,
				"TimeDiff": 8.27529507597985e-8,
				"PhiDegree": 295.5675303026517,
				"Power": -49.60496747315999
			}, {
				"Time": 4.5637350091053246e-7,
				"TimeDiff": 3.8450004025105175e-7,
				"PhiDegree": 229.26993896279333,
				"Power": -50.89354687491331
			}]
	}
}