{
	"SensorDataCollection": {
		"SensorId": 0,
		"SensorDatas": [{
				"Time": 8.125253375189563e-8,
				"TimeDiff": 0.0,
				"PhiDegree": 19.17900802581072,
				"Power": -35.2774214186031
			}, {
				"Time": 1.234119580149986e-7,
				"TimeDiff": 4.215942426310297e-8,
				"PhiDegree": 308.45078349420993,
				"Power": -39.40955276178978
			}, {
				"Time": 1.5920272297400318e-7,
				"TimeDiff": 7.795018922210755e-8,
				"PhiDegree": 298.81900079988617,
				"Power": -47.029105198430585
			}]
	}
}