{
	"SensorDataCollection": {
		"SensorId": 0,
		"SensorDatas": [{
				"Time": 9.490384910597839e-8,
				"TimeDiff": 0.0,
				"PhiDegree": 349.87532834460217,
				"Power": -36.64514070465333
			}, {
				"Time": 1.07547220066844e-7,
				"TimeDiff": 1.2643370960865607e-8,
				"PhiDegree": 330.30759381200454,
				"Power": -40.36389327975159
			}, {
				"Time": 2.05345244352089e-7,
				"TimeDiff": 1.104413952461106e-7,
				"PhiDegree": 297.0630166071787,
				"Power": -50.68331865309237
			}, {
				"Time": 5.067252595209299e-7,
				"TimeDiff": 4.118214104149515e-7,
				"PhiDegree": 230.18302885834115,
				"Power": -52.07918901208123
			}]
	}
}