{
	"SensorDataCollection": {
		"SensorId": 0,
		"SensorDatas": [{
				"Time": 5.672290797824854e-8,
				"TimeDiff": 0.0,
				"PhiDegree": 28.07248693585295,
				"Power": -32.04738921988833
			}, {
				"Time": 1.0883944794743166e-7,
				"TimeDiff": 5.211653996918312e-8,
				"PhiDegree": 297.3773128328392,
				"Power": -41.378049325623905
			}, {
				"Time": 2.803834021430636e-7,
				"TimeDiff": 2.2366049416481503e-7,
				"PhiDegree": 79.71735216699975,
				"Power": -64.25386265935325
			}]
	}
}