{
	"SensorDataCollection": {
		"SensorId": 0,
		"SensorDatas": [{
				"Time": 6.878662970191455e-8,
				"TimeDiff": 0.0,
				"PhiDegree": 345.96375653207355,
				"Power": -33.79551814737479
			}, {
				"Time": 8.538890088720059e-8,
				"TimeDiff": 1.6602271185286044e-8,
				"PhiDegree": 321.39963298390455,
				"Power": -36.189391054010756
			}, {
				"Time": 3.2615642431476745e-7,
				"TimeDiff": 2.573697946128529e-7,
				"PhiDegree": 78.19369508877365,
				"Power": -63.28689989427535
			}]
	}
}