{
	"SensorDataCollection": {
		"SensorId": 0,
		"SensorDatas": [{
				"Time": 7.853521706649398e-8,
				"TimeDiff": 0.0,
				"PhiDegree": 347.7352262721076,
				"Power": -34.97629934507179
			}, {
				"Time": 9.342079152232217e-8,
				"TimeDiff": 1.4885574455828195e-8,
				"PhiDegree": 325.23262722017273,
				"Power": -37.66562555127713
			}]
	}
}