{
	"SensorDataCollection": {
		"SensorId": 0,
		"SensorDatas": [{
				"Time": 3.546898721947715e-8,
				"TimeDiff": 0.0,
				"PhiDegree": 131.18592516570962,
				"Power": -27.533159207320708
			}, {
				"Time": 9.94313139527396e-8,
				"TimeDiff": 6.396232673326244e-8,
				"PhiDegree": 256.4142268291744,
				"Power": -50.69156285738784
			}, {
				"Time": 2.0940090196301494e-7,
				"TimeDiff": 1.7393191474353778e-7,
				"PhiDegree": 172.67636161433617,
				"Power": -67.42852862520519
			}]
	}
}