{
	"SensorDataCollection": {
		"SensorId": 0,
		"SensorDatas": [{
				"Time": 1.0359721561578963e-7,
				"TimeDiff": 0.0,
				"PhiDegree": 14.931417178137554,
				"Power": -37.41320781463939
			}, {
				"Time": 1.2187753291730057e-7,
				"TimeDiff": 1.8280317301510947e-8,
				"PhiDegree": 34.78384385327655,
				"Power": -39.971503925799254
			}, {
				"Time": 1.3914352382823012e-7,
				"TimeDiff": 3.5546308212440494e-8,
				"PhiDegree": 316.0046088380863,
				"Power": -40.00428618623107
			}, {
				"Time": 1.7168551437025396e-7,
				"TimeDiff": 6.808829875446433e-8,
				"PhiDegree": 305.664533237572,
				"Power": -43.69844938002426
			}]
	}
}