{
	"SensorDataCollection": {
		"SensorId": 0,
		"SensorDatas": [{
				"Time": 3.147781433071645e-8,
				"TimeDiff": 0.0,
				"PhiDegree": 122.0053832080835,
				"Power": -26.32216796235006
			}, {
				"Time": 9.807848864573665e-8,
				"TimeDiff": 6.660067431502019e-8,
				"PhiDegree": 260.2063327083682,
				"Power": -55.9417588722431
			}]
	}
}