{
	"SensorDataCollection": {
		"SensorId": 0,
		"SensorDatas": [{
				"Time": 8.758287091919538e-8,
				"TimeDiff": 0.0,
				"PhiDegree": 17.744671625056935,
				"Power": -35.9394307887173
			}, {
				"Time": 1.0859332035218242e-7,
				"TimeDiff": 2.1010449432987045e-8,
				"PhiDegree": 39.8118824413343,
				"Power": -38.126782564363495
			}, {
				"Time": 1.276686978802607e-7,
				"TimeDiff": 4.008582696106531e-8,
				"PhiDegree": 310.79684816457245,
				"Power": -39.43375341430344
			}, {
				"Time": 1.6252474285376583e-7,
				"TimeDiff": 7.494187193457045e-8,
				"PhiDegree": 300.88064321399065,
				"Power": -45.7465080624678
			}]
	}
}