{
	"SensorDataCollection": {
		"SensorId": 0,
		"SensorDatas": [{
				"Time": 3.546898721947715e-8,
				"TimeDiff": 0.0,
				"PhiDegree": 48.81407483429035,
				"Power": -27.533159207320708
			}, {
				"Time": 9.94313139527396e-8,
				"TimeDiff": 6.396232673326244e-8,
				"PhiDegree": 283.5857731708255,
				"Power": -50.69156285738784
			}]
	}
}