{
	"SensorDataCollection": {
		"SensorId": 0,
		"SensorDatas": [{
				"Time": 1.0037691772751251e-7,
				"TimeDiff": 0.0,
				"PhiDegree": 15.42216131873867,
				"Power": -37.136726370939726
			}, {
				"Time": 1.1915232082984828e-7,
				"TimeDiff": 1.8775403102335768e-8,
				"PhiDegree": 35.69920002126215,
				"Power": -39.578334856439426
			}, {
				"Time": 1.3676279739925128e-7,
				"TimeDiff": 3.638587967173877e-8,
				"PhiDegree": 315.0336068778256,
				"Power": -39.843728614075474
			}, {
				"Time": 1.6976176947036718e-7,
				"TimeDiff": 6.938485174285467e-8,
				"PhiDegree": 304.7495681667712,
				"Power": -43.99545491852348
			}]
	}
}