{
	"SensorDataCollection": {
		"SensorId": 0,
		"SensorDatas": [{
				"Time": 7.498169525648395e-8,
				"TimeDiff": 0.0,
				"PhiDegree": 20.85445803957835,
				"Power": -34.56524529220578
			}, {
				"Time": 1.1937668014955463e-7,
				"TimeDiff": 4.439498489307067e-8,
				"PhiDegree": 305.94165807936974,
				"Power": -39.54615133373471
			}, {
				"Time": 1.560954431902818e-7,
				"TimeDiff": 8.111374793379786e-8,
				"PhiDegree": 296.67240395739356,
				"Power": -48.64898203655126
			}, {
				"Time": 4.58557617562071e-7,
				"TimeDiff": 3.83575922305587e-7,
				"PhiDegree": 228.95400918655628,
				"Power": -50.85194723651723
			}]
	}
}