{
	"SensorDataCollection": {
		"SensorId": 0,
		"SensorDatas": [{
				"Time": 2.850827871832101e-8,
				"TimeDiff": 0.0,
				"PhiDegree": 69.44395478041653,
				"Power": -25.31013570226076
			}, {
				"Time": 4.30686480269617e-7,
				"TimeDiff": 4.0217820155129595e-7,
				"PhiDegree": 140.1664667190464,
				"Power": -50.661460222584196
			}, {
				"Time": 9.716614171342976e-8,
				"TimeDiff": 6.865786299510875e-8,
				"PhiDegree": 275.91302459211386,
				"Power": -64.40983917778422
			}]
	}
}