{
	"SensorDataCollection": {
		"SensorId": 0,
		"SensorDatas": [{
				"Time": 4.0178485953188936e-8,
				"TimeDiff": 0.0,
				"PhiDegree": 138.36646066342982,
				"Power": -28.77419986125796
			}, {
				"Time": 1.0120695565761986e-7,
				"TimeDiff": 6.102846970443092e-8,
				"PhiDegree": 252.73950450835576,
				"Power": -47.09448207436543
			}, {
				"Time": 2.027838440138619e-7,
				"TimeDiff": 1.6260535806067296e-7,
				"PhiDegree": 172.4360077430128,
				"Power": -66.60133755324728
			}, {
				"Time": 3.729932553351525e-7,
				"TimeDiff": 3.328147693819636e-7,
				"PhiDegree": 291.99880706993605,
				"Power": -67.54988211008059
			}]
	}
}