{
	"SensorDataCollection": {
		"SensorId": 0,
		"SensorDatas": [{
				"Time": 2.7514651880765816e-8,
				"TimeDiff": 0.0,
				"PhiDegree": 104.03624346792651,
				"Power": -24.94867809585152
			}, {
				"Time": 4.4362639600730726e-7,
				"TimeDiff": 4.1611174412654144e-7,
				"PhiDegree": 141.5468069173142,
				"Power": -51.439326652411694
			}]
	}
}