{
	"SensorDataCollection": {
		"SensorId": 0,
		"SensorDatas": [{
				"Time": 2.6693133166234605e-8,
				"TimeDiff": 0.0,
				"PhiDegree": 90.0,
				"Power": -24.640970819945696
			}, {
				"Time": 4.384200795933481e-7,
				"TimeDiff": 4.117269464271135e-7,
				"PhiDegree": 141.00445472060784,
				"Power": -51.117118714902034
			}]
	}
}