{
	"SensorDataCollection": {
		"SensorId": 0,
		"SensorDatas": [{
				"Time": 6.268980497448677e-8,
				"TimeDiff": 0.0,
				"PhiDegree": 25.20112364547508,
				"Power": -32.95953377373208
			}, {
				"Time": 1.1206493112357686e-7,
				"TimeDiff": 4.937512614909009e-8,
				"PhiDegree": 300.4084586482225,
				"Power": -40.472052254061325
			}, {
				"Time": 4.4990601417452e-7,
				"TimeDiff": 3.8721620920003324e-7,
				"PhiDegree": 230.2359949695328,
				"Power": -51.06389186959933
			}, {
				"Time": 2.816511593364196e-7,
				"TimeDiff": 2.1896135436193282e-7,
				"PhiDegree": 78.38150050175088,
				"Power": -62.275475108079746
			}]
	}
}