{
	"SensorDataCollection": {
		"SensorId": 0,
		"SensorDatas": [{
				"Time": 2.984383014607739e-8,
				"TimeDiff": 0.0,
				"PhiDegree": 116.56505117707799,
				"Power": -25.77773777941828
			}, {
				"Time": 4.4887153807966656e-7,
				"TimeDiff": 4.190277079335892e-7,
				"PhiDegree": 142.07653070160057,
				"Power": -51.77498109207667
			}, {
				"Time": 9.756634326334444e-8,
				"TimeDiff": 6.772251311726705e-8,
				"PhiDegree": 262.13758377920476,
				"Power": -59.5907918713506
			}]
	}
}