{
	"SensorDataCollection": {
		"SensorId": 0,
		"SensorDatas": [{
				"Time": 2.850827871832101e-8,
				"TimeDiff": 0.0,
				"PhiDegree": 110.55604088811843,
				"Power": -25.310101539631074
			}, {
				"Time": 4.462441991653746e-7,
				"TimeDiff": 4.1773592044705356e-7,
				"PhiDegree": 141.81322539362,
				"Power": -51.6055392503804
			}, {
				"Time": 9.716614171342976e-8,
				"TimeDiff": 6.865786299510875e-8,
				"PhiDegree": 264.08697540788614,
				"Power": -64.40983917778422
			}]
	}
}