{
	"SensorDataCollection": {
		"SensorId": 0,
		"SensorDatas": [{
				"Time": 6.555460704120422e-8,
				"TimeDiff": 0.0,
				"PhiDegree": 345.25643716352926,
				"Power": -33.36313018193176
			}, {
				"Time": 8.280743006097071e-8,
				"TimeDiff": 1.725282301976649e-8,
				"PhiDegree": 319.95913414373297,
				"Power": -35.74725828297335
			}, {
				"Time": 3.2549012150965967e-7,
				"TimeDiff": 2.5993551446845545e-7,
				"PhiDegree": 78.76862585239365,
				"Power": -64.08914558529966
			}]
	}
}