{
	"SensorDataCollection": {
		"SensorId": 0,
		"SensorDatas": [{
				"Time": 9.396068185987547e-8,
				"TimeDiff": 0.0,
				"PhiDegree": 16.50436138175502,
				"Power": -36.5574678434072
			}, {
				"Time": 1.1379964710945291e-7,
				"TimeDiff": 1.983896524957744e-8,
				"PhiDegree": 37.660161951372736,
				"Power": -38.82357779941512
			}, {
				"Time": 1.321254966899484e-7,
				"TimeDiff": 3.816481483007294e-8,
				"PhiDegree": 312.9881141690313,
				"Power": -39.586993217218705
			}, {
				"Time": 1.660486148596458e-7,
				"TimeDiff": 7.208793299977033e-8,
				"PhiDegree": 302.85725328096214,
				"Power": -44.74940281792192
			}]
	}
}