{
	"SensorDataCollection": {
		"SensorId": 0,
		"SensorDatas": [{
				"Time": 1.1329851554905017e-7,
				"TimeDiff": 0.0,
				"PhiDegree": 13.626994859891541,
				"Power": -38.19572809420238
			}, {
				"Time": 1.4650969512496842e-7,
				"TimeDiff": 3.321117957591825e-8,
				"PhiDegree": 318.7247117463287,
				"Power": -40.5888739267933
			}, {
				"Time": 1.3022405143552262e-7,
				"TimeDiff": 1.6925535886472452e-8,
				"PhiDegree": 32.270548778157774,
				"Power": -41.19250784016451
			}, {
				"Time": 1.7770786810620577e-7,
				"TimeDiff": 6.44093525571556e-8,
				"PhiDegree": 308.28749677576724,
				"Power": -43.08210958218484
			}]
	}
}