{
	"SensorDataCollection": {
		"SensorId": 0,
		"SensorDatas": [{
				"Time": 3.002977481201393e-8,
				"TimeDiff": 0.0,
				"PhiDegree": 90.0,
				"Power": -25.841207986431385
			}, {
				"Time": 4.363281707712356e-7,
				"TimeDiff": 4.0629839595922165e-7,
				"PhiDegree": 141.3449816305866,
				"Power": -51.211207668421864
			}]
	}
}