{
	"SensorDataCollection": {
		"SensorId": 0,
		"SensorDatas": [{
				"Time": 3.165416200930625e-8,
				"TimeDiff": 0.0,
				"PhiDegree": 108.43494882292201,
				"Power": -26.37915824491462
			}, {
				"Time": 4.441891395640841e-7,
				"TimeDiff": 4.1253497755477784e-7,
				"PhiDegree": 142.15151536287178,
				"Power": -51.71848716477763
			}, {
				"Time": 1.004856184250999e-7,
				"TimeDiff": 6.883145641579365e-8,
				"PhiDegree": 264.282970410722,
				"Power": -65.27912479797388
			}]
	}
}