{
	"SensorDataCollection": {
		"SensorId": 0,
		"SensorDatas": [{
				"Time": 4.4889922282124336e-8,
				"TimeDiff": 0.0,
				"PhiDegree": 41.98721249581666,
				"Power": -29.8518515566479
			}, {
				"Time": 1.0540625531845127e-7,
				"TimeDiff": 6.051633303632694e-8,
				"PhiDegree": 288.4544492776681,
				"Power": -46.44016724369479
			}]
	}
}