{
	"SensorDataCollection": {
		"SensorId": 0,
		"SensorDatas": [{
				"Time": 3.43528282979581e-8,
				"TimeDiff": 0.0,
				"PhiDegree": 119.05460409907714,
				"Power": -27.21052260922763
			}, {
				"Time": 1.0136809335206205e-7,
				"TimeDiff": 6.701526505410394e-8,
				"PhiDegree": 260.5271361326232,
				"Power": -56.7849013288824
			}, {
				"Time": 2.1645904353853843e-7,
				"TimeDiff": 1.8210621524058032e-7,
				"PhiDegree": 172.02552647049518,
				"Power": -66.2727588402785
			}]
	}
}