{
	"SensorDataCollection": {
		"SensorId": 0,
		"SensorDatas": [{
				"Time": 4.4889922282124336e-8,
				"TimeDiff": 0.0,
				"PhiDegree": 138.01278750418336,
				"Power": -29.8518515566479
			}, {
				"Time": 1.0540625531845127e-7,
				"TimeDiff": 6.051633303632694e-8,
				"PhiDegree": 251.5455507223319,
				"Power": -46.44016724369479
			}, {
				"Time": 1.9995055830765338e-7,
				"TimeDiff": 1.5506063602552903e-7,
				"PhiDegree": 171.3622942432099,
				"Power": -64.23492781769482
			}, {
				"Time": 3.711748281741438e-7,
				"TimeDiff": 3.2628490589201944e-7,
				"PhiDegree": 292.66931024269354,
				"Power": -66.27334967163476
			}]
	}
}