{
	"SensorDataCollection": {
		"SensorId": 0,
		"SensorDatas": [{
				"Time": 6.714861782867412e-8,
				"TimeDiff": 0.0,
				"PhiDegree": 26.565051177077986,
				"Power": -33.57926082442469
			}, {
				"Time": 1.1663751718064261e-7,
				"TimeDiff": 4.948889935196849e-8,
				"PhiDegree": 300.9924283125892,
				"Power": -40.62634654808498
			}, {
				"Time": 4.4949995421201154e-7,
				"TimeDiff": 3.823513363833374e-7,
				"PhiDegree": 229.63701890596195,
				"Power": -50.86639178988503
			}]
	}
}