{
	"SensorDataCollection": {
		"SensorId": 0,
		"SensorDatas": [{
				"Time": 3.165416200930625e-8,
				"TimeDiff": 0.0,
				"PhiDegree": 71.56505117707799,
				"Power": -26.37915824491462
			}, {
				"Time": 4.2855682319263804e-7,
				"TimeDiff": 3.969026611833318e-7,
				"PhiDegree": 140.50902620029518,
				"Power": -50.73588257086027
			}, {
				"Time": 1.004856184250999e-7,
				"TimeDiff": 6.883145641579365e-8,
				"PhiDegree": 275.717029589278,
				"Power": -65.27912479797388
			}]
	}
}