{
	"SensorDataCollection": {
		"SensorId": 0,
		"SensorDatas": [{
				"Time": 6.418158353273249e-8,
				"TimeDiff": 0.0,
				"PhiDegree": 27.89727103094763,
				"Power": -33.17221703212367
			}, {
				"Time": 1.1495498772359767e-7,
				"TimeDiff": 5.077340419086519e-8,
				"PhiDegree": 299.56665895608955,
				"Power": -40.988260121161304
			}, {
				"Time": 4.473462770724349e-7,
				"TimeDiff": 3.831646935397024e-7,
				"PhiDegree": 229.96264643616914,
				"Power": -50.924868527284474
			}, {
				"Time": 2.7838369559563663e-7,
				"TimeDiff": 2.1420211206290414e-7,
				"PhiDegree": 78.24319617446666,
				"Power": -61.98008420253288
			}]
	}
}