{
	"SensorDataCollection": {
		"SensorId": 0,
		"SensorDatas": [{
				"Time": 3.609129762511774e-8,
				"TimeDiff": 0.0,
				"PhiDegree": 123.69006752597977,
				"Power": -27.70799175560785
			}, {
				"Time": 1.0197036482247285e-7,
				"TimeDiff": 6.587906719735511e-8,
				"PhiDegree": 258.67756636142525,
				"Power": -53.87491408027557
			}, {
				"Time": 2.1315516992865586e-7,
				"TimeDiff": 1.770638723035381e-7,
				"PhiDegree": 171.9010999347891,
				"Power": -65.87729321616897
			}]
	}
}