{
	"SensorDataCollection": {
		"SensorId": 0,
		"SensorDatas": [{
				"Time": 3.07623159913174e-8,
				"TimeDiff": 0.0,
				"PhiDegree": 102.52880770915151,
				"Power": -26.08744135886207
			}, {
				"Time": 4.41559153061475e-7,
				"TimeDiff": 4.107968370701576e-7,
				"PhiDegree": 141.88586350590717,
				"Power": -51.54607637461204
			}]
	}
}