{
	"SensorDataCollection": {
		"SensorId": 0,
		"SensorDatas": [{
				"Time": 5.275693668217708e-8,
				"TimeDiff": 0.0,
				"PhiDegree": 34.69515353123398,
				"Power": -31.377456667019512
			}, {
				"Time": 1.0898930179540838e-7,
				"TimeDiff": 5.62323651132313e-8,
				"PhiDegree": 293.45240554971326,
				"Power": -43.334144619913815
			}, {
				"Time": 2.759737318601214e-7,
				"TimeDiff": 2.2321679517794431e-7,
				"PhiDegree": 80.95700327044614,
				"Power": -66.2627121845733
			}]
	}
}