{
	"SensorDataCollection": {
		"SensorId": 0,
		"SensorDatas": [{
				"Time": 8.240896952476028e-8,
				"TimeDiff": 0.0,
				"PhiDegree": 21.370622269343183,
				"Power": -35.40233950640875
			}, {
				"Time": 1.0134530606249581e-7,
				"TimeDiff": 1.8936336537735524e-8,
				"PhiDegree": 40.778484022063296,
				"Power": -37.429663313593906
			}, {
				"Time": 1.26042103266711e-7,
				"TimeDiff": 4.363313374195071e-8,
				"PhiDegree": 307.5075562578839,
				"Power": -39.735794748448626
			}, {
				"Time": 1.562876114018683e-7,
				"TimeDiff": 7.387864187710801e-8,
				"PhiDegree": 299.4086615515331,
				"Power": -46.42563249435847
			}]
	}
}