{
	"SensorDataCollection": {
		"SensorId": 0,
		"SensorDatas": [{
				"Time": 6.125259837902064e-8,
				"TimeDiff": 0.0,
				"PhiDegree": 29.357753542791272,
				"Power": -32.749164116255336
			}, {
				"Time": 1.1334572927969089e-7,
				"TimeDiff": 5.209313090067025e-8,
				"PhiDegree": 298.0994734652736,
				"Power": -41.4291665318336
			}, {
				"Time": 4.452071885532393e-7,
				"TimeDiff": 3.8395459017421866e-7,
				"PhiDegree": 230.29141375832856,
				"Power": -50.99143490038169
			}, {
				"Time": 2.7772304030615926e-7,
				"TimeDiff": 2.1647044192713862e-7,
				"PhiDegree": 78.91713803937769,
				"Power": -62.930056028256544
			}]
	}
}