{
	"SensorDataCollection": {
		"SensorId": 0,
		"SensorDatas": [{
				"Time": 4.246851481416006e-8,
				"TimeDiff": 0.0,
				"PhiDegree": 135.0,
				"Power": -29.316118098479883
			}, {
				"Time": 1.043980281819724e-7,
				"TimeDiff": 6.192951336781234e-8,
				"PhiDegree": 253.28286508664434,
				"Power": -47.853068885806195
			}, {
				"Time": 2.0324997271849313e-7,
				"TimeDiff": 1.6078145790433306e-7,
				"PhiDegree": 171.5035582749002,
				"Power": -64.65494841066682
			}, {
				"Time": 3.6990166064195837e-7,
				"TimeDiff": 3.274331458277983e-7,
				"PhiDegree": 292.1924045855765,
				"Power": -67.11531353569828
			}]
	}
}