{
	"SensorDataCollection": {
		"SensorId": 0,
		"SensorDatas": [{
				"Time": 4.0178485953188936e-8,
				"TimeDiff": 0.0,
				"PhiDegree": 131.63353933657018,
				"Power": -28.77419986125796
			}, {
				"Time": 1.0348760443286905e-7,
				"TimeDiff": 6.330911847968011e-8,
				"PhiDegree": 255.05239925458886,
				"Power": -49.51878359210113
			}, {
				"Time": 2.065505831692054e-7,
				"TimeDiff": 1.6637209721601647e-7,
				"PhiDegree": 171.64030841025334,
				"Power": -65.06856127606862
			}, {
				"Time": 3.6865429656549045e-7,
				"TimeDiff": 3.284758106123015e-7,
				"PhiDegree": 291.7122381938345,
				"Power": -67.99357360578168
			}]
	}
}