{
	"SensorDataCollection": {
		"SensorId": 0,
		"SensorDatas": [{
				"Time": 3.28621091048315e-8,
				"TimeDiff": 0.0,
				"PhiDegree": 66.03751102542182,
				"Power": -26.76057989305648
			}, {
				"Time": 4.2598713921938997e-7,
				"TimeDiff": 3.9312503011455845e-7,
				"PhiDegree": 140.2236189365921,
				"Power": -50.585229191583394
			}, {
				"Time": 1.0087265116264778e-7,
				"TimeDiff": 6.801054205781628e-8,
				"PhiDegree": 277.60315964868107,
				"Power": -60.448523348549486
			}]
	}
}