{
	"SensorDataCollection": {
		"SensorId": 0,
		"SensorDatas": [{
				"Time": 7.014887342486866e-8,
				"TimeDiff": 0.0,
				"PhiDegree": 25.34617594194669,
				"Power": -33.971092681780036
			}, {
				"Time": 1.1839019376849425e-7,
				"TimeDiff": 4.8241320343625594e-8,
				"PhiDegree": 302.3768194183632,
				"Power": -40.33483411391386
			}, {
				"Time": 1.5018469849604108e-7,
				"TimeDiff": 8.003582507117242e-8,
				"PhiDegree": 294.9685997285858,
				"Power": -49.94985950630027
			}, {
				"Time": 4.516680112843701e-7,
				"TimeDiff": 3.815191378595014e-7,
				"PhiDegree": 229.3145071389645,
				"Power": -50.81576489723628
			}]
	}
}