{
	"SensorDataCollection": {
		"SensorId": 0,
		"SensorDatas": [{
				"Time": 3.28621091048315e-8,
				"TimeDiff": 0.0,
				"PhiDegree": 113.96248897457819,
				"Power": -26.76057989305648
			}, {
				"Time": 1.0087265116264775e-7,
				"TimeDiff": 6.801054205781625e-8,
				"PhiDegree": 262.39684035131893,
				"Power": -60.44852334854947
			}, {
				"Time": 2.1976390728886371e-7,
				"TimeDiff": 1.8690179818403222e-7,
				"PhiDegree": 172.14621124741922,
				"Power": -66.66251053934096
			}]
	}
}