{
	"SensorDataCollection": {
		"SensorId": 0,
		"SensorDatas": [{
				"Time": 7.931106651582216e-8,
				"TimeDiff": 0.0,
				"PhiDegree": 22.249023657212366,
				"Power": -35.06339482576799
			}, {
				"Time": 1.240387794588472e-7,
				"TimeDiff": 4.472771294302505e-8,
				"PhiDegree": 306.2848267892726,
				"Power": -39.81220044561937
			}, {
				"Time": 1.5467651564295626e-7,
				"TimeDiff": 7.53654491271341e-8,
				"PhiDegree": 298.33189604739965,
				"Power": -47.16003527134578
			}]
	}
}