{
	"SensorDataCollection": {
		"SensorId": 0,
		"SensorDatas": [{
				"Time": 3.021457517048048e-8,
				"TimeDiff": 0.0,
				"PhiDegree": 83.65980825409011,
				"Power": -25.903897534074023
			}, {
				"Time": 4.337275246270317e-7,
				"TimeDiff": 4.035129494565512e-7,
				"PhiDegree": 141.06966048882575,
				"Power": -51.04902425431767
			}]
	}
}