{
	"SensorDataCollection": {
		"SensorId": 0,
		"SensorDatas": [{
				"Time": 3.80435680687993e-8,
				"TimeDiff": 0.0,
				"PhiDegree": 52.125016348901795,
				"Power": -28.23430189024578
			}, {
				"Time": 1.0267758571941948e-7,
				"TimeDiff": 6.463401765062019e-8,
				"PhiDegree": 283.1484069930328,
				"Power": -51.49720199753956
			}]
	}
}