{
	"SensorDataCollection": {
		"SensorId": 0,
		"SensorDatas": [{
				"Time": 7.31782642879691e-8,
				"TimeDiff": 0.0,
				"PhiDegree": 24.22774531795417,
				"Power": -34.34852779210835
			}, {
				"Time": 1.202099492636247e-7,
				"TimeDiff": 4.70316849756556e-8,
				"PhiDegree": 303.7200611567593,
				"Power": -40.10623136561186
			}, {
				"Time": 1.5162334115751568e-7,
				"TimeDiff": 7.844507686954658e-8,
				"PhiDegree": 296.1116927275132,
				"Power": -48.91299504961364
			}, {
				"Time": 4.538502422093659e-7,
				"TimeDiff": 3.806719779213968e-7,
				"PhiDegree": 228.9950867742497,
				"Power": -50.772755407431475
			}]
	}
}