{
	"SensorDataCollection": {
		"SensorId": 0,
		"SensorDatas": [{
				"Time": 3.609129762511774e-8,
				"TimeDiff": 0.0,
				"PhiDegree": 56.309932474020215,
				"Power": -27.70799175560785
			}, {
				"Time": 1.0197036482247285e-7,
				"TimeDiff": 6.587906719735511e-8,
				"PhiDegree": 281.32243363857475,
				"Power": -53.87491408027557
			}]
	}
}