{
	"SensorDataCollection": {
		"SensorId": 0,
		"SensorDatas": [{
				"Time": 5.5532784549675376e-8,
				"TimeDiff": 0.0,
				"PhiDegree": 32.7352262721076,
				"Power": -31.85224594411821
			}, {
				"Time": 1.1035970142041905e-7,
				"TimeDiff": 5.4826916870743674e-8,
				"PhiDegree": 295.04180058994706,
				"Power": -42.5894083734392
			}, {
				"Time": 2.7651780497565725e-7,
				"TimeDiff": 2.2098502042598188e-7,
				"PhiDegree": 80.27421262921918,
				"Power": -65.0608579763462
			}]
	}
}