{
	"SensorDataCollection": {
		"SensorId": 0,
		"SensorDatas": [{
				"Time": 3.80435680687993e-8,
				"TimeDiff": 0.0,
				"PhiDegree": 127.87498365109822,
				"Power": -28.23430189024578
			}, {
				"Time": 1.0267758571941948e-7,
				"TimeDiff": 6.463401765062019e-8,
				"PhiDegree": 256.8515930069672,
				"Power": -51.49720199753956
			}, {
				"Time": 2.0985233322494687e-7,
				"TimeDiff": 1.7180876515614758e-7,
				"PhiDegree": 171.7727561139233,
				"Power": -65.47595061269615
			}]
	}
}