{
	"SensorDataCollection": {
		"SensorId": 0,
		"SensorDatas": [{
				"Time": 4.742258796622651e-8,
				"TimeDiff": 0.0,
				"PhiDegree": 39.28940686250036,
				"Power": -30.375957822678515
			}, {
				"Time": 1.0650950843552824e-7,
				"TimeDiff": 5.9086920469301734e-8,
				"PhiDegree": 290.1573122917332,
				"Power": -45.23664770371728
			}, {
				"Time": 2.750038329880684e-7,
				"TimeDiff": 2.275812450218419e-7,
				"PhiDegree": 82.33020141422841,
				"Power": -69.01184308094147
			}]
	}
}