{
	"SensorDataCollection": {
		"SensorId": 0,
		"SensorDatas": [{
				"Time": 4.246851481416006e-8,
				"TimeDiff": 0.0,
				"PhiDegree": 45.00000000000001,
				"Power": -29.316118098479883
			}, {
				"Time": 1.043980281819724e-7,
				"TimeDiff": 6.192951336781234e-8,
				"PhiDegree": 286.71713491335566,
				"Power": -47.853068885806195
			}]
	}
}