{
	"SensorDataCollection": {
		"SensorId": 0,
		"SensorDatas": [{
				"Time": 7.623331712949504e-8,
				"TimeDiff": 0.0,
				"PhiDegree": 23.198590513648185,
				"Power": -34.712370050889646
			}, {
				"Time": 1.2209378435583665e-7,
				"TimeDiff": 4.586046722634162e-8,
				"PhiDegree": 305.0225498950472,
				"Power": -39.93395826247409
			}, {
				"Time": 1.5312118684275763e-7,
				"TimeDiff": 7.688786971326259e-8,
				"PhiDegree": 297.2328611839816,
				"Power": -47.9862905795446
			}, {
				"Time": 4.5604644351684947e-7,
				"TimeDiff": 3.7981312638735443e-7,
				"PhiDegree": 228.6787331469728,
				"Power": -50.73713796375776
			}]
	}
}