{
	"SensorDataCollection": {
		"SensorId": 0,
		"SensorDatas": [{
				"Time": 3.07623159913174e-8,
				"TimeDiff": 0.0,
				"PhiDegree": 77.47119229084848,
				"Power": -26.08744135886207
			}, {
				"Time": 4.311370141666763e-7,
				"TimeDiff": 4.003746981753589e-7,
				"PhiDegree": 140.79102428406486,
				"Power": -50.890532631402536
			}]
	}
}