{
	"SensorDataCollection": {
		"SensorId": 0,
		"SensorDatas": [{
				"Time": 3.43528282979581e-8,
				"TimeDiff": 0.0,
				"PhiDegree": 60.945395900922854,
				"Power": -27.21052260922763
			}, {
				"Time": 1.0136809335206205e-7,
				"TimeDiff": 6.701526505410394e-8,
				"PhiDegree": 279.4728638673768,
				"Power": -56.7849013288824
			}]
	}
}