{
	"SensorDataCollection": {
		"SensorId": 0,
		"SensorDatas": [{
				"Time": 5.004962468668989e-8,
				"TimeDiff": 0.0,
				"PhiDegree": 36.86989764584402,
				"Power": -30.88510008615826
			}, {
				"Time": 1.0770486743430815e-7,
				"TimeDiff": 5.7655242747618265e-8,
				"PhiDegree": 291.8238228373738,
				"Power": -44.20978789419273
			}, {
				"Time": 2.7546900232148346e-7,
				"TimeDiff": 2.2541937763479358e-7,
				"PhiDegree": 81.64239364785311,
				"Power": -67.57369756179226
			}]
	}
}