{
	"SensorDataCollection": {
		"SensorId": 0,
		"SensorDatas": [{
				"Time": 3.730478768259674e-8,
				"TimeDiff": 0.0,
				"PhiDegree": 63.43494882292201,
				"Power": -28.038972944491718
			}, {
				"Time": 4.2128823147994303e-7,
				"TimeDiff": 3.839834437973463e-7,
				"PhiDegree": 140.28204612671803,
				"Power": -50.50859696593457
			}, {
				"Time": 1.0466067608981669e-7,
				"TimeDiff": 6.735588840721996e-8,
				"PhiDegree": 279.1722361994626,
				"Power": -57.60287477106306
			}]
	}
}