{
	"SensorDataCollection": {
		"SensorId": 0,
		"SensorDatas": [{
				"Time": 3.402720172339025e-8,
				"TimeDiff": 0.0,
				"PhiDegree": 101.30993247402023,
				"Power": -27.11413582490593
			}, {
				"Time": 2.2684315995457268e-7,
				"TimeDiff": 1.9281595823118243e-7,
				"PhiDegree": 171.54166043066132,
				"Power": -65.6846385989446
			}]
	}
}