{
	"SensorDataCollection": {
		"SensorId": 0,
		"SensorDatas": [{
				"Time": 3.353283353233433e-8,
				"TimeDiff": 0.0,
				"PhiDegree": 84.28940686250037,
				"Power": -26.965792952533604
			}, {
				"Time": 4.3163866646996755e-7,
				"TimeDiff": 3.981058329376332e-7,
				"PhiDegree": 141.41420403328826,
				"Power": -51.145865771793524
			}, {
				"Time": 2.3674878611993022e-7,
				"TimeDiff": 2.0321595258759588e-7,
				"PhiDegree": 171.89799041560642,
				"Power": -66.78264118966638
			}]
	}
}