{
	"SensorDataCollection": {
		"SensorId": 0,
		"SensorDatas": [{
				"Time": 3.730478768259674e-8,
				"TimeDiff": 0.0,
				"PhiDegree": 116.56505117707799,
				"Power": -28.038972944491718
			}, {
				"Time": 1.0466067608981672e-7,
				"TimeDiff": 6.735588840721999e-8,
				"PhiDegree": 260.82776380053735,
				"Power": -57.60287477106307
			}, {
				"Time": 2.169471085347613e-7,
				"TimeDiff": 1.7964232085216455e-7,
				"PhiDegree": 171.1528062266665,
				"Power": -64.5402696804293
			}]
	}
}