{
	"SensorDataCollection": {
		"SensorId": 0,
		"SensorDatas": [{
				"Time": 4.4889922282124336e-8,
				"TimeDiff": 0.0,
				"PhiDegree": 131.98721249581666,
				"Power": -29.8518515566479
			}, {
				"Time": 1.0759793240592067e-7,
				"TimeDiff": 6.270801012379634e-8,
				"PhiDegree": 253.7939508827037,
				"Power": -48.59398152516839
			}, {
				"Time": 2.0376967826946884e-7,
				"TimeDiff": 1.588797559873445e-7,
				"PhiDegree": 170.57562037695928,
				"Power": -62.93555216530973
			}, {
				"Time": 3.6681436029794085e-7,
				"TimeDiff": 3.219244380158165e-7,
				"PhiDegree": 292.3892632150834,
				"Power": -66.67912526213445
			}]
	}
}