{
	"SensorDataCollection": {
		"SensorId": 0,
		"SensorDatas": [{
				"Time": 4.072890181897857e-8,
				"TimeDiff": 0.0,
				"PhiDegree": 55.007979801441344,
				"Power": -28.907807851314104
			}, {
				"Time": 1.0592947360821683e-7,
				"TimeDiff": 6.520057178923826e-8,
				"PhiDegree": 282.7378711711582,
				"Power": -52.28106710628671
			}, {
				"Time": 2.565843259728398e-7,
				"TimeDiff": 2.158554241538612e-7,
				"PhiDegree": 172.52805328110807,
				"Power": -68.8530605534257
			}]
	}
}