{
	"SensorDataCollection": {
		"SensorId": 0,
		"SensorDatas": [{
				"Time": 3.89115938537534e-8,
				"TimeDiff": 0.0,
				"PhiDegree": 59.03624346792648,
				"Power": -28.458101372487306
			}, {
				"Time": 1.0524410706435479e-7,
				"TimeDiff": 6.633251321060138e-8,
				"PhiDegree": 280.9657985596601,
				"Power": -54.677043603887114
			}]
	}
}