{
	"SensorDataCollection": {
		"SensorId": 0,
		"SensorDatas": [{
				"Time": 3.336641645779326e-8,
				"TimeDiff": 0.0,
				"PhiDegree": 90.0,
				"Power": -26.915304664344077
			}, {
				"Time": 4.342518225424645e-7,
				"TimeDiff": 4.0088540608467126e-7,
				"PhiDegree": 141.68877719845932,
				"Power": -51.314558978325564
			}, {
				"Time": 2.3344592208322585e-7,
				"TimeDiff": 2.000795056254326e-7,
				"PhiDegree": 171.7825738876462,
				"Power": -66.42157026715819
			}]
	}
}