{
	"SensorDataCollection": {
		"SensorId": 0,
		"SensorDatas": [{
				"Time": 5.212000866512925e-8,
				"TimeDiff": 0.0,
				"PhiDegree": 39.80557109226519,
				"Power": -31.264362800828135
			}, {
				"Time": 1.1080931927769913e-7,
				"TimeDiff": 5.868931061256988e-8,
				"PhiDegree": 291.1824353788367,
				"Power": -44.873635045432394
			}, {
				"Time": 2.7216822741251967e-7,
				"TimeDiff": 2.200482187473904e-7,
				"PhiDegree": 81.54029662470595,
				"Power": -67.2641544313461
			}, {
				"Time": 2.7313448750993055e-7,
				"TimeDiff": 2.210144788448013e-7,
				"PhiDegree": 172.98315625408992,
				"Power": -70.46430650510925
			}]
	}
}