{
	"SensorDataCollection": {
		"SensorId": 0,
		"SensorDatas": [{
				"Time": 3.89115938537534e-8,
				"TimeDiff": 0.0,
				"PhiDegree": 120.96375653207352,
				"Power": -28.458101372487306
			}, {
				"Time": 1.0524410706435479e-7,
				"TimeDiff": 6.633251321060138e-8,
				"PhiDegree": 259.0342014403399,
				"Power": -54.677043603887114
			}, {
				"Time": 2.1365078244483165e-7,
				"TimeDiff": 1.7473918859107823e-7,
				"PhiDegree": 171.01518550583847,
				"Power": -64.14785256559409
			}]
	}
}