{
	"SensorDataCollection": {
		"SensorId": 0,
		"SensorDatas": [{
				"Time": 4.960274409132142e-8,
				"TimeDiff": 0.0,
				"PhiDegree": 42.27368900609374,
				"Power": -30.800783332628953
			}, {
				"Time": 1.0964780963121438e-7,
				"TimeDiff": 6.004506553989295e-8,
				"PhiDegree": 289.5564788892627,
				"Power": -45.92755658324515
			}, {
				"Time": 2.716974069272818e-7,
				"TimeDiff": 2.2209466283596037e-7,
				"PhiDegree": 82.23629172495191,
				"Power": -68.70050577840394
			}, {
				"Time": 2.698231442462782e-7,
				"TimeDiff": 2.2022040015495678e-7,
				"PhiDegree": 172.89660244387844,
				"Power": -70.1497159570508
			}]
	}
}