{
	"SensorDataCollection": {
		"SensorId": 0,
		"SensorDatas": [{
				"Time": 3.483556149233191e-8,
				"TimeDiff": 0.0,
				"PhiDegree": 73.30075576600639,
				"Power": -27.351516579873312
			}, {
				"Time": 4.264426379688663e-7,
				"TimeDiff": 3.9160707647653436e-7,
				"PhiDegree": 140.85499478248602,
				"Power": -50.8194249139942
			}, {
				"Time": 1.0380619576894216e-7,
				"TimeDiff": 6.897063427661025e-8,
				"PhiDegree": 275.5335716224386,
				"Power": -66.12080838977909
			}]
	}
}