{
	"SensorDataCollection": {
		"SensorId": 0,
		"SensorDatas": [{
				"Time": 4.2729861987434864e-8,
				"TimeDiff": 0.0,
				"PhiDegree": 128.6598082540901,
				"Power": -29.375705115935816
			}, {
				"Time": 1.06714811722643e-7,
				"TimeDiff": 6.398494973520813e-8,
				"PhiDegree": 255.51448590624202,
				"Power": -50.282169521027484
			}, {
				"Time": 2.0706200467375335e-7,
				"TimeDiff": 1.6433214268631848e-7,
				"PhiDegree": 170.72680314561364,
				"Power": -63.34565763022391
			}, {
				"Time": 3.655564617829995e-7,
				"TimeDiff": 3.228265997955646e-7,
				"PhiDegree": 291.90570923350856,
				"Power": -67.55091580337587
			}]
	}
}