{
	"SensorDataCollection": {
		"SensorId": 0,
		"SensorDatas": [{
				"Time": 3.593673032974035e-8,
				"TimeDiff": 0.0,
				"PhiDegree": 111.80140948635183,
				"Power": -27.66489695768399
			}, {
				"Time": 1.0418089326899818e-7,
				"TimeDiff": 6.824416293925783e-8,
				"PhiDegree": 262.6396363602772,
				"Power": -61.27973479612396
			}, {
				"Time": 2.2024464878594193e-7,
				"TimeDiff": 1.8430791845620157e-7,
				"PhiDegree": 171.28630673703114,
				"Power": -64.92710807323064
			}]
	}
}