{
	"SensorDataCollection": {
		"SensorId": 0,
		"SensorDatas": [{
				"Time": 4.718723868240007e-8,
				"TimeDiff": 0.0,
				"PhiDegree": 45.0,
				"Power": -30.32869612075617
			}, {
				"Time": 1.0857644970251931e-7,
				"TimeDiff": 6.138921102011925e-8,
				"PhiDegree": 287.89707542303285,
				"Power": -47.156842677470934
			}, {
				"Time": 2.665124320355956e-7,
				"TimeDiff": 2.1932519335319553e-7,
				"PhiDegree": 172.8078980226026,
				"Power": -69.83138482278547
			}, {
				"Time": 2.712668136799812e-7,
				"TimeDiff": 2.2407957499758114e-7,
				"PhiDegree": 82.93459971613744,
				"Power": -70.28733231776374
			}]
	}
}