{
	"SensorDataCollection": {
		"SensorId": 0,
		"SensorDatas": [{
				"Time": 5.4724991914680746e-8,
				"TimeDiff": 0.0,
				"PhiDegree": 37.568592028827496,
				"Power": -31.716998024494103
			}, {
				"Time": 1.120581754072222e-7,
				"TimeDiff": 5.7333183492541457e-8,
				"PhiDegree": 292.77340853462925,
				"Power": -43.96986441706713
			}, {
				"Time": 2.726790667610584e-7,
				"TimeDiff": 2.1795407484637763e-7,
				"PhiDegree": 80.84680726818628,
				"Power": -65.95510539140707
			}, {
				"Time": 2.764464391498319e-7,
				"TimeDiff": 2.2172144723515113e-7,
				"PhiDegree": 173.06763634675832,
				"Power": -70.77524085735834
			}]
	}
}