{
	"SensorDataCollection": {
		"SensorId": 0,
		"SensorDatas": [{
				"Time": 4.476574521911608e-8,
				"TimeDiff": 0.0,
				"PhiDegree": 206.56505117707795,
				"Power": -29.82523865179564
			}, {
				"Time": 6.400624591575522e-8,
				"TimeDiff": 1.9240500696639137e-8,
				"PhiDegree": 231.2767526607555,
				"Power": -33.66923555316636
			}, {
				"Time": 4.4100537316605446e-7,
				"TimeDiff": 3.962396279469384e-7,
				"PhiDegree": 47.01186481194795,
				"Power": -50.14350547505302
			}, {
				"Time": 5.638324604521047e-7,
				"TimeDiff": 5.190667152329886e-7,
				"PhiDegree": 109.72135066882272,
				"Power": -67.41857272871148
			}]
	}
}