{
	"SensorDataCollection": {
		"SensorId": 0,
		"SensorDatas": [{
				"Time": 4.072890181897857e-8,
				"TimeDiff": 0.0,
				"PhiDegree": 124.99202019855869,
				"Power": -28.907807851314104
			}, {
				"Time": 1.0592947360821683e-7,
				"TimeDiff": 6.520057178923826e-8,
				"PhiDegree": 257.2621288288418,
				"Power": -52.28106710628671
			}, {
				"Time": 2.1035572759477878e-7,
				"TimeDiff": 1.6962682577580022e-7,
				"PhiDegree": 170.87325250678583,
				"Power": -63.74970210331858
			}, {
				"Time": 3.64324779471241e-7,
				"TimeDiff": 3.235958776522624e-7,
				"PhiDegree": 291.41885084974746,
				"Power": -68.46069804221672
			}]
	}
}