{
	"SensorDataCollection": {
		"SensorId": 0,
		"SensorDatas": [{
				"Time": 4.4889922282124336e-8,
				"TimeDiff": 0.0,
				"PhiDegree": 48.01278750418333,
				"Power": -29.8518515566479
			}, {
				"Time": 1.0759793240592067e-7,
				"TimeDiff": 6.270801012379634e-8,
				"PhiDegree": 286.2060491172963,
				"Power": -48.59398152516839
			}, {
				"Time": 2.632023746911353e-7,
				"TimeDiff": 2.1831245240901098e-7,
				"PhiDegree": 172.7169622688034,
				"Power": -69.50922586520986
			}]
	}
}