{
	"SensorDataCollection": {
		"SensorId": 0,
		"SensorDatas": [{
				"Time": 7.760830504875617e-8,
				"TimeDiff": 0.0,
				"PhiDegree": 25.463345061871614,
				"Power": -34.871032115261045
			}, {
				"Time": 1.248409345850739e-7,
				"TimeDiff": 4.723262953631773e-8,
				"PhiDegree": 304.14367405875345,
				"Power": -40.330060859795026
			}, {
				"Time": 1.5016216131383962e-7,
				"TimeDiff": 7.255385626508346e-8,
				"PhiDegree": 297.81546422353983,
				"Power": -47.322901404895134
			}, {
				"Time": 3.029615587943544e-7,
				"TimeDiff": 2.253532537455982e-7,
				"PhiDegree": 173.67695070281957,
				"Power": -73.14036790723256
			}]
	}
}