{
	"SensorDataCollection": {
		"SensorId": 0,
		"SensorDatas": [{
				"Time": 3.593673032974035e-8,
				"TimeDiff": 0.0,
				"PhiDegree": 68.19859051364818,
				"Power": -27.66489695768399
			}, {
				"Time": 4.238601367824055e-7,
				"TimeDiff": 3.8792340645266517e-7,
				"PhiDegree": 140.57026230156322,
				"Power": -50.661980168758646
			}, {
				"Time": 1.0418089326899818e-7,
				"TimeDiff": 6.824416293925783e-8,
				"PhiDegree": 277.3603636397227,
				"Power": -61.27973479612396
			}]
	}
}