{
	"SensorDataCollection": {
		"SensorId": 0,
		"SensorDatas": [{
				"Time": 3.353283353233433e-8,
				"TimeDiff": 0.0,
				"PhiDegree": 95.71059313749966,
				"Power": -26.965792952533604
			}, {
				"Time": 4.368748318750772e-7,
				"TimeDiff": 4.033419983427429e-7,
				"PhiDegree": 141.96005944089336,
				"Power": -51.48670751689693
			}, {
				"Time": 2.3014403251064176e-7,
				"TimeDiff": 1.9661119897830743e-7,
				"PhiDegree": 171.66384509128952,
				"Power": -66.05561214355072
			}]
	}
}