{
	"SensorDataCollection": {
		"SensorId": 0,
		"SensorDatas": [{
				"Time": 3.402720172339025e-8,
				"TimeDiff": 0.0,
				"PhiDegree": 78.6900675259798,
				"Power": -27.11413582490593
			}, {
				"Time": 4.29035543699396e-7,
				"TimeDiff": 3.950083419760058e-7,
				"PhiDegree": 141.1362925401436,
				"Power": -50.98077149395657
			}]
	}
}