{
	"SensorDataCollection": {
		"SensorId": 0,
		"SensorDatas": [{
				"Time": 3.483556149233191e-8,
				"TimeDiff": 0.0,
				"PhiDegree": 106.69924423399364,
				"Power": -27.351516579873312
			}, {
				"Time": 2.2354334946724992e-7,
				"TimeDiff": 1.88707787974918e-7,
				"PhiDegree": 171.41586795304036,
				"Power": -65.30851659913496
			}, {
				"Time": 1.0380619576894219e-7,
				"TimeDiff": 6.897063427661028e-8,
				"PhiDegree": 264.4664283775614,
				"Power": -66.12080838977909
			}]
	}
}