{
	"SensorDataCollection": {
		"SensorId": 0,
		"SensorDatas": [{
				"Time": 3.0400541798463825e-8,
				"TimeDiff": 0.0,
				"PhiDegree": 2.830982391657757,
				"Power": -25.966592100584393
			}, {
				"Time": 4.543980844311808e-8,
				"TimeDiff": 1.5039266644654256e-8,
				"PhiDegree": 51.3994200138507,
				"Power": -30.369213722155408
			}, {
				"Time": 5.054880992796658e-8,
				"TimeDiff": 2.0148268129502757e-8,
				"PhiDegree": 309.8235968520594,
				"Power": -31.890086260232607
			}, {
				"Time": 1.9820479729852554e-7,
				"TimeDiff": 1.678042555000617e-7,
				"PhiDegree": 160.17078432076883,
				"Power": -62.20977737834963
			}]
	}
}