{
	"SensorDataCollection": {
		"SensorId": 0,
		"SensorDatas": [{
				"Time": 1.0208160517017077e-7,
				"TimeDiff": 0.0,
				"PhiDegree": 191.30993247402017,
				"Power": -37.284202357275504
			}, {
				"Time": 1.1186367455668507e-7,
				"TimeDiff": 9.782069386514303e-9,
				"PhiDegree": 206.51307945738733,
				"Power": -41.99791070290763
			}, {
				"Time": 3.377665235177401e-7,
				"TimeDiff": 2.356849183475693e-7,
				"PhiDegree": 107.23888705390807,
				"Power": -57.58167267329897
			}, {
				"Time": 3.6644620207330847e-7,
				"TimeDiff": 2.643645969031377e-7,
				"PhiDegree": 105.85252295309427,
				"Power": -70.75711261799708
			}]
	}
}