{
	"SensorDataCollection": {
		"SensorId": 0,
		"SensorDatas": [{
				"Time": 3.80435680687993e-8,
				"TimeDiff": 0.0,
				"PhiDegree": 74.74488129694222,
				"Power": -28.23430189024578
			}, {
				"Time": 4.2434415585190967e-7,
				"TimeDiff": 3.8630058778311036e-7,
				"PhiDegree": 141.20439800258873,
				"Power": -50.912376957103334
			}, {
				"Time": 2.438371626823108e-7,
				"TimeDiff": 2.0579359461351148e-7,
				"PhiDegree": 171.34277387170334,
				"Power": -65.92045733293398
			}, {
				"Time": 1.0712777139803578e-7,
				"TimeDiff": 6.908420332923649e-8,
				"PhiDegree": 275.3614884807174,
				"Power": -66.93656077537565
			}]
	}
}