{
	"SensorDataCollection": {
		"SensorId": 0,
		"SensorDatas": [{
				"Time": 3.685441156261451e-8,
				"TimeDiff": 0.0,
				"PhiDegree": 95.1944289077348,
				"Power": -27.917631925107965
			}, {
				"Time": 2.306514088991842e-7,
				"TimeDiff": 1.937969973365697e-7,
				"PhiDegree": 170.84372402743352,
				"Power": -64.49554148614385
			}]
	}
}