{
	"SensorDataCollection": {
		"SensorId": 0,
		"SensorDatas": [{
				"Time": 3.730478768259674e-8,
				"TimeDiff": 0.0,
				"PhiDegree": 79.69515353123397,
				"Power": -28.038972944491718
			}, {
				"Time": 4.2694980604897876e-7,
				"TimeDiff": 3.89645018366382e-7,
				"PhiDegree": 141.48494697366587,
				"Power": -51.080468738551986
			}, {
				"Time": 2.405390612833961e-7,
				"TimeDiff": 2.0323427360079935e-7,
				"PhiDegree": 171.22314134997313,
				"Power": -65.57116132479112
			}]
	}
}