{
	"SensorDataCollection": {
		"SensorId": 0,
		"SensorDatas": [{
				"Time": 4.742258796622651e-8,
				"TimeDiff": 0.0,
				"PhiDegree": 50.71059313749964,
				"Power": -30.375957822678515
			}, {
				"Time": 1.1080590319436478e-7,
				"TimeDiff": 6.338331522813828e-8,
				"PhiDegree": 285.72451998998685,
				"Power": -49.3177540529788
			}, {
				"Time": 2.6364613930412885e-7,
				"TimeDiff": 2.1622355133790233e-7,
				"PhiDegree": 171.9976721435814,
				"Power": -67.92667775660311
			}]
	}
}