{
	"SensorDataCollection": {
		"SensorId": 0,
		"SensorDatas": [{
				"Time": 3.80435680687993e-8,
				"TimeDiff": 0.0,
				"PhiDegree": 105.25511870305778,
				"Power": -28.23430189024578
			}, {
				"Time": 2.240656730022614e-7,
				"TimeDiff": 1.860221049334621e-7,
				"PhiDegree": 170.57218351582645,
				"Power": -63.75416380544962
			}, {
				"Time": 1.0712777139803578e-7,
				"TimeDiff": 6.908420332923649e-8,
				"PhiDegree": 264.6385115192826,
				"Power": -66.93656077537565
			}]
	}
}