{
	"SensorDataCollection": {
		"SensorId": 0,
		"SensorDatas": [{
				"Time": 7.616026170578599e-8,
				"TimeDiff": 0.0,
				"PhiDegree": 28.81079374297306,
				"Power": -34.70385426950257
			}, {
				"Time": 1.258150698302801e-7,
				"TimeDiff": 4.9654808124494105e-8,
				"PhiDegree": 302.03276447066537,
				"Power": -40.96309449668159
			}, {
				"Time": 1.4566076204431608e-7,
				"TimeDiff": 6.950050033853009e-8,
				"PhiDegree": 297.2670666180214,
				"Power": -47.522845678942275
			}, {
				"Time": 3.000353088274071e-7,
				"TimeDiff": 2.2387504712162112e-7,
				"PhiDegree": 172.97345761267925,
				"Power": -71.25671084508849
			}]
	}
}