{
	"SensorDataCollection": {
		"SensorId": 0,
		"SensorDatas": [{
				"Time": 4.180799998993958e-8,
				"TimeDiff": 0.0,
				"PhiDegree": 61.38954033403479,
				"Power": -29.16351583280249
			}, {
				"Time": 4.1658977171381146e-7,
				"TimeDiff": 3.7478177172387186e-7,
				"PhiDegree": 140.34179130881597,
				"Power": -50.43157005028367
			}, {
				"Time": 1.0852168076685522e-7,
				"TimeDiff": 6.671368077691564e-8,
				"PhiDegree": 280.6306933405798,
				"Power": -55.45678985058028
			}, {
				"Time": 2.537375134666034e-7,
				"TimeDiff": 2.1192951347666385e-7,
				"PhiDegree": 171.68300471448174,
				"Power": -66.94215226122225
			}]
	}
}