{
	"SensorDataCollection": {
		"SensorId": 0,
		"SensorDatas": [{
				"Time": 4.180799998993958e-8,
				"TimeDiff": 0.0,
				"PhiDegree": 118.61045966596521,
				"Power": -29.16351583280249
			}, {
				"Time": 1.0852168076685524e-7,
				"TimeDiff": 6.671368077691567e-8,
				"PhiDegree": 259.3693066594202,
				"Power": -55.45678985058028
			}, {
				"Time": 2.1419723052880053e-7,
				"TimeDiff": 1.7238923053886096e-7,
				"PhiDegree": 170.13358135466459,
				"Power": -62.60307852673472
			}, {
				"Time": 3.6000504469691745e-7,
				"TimeDiff": 3.181970447069779e-7,
				"PhiDegree": 291.11841470438367,
				"Power": -68.95277601041327
			}]
	}
}