{
	"SensorDataCollection": {
		"SensorId": 0,
		"SensorDatas": [{
				"Time": 6.20651222945121e-8,
				"TimeDiff": 0.0,
				"PhiDegree": 143.74616226255526,
				"Power": -32.86877357078285
			}, {
				"Time": 1.1781818933737349e-7,
				"TimeDiff": 5.575306704286139e-8,
				"PhiDegree": 244.86174932337917,
				"Power": -43.10868051906888
			}, {
				"Time": 1.8468329642384309e-7,
				"TimeDiff": 1.22618174129331e-7,
				"PhiDegree": 168.53699763626858,
				"Power": -58.83106279541005
			}, {
				"Time": 2.705401458489248e-7,
				"TimeDiff": 2.0847502355441268e-7,
				"PhiDegree": 100.66106725220904,
				"Power": -63.34383298150033
			}]
	}
}