{
	"SensorDataCollection": {
		"SensorId": 0,
		"SensorDatas": [{
				"Time": 4.031679440336185e-8,
				"TimeDiff": 0.0,
				"PhiDegree": 65.55604521958347,
				"Power": -28.807980063929296
			}, {
				"Time": 4.191639453857194e-7,
				"TimeDiff": 3.7884715098235754e-7,
				"PhiDegree": 140.63287061876093,
				"Power": -50.587766039458955
			}, {
				"Time": 1.0795596437560732e-7,
				"TimeDiff": 6.763916997224547e-8,
				"PhiDegree": 278.88995409363747,
				"Power": -58.397058809681425
			}, {
				"Time": 2.504364286071784e-7,
				"TimeDiff": 2.1011963420381654e-7,
				"PhiDegree": 171.57258349551734,
				"Power": -66.60584843549356
			}]
	}
}