{
	"SensorDataCollection": {
		"SensorId": 0,
		"SensorDatas": [{
				"Time": 5.940721554436484e-8,
				"TimeDiff": 0.0,
				"PhiDegree": 141.84277341263095,
				"Power": -32.47067924658937
			}, {
				"Time": 1.1643995702523713e-7,
				"TimeDiff": 5.703274148087229e-8,
				"PhiDegree": 246.34824756988834,
				"Power": -43.79619143937849
			}, {
				"Time": 1.8795455260721813e-7,
				"TimeDiff": 1.2854733706285328e-7,
				"PhiDegree": 168.73913885666937,
				"Power": -59.27626203346246
			}, {
				"Time": 2.699427872147344e-7,
				"TimeDiff": 2.1053557167036954e-7,
				"PhiDegree": 99.96506727699649,
				"Power": -64.44636529677952
			}]
	}
}