{
	"SensorDataCollection": {
		"SensorId": 0,
		"SensorDatas": [{
				"Time": 4.5383232943286e-8,
				"TimeDiff": 0.0,
				"PhiDegree": 53.972626614896384,
				"Power": -29.956700254516285
			}, {
				"Time": 1.0994855235831441e-7,
				"TimeDiff": 6.456531941502841e-8,
				"PhiDegree": 284.05058175078864,
				"Power": -51.02652562896972
			}, {
				"Time": 2.603424028821307e-7,
				"TimeDiff": 2.1495916993884472e-7,
				"PhiDegree": 171.89544449883553,
				"Power": -67.60247256060691
			}]
	}
}