{
	"SensorDataCollection": {
		"SensorId": 0,
		"SensorDatas": [{
				"Time": 7.038653262659904e-8,
				"TimeDiff": 0.0,
				"PhiDegree": 31.42956561483852,
				"Power": -34.00134035902837
			}, {
				"Time": 1.2240633279573298e-7,
				"TimeDiff": 5.201980016913394e-8,
				"PhiDegree": 299.3837871772447,
				"Power": -41.60054460163357
			}, {
				"Time": 4.4443621358049026e-7,
				"TimeDiff": 3.7404968095389123e-7,
				"PhiDegree": 229.07985235108598,
				"Power": -50.61257125772458
			}, {
				"Time": 2.934132802486246e-7,
				"TimeDiff": 2.230267476220256e-7,
				"PhiDegree": 172.814048599777,
				"Power": -70.68117986775981
			}]
	}
}