{
	"SensorDataCollection": {
		"SensorId": 0,
		"SensorDatas": [{
				"Time": 3.905438917345666e-8,
				"TimeDiff": 0.0,
				"PhiDegree": 109.9830999448131,
				"Power": -28.494292903459808
			}, {
				"Time": 1.0749089099554555e-7,
				"TimeDiff": 6.84365018220889e-8,
				"PhiDegree": 262.8674832795852,
				"Power": -62.08596655981427
			}, {
				"Time": 2.207747767426393e-7,
				"TimeDiff": 1.8172038756918265e-7,
				"PhiDegree": 170.43033979613625,
				"Power": -63.37580673973304
			}]
	}
}