{
	"SensorDataCollection": {
		"SensorId": 0,
		"SensorDatas": [{
				"Time": 4.031679440336185e-8,
				"TimeDiff": 0.0,
				"PhiDegree": 114.44395478041653,
				"Power": -28.807980063929296
			}, {
				"Time": 1.0795596437560733e-7,
				"TimeDiff": 6.763916997224548e-8,
				"PhiDegree": 261.11004590636253,
				"Power": -58.397058809681425
			}, {
				"Time": 2.1748527450959255e-7,
				"TimeDiff": 1.771684801062307e-7,
				"PhiDegree": 170.28420433671508,
				"Power": -62.99215844976494
			}]
	}
}