{
	"SensorDataCollection": {
		"SensorId": 0,
		"SensorDatas": [{
				"Time": 4.960274409132142e-8,
				"TimeDiff": 0.0,
				"PhiDegree": 47.72631099390627,
				"Power": -30.800783332628953
			}, {
				"Time": 1.1175633563558518e-7,
				"TimeDiff": 6.215359154426376e-8,
				"PhiDegree": 287.371372891903,
				"Power": -47.858370215256514
			}, {
				"Time": 2.6695069424230253e-7,
				"TimeDiff": 2.173479501509811e-7,
				"PhiDegree": 172.09736916837923,
				"Power": -68.24703370083778
			}, {
				"Time": 2.679558234707988e-7,
				"TimeDiff": 2.183530793794774e-7,
				"PhiDegree": 82.84684265554009,
				"Power": -69.97064263475899
			}]
	}
}