{
	"SensorDataCollection": {
		"SensorId": 0,
		"SensorDatas": [{
				"Time": 3.905438917345666e-8,
				"TimeDiff": 0.0,
				"PhiDegree": 70.01689347810002,
				"Power": -28.49434464540216
			}, {
				"Time": 4.2174880519217085e-7,
				"TimeDiff": 3.8269441601871416e-7,
				"PhiDegree": 140.92038927703453,
				"Power": -50.74808983384341
			}, {
				"Time": 1.0749089099554555e-7,
				"TimeDiff": 6.84365018220889e-8,
				"PhiDegree": 277.1325167204148,
				"Power": -62.08596655981427
			}, {
				"Time": 2.471362987538793e-7,
				"TimeDiff": 2.0808190958042261e-7,
				"PhiDegree": 171.4592128307701,
				"Power": -66.26531765728447
			}]
	}
}