{
	"SensorDataCollection": {
		"SensorId": 0,
		"SensorDatas": [{
				"Time": 4.350448448492781e-8,
				"TimeDiff": 0.0,
				"PhiDegree": 122.47119229084846,
				"Power": -29.54975147568362
			}, {
				"Time": 1.0918647582738336e-7,
				"TimeDiff": 6.568199134245554e-8,
				"PhiDegree": 257.6481911593627,
				"Power": -53.04414486925886
			}, {
				"Time": 2.1091071300161142e-7,
				"TimeDiff": 1.674062285166836e-7,
				"PhiDegree": 169.97826310400987,
				"Power": -62.208421438004706
			}, {
				"Time": 3.612206357156552e-7,
				"TimeDiff": 3.177161512307274e-7,
				"PhiDegree": 291.6121238237365,
				"Power": -68.0097403681628
			}]
	}
}