{
	"SensorDataCollection": {
		"SensorId": 0,
		"SensorDatas": [{
				"Time": 4.742258796622651e-8,
				"TimeDiff": 0.0,
				"PhiDegree": 129.28940686250036,
				"Power": -30.375957822678515
			}, {
				"Time": 1.1080590319436478e-7,
				"TimeDiff": 6.338331522813828e-8,
				"PhiDegree": 254.27548001001315,
				"Power": -49.3177540529788
			}, {
				"Time": 2.043425518803222e-7,
				"TimeDiff": 1.569199639140957e-7,
				"PhiDegree": 169.65264440957864,
				"Power": -61.40176675975721
			}, {
				"Time": 3.637314636525706e-7,
				"TimeDiff": 3.163088756863441e-7,
				"PhiDegree": 292.5894612901606,
				"Power": -66.2413491731141
			}]
	}
}