{
	"SensorDataCollection": {
		"SensorId": 0,
		"SensorDatas": [{
				"Time": 5.1905962550640075e-8,
				"TimeDiff": 0.0,
				"PhiDegree": 45.00000000000001,
				"Power": -31.225989019396415
			}, {
				"Time": 1.1279749678788485e-7,
				"TimeDiff": 6.089153423724477e-8,
				"PhiDegree": 288.9891405613332,
				"Power": -46.60538318372501
			}, {
				"Time": 2.683917287451929e-7,
				"TimeDiff": 2.1648576619455282e-7,
				"PhiDegree": 82.14006847245732,
				"Power": -68.38552608147583
			}, {
				"Time": 2.702560376714407e-7,
				"TimeDiff": 2.183500751208006e-7,
				"PhiDegree": 172.1946278097537,
				"Power": -68.56362729052165
			}]
	}
}