{
	"SensorDataCollection": {
		"SensorId": 0,
		"SensorDatas": [{
				"Time": 4.350448448492781e-8,
				"TimeDiff": 0.0,
				"PhiDegree": 57.528807709151494,
				"Power": -29.54975147568362
			}, {
				"Time": 1.0918647582738336e-7,
				"TimeDiff": 6.568199134245554e-8,
				"PhiDegree": 282.3518088406373,
				"Power": -53.04414486925886
			}, {
				"Time": 2.5703951653754693e-7,
				"TimeDiff": 2.135350320526191e-7,
				"PhiDegree": 171.7905893194647,
				"Power": -67.27432832693219
			}]
	}
}