{
	"SensorDataCollection": {
		"SensorId": 0,
		"SensorDatas": [{
				"Time": 5.682095975061668e-8,
				"TimeDiff": 0.0,
				"PhiDegree": 40.23635830927382,
				"Power": -32.06325446599975
			}, {
				"Time": 1.151419463110019e-7,
				"TimeDiff": 5.832098656038522e-8,
				"PhiDegree": 292.13069549403116,
				"Power": -44.596744040943804
			}, {
				"Time": 2.6938543497655166e-7,
				"TimeDiff": 2.1256447522593497e-7,
				"PhiDegree": 80.73391622450143,
				"Power": -65.64399335667034
			}, {
				"Time": 2.7686897703704733e-7,
				"TimeDiff": 2.2004801728643064e-7,
				"PhiDegree": 172.38217714092545,
				"Power": -69.18586123346967
			}]
	}
}