{
	"SensorDataCollection": {
		"SensorId": 0,
		"SensorDatas": [{
				"Time": 4.180799998993958e-8,
				"TimeDiff": 0.0,
				"PhiDegree": 208.61045966596524,
				"Power": -29.16351583280249
			}, {
				"Time": 6.197367533367781e-8,
				"TimeDiff": 2.0165675343738234e-8,
				"PhiDegree": 233.6841384321476,
				"Power": -33.77929811368158
			}, {
				"Time": 4.4328717130819326e-7,
				"TimeDiff": 4.014791713182537e-7,
				"PhiDegree": 46.696393014106725,
				"Power": -50.15114054648194
			}, {
				"Time": 5.649715359131917e-7,
				"TimeDiff": 5.231635359232521e-7,
				"PhiDegree": 110.03417636450732,
				"Power": -66.95341152486093
			}]
	}
}