{
	"SensorDataCollection": {
		"SensorId": 0,
		"SensorDatas": [{
				"Time": 4.337634139513124e-8,
				"TimeDiff": 0.0,
				"PhiDegree": 112.61986494804043,
				"Power": -29.521220519083013
			}, {
				"Time": 1.1125371779811209e-7,
				"TimeDiff": 6.787737640298085e-8,
				"PhiDegree": 261.3755994796037,
				"Power": -59.168730433051394
			}, {
				"Time": 2.1807317054231327e-7,
				"TimeDiff": 1.7469682914718204e-7,
				"PhiDegree": 169.4200879776674,
				"Power": -61.597850923607666
			}, {
				"Time": 3.5569544864614177e-7,
				"TimeDiff": 3.123191072510105e-7,
				"PhiDegree": 290.8106897743781,
				"Power": -69.47145643340625
			}]
	}
}