{
	"SensorDataCollection": {
		"SensorId": 0,
		"SensorDatas": [{
				"Time": 4.63541071768549e-8,
				"TimeDiff": 0.0,
				"PhiDegree": 120.25643716352927,
				"Power": -30.159076045861063
			}, {
				"Time": 1.1244814797602641e-7,
				"TimeDiff": 6.60940407991715e-8,
				"PhiDegree": 258.01187295714584,
				"Power": -53.7873739280534
			}, {
				"Time": 2.1151688334672513e-7,
				"TimeDiff": 1.6516277616987022e-7,
				"PhiDegree": 169.08818728502635,
				"Power": -60.82151552164811
			}, {
				"Time": 3.581206734493563e-7,
				"TimeDiff": 3.1176656627250143e-7,
				"PhiDegree": 291.8087450844279,
				"Power": -67.55690705154898
			}]
	}
}