{
	"SensorDataCollection": {
		"SensorId": 0,
		"SensorDatas": [{
				"Time": 4.127197782114872e-8,
				"TimeDiff": 0.0,
				"PhiDegree": 75.96375685279737,
				"Power": -29.037507107390486
			}, {
				"Time": 4.2226161095751854e-7,
				"TimeDiff": 3.8098963313636983e-7,
				"PhiDegree": 141.55726088523815,
				"Power": -51.01503811799003
			}, {
				"Time": 2.4436166840735007e-7,
				"TimeDiff": 2.0308969058620134e-7,
				"PhiDegree": 170.56931756679393,
				"Power": -64.50223092094805
			}, {
				"Time": 1.10450255247982e-7,
				"TimeDiff": 6.917827742683328e-8,
				"PhiDegree": 275.1997569109343,
				"Power": -67.72790807432943
			}]
	}
}