{
	"SensorDataCollection": {
		"SensorId": 0,
		"SensorDatas": [{
				"Time": 4.0591997559958135e-8,
				"TimeDiff": 0.0,
				"PhiDegree": 80.53767779197439,
				"Power": -28.874780532251748
			}, {
				"Time": 4.248800329128559e-7,
				"TimeDiff": 3.842880353528978e-7,
				"PhiDegree": 141.83701144130046,
				"Power": -51.18992272498264
			}, {
				"Time": 2.410707429053999e-7,
				"TimeDiff": 2.0047874534544175e-7,
				"PhiDegree": 170.43937668937784,
				"Power": -64.15550574313161
			}]
	}
}