{
	"SensorDataCollection": {
		"SensorId": 0,
		"SensorDatas": [{
				"Time": 6.15246319826348e-8,
				"TimeDiff": 0.0,
				"PhiDegree": 139.39870535499554,
				"Power": -32.7894085581105
			}, {
				"Time": 1.1950382032250535e-7,
				"TimeDiff": 5.7979188339870554e-8,
				"PhiDegree": 246.9900406890528,
				"Power": -44.38905361358442
			}, {
				"Time": 1.886345061955621e-7,
				"TimeDiff": 1.271098742129273e-7,
				"PhiDegree": 167.7451296651333,
				"Power": -57.92154438446697
			}, {
				"Time": 2.666571091346119e-7,
				"TimeDiff": 2.0513247715197708e-7,
				"PhiDegree": 100.08913112444272,
				"Power": -64.13390215358811
			}]
	}
}