{
	"SensorDataCollection": {
		"SensorId": 0,
		"SensorDatas": [{
				"Time": 4.220554934574167e-8,
				"TimeDiff": 0.0,
				"PhiDegree": 108.434960847236,
				"Power": -29.25565309036143
			}, {
				"Time": 2.2135393632738106e-7,
				"TimeDiff": 1.7914838698163938e-7,
				"PhiDegree": 169.57866274316885,
				"Power": -61.97804075141349
			}, {
				"Time": 1.108024870057113e-7,
				"TimeDiff": 6.859693765996964e-8,
				"PhiDegree": 263.08171392520813,
				"Power": -62.86863330011181
			}]
	}
}