{
	"SensorDataCollection": {
		"SensorId": 0,
		"SensorDatas": [{
				"Time": 4.476574521911608e-8,
				"TimeDiff": 0.0,
				"PhiDegree": 63.434948822921996,
				"Power": -29.82523865179564
			}, {
				"Time": 4.144682658290433e-7,
				"TimeDiff": 3.697025206099272e-7,
				"PhiDegree": 140.696897644039,
				"Power": -50.513251124901785
			}, {
				"Time": 1.1180274896485237e-7,
				"TimeDiff": 6.703700374573628e-8,
				"PhiDegree": 280.3152464756105,
				"Power": -56.215269726958695
			}, {
				"Time": 2.5424159538139855e-7,
				"TimeDiff": 2.0947585016228246e-7,
				"PhiDegree": 170.93894788914656,
				"Power": -65.5168000388643
			}]
	}
}