{
	"SensorDataCollection": {
		"SensorId": 0,
		"SensorDatas": [{
				"Time": 4.812173016682365e-8,
				"TimeDiff": 0.0,
				"PhiDegree": 56.30993247402021,
				"Power": -30.51470638205938
			}, {
				"Time": 4.093262659720912e-7,
				"TimeDiff": 3.6120453580526757e-7,
				"PhiDegree": 140.10520799414618,
				"Power": -50.199431891799335
			}, {
				"Time": 1.131882663765267e-7,
				"TimeDiff": 6.506653620970306e-8,
				"PhiDegree": 283.6405244626254,
				"Power": -51.75259856087537
			}, {
				"Time": 2.6083372063501614e-7,
				"TimeDiff": 2.1271199046819248e-7,
				"PhiDegree": 171.16980531027193,
				"Power": -66.17281064943018
			}]
	}
}