{
	"SensorDataCollection": {
		"SensorId": 0,
		"SensorDatas": [{
				"Time": 4.220554934574167e-8,
				"TimeDiff": 0.0,
				"PhiDegree": 71.56505117707799,
				"Power": -29.255711153487283
			}, {
				"Time": 4.1965338097505256e-7,
				"TimeDiff": 3.774478316293109e-7,
				"PhiDegree": 141.27402609506893,
				"Power": -50.843858642029815
			}, {
				"Time": 1.108024870057113e-7,
				"TimeDiff": 6.859693765996964e-8,
				"PhiDegree": 276.91828607479187,
				"Power": -62.86863330011181
			}, {
				"Time": 2.476538173411238e-7,
				"TimeDiff": 2.054482679953821e-7,
				"PhiDegree": 170.69580438125206,
				"Power": -64.84462160681139
			}]
	}
}