{
	"SensorDataCollection": {
		"SensorId": 0,
		"SensorDatas": [{
				"Time": 4.812173016682365e-8,
				"TimeDiff": 0.0,
				"PhiDegree": 123.69006752597977,
				"Power": -30.51470638205938
			}, {
				"Time": 1.131882663765267e-7,
				"TimeDiff": 6.506653620970306e-8,
				"PhiDegree": 256.3594755373746,
				"Power": -51.75259856087537
			}, {
				"Time": 2.0824152705043443e-7,
				"TimeDiff": 1.6011979688361078e-7,
				"PhiDegree": 168.91440268124853,
				"Power": -60.4250936887625
			}, {
				"Time": 3.5937361974184704e-7,
				"TimeDiff": 3.112518895750234e-7,
				"PhiDegree": 292.302646354737,
				"Power": -66.66039691925616
			}]
	}
}