{
	"SensorDataCollection": {
		"SensorId": 0,
		"SensorDatas": [{
				"Time": 4.127197782114872e-8,
				"TimeDiff": 0.0,
				"PhiDegree": 104.03624346792648,
				"Power": -29.037510178265585
			}, {
				"Time": 2.24636348126968e-7,
				"TimeDiff": 1.8336437030581928e-7,
				"PhiDegree": 169.73260443438318,
				"Power": -62.353088669464285
			}, {
				"Time": 1.10450255247982e-7,
				"TimeDiff": 6.917827742683328e-8,
				"PhiDegree": 264.8002430890657,
				"Power": -67.72790807432943
			}]
	}
}