{
	"SensorDataCollection": {
		"SensorId": 0,
		"SensorDatas": [{
				"Time": 5.004962468668989e-8,
				"TimeDiff": 0.0,
				"PhiDegree": 126.86989764584402,
				"Power": -30.88510008615826
			}, {
				"Time": 1.1402125969464421e-7,
				"TimeDiff": 6.397163500795433e-8,
				"PhiDegree": 254.7298818631857,
				"Power": -50.02493187159729
			}, {
				"Time": 2.04968147746976e-7,
				"TimeDiff": 1.5491852306028612e-7,
				"PhiDegree": 168.73506563874787,
				"Power": -60.02297713763531
			}, {
				"Time": 3.6065308363556186e-7,
				"TimeDiff": 3.1060345894887197e-7,
				"PhiDegree": 292.79307949647466,
				"Power": -65.80202004728724
			}]
	}
}