{
	"SensorDataCollection": {
		"SensorId": 0,
		"SensorDatas": [{
				"Time": 4.337634139513124e-8,
				"TimeDiff": 0.0,
				"PhiDegree": 67.38013505195957,
				"Power": -29.521220519083013
			}, {
				"Time": 4.170555341847069e-7,
				"TimeDiff": 3.7367919278957566e-7,
				"PhiDegree": 140.98725567432155,
				"Power": -50.676541850780225
			}, {
				"Time": 1.1125371779811209e-7,
				"TimeDiff": 6.787737640298085e-8,
				"PhiDegree": 278.6244005203963,
				"Power": -59.168730433051394
			}, {
				"Time": 2.5094714155650865e-7,
				"TimeDiff": 2.0757080016137742e-7,
				"PhiDegree": 170.81897186393556,
				"Power": -65.18277873901647
			}]
	}
}