{
	"SensorDataCollection": {
		"SensorId": 0,
		"SensorDatas": [{
				"Time": 4.0178485953188936e-8,
				"TimeDiff": 0.0,
				"PhiDegree": 85.23635830927381,
				"Power": -28.77419986125796
			}, {
				"Time": 4.2750845956842196e-7,
				"TimeDiff": 3.8732997361523303e-7,
				"PhiDegree": 142.11332856760535,
				"Power": -51.36836051950989
			}, {
				"Time": 2.377810916327112e-7,
				"TimeDiff": 1.9760260567952228e-7,
				"PhiDegree": 170.30583969991784,
				"Power": -63.80434179545122
			}]
	}
}