{
	"SensorDataCollection": {
		"SensorId": 0,
		"SensorDatas": [{
				"Time": 3.89115938537534e-8,
				"TimeDiff": 0.0,
				"PhiDegree": 210.96375653207352,
				"Power": -28.458101372487306
			}, {
				"Time": 6.005780305209954e-8,
				"TimeDiff": 2.1146209198346132e-8,
				"PhiDegree": 236.24989808804423,
				"Power": -34.0712549743492
			}, {
				"Time": 4.455822703906123e-7,
				"TimeDiff": 4.066706765368589e-7,
				"PhiDegree": 46.3841616871259,
				"Power": -50.165431452034284
			}, {
				"Time": 5.661279852468804e-7,
				"TimeDiff": 5.27216391393127e-7,
				"PhiDegree": 110.43739538339402,
				"Power": -66.91544112028518
			}]
	}
}