{
	"SensorDataCollection": {
		"SensorId": 0,
		"SensorDatas": [{
				"Time": 5.662468641888008e-8,
				"TimeDiff": 0.0,
				"PhiDegree": 45.0,
				"Power": -32.031464619076004
			}, {
				"Time": 1.1705655830884269e-7,
				"TimeDiff": 6.043187188996262e-8,
				"PhiDegree": 290.00208297670036,
				"Power": -46.16834426369974
			}, {
				"Time": 2.6556936687702923e-7,
				"TimeDiff": 2.0894468045814916e-7,
				"PhiDegree": 81.32849046189229,
				"Power": -66.63425970147605
			}, {
				"Time": 2.740297576470405e-7,
				"TimeDiff": 2.1740507122816045e-7,
				"PhiDegree": 171.59818175791213,
				"Power": -67.4391714589334
			}]
	}
}