{
	"SensorDataCollection": {
		"SensorId": 0,
		"SensorDatas": [{
				"Time": 6.13434102871201e-8,
				"TimeDiff": 0.0,
				"PhiDegree": 135.0,
				"Power": -32.76262125602992
			}, {
				"Time": 1.213496317031884e-7,
				"TimeDiff": 6.000622141606831e-8,
				"PhiDegree": 249.0563685588278,
				"Power": -45.82299830942985
			}, {
				"Time": 1.9262026525576014e-7,
				"TimeDiff": 1.3127685496864006e-7,
				"PhiDegree": 166.98589277360642,
				"Power": -57.127508256303216
			}, {
				"Time": 2.628014267426806e-7,
				"TimeDiff": 2.0145801645556048e-7,
				"PhiDegree": 99.50035259719809,
				"Power": -65.01094646870311
			}]
	}
}