{
	"SensorDataCollection": {
		"SensorId": 0,
		"SensorDatas": [{
				"Time": 5.212000866512925e-8,
				"TimeDiff": 0.0,
				"PhiDegree": 50.1944289077348,
				"Power": -31.264362800828135
			}, {
				"Time": 1.1494510878818694e-7,
				"TimeDiff": 6.282510012305769e-8,
				"PhiDegree": 286.87479823342625,
				"Power": -48.54508911702305
			}, {
				"Time": 2.6742987162677126e-7,
				"TimeDiff": 2.15309862961642e-7,
				"PhiDegree": 171.3892779646097,
				"Power": -66.8133752760667
			}, {
				"Time": 2.646454776010405e-7,
				"TimeDiff": 2.1252546893591122e-7,
				"PhiDegree": 82.75688994259919,
				"Power": -69.6501635215794
			}]
	}
}