{
	"SensorDataCollection": {
		"SensorId": 0,
		"SensorDatas": [{
				"Time": 6.623044559796871e-8,
				"TimeDiff": 0.0,
				"PhiDegree": 139.08561677997488,
				"Power": -33.455471802709205
			}, {
				"Time": 1.2389185224602549e-7,
				"TimeDiff": 5.7661406648056775e-8,
				"PhiDegree": 246.17287956138242,
				"Power": -44.23748757617946
			}, {
				"Time": 1.8612445432196663e-7,
				"TimeDiff": 1.1989400872399792e-7,
				"PhiDegree": 166.52328341205137,
				"Power": -56.266609062850904
			}, {
				"Time": 2.6398493865453775e-7,
				"TimeDiff": 1.9775449305656904e-7,
				"PhiDegree": 100.92901723475335,
				"Power": -62.720168014331136
			}]
	}
}