{
	"SensorDataCollection": {
		"SensorId": 0,
		"SensorDatas": [{
				"Time": 5.004962468668989e-8,
				"TimeDiff": 0.0,
				"PhiDegree": 53.13010235415597,
				"Power": -30.88510008615826
			}, {
				"Time": 1.1402125969464421e-7,
				"TimeDiff": 6.397163500795433e-8,
				"PhiDegree": 285.2701181368143,
				"Power": -50.02493187159729
			}, {
				"Time": 2.6413131175957946e-7,
				"TimeDiff": 2.1408168707288957e-7,
				"PhiDegree": 171.28091185919908,
				"Power": -66.49498036524884
			}]
	}
}