{
	"SensorDataCollection": {
		"SensorId": 0,
		"SensorDatas": [{
				"Time": 6.943101501149975e-8,
				"TimeDiff": 0.0,
				"PhiDegree": 35.21759296819272,
				"Power": -33.87904192920356
			}, {
				"Time": 1.2376004434631592e-7,
				"TimeDiff": 5.432902933481617e-8,
				"PhiDegree": 297.27938058480714,
				"Power": -42.53604724960623
			}, {
				"Time": 4.397295757630236e-7,
				"TimeDiff": 3.702985607515239e-7,
				"PhiDegree": 229.12359613067488,
				"Power": -50.53156867425403
			}, {
				"Time": 2.905441427426978e-7,
				"TimeDiff": 2.2111312773119806e-7,
				"PhiDegree": 172.0788974055095,
				"Power": -68.94313373511082
			}]
	}
}