{
	"SensorDataCollection": {
		"SensorId": 0,
		"SensorDatas": [{
				"Time": 7.498169525648395e-8,
				"TimeDiff": 0.0,
				"PhiDegree": 32.27564431457763,
				"Power": -34.56524529220578
			}, {
				"Time": 1.2695722647652323e-7,
				"TimeDiff": 5.1975531220039275e-8,
				"PhiDegree": 299.9570578637843,
				"Power": -41.71153043056184
			}, {
				"Time": 1.4117355707818495e-7,
				"TimeDiff": 6.6191861821701e-8,
				"PhiDegree": 296.6837510409202,
				"Power": -47.766007929711165
			}, {
				"Time": 2.971551777928485e-7,
				"TimeDiff": 2.2217348253636452e-7,
				"PhiDegree": 172.2562176301605,
				"Power": -69.5220093038752
			}]
	}
}