{
	"SensorDataCollection": {
		"SensorId": 0,
		"SensorDatas": [{
				"Time": 5.431659074511651e-8,
				"TimeDiff": 0.0,
				"PhiDegree": 47.489552921999156,
				"Power": -31.647728908291835
			}, {
				"Time": 1.1595764209937806e-7,
				"TimeDiff": 6.164105135426154e-8,
				"PhiDegree": 288.452674863808,
				"Power": -47.270259782581405
			}, {
				"Time": 2.7072936482718534e-7,
				"TimeDiff": 2.1641277408206883e-7,
				"PhiDegree": 171.49500303351385,
				"Power": -67.12807871723784
			}, {
				"Time": 2.650868264203299e-7,
				"TimeDiff": 2.107702356752134e-7,
				"PhiDegree": 82.04144565833072,
				"Power": -68.06682104216301
			}]
	}
}