{
	"SensorDataCollection": {
		"SensorId": 0,
		"SensorDatas": [{
				"Time": 3.609129762511774e-8,
				"TimeDiff": 0.0,
				"PhiDegree": 213.69006752597974,
				"Power": -27.70799175560785
			}, {
				"Time": 5.8270141028404476e-8,
				"TimeDiff": 2.2178843403286735e-8,
				"PhiDegree": 238.9788520552213,
				"Power": -34.58924771788165
			}, {
				"Time": 4.478904659416525e-7,
				"TimeDiff": 4.117991683165348e-7,
				"PhiDegree": 46.075139418855535,
				"Power": -50.18616984125144
			}, {
				"Time": 5.673017022028208e-7,
				"TimeDiff": 5.31210404577703e-7,
				"PhiDegree": 110.7531757045659,
				"Power": -66.49581361582997
			}]
	}
}