{
	"SensorDataCollection": {
		"SensorId": 0,
		"SensorDatas": [{
				"Time": 6.374644913567636e-8,
				"TimeDiff": 0.0,
				"PhiDegree": 137.12109639666147,
				"Power": -33.11075821237551
			}, {
				"Time": 1.2258192732312905e-7,
				"TimeDiff": 5.883547818745269e-8,
				"PhiDegree": 247.59967550357496,
				"Power": -44.974398084559525
			}, {
				"Time": 1.8937081708767133e-7,
				"TimeDiff": 1.25624367951995e-7,
				"PhiDegree": 166.7585551966771,
				"Power": -56.700246968026505
			}, {
				"Time": 2.633727125002549e-7,
				"TimeDiff": 1.9962626336457854e-7,
				"PhiDegree": 100.21628986376793,
				"Power": -63.8178623828386
			}]
	}
}