{
	"SensorDataCollection": {
		"SensorId": 0,
		"SensorDatas": [{
				"Time": 3.336641645779326e-8,
				"TimeDiff": 0.0,
				"PhiDegree": 216.86989764584402,
				"Power": -26.915304664344077
			}, {
				"Time": 5.662283389623142e-8,
				"TimeDiff": 2.325641743843816e-8,
				"PhiDegree": 241.87349230984137,
				"Power": -35.38993149644716
			}, {
				"Time": 4.502115565279874e-7,
				"TimeDiff": 4.168451400701941e-7,
				"PhiDegree": 45.769294692654334,
				"Power": -50.21315382773153
			}]
	}
}