{
	"SensorDataCollection": {
		"SensorId": 0,
		"SensorDatas": [{
				"Time": 4.350448448492781e-8,
				"TimeDiff": 0.0,
				"PhiDegree": 85.60129464500446,
				"Power": -29.54975147568362
			}, {
				"Time": 2.3836563715194467e-7,
				"TimeDiff": 1.9486115266701686e-7,
				"PhiDegree": 169.51524084404974,
				"Power": -62.52048777473138
			}]
	}
}