{
	"SensorDataCollection": {
		"SensorId": 0,
		"SensorDatas": [{
				"Time": 4.5383232943286e-8,
				"TimeDiff": 0.0,
				"PhiDegree": 72.89727103094762,
				"Power": -29.956700254516285
			}, {
				"Time": 4.175741036049844e-7,
				"TimeDiff": 3.721908706616984e-7,
				"PhiDegree": 141.63119844656225,
				"Power": -50.949597239559296
			}, {
				"Time": 2.4821511372283403e-7,
				"TimeDiff": 2.0283188077954805e-7,
				"PhiDegree": 169.93571412164079,
				"Power": -63.552454241616175
			}, {
				"Time": 1.1411554215456401e-7,
				"TimeDiff": 6.873230921127801e-8,
				"PhiDegree": 276.71649202910044,
				"Power": -63.62903670703605
			}]
	}
}