{
	"SensorDataCollection": {
		"SensorId": 0,
		"SensorDatas": [{
				"Time": 5.682095975061668e-8,
				"TimeDiff": 0.0,
				"PhiDegree": 49.76364169072618,
				"Power": -32.06325446599975
			}, {
				"Time": 1.1912741328437681e-7,
				"TimeDiff": 6.230645353376013e-8,
				"PhiDegree": 287.944715405459,
				"Power": -47.92237062877949
			}, {
				"Time": 2.7124291403931627e-7,
				"TimeDiff": 2.144219542886996e-7,
				"PhiDegree": 170.79792386216508,
				"Power": -65.8198959529143
			}, {
				"Time": 2.617827293373567e-7,
				"TimeDiff": 2.0496176958674003e-7,
				"PhiDegree": 81.94033299779551,
				"Power": -67.74430498658835
			}]
	}
}