{
	"SensorDataCollection": {
		"SensorId": 0,
		"SensorDatas": [{
				"Time": 4.5383232943286e-8,
				"TimeDiff": 0.0,
				"PhiDegree": 107.10272896905235,
				"Power": -29.956700254516285
			}, {
				"Time": 2.2198174376383973e-7,
				"TimeDiff": 1.7659851082055372e-7,
				"PhiDegree": 168.73161679723978,
				"Power": -60.71055411451593
			}, {
				"Time": 1.1411554215456401e-7,
				"TimeDiff": 6.873230921127801e-8,
				"PhiDegree": 263.28350797089956,
				"Power": -63.62903670703605
			}]
	}
}