{
	"SensorDataCollection": {
		"SensorId": 0,
		"SensorDatas": [{
				"Time": 4.647404038423709e-8,
				"TimeDiff": 0.0,
				"PhiDegree": 111.03751102542185,
				"Power": -30.183719596602895
			}, {
				"Time": 1.1455372345969911e-7,
				"TimeDiff": 6.807968307546202e-8,
				"PhiDegree": 261.6258583079009,
				"Power": -59.91907288609471
			}, {
				"Time": 2.1871039560840628e-7,
				"TimeDiff": 1.722363552241692e-7,
				"PhiDegree": 168.56081238889908,
				"Power": -60.3340821027177
			}, {
				"Time": 3.5257848435138977e-7,
				"TimeDiff": 3.061044439671527e-7,
				"PhiDegree": 291.0033311820164,
				"Power": -69.00324310756518
			}]
	}
}