{
	"SensorDataCollection": {
		"SensorId": 0,
		"SensorDatas": [{
				"Time": 4.350448448492781e-8,
				"TimeDiff": 0.0,
				"PhiDegree": 94.39870535499553,
				"Power": -29.54975147568362
			}, {
				"Time": 2.3180695620677872e-7,
				"TimeDiff": 1.883024717218509e-7,
				"PhiDegree": 169.21508487317334,
				"Power": -61.81054420855568
			}]
	}
}