{
	"SensorDataCollection": {
		"SensorId": 0,
		"SensorDatas": [{
				"Time": 4.388666884962188e-8,
				"TimeDiff": 0.0,
				"PhiDegree": 81.2538377374448,
				"Power": -29.634242242627327
			}, {
				"Time": 2.416473308807075e-7,
				"TimeDiff": 1.977606620310856e-7,
				"PhiDegree": 169.6592068392572,
				"Power": -62.86876831858817
			}]
	}
}