{
	"SensorDataCollection": {
		"SensorId": 0,
		"SensorDatas": [{
				"Time": 5.093162427271792e-8,
				"TimeDiff": 0.0,
				"PhiDegree": 121.60750224624888,
				"Power": -31.048908598325752
			}, {
				"Time": 1.164334551574539e-7,
				"TimeDiff": 6.550183088473598e-8,
				"PhiDegree": 256.74669382851675,
				"Power": -52.46111210381302
			}, {
				"Time": 2.0890874329502232e-7,
				"TimeDiff": 1.579771190223044e-7,
				"PhiDegree": 168.01632620317685,
				"Power": -59.17353338240663
			}, {
				"Time": 3.562888350851046e-7,
				"TimeDiff": 3.0535721081238667e-7,
				"PhiDegree": 292.50627619106086,
				"Power": -66.2125988093656
			}]
	}
}