{
	"SensorDataCollection": {
		"SensorId": 0,
		"SensorDatas": [{
				"Time": 4.451635194036138e-8,
				"TimeDiff": 0.0,
				"PhiDegree": 77.00538284257999,
				"Power": -29.771515349985048
			}, {
				"Time": 4.201952402469028e-7,
				"TimeDiff": 3.756788883065414e-7,
				"PhiDegree": 141.9136079032715,
				"Power": -51.12771792549505
			}, {
				"Time": 2.4493050937690965e-7,
				"TimeDiff": 2.0041415743654826e-7,
				"PhiDegree": 169.79931410622592,
				"Power": -63.21272434781385
			}, {
				"Time": 1.1377356775158123e-7,
				"TimeDiff": 6.925721581121985e-8,
				"PhiDegree": 275.0474725063183,
				"Power": -68.49624763821747
			}]
	}
}