{
	"SensorDataCollection": {
		"SensorId": 0,
		"SensorDatas": [{
				"Time": 4.777343803654431e-8,
				"TimeDiff": 0.0,
				"PhiDegree": 114.77514056883193,
				"Power": -30.44589151467846
			}, {
				"Time": 1.1508701278023101e-7,
				"TimeDiff": 6.73135747436867e-8,
				"PhiDegree": 259.982205026373,
				"Power": -56.95352834066895
			}, {
				"Time": 2.1544105013873486e-7,
				"TimeDiff": 1.6766761210219054e-7,
				"PhiDegree": 168.3848224192842,
				"Power": -59.952505676056035
			}, {
				"Time": 3.537881240688712e-7,
				"TimeDiff": 3.060146860323269e-7,
				"PhiDegree": 291.50780264451885,
				"Power": -68.03181404194737
			}]
	}
}