{
	"SensorDataCollection": {
		"SensorId": 0,
		"SensorDatas": [{
				"Time": 4.388666884962188e-8,
				"TimeDiff": 0.0,
				"PhiDegree": 98.74616226255519,
				"Power": -29.634242242627327
			}, {
				"Time": 2.2853010406458034e-7,
				"TimeDiff": 1.8464343521495844e-7,
				"PhiDegree": 169.05854831689152,
				"Power": -61.448668717286154
			}]
	}
}