{
	"SensorDataCollection": {
		"SensorId": 0,
		"SensorDatas": [{
				"Time": 5.093162427271792e-8,
				"TimeDiff": 0.0,
				"PhiDegree": 58.3924977537511,
				"Power": -31.048908598325752
			}, {
				"Time": 4.0719425812794657e-7,
				"TimeDiff": 3.5626263385522864e-7,
				"PhiDegree": 140.46541759564087,
				"Power": -50.27636299753928
			}, {
				"Time": 1.164334551574539e-7,
				"TimeDiff": 6.550183088473598e-8,
				"PhiDegree": 283.25330617148325,
				"Power": -52.46111210381302
			}, {
				"Time": 2.613667141338284e-7,
				"TimeDiff": 2.1043508986111047e-7,
				"PhiDegree": 170.44701009477185,
				"Power": -64.87097816635024
			}]
	}
}