{
	"SensorDataCollection": {
		"SensorId": 0,
		"SensorDatas": [{
				"Time": 4.647404038423709e-8,
				"TimeDiff": 0.0,
				"PhiDegree": 68.96248897457818,
				"Power": -30.183719596602895
			}, {
				"Time": 4.1496323985602013e-7,
				"TimeDiff": 3.6848919947178305e-7,
				"PhiDegree": 141.34522824413125,
				"Power": -50.775236142230625
			}, {
				"Time": 1.1455372345969911e-7,
				"TimeDiff": 6.807968307546202e-8,
				"PhiDegree": 278.3741416920991,
				"Power": -59.91907288609471
			}, {
				"Time": 2.5150108805369233e-7,
				"TimeDiff": 2.0502704766945525e-7,
				"PhiDegree": 170.06855061903246,
				"Power": -63.88805341161404
			}]
	}
}