{
	"SensorDataCollection": {
		"SensorId": 0,
		"SensorDatas": [{
				"Time": 5.4724991914680746e-8,
				"TimeDiff": 0.0,
				"PhiDegree": 52.43140797117252,
				"Power": -31.716998024494103
			}, {
				"Time": 1.1814204953744196e-7,
				"TimeDiff": 6.341705762276121e-8,
				"PhiDegree": 286.40506462594493,
				"Power": -49.21736638231582
			}, {
				"Time": 2.67949744681946e-7,
				"TimeDiff": 2.1322475276726524e-7,
				"PhiDegree": 170.6838270120772,
				"Power": -65.50723191381371
			}, {
				"Time": 2.6133580055628894e-7,
				"TimeDiff": 2.0661080864160818e-7,
				"PhiDegree": 82.66465859225912,
				"Power": -69.32580608168317
			}]
	}
}