{
	"SensorDataCollection": {
		"SensorId": 0,
		"SensorDatas": [{
				"Time": 7.14072495082665e-8,
				"TimeDiff": 0.0,
				"PhiDegree": 37.40535663140856,
				"Power": -34.12999259152539
			}, {
				"Time": 1.267348192533581e-7,
				"TimeDiff": 5.5327569745091595e-8,
				"PhiDegree": 296.58798783698694,
				"Power": -43.048477060043965
			}, {
				"Time": 4.3721211698747766e-7,
				"TimeDiff": 3.6580486747921115e-7,
				"PhiDegree": 228.8374389385153,
				"Power": -50.40889489419584
			}, {
				"Time": 2.910227281826935e-7,
				"TimeDiff": 2.1961547867442697e-7,
				"PhiDegree": 171.42824201998508,
				"Power": -67.6241258493533
			}]
	}
}