{
	"SensorDataCollection": {
		"SensorId": 0,
		"SensorDatas": [{
				"Time": 4.9264923515337714e-8,
				"TimeDiff": 0.0,
				"PhiDegree": 118.30075576600636,
				"Power": -30.73643862134741
			}, {
				"Time": 1.1571409515619776e-7,
				"TimeDiff": 6.644917164086005e-8,
				"PhiDegree": 258.3550386236365,
				"Power": -54.511645015911455
			}, {
				"Time": 2.1217379993185034e-7,
				"TimeDiff": 1.6290887641651264e-7,
				"PhiDegree": 168.20341057825246,
				"Power": -59.56569923857758
			}, {
				"Time": 3.550250022065538e-7,
				"TimeDiff": 3.0576007869121607e-7,
				"PhiDegree": 292.0087976476239,
				"Power": -67.10222605492584
			}]
	}
}