{
	"SensorDataCollection": {
		"SensorId": 0,
		"SensorDatas": [{
				"Time": 4.9264923515337714e-8,
				"TimeDiff": 0.0,
				"PhiDegree": 61.69924423399362,
				"Power": -30.73643862134741
			}, {
				"Time": 4.097731157082368e-7,
				"TimeDiff": 3.605081921928991e-7,
				"PhiDegree": 140.76239198653494,
				"Power": -50.438447589355945
			}, {
				"Time": 1.1571409515619776e-7,
				"TimeDiff": 6.644917164086005e-8,
				"PhiDegree": 281.6449613763635,
				"Power": -54.511645015911455
			}, {
				"Time": 2.5807693732786083e-7,
				"TimeDiff": 2.088120138125231e-7,
				"PhiDegree": 170.3240721422336,
				"Power": -64.54722695768149
			}]
	}
}