{
	"SensorDataCollection": {
		"SensorId": 0,
		"SensorDatas": [{
				"Time": 4.671298304091056e-8,
				"TimeDiff": 0.0,
				"PhiDegree": 90.0,
				"Power": -30.23258858928316
			}, {
				"Time": 2.3572395630192757e-7,
				"TimeDiff": 1.8901097326101702e-7,
				"PhiDegree": 168.5701414935457,
				"Power": -60.99818042194488
			}]
	}
}