{
	"SensorDataCollection": {
		"SensorId": 0,
		"SensorDatas": [{
				"Time": 1.0147999389989534e-7,
				"TimeDiff": 0.0,
				"PhiDegree": 27.40757543781841,
				"Power": -37.2324473006148
			}, {
				"Time": 1.4740334015394242e-7,
				"TimeDiff": 4.5923346254047076e-8,
				"PhiDegree": 307.3819715550567,
				"Power": -38.495294959878464
			}, {
				"Time": 1.0279706340754526e-7,
				"TimeDiff": 1.3170695076499236e-9,
				"PhiDegree": 28.79123937071687,
				"Power": -40.30662990756112
			}, {
				"Time": 3.2451807706734977e-7,
				"TimeDiff": 2.2303808316745444e-7,
				"PhiDegree": 171.718817717339,
				"Power": -69.11790115843785
			}]
	}
}