{
	"SensorDataCollection": {
		"SensorId": 0,
		"SensorDatas": [{
				"Time": 8.984182582435088e-8,
				"TimeDiff": 0.0,
				"PhiDegree": 31.328692867804172,
				"Power": -36.163555403613834
			}, {
				"Time": 9.132688952737353e-8,
				"TimeDiff": 1.4850637030226488e-9,
				"PhiDegree": 32.8272934679009,
				"Power": -37.95393478915949
			}, {
				"Time": 1.3964637193306908e-7,
				"TimeDiff": 4.9804546108718197e-8,
				"PhiDegree": 303.0949954509184,
				"Power": -39.36703213669587
			}, {
				"Time": 3.1131643514440154e-7,
				"TimeDiff": 2.2147460932005066e-7,
				"PhiDegree": 171.3641433036491,
				"Power": -68.04395853753859
			}]
	}
}