{
	"SensorDataCollection": {
		"SensorId": 0,
		"SensorDatas": [{
				"Time": 1.6745225085187932e-7,
				"TimeDiff": 0.0,
				"PhiDegree": 315.4992912792459,
				"Power": -38.646514626309155
			}, {
				"Time": 1.2888250769109306e-7,
				"TimeDiff": -3.856974316078626e-8,
				"PhiDegree": 21.25050550713324,
				"Power": -39.319926702432205
			}, {
				"Time": 1.2992208385042455e-7,
				"TimeDiff": -3.753016700145477e-8,
				"PhiDegree": 22.399824157470114,
				"Power": -45.47918776215451
			}, {
				"Time": 3.5426148266614766e-7,
				"TimeDiff": 1.8680923181426834e-7,
				"PhiDegree": 172.4196593843595,
				"Power": -71.38621878191928
			}]
	}
}