{
	"SensorDataCollection": {
		"SensorId": 0,
		"SensorDatas": [{
				"Time": 8.118399511991627e-8,
				"TimeDiff": 0.0,
				"PhiDegree": 189.46232220802563,
				"Power": -35.26995876333011
			}, {
				"Time": 9.806804489932988e-8,
				"TimeDiff": 1.6884049779413606e-8,
				"PhiDegree": 215.25712719218077,
				"Power": -37.979361604686986
			}, {
				"Time": 4.095707644331049e-7,
				"TimeDiff": 3.283867693131886e-7,
				"PhiDegree": 50.47472233070959,
				"Power": -50.33002056411709
			}, {
				"Time": 3.259111783302037e-7,
				"TimeDiff": 2.447271832102874e-7,
				"PhiDegree": 104.22375356853397,
				"Power": -60.26948353044274
			}]
	}
}