{
	"SensorDataCollection": {
		"SensorId": 0,
		"SensorDatas": [{
				"Time": 8.700896896985562e-8,
				"TimeDiff": 0.0,
				"PhiDegree": 32.47119229084849,
				"Power": -35.881525233078236
			}, {
				"Time": 8.854155953273797e-8,
				"TimeDiff": 1.532590562882351e-9,
				"PhiDegree": 33.99787457633463,
				"Power": -37.38101136101932
			}, {
				"Time": 1.37840909050301e-7,
				"TimeDiff": 5.083194008044539e-8,
				"PhiDegree": 301.9523691538564,
				"Power": -39.708332237908316
			}, {
				"Time": 3.0801797640764757e-7,
				"TimeDiff": 2.2100900743779193e-7,
				"PhiDegree": 171.27069700247174,
				"Power": -67.76854308972804
			}]
	}
}