{
	"SensorDataCollection": {
		"SensorId": 0,
		"SensorDatas": [{
				"Time": 1.1349487360893336e-7,
				"TimeDiff": 0.0,
				"PhiDegree": 24.30454926593672,
				"Power": -38.210849797454244
			}, {
				"Time": 1.5591870273358425e-7,
				"TimeDiff": 4.242382912465089e-8,
				"PhiDegree": 311.2367066687864,
				"Power": -38.269632441241434
			}, {
				"Time": 1.1467403114393356e-7,
				"TimeDiff": 1.1791575350001979e-9,
				"PhiDegree": 25.577881995119903,
				"Power": -42.65509049978694
			}, {
				"Time": 3.3773111135203044e-7,
				"TimeDiff": 2.242362377430971e-7,
				"PhiDegree": 172.04561159219813,
				"Power": -70.15006248345001
			}]
	}
}