{
	"SensorDataCollection": {
		"SensorId": 0,
		"SensorDatas": [{
				"Time": 9.560511861191586e-8,
				"TimeDiff": 0.0,
				"PhiDegree": 29.248826336546966,
				"Power": -36.70974383678369
			}, {
				"Time": 1.4342208418306633e-7,
				"TimeDiff": 4.781696557115047e-8,
				"PhiDegree": 305.2943922130658,
				"Power": -38.83880953692128
			}, {
				"Time": 9.700198857802136e-8,
				"TimeDiff": 1.396869966105501e-9,
				"PhiDegree": 30.689978388731763,
				"Power": -39.12360727058578
			}, {
				"Time": 3.1791574333046953e-7,
				"TimeDiff": 2.2231062471855366e-7,
				"PhiDegree": 171.5451832993914,
				"Power": -68.58636174217264
			}]
	}
}