{
	"SensorDataCollection": {
		"SensorId": 0,
		"SensorDatas": [{
				"Time": 6.374644913567636e-8,
				"TimeDiff": 0.0,
				"PhiDegree": 132.87890360333853,
				"Power": -33.11075821237551
			}, {
				"Time": 1.2447154415376808e-7,
				"TimeDiff": 6.072509501809172e-8,
				"PhiDegree": 249.60538231066823,
				"Power": -46.42210188565021
			}, {
				"Time": 1.9339897202144801e-7,
				"TimeDiff": 1.2965252288577167e-7,
				"PhiDegree": 166.02273435812907,
				"Power": -56.01533472968106
			}, {
				"Time": 2.5951113288382605e-7,
				"TimeDiff": 1.9576468374814968e-7,
				"PhiDegree": 99.62194368129049,
				"Power": -64.68885221524991
			}]
	}
}