{
	"SensorDataCollection": {
		"SensorId": 0,
		"SensorDatas": [{
				"Time": 6.60621341553601e-8,
				"TimeDiff": 0.0,
				"PhiDegree": 135.0,
				"Power": -33.432573301439426
			}, {
				"Time": 1.2567323142092295e-7,
				"TimeDiff": 5.961109726556284e-8,
				"PhiDegree": 248.17938175330247,
				"Power": -45.55197437810743
			}, {
				"Time": 1.90162830637866e-7,
				"TimeDiff": 1.241006964825059e-7,
				"PhiDegree": 165.77991052771276,
				"Power": -55.59411284429977
			}, {
				"Time": 2.6008964585773164e-7,
				"TimeDiff": 1.9402751170237155e-7,
				"PhiDegree": 100.34665946437744,
				"Power": -63.49816924613593
			}]
	}
}