{
	"SensorDataCollection": {
		"SensorId": 0,
		"SensorDatas": [{
				"Time": 4.960274409132142e-8,
				"TimeDiff": 0.0,
				"PhiDegree": 70.3461759419467,
				"Power": -30.800783332628953
			}, {
				"Time": 4.128873074150659e-7,
				"TimeDiff": 3.6328456332374445e-7,
				"PhiDegree": 141.70681470696118,
				"Power": -50.88417135543794
			}, {
				"Time": 1.1785579216994463e-7,
				"TimeDiff": 6.825304807862321e-8,
				"PhiDegree": 278.1379020053896,
				"Power": -60.64918379635097
			}, {
				"Time": 2.5209798310169904e-7,
				"TimeDiff": 2.0249523901037762e-7,
				"PhiDegree": 169.32155528409348,
				"Power": -62.703613590431644
			}]
	}
}