{
	"SensorDataCollection": {
		"SensorId": 0,
		"SensorDatas": [{
				"Time": 7.3481909842418e-8,
				"TimeDiff": 0.0,
				"PhiDegree": 39.472459848343824,
				"Power": -34.38541880832664
			}, {
				"Time": 7.529035899357458e-8,
				"TimeDiff": 1.808449151156576e-9,
				"PhiDegree": 41.11522093031508,
				"Power": -34.8192988793777
			}, {
				"Time": 1.2972720069709866e-7,
				"TimeDiff": 5.6245290854680654e-8,
				"PhiDegree": 295.79788578658474,
				"Power": -42.32936759757812
			}, {
				"Time": 2.915387180301294e-7,
				"TimeDiff": 2.1805680818771142e-7,
				"PhiDegree": 170.77980642004724,
				"Power": -66.41366963978254
			}]
	}
}