{
	"SensorDataCollection": {
		"SensorId": 0,
		"SensorDatas": [{
				"Time": 8.421302779194139e-8,
				"TimeDiff": 0.0,
				"PhiDegree": 33.690067525979785,
				"Power": -35.593554374012626
			}, {
				"Time": 8.579557758520177e-8,
				"TimeDiff": 1.5825497932603843e-9,
				"PhiDegree": 35.243935558065694,
				"Power": -36.82094160522507
			}, {
				"Time": 1.3609331201974015e-7,
				"TimeDiff": 5.188028422779876e-8,
				"PhiDegree": 300.7806654307778,
				"Power": -40.105578562610816
			}, {
				"Time": 3.0472034908166296e-7,
				"TimeDiff": 2.2050732128972156e-7,
				"PhiDegree": 171.17521507713735,
				"Power": -67.49024025242858
			}]
	}
}