{
	"SensorDataCollection": {
		"SensorId": 0,
		"SensorDatas": [{
				"Time": 1.747719120643796e-7,
				"TimeDiff": 0.0,
				"PhiDegree": 317.78866050972323,
				"Power": -39.12498686512984
			}, {
				"Time": 1.382594145800682e-7,
				"TimeDiff": -3.651249748431142e-8,
				"PhiDegree": 19.74683660542612,
				"Power": -39.931723405970715
			}, {
				"Time": 1.3922899411873688e-7,
				"TimeDiff": -3.554291794564273e-8,
				"PhiDegree": 20.829894955755314,
				"Power": -47.09334399248297
			}, {
				"Time": 3.6418639606058523e-7,
				"TimeDiff": 1.8941448399620562e-7,
				"PhiDegree": 172.62772178198725,
				"Power": -72.10115593792985
			}]
	}
}