{
	"SensorDataCollection": {
		"SensorId": 0,
		"SensorDatas": [{
				"Time": 9.852984703067543e-8,
				"TimeDiff": 0.0,
				"PhiDegree": 28.30075576600638,
				"Power": -36.973989256188425
			}, {
				"Time": 1.4538805412586125e-7,
				"TimeDiff": 4.685820709518582e-8,
				"PhiDegree": 306.3519427064939,
				"Power": -38.64548797298084
			}, {
				"Time": 9.988582401512432e-8,
				"TimeDiff": 1.355976984448897e-9,
				"PhiDegree": 29.713070358288853,
				"Power": -39.71457808421353
			}, {
				"Time": 3.212165436632356e-7,
				"TimeDiff": 2.2268669663256018e-7,
				"PhiDegree": 171.63289759080808,
				"Power": -68.85346228584156
			}]
	}
}