{
	"SensorDataCollection": {
		"SensorId": 0,
		"SensorDatas": [{
				"Time": 1.6507513657369465e-7,
				"TimeDiff": 0.0,
				"PhiDegree": 314.6930737823494,
				"Power": -38.524219183780744
			}, {
				"Time": 1.2577855615409124e-7,
				"TimeDiff": -3.9296580419603416e-8,
				"PhiDegree": 21.801409486351815,
				"Power": -39.10744051496185
			}, {
				"Time": 1.268435740252535e-7,
				"TimeDiff": -3.823156254844115e-8,
				"PhiDegree": 22.974169305371426,
				"Power": -44.9271262987034
			}, {
				"Time": 3.50954251271843e-7,
				"TimeDiff": 1.8587911469814836e-7,
				"PhiDegree": 172.34768049101461,
				"Power": -71.14355547898492
			}]
	}
}