{
	"SensorDataCollection": {
		"SensorId": 0,
		"SensorDatas": [{
				"Time": 4.960274409132142e-8,
				"TimeDiff": 0.0,
				"PhiDegree": 109.6538125691334,
				"Power": -30.800719581933087
			}, {
				"Time": 2.1939651988793942e-7,
				"TimeDiff": 1.69793775796618e-7,
				"PhiDegree": 167.7067201379456,
				"Power": -59.182721949543705
			}, {
				"Time": 1.1785579216994463e-7,
				"TimeDiff": 6.825304807862321e-8,
				"PhiDegree": 261.86209799461034,
				"Power": -60.64918379635097
			}, {
				"Time": 3.4946557687762467e-7,
				"TimeDiff": 2.9986283278630327e-7,
				"PhiDegree": 291.19940679316517,
				"Power": -68.5328709784566
			}]
	}
}