{
	"SensorDataCollection": {
		"SensorId": 0,
		"SensorDatas": [{
				"Time": 1.0744815046721781e-7,
				"TimeDiff": 0.0,
				"PhiDegree": 25.76932762433871,
				"Power": -37.73246492975548
			}, {
				"Time": 1.5157394421681432e-7,
				"TimeDiff": 4.412579374959651e-8,
				"PhiDegree": 309.36137954335805,
				"Power": -38.3128149979254
			}, {
				"Time": 1.0869292581450719e-7,
				"TimeDiff": 1.2447753472893714e-9,
				"PhiDegree": 27.096790584467364,
				"Power": -41.48728657435559
			}, {
				"Time": 3.311232553738782e-7,
				"TimeDiff": 2.236751049066604e-7,
				"PhiDegree": 171.88549069027783,
				"Power": -69.63900139815787
			}]
	}
}