{
	"SensorDataCollection": {
		"SensorId": 0,
		"SensorDatas": [{
				"Time": 7.60871361375986e-8,
				"TimeDiff": 0.0,
				"PhiDegree": 37.8749836510982,
				"Power": -34.695321510324256
			}, {
				"Time": 7.783507801058305e-8,
				"TimeDiff": 1.7479418729844564e-9,
				"PhiDegree": 39.49989586689615,
				"Power": -35.269929667695294
			}, {
				"Time": 1.3122045500697488e-7,
				"TimeDiff": 5.5133318869376284e-8,
				"PhiDegree": 297.0883694035306,
				"Power": -41.669891936606945
			}, {
				"Time": 2.9483273450667596e-7,
				"TimeDiff": 2.1874559836907736e-7,
				"PhiDegree": 170.88370224553526,
				"Power": -66.70135354340727
			}]
	}
}