{
	"SensorDataCollection": {
		"SensorId": 0,
		"SensorDatas": [{
				"Time": 8.447701912221861e-8,
				"TimeDiff": 0.0,
				"PhiDegree": 189.0902769208223,
				"Power": -35.62117181489231
			}, {
				"Time": 1.008110466492739e-7,
				"TimeDiff": 1.633402752705529e-8,
				"PhiDegree": 214.16238460939942,
				"Power": -38.46825289416894
			}, {
				"Time": 4.07455392168898e-7,
				"TimeDiff": 3.229783730466794e-7,
				"PhiDegree": 50.83663439242658,
				"Power": -50.41673076718635
			}, {
				"Time": 3.267470303717034e-7,
				"TimeDiff": 2.422700112494848e-7,
				"PhiDegree": 104.79091328210737,
				"Power": -59.67156917669911
			}]
	}
}