{
	"SensorDataCollection": {
		"SensorId": 0,
		"SensorDatas": [{
				"Time": 1.6986164449587254e-7,
				"TimeDiff": 0.0,
				"PhiDegree": 316.2835606367941,
				"Power": -38.788508966294216
			}, {
				"Time": 1.3199781340698842e-7,
				"TimeDiff": -3.7863831088884114e-8,
				"PhiDegree": 20.72555886556054,
				"Power": -39.52804218108386
			}, {
				"Time": 1.3301304382472504e-7,
				"TimeDiff": -3.68486006711475e-8,
				"PhiDegree": 21.852119371318086,
				"Power": -46.02433370801438
			}, {
				"Time": 3.575692605227682e-7,
				"TimeDiff": 1.8770761602689566e-7,
				"PhiDegree": 172.490301587056,
				"Power": -71.62668059859934
			}]
	}
}