{
	"SensorDataCollection": {
		"SensorId": 0,
		"SensorDatas": [{
				"Time": 8.145780363795715e-8,
				"TimeDiff": 0.0,
				"PhiDegree": 34.992020198558656,
				"Power": -35.299731788900395
			}, {
				"Time": 8.30928447991286e-8,
				"TimeDiff": 1.6350411611714482e-9,
				"PhiDegree": 36.57171969042761,
				"Power": -36.2784084553044
			}, {
				"Time": 1.3440583804335304e-7,
				"TimeDiff": 5.2948034405395894e-8,
				"PhiDegree": 299.5795896418511,
				"Power": -40.562339546808474
			}, {
				"Time": 3.014235804537921e-7,
				"TimeDiff": 2.1996577681583496e-7,
				"PhiDegree": 171.07763047878132,
				"Power": -67.20898906490837
			}]
	}
}