{
	"SensorDataCollection": {
		"SensorId": 0,
		"SensorDatas": [{
				"Time": 1.7230196337032368e-7,
				"TimeDiff": 0.0,
				"PhiDegree": 317.04648402215247,
				"Power": -38.948523291534705
			}, {
				"Time": 1.351236879849433e-7,
				"TimeDiff": -3.7178275385380386e-8,
				"PhiDegree": 20.22485943116808,
				"Power": -39.73192851012337
			}, {
				"Time": 1.361156057839967e-7,
				"TimeDiff": -3.618635758632698e-8,
				"PhiDegree": 21.32933691476015,
				"Power": -46.56241756532097
			}, {
				"Time": 3.6087756981520204e-7,
				"TimeDiff": 1.8857560644487836e-7,
				"PhiDegree": 172.55964389855853,
				"Power": -71.86498023183071
			}]
	}
}