{
	"SensorDataCollection": {
		"SensorId": 0,
		"SensorDatas": [{
				"Time": 4.777343803654431e-8,
				"TimeDiff": 0.0,
				"PhiDegree": 77.90524292298791,
				"Power": -30.44589151467846
			}, {
				"Time": 2.455433774618771e-7,
				"TimeDiff": 1.9776993942533277e-7,
				"PhiDegree": 169.0330166077566,
				"Power": -62.033868050760034
			}, {
				"Time": 1.1709763835555184e-7,
				"TimeDiff": 6.932420031900753e-8,
				"PhiDegree": 274.9038329811172,
				"Power": -69.24286189616559
			}]
	}
}