{
	"SensorDataCollection": {
		"SensorId": 0,
		"SensorDatas": [{
				"Time": 1.1046249367859875e-7,
				"TimeDiff": 0.0,
				"PhiDegree": 25.016893478100027,
				"Power": -37.97428984927387
			}, {
				"Time": 1.5372546320083256e-7,
				"TimeDiff": 4.326296952223381e-8,
				"PhiDegree": 310.31178294942424,
				"Power": -38.27509259190254
			}, {
				"Time": 1.1167367457456817e-7,
				"TimeDiff": 1.2111808959694167e-9,
				"PhiDegree": 26.316999163646965,
				"Power": -42.07329457148329
			}, {
				"Time": 3.344268585726388e-7,
				"TimeDiff": 2.2396436489404005e-7,
				"PhiDegree": 171.96634582825916,
				"Power": -69.89576274135565
			}]
	}
}