{
	"SensorDataCollection": {
		"SensorId": 0,
		"SensorDatas": [{
				"Time": 4.718723868240007e-8,
				"TimeDiff": 0.0,
				"PhiDegree": 98.13010235415598,
				"Power": -30.32869612075617
			}, {
				"Time": 2.2918683263992577e-7,
				"TimeDiff": 1.819995939575257e-7,
				"PhiDegree": 168.23953694713046,
				"Power": -60.28590256644101
			}, {
				"Time": 5.7896209822241e-7,
				"TimeDiff": 5.3177485954001e-7,
				"PhiDegree": 247.19796384939542,
				"Power": -69.89727109422543
			}]
	}
}