{
	"SensorDataCollection": {
		"SensorId": 0,
		"SensorDatas": [{
				"Time": 5.380172992395999e-8,
				"TimeDiff": 0.0,
				"PhiDegree": 119.7448812969422,
				"Power": -31.559528366857972
			}, {
				"Time": 1.1968367336202038e-7,
				"TimeDiff": 6.588194343806039e-8,
				"PhiDegree": 257.112896925571,
				"Power": -53.152764392866956
			}, {
				"Time": 2.0962695155170041e-7,
				"TimeDiff": 1.5582522162774042e-7,
				"PhiDegree": 167.1241855937765,
				"Power": -58.03519228173272
			}, {
				"Time": 3.5320862928471686e-7,
				"TimeDiff": 2.9940689936075687e-7,
				"PhiDegree": 292.7134602480872,
				"Power": -65.76315528212191
			}]
	}
}