{
	"SensorDataCollection": {
		"SensorId": 0,
		"SensorDatas": [{
				"Time": 4.858223568484659e-8,
				"TimeDiff": 0.0,
				"PhiDegree": 105.94539590092285,
				"Power": -30.604778268325372
			}, {
				"Time": 2.226577875489389e-7,
				"TimeDiff": 1.740755518640923e-7,
				"PhiDegree": 167.88953138588454,
				"Power": -59.5552263092636
			}, {
				"Time": 1.1742993294196347e-7,
				"TimeDiff": 6.884769725711687e-8,
				"PhiDegree": 263.47391323210456,
				"Power": -64.36837674213317
			}, {
				"Time": 3.482728910964904e-7,
				"TimeDiff": 2.9969065541164377e-7,
				"PhiDegree": 290.6876226592583,
				"Power": -69.54134911817954
			}]
	}
}