{
	"SensorDataCollection": {
		"SensorId": 0,
		"SensorDatas": [{
				"Time": 5.222670275563543e-8,
				"TimeDiff": 0.0,
				"PhiDegree": 63.434948822921996,
				"Power": -31.28342111710832
			}, {
				"Time": 4.0767075508294e-7,
				"TimeDiff": 3.554440523273046e-7,
				"PhiDegree": 141.12560675207365,
				"Power": -50.532872179908026
			}, {
				"Time": 1.1898396533710565e-7,
				"TimeDiff": 6.675726258147022e-8,
				"PhiDegree": 281.3206460882793,
				"Power": -55.21780191197713
			}, {
				"Time": 2.586586580269101e-7,
				"TimeDiff": 2.0643195527127466e-7,
				"PhiDegree": 169.59546349987747,
				"Power": -63.357619371247694
			}]
	}
}