{
	"SensorDataCollection": {
		"SensorId": 0,
		"SensorDatas": [{
				"Time": 4.777343803654431e-8,
				"TimeDiff": 0.0,
				"PhiDegree": 102.09475707701212,
				"Power": -30.44589151467846
			}, {
				"Time": 2.2592125647752253e-7,
				"TimeDiff": 1.7814781844097823e-7,
				"PhiDegree": 168.06706292207335,
				"Power": -59.9229168750621
			}, {
				"Time": 1.1709763835555179e-7,
				"TimeDiff": 6.932420031900747e-8,
				"PhiDegree": 265.0961670188828,
				"Power": -69.24286189616558
			}]
	}
}