{
	"SensorDataCollection": {
		"SensorId": 0,
		"SensorDatas": [{
				"Time": 1.0445340551127086e-7,
				"TimeDiff": 0.0,
				"PhiDegree": 26.565051177077986,
				"Power": -37.485230073565454
			}, {
				"Time": 1.4946594745800142e-7,
				"TimeDiff": 4.501254194673056e-8,
				"PhiDegree": 308.38495058214045,
				"Power": -38.38533042081831
			}, {
				"Time": 1.0573344317761564e-7,
				"TimeDiff": 1.2800376663447764e-9,
				"PhiDegree": 27.920394558112232,
				"Power": -40.89800998080898
			}, {
				"Time": 3.2782032139415967e-7,
				"TimeDiff": 2.233669158828888e-7,
				"PhiDegree": 171.80299802488463,
				"Power": -69.37973062071732
			}]
	}
}