{
	"SensorDataCollection": {
		"SensorId": 0,
		"SensorDatas": [{
				"Time": 1.6273171623636206e-7,
				"TimeDiff": 0.0,
				"PhiDegree": 313.864305179543,
				"Power": -38.423414255803436
			}, {
				"Time": 1.226868205742402e-7,
				"TimeDiff": -4.004489566212187e-8,
				"PhiDegree": 22.380135051959574,
				"Power": -38.89043860954167
			}, {
				"Time": 1.2377844330055173e-7,
				"TimeDiff": -3.895327293581034e-8,
				"PhiDegree": 23.57702262631235,
				"Power": -44.36835748873423
			}, {
				"Time": 3.4764758193562527e-7,
				"TimeDiff": 1.849158656992632e-7,
				"PhiDegree": 172.27432670776673,
				"Power": -70.8986503014845
			}]
	}
}