{
	"SensorDataCollection": {
		"SensorId": 0,
		"SensorDatas": [{
				"Time": 5.082221141966336e-8,
				"TimeDiff": 0.0,
				"PhiDegree": 66.80140948635182,
				"Power": -31.028772323853914
			}, {
				"Time": 4.1027375422966853e-7,
				"TimeDiff": 3.5945154281000515e-7,
				"PhiDegree": 141.4180582085984,
				"Power": -50.70653077731279
			}, {
				"Time": 1.1837420622838836e-7,
				"TimeDiff": 6.7551994808725e-8,
				"PhiDegree": 279.7368564099029,
				"Power": -57.672543645459655
			}, {
				"Time": 2.553775911285893e-7,
				"TimeDiff": 2.045553797089259e-7,
				"PhiDegree": 169.46026857242515,
				"Power": -63.032541331542475
			}]
	}
}