{
	"SensorDataCollection": {
		"SensorId": 0,
		"SensorDatas": [{
				"Time": 7.460957536519348e-8,
				"TimeDiff": 0.0,
				"PhiDegree": 190.30484646876604,
				"Power": -34.52099258592634
			}, {
				"Time": 9.269891640640077e-8,
				"TimeDiff": 1.8089341041207296e-8,
				"PhiDegree": 217.63875624992798,
				"Power": -37.04565784369248
			}, {
				"Time": 4.138497784036702e-7,
				"TimeDiff": 3.392402030384767e-7,
				"PhiDegree": 49.76206836564452,
				"Power": -50.18617141879088
			}, {
				"Time": 3.243360045279058e-7,
				"TimeDiff": 2.497264291627123e-7,
				"PhiDegree": 103.08094480764744,
				"Power": -61.57062215671928
			}]
	}
}