{
	"SensorDataCollection": {
		"SensorId": 0,
		"SensorDatas": [{
				"Time": 7.874757045203602e-8,
				"TimeDiff": 0.0,
				"PhiDegree": 36.38435181583589,
				"Power": -35.00022877333066
			}, {
				"Time": 8.043772084905477e-8,
				"TimeDiff": 1.690150397018754e-9,
				"PhiDegree": 37.98796332936684,
				"Power": -35.75910051370147
			}, {
				"Time": 1.3278077940242117e-7,
				"TimeDiff": 5.4033208950385146e-8,
				"PhiDegree": 298.34889106494074,
				"Power": -41.08240751849131
			}, {
				"Time": 2.9812769901111424e-7,
				"TimeDiff": 2.193801285590782e-7,
				"PhiDegree": 170.97787318792123,
				"Power": -66.9247265951171
			}]
	}
}