{
	"SensorDataCollection": {
		"SensorId": 0,
		"SensorDatas": [{
				"Time": 6.623044559796871e-8,
				"TimeDiff": 0.0,
				"PhiDegree": 130.91438322002512,
				"Power": -33.455471802709205
			}, {
				"Time": 1.276043253518159e-7,
				"TimeDiff": 6.137387975384719e-8,
				"PhiDegree": 250.12748466811698,
				"Power": -47.011789992169355
			}, {
				"Time": 1.9423188339109252e-7,
				"TimeDiff": 1.280014377931238e-7,
				"PhiDegree": 165.06756838939987,
				"Power": -55.003436848051535
			}, {
				"Time": 2.5622203776851403e-7,
				"TimeDiff": 1.8999159217054532e-7,
				"PhiDegree": 99.74665704281304,
				"Power": -64.36293375481188
			}]
	}
}