{
	"SensorDataCollection": {
		"SensorId": 0,
		"SensorDatas": [{
				"Time": 2.831234320944004e-8,
				"TimeDiff": 0.0,
				"PhiDegree": 225.0,
				"Power": -25.239782912702402
			}, {
				"Time": 5.379978019671124e-8,
				"TimeDiff": 2.54874369872712e-8,
				"PhiDegree": 248.15371993653906,
				"Power": -38.16642599941899
			}, {
				"Time": 4.5489163214553917e-7,
				"TimeDiff": 4.265792889360991e-7,
				"PhiDegree": 45.16701142565126,
				"Power": -50.28508203766452
			}]
	}
}