{
	"SensorDataCollection": {
		"SensorId": 0,
		"SensorDatas": [{
				"Time": 5.049255035317501e-8,
				"TimeDiff": 0.0,
				"PhiDegree": 97.59464336859143,
				"Power": -30.967788299878677
			}, {
				"Time": 2.2989011810475773e-7,
				"TimeDiff": 1.7939756775158273e-7,
				"PhiDegree": 167.4253711191056,
				"Power": -59.22043413774435
			}]
	}
}