{
	"SensorDataCollection": {
		"SensorId": 0,
		"SensorDatas": [{
				"Time": 4.480861686470454e-7,
				"TimeDiff": 0.0,
				"PhiDegree": 28.85262605990216,
				"Power": -58.91096634928449
			}, {
				"Time": 4.103999783596837e-7,
				"TimeDiff": -3.768619028736171e-8,
				"PhiDegree": 343.00644221844635,
				"Power": -69.20401428500807
			}, {
				"Time": 6.727071279204817e-7,
				"TimeDiff": 2.2462095927343626e-7,
				"PhiDegree": 157.95193136986046,
				"Power": -72.57973593747809
			}, {
				"Time": 3.956409360938807e-7,
				"TimeDiff": -5.24452325531647e-8,
				"PhiDegree": 7.267363086348806,
				"Power": -73.06954427129234
			}]
	}
}