{
	"SensorDataCollection": {
		"SensorId": 0,
		"SensorDatas": [{
				"Time": 5.5231246839299377e-8,
				"TimeDiff": 0.0,
				"PhiDegree": 64.98310652189998,
				"Power": -31.802029927645187
			}, {
				"Time": 4.05584946832963e-7,
				"TimeDiff": 3.503536999936636e-7,
				"PhiDegree": 141.49257221270685,
				"Power": -50.63776573559417
			}, {
				"Time": 1.2225744374806064e-7,
				"TimeDiff": 6.702619690876127e-8,
				"PhiDegree": 281.0136886705687,
				"Power": -55.90664293551988
			}, {
				"Time": 2.5928201541753746e-7,
				"TimeDiff": 2.040507685782381e-7,
				"PhiDegree": 168.87024142990842,
				"Power": -62.26362500357337
			}]
	}
}