{
	"SensorDataCollection": {
		"SensorId": 0,
		"SensorDatas": [{
				"Time": 5.672290797824854e-8,
				"TimeDiff": 0.0,
				"PhiDegree": 118.07248693585296,
				"Power": -32.04738921988833
			}, {
				"Time": 1.22938522090903e-7,
				"TimeDiff": 6.621561411265445e-8,
				"PhiDegree": 257.45972281256843,
				"Power": -53.828226282082184
			}, {
				"Time": 2.1039562962085755e-7,
				"TimeDiff": 1.53672721642609e-7,
				"PhiDegree": 166.23835033280784,
				"Power": -56.99561866657655
			}, {
				"Time": 3.5013312318462684e-7,
				"TimeDiff": 2.934102152063783e-7,
				"PhiDegree": 292.9242868370171,
				"Power": -65.312105690728
			}]
	}
}