{
	"SensorDataCollection": {
		"SensorId": 0,
		"SensorDatas": [{
				"Time": 5.016072276942256e-8,
				"TimeDiff": 0.0,
				"PhiDegree": 93.81407483429037,
				"Power": -30.905922389718953
			}, {
				"Time": 2.3314785627215828e-7,
				"TimeDiff": 1.829871335027357e-7,
				"PhiDegree": 167.60388911238653,
				"Power": -59.57511743742138
			}]
	}
}