{
	"SensorDataCollection": {
		"SensorId": 0,
		"SensorDatas": [{
				"Time": 5.275693668217708e-8,
				"TimeDiff": 0.0,
				"PhiDegree": 108.43495424381744,
				"Power": -31.377388098049796
			}, {
				"Time": 2.2013108614104715e-7,
				"TimeDiff": 1.6737414945887008e-7,
				"PhiDegree": 166.85814046503162,
				"Power": -58.12935333635336
			}, {
				"Time": 1.211597552509654e-7,
				"TimeDiff": 6.840281856878832e-8,
				"PhiDegree": 262.08545704276855,
				"Power": -61.36008257890215
			}, {
				"Time": 3.4635683560779256e-7,
				"TimeDiff": 2.9359989892561546e-7,
				"PhiDegree": 291.3990045477963,
				"Power": -68.06036317002017
			}]
	}
}