{
	"SensorDataCollection": {
		"SensorId": 0,
		"SensorDatas": [{
				"Time": 7.132925139704943e-8,
				"TimeDiff": 0.0,
				"PhiDegree": 190.7842978675626,
				"Power": -34.120232705659475
			}, {
				"Time": 9.007975616979583e-8,
				"TimeDiff": 1.8750504772746392e-8,
				"PhiDegree": 218.9349096722692,
				"Power": -36.60906885029965
			}, {
				"Time": 4.1601292362186104e-7,
				"TimeDiff": 3.446836722248116e-7,
				"PhiDegree": 49.41126613061158,
				"Power": -50.12840242538843
			}, {
				"Time": 3.2359715264787904e-7,
				"TimeDiff": 2.522679012508296e-7,
				"PhiDegree": 102.5054828279915,
				"Power": -62.27971316666003
			}]
	}
}