{
	"SensorDataCollection": {
		"SensorId": 0,
		"SensorDatas": [{
				"Time": 5.1040802585085384e-8,
				"TimeDiff": 0.0,
				"PhiDegree": 78.6900675259798,
				"Power": -31.068950480052496
			}, {
				"Time": 2.4619994387100083e-7,
				"TimeDiff": 1.9515914128591546e-7,
				"PhiDegree": 168.2706704588258,
				"Power": -60.95130843063656
			}, {
				"Time": 1.2042240428141373e-7,
				"TimeDiff": 6.938160169632834e-8,
				"PhiDegree": 274.7681241858008,
				"Power": -69.96893042348549
			}]
	}
}