{
	"SensorDataCollection": {
		"SensorId": 0,
		"SensorDatas": [{
				"Time": 5.275693668217708e-8,
				"TimeDiff": 0.0,
				"PhiDegree": 71.565051177078,
				"Power": -31.377456667019512
			}, {
				"Time": 4.1082798489400185e-7,
				"TimeDiff": 3.5807104821182475e-7,
				"PhiDegree": 142.07204082536765,
				"Power": -51.00368108194567
			}, {
				"Time": 1.2115975525096537e-7,
				"TimeDiff": 6.84028185687883e-8,
				"PhiDegree": 277.9145429572314,
				"Power": -61.36008257890214
			}, {
				"Time": 2.5273752240346634e-7,
				"TimeDiff": 1.9998058572128926e-7,
				"PhiDegree": 168.57821458117536,
				"Power": -61.61511696043988
			}]
	}
}