{
	"SensorDataCollection": {
		"SensorId": 0,
		"SensorDatas": [{
				"Time": 6.673283291558652e-8,
				"TimeDiff": 0.0,
				"PhiDegree": 126.86989764584402,
				"Power": -33.52343830942306
			}, {
				"Time": 1.2967844582310787e-7,
				"TimeDiff": 6.294561290752135e-8,
				"PhiDegree": 252.0153968557213,
				"Power": -48.6261143053522
			}, {
				"Time": 1.9832972446152793e-7,
				"TimeDiff": 1.3159689154594141e-7,
				"PhiDegree": 164.38456075517496,
				"Power": -54.482872734702696
			}, {
				"Time": 2.523833871394646e-7,
				"TimeDiff": 1.8565055422387808e-7,
				"PhiDegree": 99.12833348374387,
				"Power": -65.32891489577034
			}]
	}
}