{
	"SensorDataCollection": {
		"SensorId": 0,
		"SensorDatas": [{
				"Time": 5.672290797824854e-8,
				"TimeDiff": 0.0,
				"PhiDegree": 61.92751306414705,
				"Power": -32.04738921988833
			}, {
				"Time": 4.029792880442246e-7,
				"TimeDiff": 3.4625638006597606e-7,
				"PhiDegree": 141.19719857241188,
				"Power": -50.46078694428188
			}, {
				"Time": 1.22938522090903e-7,
				"TimeDiff": 6.621561411265445e-8,
				"PhiDegree": 282.5402771874315,
				"Power": -53.828226282082184
			}, {
				"Time": 2.625566932979731e-7,
				"TimeDiff": 2.0583378531972458e-7,
				"PhiDegree": 169.01079373457267,
				"Power": -62.58233819229463
			}]
	}
}