{
	"SensorDataCollection": {
		"SensorId": 0,
		"SensorDatas": [{
				"Time": 5.390509549461053e-8,
				"TimeDiff": 0.0,
				"PhiDegree": 68.19859051364817,
				"Power": -31.577315103844192
			}, {
				"Time": 4.0820124688358007e-7,
				"TimeDiff": 3.5429615138896955e-7,
				"PhiDegree": 141.78416722075406,
				"Power": -50.81878779567313
			}, {
				"Time": 1.216640918458264e-7,
				"TimeDiff": 6.775899635121589e-8,
				"PhiDegree": 279.4711053082086,
				"Power": -58.37323098688573
			}, {
				"Time": 2.560089377294063e-7,
				"TimeDiff": 2.021038422347958e-7,
				"PhiDegree": 168.7260943130428,
				"Power": -61.94124365669663
			}]
	}
}