{
	"SensorDataCollection": {
		"SensorId": 0,
		"SensorDatas": [{
				"Time": 5.1798607807894814e-8,
				"TimeDiff": 0.0,
				"PhiDegree": 75.06858282186244,
				"Power": -31.206672025052523
			}, {
				"Time": 2.494678348382632e-7,
				"TimeDiff": 1.9766922703036838e-7,
				"PhiDegree": 168.42645740043605,
				"Power": -61.285165667366016
			}, {
				"Time": 1.2074554938059908e-7,
				"TimeDiff": 6.894694157270427e-8,
				"PhiDegree": 276.3461364885553,
				"Power": -65.08776158911459
			}]
	}
}