{
	"SensorDataCollection": {
		"SensorId": 0,
		"SensorDatas": [{
				"Time": 5.390509549461053e-8,
				"TimeDiff": 0.0,
				"PhiDegree": 111.8014094863518,
				"Power": -31.577315103844192
			}, {
				"Time": 2.1688315753726107e-7,
				"TimeDiff": 1.6297806204265055e-7,
				"PhiDegree": 166.65772708832046,
				"Power": -57.7563186647746
			}, {
				"Time": 1.2166409184582636e-7,
				"TimeDiff": 6.775899635121584e-8,
				"PhiDegree": 260.5288946917914,
				"Power": -58.373230986885716
			}, {
				"Time": 3.475881279285748e-7,
				"TimeDiff": 2.9368303243396426e-7,
				"PhiDegree": 291.9111009450219,
				"Power": -67.10290307709892
			}]
	}
}