{
	"SensorDataCollection": {
		"SensorId": 0,
		"SensorDatas": [{
				"Time": 5.1798607807894814e-8,
				"TimeDiff": 0.0,
				"PhiDegree": 104.93141717813755,
				"Power": -31.206672025052523
			}, {
				"Time": 2.2338162973460133e-7,
				"TimeDiff": 1.715830219267065e-7,
				"PhiDegree": 167.05272352418189,
				"Power": -58.49765018038454
			}, {
				"Time": 1.2074554938059908e-7,
				"TimeDiff": 6.894694157270427e-8,
				"PhiDegree": 263.6538635114447,
				"Power": -65.08776158911459
			}, {
				"Time": 3.4515340766467937e-7,
				"TimeDiff": 2.933547998567846e-7,
				"PhiDegree": 290.88329571331565,
				"Power": -69.06185632663413
			}]
	}
}