{
	"SensorDataCollection": {
		"SensorId": 0,
		"SensorDatas": [{
				"Time": 6.015216270852956e-8,
				"TimeDiff": 0.0,
				"PhiDegree": 70.5599651718238,
				"Power": -32.58426927772955
			}, {
				"Time": 1.2825111071036024e-7,
				"TimeDiff": 6.809894800183068e-8,
				"PhiDegree": 278.9805310415624,
				"Power": -59.72299610903741
			}, {
				"Time": 2.573967745632594e-7,
				"TimeDiff": 1.9724461185472984e-7,
				"PhiDegree": 167.26914730947314,
				"Power": -60.001728162635544
			}]
	}
}