{
	"SensorDataCollection": {
		"SensorId": 0,
		"SensorDatas": [{
				"Time": 5.8271941181553537e-8,
				"TimeDiff": 0.0,
				"PhiDegree": 66.37062226934319,
				"Power": -32.294398359906815
			}, {
				"Time": 4.035159476402948e-7,
				"TimeDiff": 3.4524400645874125e-7,
				"PhiDegree": 141.86331619066306,
				"Power": -50.753476137144105
			}, {
				"Time": 1.2553424812067646e-7,
				"TimeDiff": 6.726230693912292e-8,
				"PhiDegree": 280.72274820182565,
				"Power": -56.57892278062769
			}, {
				"Time": 2.5994670996306716e-7,
				"TimeDiff": 2.0167476878151364e-7,
				"PhiDegree": 168.1486130703987,
				"Power": -61.25366620317365
			}]
	}
}