{
	"SensorDataCollection": {
		"SensorId": 0,
		"SensorDatas": [{
				"Time": 5.9125440601466776e-8,
				"TimeDiff": 0.0,
				"PhiDegree": 73.61045966596522,
				"Power": -32.42728890427393
			}, {
				"Time": 2.5414322455826557e-7,
				"TimeDiff": 1.950177839567988e-7,
				"PhiDegree": 167.10337589031624,
				"Power": -59.68168523450308
			}, {
				"Time": 1.2777277662415126e-7,
				"TimeDiff": 6.864733602268449e-8,
				"PhiDegree": 277.5024940295796,
				"Power": -62.72797010455996
			}]
	}
}