{
	"SensorDataCollection": {
		"SensorId": 0,
		"SensorDatas": [{
				"Time": 5.759936533296172e-8,
				"TimeDiff": 0.0,
				"PhiDegree": 79.99202019855868,
				"Power": -32.18809139825354
			}, {
				"Time": 2.4764275826341926e-7,
				"TimeDiff": 1.9004339293045754e-7,
				"PhiDegree": 166.75877282883164,
				"Power": -59.0307634506629
			}, {
				"Time": 1.2707380377830696e-7,
				"TimeDiff": 6.947443844534523e-8,
				"PhiDegree": 274.51801417770577,
				"Power": -71.36369633552258
			}]
	}
}