{
	"SensorDataCollection": {
		"SensorId": 0,
		"SensorDatas": [{
				"Time": 2.1364930993717432e-8,
				"TimeDiff": 0.0,
				"PhiDegree": 218.65980825409008,
				"Power": -22.455244386625154
			}, {
				"Time": 5.901661328060683e-8,
				"TimeDiff": 3.76516822868894e-8,
				"PhiDegree": 253.57938245516942,
				"Power": -43.174142097048886
			}, {
				"Time": 4.525668939097866e-7,
				"TimeDiff": 4.3120196291606917e-7,
				"PhiDegree": 44.271751138711885,
				"Power": -50.256546606697526
			}]
	}
}