{
	"SensorDataCollection": {
		"SensorId": 0,
		"SensorDatas": [{
				"Time": 2.6060004332564624e-8,
				"TimeDiff": 0.0,
				"PhiDegree": 230.1944289077348,
				"Power": -24.398338028295345
			}, {
				"Time": 5.264932475368136e-8,
				"TimeDiff": 2.6589320421116737e-8,
				"PhiDegree": 251.5260104098738,
				"Power": -40.3949303929456
			}, {
				"Time": 4.57250229317372e-7,
				"TimeDiff": 4.3119022498480736e-7,
				"PhiDegree": 44.870509547376244,
				"Power": -50.32965284653818
			}]
	}
}