{
	"SensorDataCollection": {
		"SensorId": 0,
		"SensorDatas": [{
				"Time": 3.593673032974035e-8,
				"TimeDiff": 0.0,
				"PhiDegree": 201.80140948635182,
				"Power": -27.66489695768399
			}, {
				"Time": 6.571110220913108e-8,
				"TimeDiff": 2.9774371879390732e-8,
				"PhiDegree": 239.4843019994607,
				"Power": -35.79927286496631
			}, {
				"Time": 4.4077497766866893e-7,
				"TimeDiff": 4.048382473389286e-7,
				"PhiDegree": 45.785765592286054,
				"Power": -50.029972875473646
			}, {
				"Time": 5.59879605669171e-7,
				"TimeDiff": 5.239428753394306e-7,
				"PhiDegree": 110.67585935698423,
				"Power": -66.48767397821084
			}]
	}
}