{
	"SensorDataCollection": {
		"SensorId": 0,
		"SensorDatas": [{
				"Time": 4.4679684035617807e-7,
				"TimeDiff": 0.0,
				"PhiDegree": 29.43387786923889,
				"Power": -58.23251710237258
			}, {
				"Time": 4.082061086181946e-7,
				"TimeDiff": -3.859073173798347e-8,
				"PhiDegree": 342.44256210394076,
				"Power": -68.15617636705574
			}, {
				"Time": 3.927709240652268e-7,
				"TimeDiff": -5.402591629095129e-8,
				"PhiDegree": 7.8111957383535415,
				"Power": -71.77850391657698
			}, {
				"Time": 6.683645074502668e-7,
				"TimeDiff": 2.2156766709408868e-7,
				"PhiDegree": 158.10967542859254,
				"Power": -72.82128295155404
			}]
	}
}