{
	"SensorDataCollection": {
		"SensorId": 0,
		"SensorDatas": [{
				"Time": 4.484459442904098e-7,
				"TimeDiff": 0.0,
				"PhiDegree": 29.805160895441386,
				"Power": -57.86250778436511
			}, {
				"Time": 4.0922665891601845e-7,
				"TimeDiff": -3.921928537439137e-8,
				"PhiDegree": 342.00049675305416,
				"Power": -67.39273118349098
			}, {
				"Time": 3.9323834203653085e-7,
				"TimeDiff": -5.5207602253878974e-8,
				"PhiDegree": 8.292592712085337,
				"Power": -70.77222863138533
			}]
	}
}