{
	"SensorDataCollection": {
		"SensorId": 0,
		"SensorDatas": [{
				"Time": 5.431659074511651e-8,
				"TimeDiff": 0.0,
				"PhiDegree": 79.38034472384487,
				"Power": -31.647728908291835
			}, {
				"Time": 2.4689985999130657e-7,
				"TimeDiff": 1.9258326924619007e-7,
				"PhiDegree": 167.51251293016884,
				"Power": -59.953445592257566
			}, {
				"Time": 1.2374780948497477e-7,
				"TimeDiff": 6.943121873985827e-8,
				"PhiDegree": 274.63970835405644,
				"Power": -70.67554049415526
			}]
	}
}