{
	"SensorDataCollection": {
		"SensorId": 0,
		"SensorDatas": [{
				"Time": 2.4060865083411824e-8,
				"TimeDiff": 0.0,
				"PhiDegree": 213.69006752597983,
				"Power": -23.60115261003464
			}, {
				"Time": 6.0045196271713e-8,
				"TimeDiff": 3.598433118830118e-8,
				"PhiDegree": 250.52393698174996,
				"Power": -40.75727123320537
			}, {
				"Time": 4.501837605338461e-7,
				"TimeDiff": 4.261228954504343e-7,
				"PhiDegree": 44.56819230910818,
				"Power": -50.199763038057284
			}]
	}
}