{
	"SensorDataCollection": {
		"SensorId": 0,
		"SensorDatas": [{
				"Time": 3.28621091048315e-8,
				"TimeDiff": 0.0,
				"PhiDegree": 203.96248897457818,
				"Power": -26.76057989305648
			}, {
				"Time": 6.408134347502587e-8,
				"TimeDiff": 3.121923437019437e-8,
				"PhiDegree": 242.0552696825962,
				"Power": -36.538884180919595
			}, {
				"Time": 4.4310821560177984e-7,
				"TimeDiff": 4.102461064969483e-7,
				"PhiDegree": 45.47653349803027,
				"Power": -50.0634392529351
			}]
	}
}