{
	"SensorDataCollection": {
		"SensorId": 0,
		"SensorDatas": [{
				"Time": 5.502930376153163e-8,
				"TimeDiff": 0.0,
				"PhiDegree": 104.03624346792648,
				"Power": -31.768220594404532
			}, {
				"Time": 2.2415280726444037e-7,
				"TimeDiff": 1.6912350350290874e-7,
				"PhiDegree": 166.22149726700363,
				"Power": -57.52616996558322
			}, {
				"Time": 1.2406229320239108e-7,
				"TimeDiff": 6.903298944085944e-8,
				"PhiDegree": 263.8241936341203,
				"Power": -65.78821647341746
			}, {
				"Time": 3.420380232186438e-7,
				"TimeDiff": 2.8700871945711217e-7,
				"PhiDegree": 291.0825356237749,
				"Power": -68.58007238169651
			}]
	}
}