{
	"SensorDataCollection": {
		"SensorId": 0,
		"SensorDatas": [{
				"Time": 5.701655743664202e-8,
				"TimeDiff": 0.0,
				"PhiDegree": 69.44395478041655,
				"Power": -32.094808646693956
			}, {
				"Time": 4.061455759451987e-7,
				"TimeDiff": 3.4912901850855666e-7,
				"PhiDegree": 142.1539975196791,
				"Power": -50.94191444852025
			}, {
				"Time": 1.2495645699235806e-7,
				"TimeDiff": 6.793989955571604e-8,
				"PhiDegree": 279.21935309864455,
				"Power": -59.056447470812586
			}, {
				"Time": 2.566821082564616e-7,
				"TimeDiff": 1.9966555081981957e-7,
				"PhiDegree": 167.99565149768358,
				"Power": -60.93413866671277
			}]
	}
}