{
	"SensorDataCollection": {
		"SensorId": 0,
		"SensorDatas": [{
				"Time": 5.8271941181553537e-8,
				"TimeDiff": 0.0,
				"PhiDegree": 76.7594804570462,
				"Power": -32.294395622599964
			}, {
				"Time": 2.5089185713594075e-7,
				"TimeDiff": 1.9261991595438722e-7,
				"PhiDegree": 166.93330647387617,
				"Power": -59.358053406003705
			}, {
				"Time": 1.273800763423939e-7,
				"TimeDiff": 6.910813516084037e-8,
				"PhiDegree": 276.01434782577195,
				"Power": -66.47069149132273
			}]
	}
}