{
	"SensorDataCollection": {
		"SensorId": 0,
		"SensorDatas": [{
				"Time": 6.015216270852956e-8,
				"TimeDiff": 0.0,
				"PhiDegree": 109.4400348281762,
				"Power": -32.58426927772955
			}, {
				"Time": 2.1851962699392185e-7,
				"TimeDiff": 1.583674642853923e-7,
				"PhiDegree": 164.95497086530813,
				"Power": -55.90846581728073
			}, {
				"Time": 1.2825111071036024e-7,
				"TimeDiff": 6.809894800183068e-8,
				"PhiDegree": 261.0194689584376,
				"Power": -59.72299610903741
			}, {
				"Time": 3.4140597833282053e-7,
				"TimeDiff": 2.8125381562429095e-7,
				"PhiDegree": 292.32902636298627,
				"Power": -66.16628487171829
			}]
	}
}