{
	"SensorDataCollection": {
		"SensorId": 0,
		"SensorDatas": [{
				"Time": 6.13434102871201e-8,
				"TimeDiff": 0.0,
				"PhiDegree": 112.38013505195958,
				"Power": -32.76262125602992
			}, {
				"Time": 2.152991004955727e-7,
				"TimeDiff": 1.539556902084526e-7,
				"PhiDegree": 164.72447709526676,
				"Power": -55.540505664425254
			}, {
				"Time": 1.2881412463538933e-7,
				"TimeDiff": 6.747071434826923e-8,
				"PhiDegree": 259.55338318459496,
				"Power": -57.23535454906019
			}, {
				"Time": 3.426875508403872e-7,
				"TimeDiff": 2.813441405532671e-7,
				"PhiDegree": 292.8450738033631,
				"Power": -65.26569116794968
			}]
	}
}