{
	"SensorDataCollection": {
		"SensorId": 0,
		"SensorDatas": [{
				"Time": 5.682095975061668e-8,
				"TimeDiff": 0.0,
				"PhiDegree": 86.63353933657021,
				"Power": -32.06325446599975
			}, {
				"Time": 2.4115173288105233e-7,
				"TimeDiff": 1.8433077313043564e-7,
				"PhiDegree": 166.39560483241843,
				"Power": -58.3649254443969
			}]
	}
}