{
	"SensorDataCollection": {
		"SensorId": 0,
		"SensorDatas": [{
				"Time": 1.4921915073038694e-8,
				"TimeDiff": 0.0,
				"PhiDegree": 243.43494882292202,
				"Power": -19.457419898482517
			}, {
				"Time": 5.7001437843210326e-8,
				"TimeDiff": 4.207952277017163e-8,
				"PhiDegree": 263.2768395950559,
				"Power": -57.58293550662171
			}]
	}
}