{
	"SensorDataCollection": {
		"SensorId": 0,
		"SensorDatas": [{
				"Time": 5.8271941181553537e-8,
				"TimeDiff": 0.0,
				"PhiDegree": 103.2405199151872,
				"Power": -32.294398359906815
			}, {
				"Time": 2.249708333564973e-7,
				"TimeDiff": 1.6669889217494378e-7,
				"PhiDegree": 165.39614323540886,
				"Power": -56.631211694087355
			}, {
				"Time": 1.273800763423939e-7,
				"TimeDiff": 6.910813516084037e-8,
				"PhiDegree": 263.98565217422805,
				"Power": -66.47069149132273
			}, {
				"Time": 3.389268507909035e-7,
				"TimeDiff": 2.8065490960935e-7,
				"PhiDegree": 291.2854358632115,
				"Power": -68.096020515621
			}]
	}
}