{
	"SensorDataCollection": {
		"SensorId": 0,
		"SensorDatas": [{
				"Time": 5.380172992395999e-8,
				"TimeDiff": 0.0,
				"PhiDegree": 97.12501634890181,
				"Power": -31.559528366857972
			}, {
				"Time": 2.3063953456392133e-7,
				"TimeDiff": 1.7683780463996133e-7,
				"PhiDegree": 166.6163337228967,
				"Power": -58.24062637840589
			}, {
				"Time": 3.3969463182797763e-7,
				"TimeDiff": 2.8589290190401763e-7,
				"PhiDegree": 290.0322464119198,
				"Power": -70.71000281411364
			}]
	}
}