{
	"SensorDataCollection": {
		"SensorId": 0,
		"SensorDatas": [{
				"Time": 5.759936533296172e-8,
				"TimeDiff": 0.0,
				"PhiDegree": 100.00797980144135,
				"Power": -32.18809139825354
			}, {
				"Time": 2.2820122618713284e-7,
				"TimeDiff": 1.706018608541711e-7,
				"PhiDegree": 165.6073692860313,
				"Power": -56.98615771219475
			}, {
				"Time": 3.3772991249263213e-7,
				"TimeDiff": 2.801305471596704e-7,
				"PhiDegree": 290.7579827788092,
				"Power": -69.12939516436208
			}, {
				"Time": 1.2707380377830696e-7,
				"TimeDiff": 6.947443844534523e-8,
				"PhiDegree": 265.48198582229423,
				"Power": -71.36369633552258
			}]
	}
}