{
	"SensorDataCollection": {
		"SensorId": 0,
		"SensorDatas": [{
				"Time": 5.9125440601466776e-8,
				"TimeDiff": 0.0,
				"PhiDegree": 106.38954033403479,
				"Power": -32.42728890427393
			}, {
				"Time": 2.2174358715387342e-7,
				"TimeDiff": 1.6261814655240665e-7,
				"PhiDegree": 165.1787658094123,
				"Power": -56.27200766135617
			}, {
				"Time": 1.2777277662415126e-7,
				"TimeDiff": 6.864733602268449e-8,
				"PhiDegree": 262.4975059704204,
				"Power": -62.72797010455996
			}, {
				"Time": 3.40152308439532e-7,
				"TimeDiff": 2.8102686783806524e-7,
				"PhiDegree": 291.809132583502,
				"Power": -67.1090478725481
			}]
	}
}