{
	"SensorDataCollection": {
		"SensorId": 0,
		"SensorDatas": [{
				"Time": 5.349043475607284e-8,
				"TimeDiff": 0.0,
				"PhiDegree": 93.57633437499736,
				"Power": -31.505718475332888
			}, {
				"Time": 2.3388683457164873e-7,
				"TimeDiff": 1.803963998155759e-7,
				"PhiDegree": 166.8055345398683,
				"Power": -58.591399780553374
			}]
	}
}