{
	"SensorDataCollection": {
		"SensorId": 0,
		"SensorDatas": [{
				"Time": 1.8874895472960028e-8,
				"TimeDiff": 0.0,
				"PhiDegree": 225.00000000000003,
				"Power": -21.3346559796774
			}, {
				"Time": 5.816151688067943e-8,
				"TimeDiff": 3.92866214077194e-8,
				"PhiDegree": 256.7338832964881,
				"Power": -46.41670350251782
			}, {
				"Time": 4.5496201493405303e-7,
				"TimeDiff": 4.36087119461093e-7,
				"PhiDegree": 43.9784233793724,
				"Power": -50.31869971668439
			}]
	}
}