{
	"SensorDataCollection": {
		"SensorId": 0,
		"SensorDatas": [{
				"Time": 4.497057889065883e-7,
				"TimeDiff": 0.0,
				"PhiDegree": 29.224969206454837,
				"Power": -58.52032277960447
			}, {
				"Time": 4.1138802502873386e-7,
				"TimeDiff": -3.831776387785444e-8,
				"PhiDegree": 342.56302694070513,
				"Power": -68.40491420242886
			}, {
				"Time": 3.960768597316499e-7,
				"TimeDiff": -5.362892917493842e-8,
				"PhiDegree": 7.746099216841073,
				"Power": -71.99166056582658
			}, {
				"Time": 6.714617270236413e-7,
				"TimeDiff": 2.2175593811705305e-7,
				"PhiDegree": 158.2158262381245,
				"Power": -73.06369496123253
			}]
	}
}