{
	"SensorDataCollection": {
		"SensorId": 0,
		"SensorDatas": [{
				"Time": 5.380172992395999e-8,
				"TimeDiff": 0.0,
				"PhiDegree": 82.8749836510982,
				"Power": -31.559528366857972
			}, {
				"Time": 2.436432206359629e-7,
				"TimeDiff": 1.898414907120029e-7,
				"PhiDegree": 167.342849904927,
				"Power": -59.618926434436844
			}]
	}
}