{
	"SensorDataCollection": {
		"SensorId": 0,
		"SensorDatas": [{
				"Time": 5.701655743664202e-8,
				"TimeDiff": 0.0,
				"PhiDegree": 110.55604521958347,
				"Power": -32.094808646693956
			}, {
				"Time": 2.1767735877893965e-7,
				"TimeDiff": 1.6066080134229764e-7,
				"PhiDegree": 165.80314882082928,
				"Power": -56.793908682166986
			}, {
				"Time": 1.2495645699235806e-7,
				"TimeDiff": 6.793989955571604e-8,
				"PhiDegree": 260.78064690135545,
				"Power": -59.056447470812586
			}, {
				"Time": 3.4449476219772703e-7,
				"TimeDiff": 2.87478204761085e-7,
				"PhiDegree": 292.1181886822991,
				"Power": -66.63554025601326
			}]
	}
}