{
	"SensorDataCollection": {
		"SensorId": 0,
		"SensorDatas": [{
				"Time": 3.905438917345666e-8,
				"TimeDiff": 0.0,
				"PhiDegree": 199.98310652189997,
				"Power": -28.49434464540216
			}, {
				"Time": 6.746662641972104e-8,
				"TimeDiff": 2.8412237246264377e-8,
				"PhiDegree": 237.04241837616675,
				"Power": -35.28856303855339
			}, {
				"Time": 4.38454715448223e-7,
				"TimeDiff": 3.994003262747663e-7,
				"PhiDegree": 46.09827972626695,
				"Power": -50.00282563917567
			}, {
				"Time": 5.587102232433957e-7,
				"TimeDiff": 5.19655834069939e-7,
				"PhiDegree": 110.35572318499962,
				"Power": -66.91565896447793
			}]
	}
}