{
	"SensorDataCollection": {
		"SensorId": 0,
		"SensorDatas": [{
				"Time": 5.7114105082704815e-8,
				"TimeDiff": 0.0,
				"PhiDegree": 96.70983680775693,
				"Power": -32.11049844566659
			}, {
				"Time": 2.3143463388276567e-7,
				"TimeDiff": 1.7432052880006084e-7,
				"PhiDegree": 165.81269592150167,
				"Power": -57.33692466395239
			}, {
				"Time": 3.365617978209459e-7,
				"TimeDiff": 2.794476927382411e-7,
				"PhiDegree": 290.2268231237129,
				"Power": -70.21153319356962
			}]
	}
}