{
	"SensorDataCollection": {
		"SensorId": 0,
		"SensorDatas": [{
				"Time": 5.672290797824854e-8,
				"TimeDiff": 0.0,
				"PhiDegree": 89.99999999999999,
				"Power": -32.04738921988833
			}, {
				"Time": 2.379100020586808e-7,
				"TimeDiff": 1.8118709408043225e-7,
				"PhiDegree": 166.20659326402316,
				"Power": -58.0262322034917
			}]
	}
}