{
	"SensorDataCollection": {
		"SensorId": 0,
		"SensorDatas": [{
				"Time": 5.593230613634718e-8,
				"TimeDiff": 0.0,
				"PhiDegree": 72.64597536373869,
				"Power": -31.918292539651354
			}, {
				"Time": 2.534193831029613e-7,
				"TimeDiff": 1.974870769666141e-7,
				"PhiDegree": 167.83875008171583,
				"Power": -60.61097544055934
			}, {
				"Time": 1.2446546184338525e-7,
				"TimeDiff": 6.853315570703807e-8,
				"PhiDegree": 277.70304532346523,
				"Power": -62.05271716493496
			}]
	}
}