{
	"SensorDataCollection": {
		"SensorId": 0,
		"SensorDatas": [{
				"Time": 2.6900864961979994e-8,
				"TimeDiff": 0.0,
				"PhiDegree": 209.7448812969422,
				"Power": -24.719538534899637
			}, {
				"Time": 6.123852465931127e-8,
				"TimeDiff": 3.4337659697331276e-8,
				"PhiDegree": 247.5794514798532,
				"Power": -38.93402284409201
			}, {
				"Time": 4.478128061909165e-7,
				"TimeDiff": 4.209119412289365e-7,
				"PhiDegree": 44.86778059831039,
				"Power": -50.14852710389157
			}]
	}
}