{
	"SensorDataCollection": {
		"SensorId": 0,
		"SensorDatas": [{
				"Time": 1.668320822889663e-8,
				"TimeDiff": 0.0,
				"PhiDegree": 233.13010235415598,
				"Power": -20.30881048585075
			}, {
				"Time": 4.5736893527818396e-7,
				"TimeDiff": 4.4068572704928733e-7,
				"PhiDegree": 43.68817537477626,
				"Power": -50.38604978995724
			}, {
				"Time": 5.748764913922917e-8,
				"TimeDiff": 4.080444091033254e-8,
				"PhiDegree": 259.97237078028695,
				"Power": -50.908149004241665
			}]
	}
}