{
	"SensorDataCollection": {
		"SensorId": 0,
		"SensorDatas": [{
				"Time": 5.593230613634718e-8,
				"TimeDiff": 0.0,
				"PhiDegree": 107.35402463626133,
				"Power": -31.918292539651354
			}, {
				"Time": 2.2091361114082567e-7,
				"TimeDiff": 1.6498130500447848e-7,
				"PhiDegree": 166.01538870811643,
				"Power": -57.162310132356595
			}, {
				"Time": 1.2446546184338528e-7,
				"TimeDiff": 6.85331557070381e-8,
				"PhiDegree": 262.29695467653477,
				"Power": -62.05271716493496
			}, {
				"Time": 3.4325237373836273e-7,
				"TimeDiff": 2.873200676020156e-7,
				"PhiDegree": 291.6022152317012,
				"Power": -67.5857457370864
			}]
	}
}