{
	"SensorDataCollection": {
		"SensorId": 0,
		"SensorDatas": [{
				"Time": 6.444125384554653e-8,
				"TimeDiff": 0.0,
				"PhiDegree": 111.25050550713325,
				"Power": -33.20867108211888
			}, {
				"Time": 2.1620213663545262e-7,
				"TimeDiff": 1.5176088278990608e-7,
				"PhiDegree": 163.8714416831235,
				"Power": -54.7293341438168
			}, {
				"Time": 1.3209684445468169e-7,
				"TimeDiff": 6.765559060913516e-8,
				"PhiDegree": 259.81579621284,
				"Power": -57.87661188037808
			}, {
				"Time": 3.396151126137491e-7,
				"TimeDiff": 2.7517385876820257e-7,
				"PhiDegree": 293.06362202996786,
				"Power": -64.80230078709613
			}]
	}
}