{
	"SensorDataCollection": {
		"SensorId": 0,
		"SensorDatas": [{
				"Time": 6.444125384554653e-8,
				"TimeDiff": 0.0,
				"PhiDegree": 68.74949449286677,
				"Power": -33.20867108211888
			}, {
				"Time": 1.3209684445468169e-7,
				"TimeDiff": 6.765559060913516e-8,
				"PhiDegree": 280.18420378716,
				"Power": -57.87661188037808
			}, {
				"Time": 2.613988295473847e-7,
				"TimeDiff": 1.969575757018382e-7,
				"PhiDegree": 166.71693274733502,
				"Power": -59.44949018889889
			}]
	}
}