{
	"SensorDataCollection": {
		"SensorId": 0,
		"SensorDatas": [{
				"Time": 6.648211380907305e-8,
				"TimeDiff": 0.0,
				"PhiDegree": 72.47443162627714,
				"Power": -33.48959052371188
			}, {
				"Time": 2.58949200295306e-7,
				"TimeDiff": 1.9246708648623296e-7,
				"PhiDegree": 165.82874685097792,
				"Power": -58.330681391079025
			}, {
				"Time": 1.3484661275683303e-7,
				"TimeDiff": 6.836449894775998e-8,
				"PhiDegree": 278.5379160155175,
				"Power": -61.009054563220246
			}]
	}
}