{
	"SensorDataCollection": {
		"SensorId": 0,
		"SensorDatas": [{
				"Time": 6.233361001778888e-8,
				"TimeDiff": 0.0,
				"PhiDegree": 105.52411099675427,
				"Power": -32.90790797883601
			}, {
				"Time": 2.226204834587322e-7,
				"TimeDiff": 1.6028687344094333e-7,
				"PhiDegree": 164.34855790351762,
				"Power": -55.450465054094835
			}, {
				"Time": 1.3108157786488534e-7,
				"TimeDiff": 6.874796784709646e-8,
				"PhiDegree": 262.6879347462084,
				"Power": -63.386664096180155
			}, {
				"Time": 3.3705676102313843e-7,
				"TimeDiff": 2.7472315100534955e-7,
				"PhiDegree": 292.0198534059699,
				"Power": -66.6303021289508
			}]
	}
}