{
	"SensorDataCollection": {
		"SensorId": 0,
		"SensorDatas": [{
				"Time": 6.374644913567636e-8,
				"TimeDiff": 0.0,
				"PhiDegree": 96.00900595749454,
				"Power": -33.11075821237551
			}, {
				"Time": 2.3315998485687658e-7,
				"TimeDiff": 1.694135357212002e-7,
				"PhiDegree": 164.2226429453091,
				"Power": -55.72729568441632
			}, {
				"Time": 3.3030810546631314e-7,
				"TimeDiff": 2.6656165633063677e-7,
				"PhiDegree": 290.62703779495075,
				"Power": -69.20672946203598
			}]
	}
}