{
	"SensorDataCollection": {
		"SensorId": 0,
		"SensorDatas": [{
				"Time": 6.418158353273249e-8,
				"TimeDiff": 0.0,
				"PhiDegree": 98.9726266148964,
				"Power": -33.17221703212367
			}, {
				"Time": 2.2995083911853884e-7,
				"TimeDiff": 1.6576925558580635e-7,
				"PhiDegree": 163.99659140271095,
				"Power": -55.38566426596594
			}, {
				"Time": 3.314982572752966e-7,
				"TimeDiff": 2.6731667374256413e-7,
				"PhiDegree": 291.16677673992973,
				"Power": -68.13949189928019
			}, {
				"Time": 1.337273838083953e-7,
				"TimeDiff": 6.954580027566282e-8,
				"PhiDegree": 265.7072114235494,
				"Power": -72.68829488888392
			}]
	}
}