{
	"SensorDataCollection": {
		"SensorId": 0,
		"SensorDatas": [{
				"Time": 4.530013904256236e-7,
				"TimeDiff": 0.0,
				"PhiDegree": 29.961590503348912,
				"Power": -57.78445403532888
			}, {
				"Time": 4.134378260400262e-7,
				"TimeDiff": -3.956356438559738e-8,
				"PhiDegree": 341.6828826532027,
				"Power": -66.88970147196
			}, {
				"Time": 3.970314028927747e-7,
				"TimeDiff": -5.596998753284889e-8,
				"PhiDegree": 8.700197493818473,
				"Power": -70.03831087469325
			}]
	}
}