{
	"SensorDataCollection": {
		"SensorId": 0,
		"SensorDatas": [{
				"Time": 6.478586193820038e-8,
				"TimeDiff": 0.0,
				"PhiDegree": 78.1113415897566,
				"Power": -33.25679338299348
			}, {
				"Time": 2.524842821942198e-7,
				"TimeDiff": 1.8769842025601942e-7,
				"PhiDegree": 165.45799829307202,
				"Power": -57.70063702545383
			}, {
				"Time": 1.340184517987889e-7,
				"TimeDiff": 6.923258986058853e-8,
				"PhiDegree": 275.71541912099775,
				"Power": -67.78516767590413
			}]
	}
}