{
	"SensorDataCollection": {
		"SensorId": 0,
		"SensorDatas": [{
				"Time": 2.4060865083411824e-8,
				"TimeDiff": 0.0,
				"PhiDegree": 236.30993247402026,
				"Power": -23.60115261003464
			}, {
				"Time": 5.168900076193642e-8,
				"TimeDiff": 2.7628135678524594e-8,
				"PhiDegree": 255.03618136989724,
				"Power": -43.471884975625485
			}, {
				"Time": 4.5962094575910126e-7,
				"TimeDiff": 4.3556008067568945e-7,
				"PhiDegree": 44.577058580308204,
				"Power": -50.37972202191705
			}]
	}
}