{
	"SensorDataCollection": {
		"SensorId": 0,
		"SensorDatas": [{
				"Time": 6.042915034096096e-8,
				"TimeDiff": 0.0,
				"PhiDegree": 96.34019174590992,
				"Power": -32.626095827475574
			}, {
				"Time": 2.3227494693139425e-7,
				"TimeDiff": 1.718457965904333e-7,
				"PhiDegree": 165.01471677809906,
				"Power": -56.501378988459976
			}, {
				"Time": 3.334329182416364e-7,
				"TimeDiff": 2.7300376790067547e-7,
				"PhiDegree": 290.4250539092035,
				"Power": -69.71043652233587
			}]
	}
}