{
	"SensorDataCollection": {
		"SensorId": 0,
		"SensorDatas": [{
				"Time": 6.233361001778888e-8,
				"TimeDiff": 0.0,
				"PhiDegree": 74.47588900324575,
				"Power": -32.90790797883601
			}, {
				"Time": 2.549086891426128e-7,
				"TimeDiff": 1.9257507912482395e-7,
				"PhiDegree": 166.37229836233493,
				"Power": -58.8193487741553
			}, {
				"Time": 1.3108157786488534e-7,
				"TimeDiff": 6.874796784709646e-8,
				"PhiDegree": 277.3120652537916,
				"Power": -63.38666409618018
			}]
	}
}