{
	"SensorDataCollection": {
		"SensorId": 0,
		"SensorDatas": [{
				"Time": 2.984383014607739e-8,
				"TimeDiff": 0.0,
				"PhiDegree": 333.434948822922,
				"Power": -25.77773777941828
			}, {
				"Time": 6.258717571942601e-8,
				"TimeDiff": 3.274334557334862e-8,
				"PhiDegree": 295.24534463319185,
				"Power": -37.56038476599599
			}]
	}
}