{
	"SensorDataCollection": {
		"SensorId": 0,
		"SensorDatas": [{
				"Time": 6.648211380907305e-8,
				"TimeDiff": 0.0,
				"PhiDegree": 107.52556837372286,
				"Power": -33.48959052371188
			}, {
				"Time": 2.2034612807937394e-7,
				"TimeDiff": 1.538640142703009e-7,
				"PhiDegree": 163.278982938707,
				"Power": -54.33776640952887
			}, {
				"Time": 1.3484661275683303e-7,
				"TimeDiff": 6.836449894775998e-8,
				"PhiDegree": 261.46208398448243,
				"Power": -61.009054563220246
			}, {
				"Time": 3.352426625978087e-7,
				"TimeDiff": 2.6876054878873565e-7,
				"PhiDegree": 292.7623423650146,
				"Power": -65.22225489507092
			}]
	}
}