{
	"SensorDataCollection": {
		"SensorId": 0,
		"SensorDatas": [{
				"Time": 6.555460704120422e-8,
				"TimeDiff": 0.0,
				"PhiDegree": 104.74356283647076,
				"Power": -33.36313018193176
			}, {
				"Time": 2.2354374789261403e-7,
				"TimeDiff": 1.579891408514098e-7,
				"PhiDegree": 163.52503598653308,
				"Power": -54.690957128774926
			}, {
				"Time": 1.3439175577317026e-7,
				"TimeDiff": 6.883714873196604e-8,
				"PhiDegree": 262.8689846103739,
				"Power": -64.02956699379438
			}, {
				"Time": 3.3396585711868866e-7,
				"TimeDiff": 2.6841125007748444e-7,
				"PhiDegree": 292.2344776818137,
				"Power": -66.14954465555996
			}]
	}
}