{
	"SensorDataCollection": {
		"SensorId": 0,
		"SensorDatas": [{
				"Time": 6.348393690525444e-8,
				"TimeDiff": 0.0,
				"PhiDegree": 86.98721249581666,
				"Power": -33.07345262641954
			}, {
				"Time": 2.4280804568535934e-7,
				"TimeDiff": 1.793241087801049e-7,
				"PhiDegree": 164.86489961565619,
				"Power": -56.729999011992135
			}]
	}
}