{
	"SensorDataCollection": {
		"SensorId": 0,
		"SensorDatas": [{
				"Time": 6.08879963399372e-8,
				"TimeDiff": 0.0,
				"PhiDegree": 80.53767779197439,
				"Power": -32.69490597561952
			}, {
				"Time": 2.4842825308697586e-7,
				"TimeDiff": 1.8754025674703867e-7,
				"PhiDegree": 166.00967019123237,
				"Power": -58.17535173066521
			}, {
				"Time": 1.3040034208540408e-7,
				"TimeDiff": 6.951234574546688e-8,
				"PhiDegree": 274.4025283869184,
				"Power": -72.03432726865728
			}]
	}
}