{
	"SensorDataCollection": {
		"SensorId": 0,
		"SensorDatas": [{
				"Time": 6.15246319826348e-8,
				"TimeDiff": 0.0,
				"PhiDegree": 77.4711922737824,
				"Power": -32.78940577898607
			}, {
				"Time": 2.516672111909962e-7,
				"TimeDiff": 1.9014257920836142e-7,
				"PhiDegree": 166.19331869367304,
				"Power": -58.49911352263928
			}, {
				"Time": 1.3069881965150588e-7,
				"TimeDiff": 6.917418766887108e-8,
				"PhiDegree": 275.8610877261603,
				"Power": -67.13606857148537
			}]
	}
}