{
	"SensorDataCollection": {
		"SensorId": 0,
		"SensorDatas": [{
				"Time": 6.418158353273249e-8,
				"TimeDiff": 0.0,
				"PhiDegree": 81.02737338510362,
				"Power": -33.17221703212367
			}, {
				"Time": 2.492559417512919e-7,
				"TimeDiff": 1.8507435821855942e-7,
				"PhiDegree": 165.26541601658528,
				"Power": -57.38055749621458
			}, {
				"Time": 1.337273838083953e-7,
				"TimeDiff": 6.954580027566282e-8,
				"PhiDegree": 274.2927885764506,
				"Power": -72.68829488888392
			}]
	}
}