{
	"SensorDataCollection": {
		"SensorId": 0,
		"SensorDatas": [{
				"Time": 1.4921915073038694e-8,
				"TimeDiff": 0.0,
				"PhiDegree": 296.565051177078,
				"Power": -19.457419898482517
			}, {
				"Time": 5.7001437843210326e-8,
				"TimeDiff": 4.207952277017163e-8,
				"PhiDegree": 276.72316040494405,
				"Power": -57.58293550662171
			}]
	}
}