{
	"SensorDataCollection": {
		"SensorId": 0,
		"SensorDatas": [{
				"Time": 1.3757325940382908e-8,
				"TimeDiff": 0.0,
				"PhiDegree": 255.96375653207352,
				"Power": -18.87401369140813
			}, {
				"Time": 5.670771009110069e-8,
				"TimeDiff": 4.295038415071778e-8,
				"PhiDegree": 266.62680848509905,
				"Power": -69.39977142056948
			}]
	}
}