{
	"SensorDataCollection": {
		"SensorId": 0,
		"SensorDatas": [{
				"Time": 6.33083240186125e-8,
				"TimeDiff": 0.0,
				"PhiDegree": 108.43494882292204,
				"Power": -33.0483994195796
			}, {
				"Time": 2.1940940862482394e-7,
				"TimeDiff": 1.5610108460621144e-7,
				"PhiDegree": 164.11348903353903,
				"Power": -55.091997445657825
			}, {
				"Time": 1.3154788104619487e-7,
				"TimeDiff": 6.823955702758237e-8,
				"PhiDegree": 261.24632437734897,
				"Power": -60.373629718239556
			}, {
				"Time": 3.383219018273232e-7,
				"TimeDiff": 2.750135778087107e-7,
				"PhiDegree": 292.54371090547244,
				"Power": -65.69517558825298
			}]
	}
}