{
	"SensorDataCollection": {
		"SensorId": 0,
		"SensorDatas": [{
				"Time": 3.9872676263436323e-7,
				"TimeDiff": 0.0,
				"PhiDegree": 312.02534552749364,
				"Power": -49.42112782788868
			}, {
				"Time": 4.4435730974170273e-7,
				"TimeDiff": 4.56305471073395e-8,
				"PhiDegree": 30.60619841638261,
				"Power": -56.95546609405632
			}, {
				"Time": 4.039480102612691e-7,
				"TimeDiff": 5.2212476269058796e-9,
				"PhiDegree": 341.28985979219044,
				"Power": -66.15572399157251
			}, {
				"Time": 3.8713963098130386e-7,
				"TimeDiff": -1.1587131653059367e-8,
				"PhiDegree": 8.922236638242387,
				"Power": -69.40184985720234
			}]
	}
}