{
	"SensorDataCollection": {
		"SensorId": 0,
		"SensorDatas": [{
				"Time": 6.348393690525444e-8,
				"TimeDiff": 0.0,
				"PhiDegree": 93.01278750418334,
				"Power": -33.07345262641954
			}, {
				"Time": 2.3637266132220626e-7,
				"TimeDiff": 1.7288872441695182e-7,
				"PhiDegree": 164.44255304145042,
				"Power": -56.06518974667327
			}, {
				"Time": 3.291474758400495e-7,
				"TimeDiff": 2.65663538934795e-7,
				"PhiDegree": 290.08344390250625,
				"Power": -70.32549779165015
			}]
	}
}