{
	"SensorDataCollection": {
		"SensorId": 0,
		"SensorDatas": [{
				"Time": 4.501137408519265e-7,
				"TimeDiff": 0.0,
				"PhiDegree": 30.173707888970632,
				"Power": -57.50733978302881
			}, {
				"Time": 4.1027180743608265e-7,
				"TimeDiff": -3.9841933415843826e-8,
				"PhiDegree": 341.5608752295763,
				"Power": -66.65617298264723
			}, {
				"Time": 3.937334820143848e-7,
				"TimeDiff": -5.6380258837541694e-8,
				"PhiDegree": 8.77275060411485,
				"Power": -69.82832562749363
			}]
	}
}