{
	"SensorDataCollection": {
		"SensorId": 0,
		"SensorDatas": [{
				"Time": 2.1364930993717432e-8,
				"TimeDiff": 0.0,
				"PhiDegree": 321.34019174590986,
				"Power": -22.455244386625154
			}, {
				"Time": 5.901661328060683e-8,
				"TimeDiff": 3.76516822868894e-8,
				"PhiDegree": 286.4206175448306,
				"Power": -43.174142097048886
			}]
	}
}