{
	"SensorDataCollection": {
		"SensorId": 0,
		"SensorDatas": [{
				"Time": 6.339619126980719e-8,
				"TimeDiff": 0.0,
				"PhiDegree": 89.99999999999999,
				"Power": -33.06094444849193
			}, {
				"Time": 2.395887264826344e-7,
				"TimeDiff": 1.7619253521282722e-7,
				"PhiDegree": 164.65656239311585,
				"Power": -56.39940475808703
			}]
	}
}