{
	"SensorDataCollection": {
		"SensorId": 0,
		"SensorDatas": [{
				"Time": 4.4723234010391853e-7,
				"TimeDiff": 0.0,
				"PhiDegree": 30.388561484524885,
				"Power": -57.2309878207638
			}, {
				"Time": 4.071085141678836e-7,
				"TimeDiff": -4.012382593603496e-8,
				"PhiDegree": 341.4294036691834,
				"Power": -66.41108016617491
			}, {
				"Time": 3.904362191066342e-7,
				"TimeDiff": -5.679612099728435e-8,
				"PhiDegree": 8.846766907928123,
				"Power": -69.61616056091886
			}]
	}
}