{
	"SensorDataCollection": {
		"SensorId": 0,
		"SensorDatas": [{
				"Time": 6.33083240186125e-8,
				"TimeDiff": 0.0,
				"PhiDegree": 71.565051177078,
				"Power": -33.0483994195796
			}, {
				"Time": 2.581525920208852e-7,
				"TimeDiff": 1.9484426800227268e-7,
				"PhiDegree": 166.54678164017048,
				"Power": -59.136120370863324
			}, {
				"Time": 1.3154788104619487e-7,
				"TimeDiff": 6.823955702758237e-8,
				"PhiDegree": 278.75367562265103,
				"Power": -60.373629718239556
			}]
	}
}