{
	"SensorDataCollection": {
		"SensorId": 0,
		"SensorDatas": [{
				"Time": 1.3346566583117303e-8,
				"TimeDiff": 0.0,
				"PhiDegree": 270.0,
				"Power": -18.661807523139856
			}, {
				"Time": 6.737421741414192e-7,
				"TimeDiff": 6.60395607558302e-7,
				"PhiDegree": 344.5463350464934,
				"Power": -88.41499297561171
			}]
	}
}