{
	"SensorDataCollection": {
		"SensorId": 0,
		"SensorDatas": [{
				"Time": 6.555460704120422e-8,
				"TimeDiff": 0.0,
				"PhiDegree": 75.25643716352928,
				"Power": -33.36313018193176
			}, {
				"Time": 2.5571540306927566e-7,
				"TimeDiff": 1.9016079602807145e-7,
				"PhiDegree": 165.64571585566497,
				"Power": -58.01732619245995
			}, {
				"Time": 1.3439175577317026e-7,
				"TimeDiff": 6.883714873196604e-8,
				"PhiDegree": 277.1310153896261,
				"Power": -64.02956699379438
			}]
	}
}