{
	"SensorDataCollection": {
		"SensorId": 0,
		"SensorDatas": [{
				"Time": 2.4060865083411824e-8,
				"TimeDiff": 0.0,
				"PhiDegree": 326.3099324740202,
				"Power": -23.60115261003464
			}, {
				"Time": 6.0045196271713e-8,
				"TimeDiff": 3.598433118830118e-8,
				"PhiDegree": 289.47606301825004,
				"Power": -40.75727123320537
			}]
	}
}