{
	"SensorDataCollection": {
		"SensorId": 0,
		"SensorDatas": [{
				"Time": 4.477917454488342e-7,
				"TimeDiff": 0.0,
				"PhiDegree": 31.341123785118825,
				"Power": -56.3098612981544
			}, {
				"Time": 4.061450347812687e-7,
				"TimeDiff": -4.1646710667565495e-8,
				"PhiDegree": 340.33306737373505,
				"Power": -65.14039005403762
			}, {
				"Time": 3.882308789422071e-7,
				"TimeDiff": -5.9560866506627085e-8,
				"PhiDegree": 9.893594502522873,
				"Power": -67.6828611435835
			}, {
				"Time": 4.275345541111324e-7,
				"TimeDiff": -2.025719133770179e-8,
				"PhiDegree": 341.3543590902279,
				"Power": -75.86026929970693
			}]
	}
}