{
	"SensorDataCollection": {
		"SensorId": 0,
		"SensorDatas": [{
				"Time": 3.905438917345666e-8,
				"TimeDiff": 0.0,
				"PhiDegree": 340.01689347810003,
				"Power": -28.49434464540216
			}, {
				"Time": 6.746662641972104e-8,
				"TimeDiff": 2.8412237246264377e-8,
				"PhiDegree": 302.9575816238333,
				"Power": -35.28856303855339
			}]
	}
}