{
	"SensorDataCollection": {
		"SensorId": 0,
		"SensorDatas": [{
				"Time": 6.747940119911208e-8,
				"TimeDiff": 0.0,
				"PhiDegree": 98.53076560994815,
				"Power": -33.62339849407647
			}, {
				"Time": 2.3089301057576796e-7,
				"TimeDiff": 1.6341360937665588e-7,
				"PhiDegree": 163.20067105515616,
				"Power": -54.6721825881238
			}, {
				"Time": 3.2838893784826983e-7,
				"TimeDiff": 2.609095366491578e-7,
				"PhiDegree": 291.3769864504072,
				"Power": -67.6409496373368
			}, {
				"Time": 1.370548922856459e-7,
				"TimeDiff": 6.957549108653383e-8,
				"PhiDegree": 265.811622931652,
				"Power": -73.3263994170793
			}]
	}
}