{
	"SensorDataCollection": {
		"SensorId": 0,
		"SensorDatas": [{
				"Time": 5.502930376153163e-8,
				"TimeDiff": 0.0,
				"PhiDegree": 345.96375653207355,
				"Power": -31.768220594404532
			}, {
				"Time": 7.781211113461266e-8,
				"TimeDiff": 2.278280737308103e-8,
				"PhiDegree": 313.321546759624,
				"Power": -34.97515883635357
			}, {
				"Time": 3.20398937840671e-7,
				"TimeDiff": 2.6536963407913934e-7,
				"PhiDegree": 80.40839043787776,
				"Power": -66.57233485279284
			}]
	}
}