{
	"SensorDataCollection": {
		"SensorId": 0,
		"SensorDatas": [{
				"Time": 6.747940119911208e-8,
				"TimeDiff": 0.0,
				"PhiDegree": 81.46923439005188,
				"Power": -33.62339849407647
			}, {
				"Time": 2.501254053864682e-7,
				"TimeDiff": 1.826460041873561e-7,
				"PhiDegree": 164.52621204068828,
				"Power": -56.64072628092394
			}, {
				"Time": 1.370548922856459e-7,
				"TimeDiff": 6.957549108653383e-8,
				"PhiDegree": 274.188377068348,
				"Power": -73.3263994170793
			}]
	}
}