{
	"SensorDataCollection": {
		"SensorId": 0,
		"SensorDatas": [{
				"Time": 4.5350458462395415e-7,
				"TimeDiff": 0.0,
				"PhiDegree": 30.902594556687927,
				"Power": -56.83980560478554
			}, {
				"Time": 4.124351467325616e-7,
				"TimeDiff": -4.1069437891392545e-8,
				"PhiDegree": 340.6890943039643,
				"Power": -65.25879813893077
			}, {
				"Time": 3.948065049452331e-7,
				"TimeDiff": -5.869807967872108e-8,
				"PhiDegree": 9.729060155120658,
				"Power": -68.10218199878523
			}]
	}
}