{
	"SensorDataCollection": {
		"SensorId": 0,
		"SensorDatas": [{
				"Time": 6.967112298466382e-8,
				"TimeDiff": 0.0,
				"PhiDegree": 106.69924423399364,
				"Power": -33.90994662646941
			}, {
				"Time": 2.2132918940120275e-7,
				"TimeDiff": 1.5165806641653893e-7,
				"PhiDegree": 162.45171574710284,
				"Power": -53.64003255729597
			}, {
				"Time": 1.381471653389364e-7,
				"TimeDiff": 6.847604235427259e-8,
				"PhiDegree": 261.6675367189507,
				"Power": -61.62993374516236
			}, {
				"Time": 3.321683951706185e-7,
				"TimeDiff": 2.6249727218595473e-7,
				"PhiDegree": 292.98502404990484,
				"Power": -64.7475693696911
			}]
	}
}