{
	"SensorDataCollection": {
		"SensorId": 0,
		"SensorDatas": [{
				"Time": 4.46065353764475e-7,
				"TimeDiff": 0.0,
				"PhiDegree": 30.975075712199562,
				"Power": -56.62567328214109
			}, {
				"Time": 4.050342688690499e-7,
				"TimeDiff": -4.103108489542506e-8,
				"PhiDegree": 340.77753607583463,
				"Power": -65.7849263372933
			}, {
				"Time": 3.876712801366862e-7,
				"TimeDiff": -5.839407362778878e-8,
				"PhiDegree": 9.408677914202409,
				"Power": -68.51713085149142
			}, {
				"Time": 4.264795008436075e-7,
				"TimeDiff": -1.9585852920867453e-8,
				"PhiDegree": 341.77909958147336,
				"Power": -76.86921617581866
			}]
	}
}