{
	"SensorDataCollection": {
		"SensorId": 0,
		"SensorDatas": [{
				"Time": 5.8271941181553537e-8,
				"TimeDiff": 0.0,
				"PhiDegree": 346.7594800848128,
				"Power": -32.294398359906815
			}, {
				"Time": 8.013812760361218e-8,
				"TimeDiff": 2.1866186422058642e-8,
				"PhiDegree": 315.05735311348974,
				"Power": -35.20117543809164
			}, {
				"Time": 3.2097176546546524e-7,
				"TimeDiff": 2.626998242839117e-7,
				"PhiDegree": 79.82109193454384,
				"Power": -65.59675154561776
			}]
	}
}