{
	"SensorDataCollection": {
		"SensorId": 0,
		"SensorDatas": [{
				"Time": 2.238287260955804e-8,
				"TimeDiff": 0.0,
				"PhiDegree": 243.43494882292202,
				"Power": -22.896935729279882
			}, {
				"Time": 5.092956466985577e-8,
				"TimeDiff": 2.854669206029773e-8,
				"PhiDegree": 258.6650378924256,
				"Power": -47.82663431587906
			}, {
				"Time": 4.620035949049929e-7,
				"TimeDiff": 4.3962072229543486e-7,
				"PhiDegree": 44.28662683593259,
				"Power": -50.43511682990206
			}]
	}
}