{
	"SensorDataCollection": {
		"SensorId": 0,
		"SensorDatas": [{
				"Time": 4.5467696316801755e-7,
				"TimeDiff": 0.0,
				"PhiDegree": 30.325866675602324,
				"Power": -57.43834674051668
			}, {
				"Time": 4.144992158797775e-7,
				"TimeDiff": -4.017774728824003e-8,
				"PhiDegree": 341.2462231981696,
				"Power": -66.17101690706164
			}, {
				"Time": 3.975498238579432e-7,
				"TimeDiff": -5.712713931007434e-8,
				"PhiDegree": 9.175429869787255,
				"Power": -69.14833964886586
			}]
	}
}