{
	"SensorDataCollection": {
		"SensorId": 0,
		"SensorDatas": [{
				"Time": 6.878662970191455e-8,
				"TimeDiff": 0.0,
				"PhiDegree": 75.96375653207353,
				"Power": -33.79551814737479
			}, {
				"Time": 2.5656297723620166e-7,
				"TimeDiff": 1.8777634753428712e-7,
				"PhiDegree": 164.92381851681083,
				"Power": -57.26997639758572
			}, {
				"Time": 1.3770321106999496e-7,
				"TimeDiff": 6.891658136808041e-8,
				"PhiDegree": 276.9586715642671,
				"Power": -64.65739634120294
			}]
	}
}