{
	"SensorDataCollection": {
		"SensorId": 0,
		"SensorDatas": [{
				"Time": 6.706566706466866e-8,
				"TimeDiff": 0.0,
				"PhiDegree": 84.28940686250037,
				"Power": -33.56815464281557
			}, {
				"Time": 2.469113130617606e-7,
				"TimeDiff": 1.7984564599709192e-7,
				"PhiDegree": 164.31963887427682,
				"Power": -56.32117628944215
			}]
	}
}