{
	"SensorDataCollection": {
		"SensorId": 0,
		"SensorDatas": [{
				"Time": 4.489294456180945e-7,
				"TimeDiff": 0.0,
				"PhiDegree": 30.755906308386503,
				"Power": -56.89566422113944
			}, {
				"Time": 4.081863621830466e-7,
				"TimeDiff": -4.074308343504787e-8,
				"PhiDegree": 340.9911393304137,
				"Power": -65.70750409554229
			}, {
				"Time": 3.9096338544262755e-7,
				"TimeDiff": -5.7966060175466935e-8,
				"PhiDegree": 9.32935296127907,
				"Power": -68.72976179517246
			}]
	}
}