{
	"SensorDataCollection": {
		"SensorId": 0,
		"SensorDatas": [{
				"Time": 6.967112298466382e-8,
				"TimeDiff": 0.0,
				"PhiDegree": 73.30075576600639,
				"Power": -33.90994662646941
			}, {
				"Time": 3.956603735512499e-7,
				"TimeDiff": 3.2598925056658606e-7,
				"PhiDegree": 230.612887205587,
				"Power": -50.07931027493143
			}, {
				"Time": 2.597862241440067e-7,
				"TimeDiff": 1.9011510115934289e-7,
				"PhiDegree": 165.11522756500213,
				"Power": -57.57977624544516
			}, {
				"Time": 1.381471653389364e-7,
				"TimeDiff": 6.847604235427259e-8,
				"PhiDegree": 278.3324632810493,
				"Power": -61.62993374516236
			}]
	}
}