{
	"SensorDataCollection": {
		"SensorId": 0,
		"SensorDatas": [{
				"Time": 6.681619688677243e-8,
				"TimeDiff": 0.0,
				"PhiDegree": 92.86240522611175,
				"Power": -33.534661441953936
			}, {
				"Time": 2.3728933592128415e-7,
				"TimeDiff": 1.7047313903451172e-7,
				"PhiDegree": 163.66638316465162,
				"Power": -55.34222712799678
			}, {
				"Time": 3.2601573700732906e-7,
				"TimeDiff": 2.5919954012055663e-7,
				"PhiDegree": 290.2848070766818,
				"Power": -69.81155481703654
			}]
	}
}