{
	"SensorDataCollection": {
		"SensorId": 0,
		"SensorDatas": [{
				"Time": 6.15246319826348e-8,
				"TimeDiff": 0.0,
				"PhiDegree": 347.4711922908485,
				"Power": -32.7894085581105
			}, {
				"Time": 8.253351263180939e-8,
				"TimeDiff": 2.100888064917459e-8,
				"PhiDegree": 316.6938333214202,
				"Power": -35.487321502211216
			}, {
				"Time": 3.2157819490374324e-7,
				"TimeDiff": 2.6005356292110847e-7,
				"PhiDegree": 79.23594718430289,
				"Power": -64.6857821938429
			}]
	}
}