{
	"SensorDataCollection": {
		"SensorId": 0,
		"SensorDatas": [{
				"Time": 4.858223568484659e-8,
				"TimeDiff": 0.0,
				"PhiDegree": 344.05460148980256,
				"Power": -30.604760629350043
			}, {
				"Time": 7.339437301921975e-8,
				"TimeDiff": 2.4812137334373163e-8,
				"PhiDegree": 309.5287594843444,
				"Power": -34.75644544817483
			}, {
				"Time": 3.193548006858347e-7,
				"TimeDiff": 2.707725650009881e-7,
				"PhiDegree": 81.58899756207225,
				"Power": -68.75025470437168
			}]
	}
}