{
	"SensorDataCollection": {
		"SensorId": 0,
		"SensorDatas": [{
				"Time": 4.4494535207496517e-7,
				"TimeDiff": 0.0,
				"PhiDegree": 31.564604688152013,
				"Power": -56.046486723462905
			}, {
				"Time": 4.030046008651503e-7,
				"TimeDiff": -4.194075120981487e-8,
				"PhiDegree": 340.17341523724184,
				"Power": -64.8380303331107
			}, {
				"Time": 3.849443263710219e-7,
				"TimeDiff": -6.000102570394327e-8,
				"PhiDegree": 9.97838283098613,
				"Power": -67.46981701641658
			}, {
				"Time": 4.306973900055618e-7,
				"TimeDiff": -1.4247962069403369e-8,
				"PhiDegree": 341.49627213183925,
				"Power": -76.2650336605549
			}]
	}
}