{
	"SensorDataCollection": {
		"SensorId": 0,
		"SensorDatas": [{
				"Time": 7.038653262659904e-8,
				"TimeDiff": 0.0,
				"PhiDegree": 95.4403320310055,
				"Power": -34.00134035902837
			}, {
				"Time": 2.350621890824784e-7,
				"TimeDiff": 1.6467565645587936e-7,
				"PhiDegree": 162.65713433350624,
				"Power": -54.3415344578721
			}, {
				"Time": 3.240711507382317e-7,
				"TimeDiff": 2.5368461811163264e-7,
				"PhiDegree": 291.0426781721431,
				"Power": -68.19156649804137
			}]
	}
}