{
	"SensorDataCollection": {
		"SensorId": 0,
		"SensorDatas": [{
				"Time": 8.447701912221861e-8,
				"TimeDiff": 0.0,
				"PhiDegree": 350.9097230791777,
				"Power": -35.62117181489231
			}, {
				"Time": 1.008110466492739e-7,
				"TimeDiff": 1.633402752705529e-8,
				"PhiDegree": 325.83761539060055,
				"Power": -38.46825289416894
			}, {
				"Time": 1.9795792992703983e-7,
				"TimeDiff": 1.1348091080482122e-7,
				"PhiDegree": 294.9219120680008,
				"Power": -52.39650069739422
			}]
	}
}