{
	"SensorDataCollection": {
		"SensorId": 0,
		"SensorDatas": [{
				"Time": 9.437447736480014e-8,
				"TimeDiff": 0.0,
				"PhiDegree": 351.86989764584405,
				"Power": -36.59604449311103
			}, {
				"Time": 1.092384654992259e-7,
				"TimeDiff": 1.486398813442576e-8,
				"PhiDegree": 328.78713034292565,
				"Power": -39.986227167439935
			}, {
				"Time": 2.023796364239799e-7,
				"TimeDiff": 1.0800515905917976e-7,
				"PhiDegree": 297.4928027491472,
				"Power": -50.185915125453505
			}, {
				"Time": 5.041669327141923e-7,
				"TimeDiff": 4.097924553493922e-7,
				"PhiDegree": 229.94021811441556,
				"Power": -51.95635589373083
			}]
	}
}