{
	"SensorDataCollection": {
		"SensorId": 0,
		"SensorDatas": [{
				"Time": 4.552272202900188e-7,
				"TimeDiff": 0.0,
				"PhiDegree": 31.262936824929998,
				"Power": -56.52661717364782
			}, {
				"Time": 4.135529554173764e-7,
				"TimeDiff": -4.167426487264239e-8,
				"PhiDegree": 340.2569937154734,
				"Power": -64.59575288022496
			}, {
				"Time": 3.953841633442552e-7,
				"TimeDiff": -5.984305694576359e-8,
				"PhiDegree": 10.205068770805745,
				"Power": -67.3095267825247
			}]
	}
}