{
	"SensorDataCollection": {
		"SensorId": 0,
		"SensorDatas": [{
				"Time": 7.014887342486866e-8,
				"TimeDiff": 0.0,
				"PhiDegree": 87.27368900609375,
				"Power": -33.971092681780036
			}, {
				"Time": 2.4463524122115246e-7,
				"TimeDiff": 1.744863677962838e-7,
				"PhiDegree": 163.35599610799554,
				"Power": -55.31695734370862
			}]
	}
}