{
	"SensorDataCollection": {
		"SensorId": 0,
		"SensorDatas": [{
				"Time": 8.777333769924376e-8,
				"TimeDiff": 0.0,
				"PhiDegree": 351.25383773744477,
				"Power": -35.95856057614825
			}, {
				"Time": 1.0358889504967159e-7,
				"TimeDiff": 1.5815557350427836e-8,
				"PhiDegree": 326.874006278714,
				"Power": -38.9674090970089
			}, {
				"Time": 1.9938689543720924e-7,
				"TimeDiff": 1.1161355773796548e-7,
				"PhiDegree": 295.7914799412314,
				"Power": -51.59608544589324
			}, {
				"Time": 4.998981904812443e-7,
				"TimeDiff": 4.121248527820005e-7,
				"PhiDegree": 230.52562997976622,
				"Power": -52.07923599052043
			}]
	}
}