{
	"SensorDataCollection": {
		"SensorId": 0,
		"SensorDatas": [{
				"Time": 4.512987273227372e-7,
				"TimeDiff": 0.0,
				"PhiDegree": 32.064744674275055,
				"Power": -55.71856611667437
			}, {
				"Time": 4.084392843259526e-7,
				"TimeDiff": -4.28594429967846e-8,
				"PhiDegree": 339.451514790061,
				"Power": -63.924636365671034
			}, {
				"Time": 4.2971462002382834e-7,
				"TimeDiff": -2.1584107298908856e-8,
				"PhiDegree": 340.5112507459101,
				"Power": -73.95042709065976
			}, {
				"Time": 4.116921276311253e-7,
				"TimeDiff": -3.96065996916119e-8,
				"PhiDegree": 10.270954654825156,
				"Power": -85.80338965600384
			}]
	}
}