{
	"SensorDataCollection": {
		"SensorId": 0,
		"SensorDatas": [{
				"Time": 7.202819380016841e-8,
				"TimeDiff": 0.0,
				"PhiDegree": 76.60750224624888,
				"Power": -34.207279104970915
			}, {
				"Time": 3.90964546361328e-7,
				"TimeDiff": 3.1893635256115956e-7,
				"PhiDegree": 230.6805233340017,
				"Power": -50.000178778504704
			}, {
				"Time": 2.574510080863348e-7,
				"TimeDiff": 1.854228142861664e-7,
				"PhiDegree": 164.2067881011324,
				"Power": -56.57246148003708
			}, {
				"Time": 1.410158537651864e-7,
				"TimeDiff": 6.898765996501798e-8,
				"PhiDegree": 276.7944234640432,
				"Power": -65.270823478855
			}]
	}
}