{
	"SensorDataCollection": {
		"SensorId": 0,
		"SensorDatas": [{
				"Time": 4.4387269069756094e-7,
				"TimeDiff": 0.0,
				"PhiDegree": 32.15704595043443,
				"Power": -55.49336174260684
			}, {
				"Time": 4.010201870087862e-7,
				"TimeDiff": -4.285250368877476e-8,
				"PhiDegree": 339.563247117736,
				"Power": -63.921373707887454
			}, {
				"Time": 3.8225617075143735e-7,
				"TimeDiff": -6.161651994612359e-8,
				"PhiDegree": 10.555939020484885,
				"Power": -66.4697039112731
			}, {
				"Time": 4.349255701672215e-7,
				"TimeDiff": -8.947120530339418e-9,
				"PhiDegree": 341.2189371141315,
				"Power": -75.68723452498895
			}]
	}
}