{
	"SensorDataCollection": {
		"SensorId": 0,
		"SensorDatas": [{
				"Time": 7.60871361375986e-8,
				"TimeDiff": 0.0,
				"PhiDegree": 74.74488129694222,
				"Power": -34.695321510324256
			}, {
				"Time": 3.9052570992530143e-7,
				"TimeDiff": 3.144385737877028e-7,
				"PhiDegree": 229.99160129903603,
				"Power": -49.75422934873569
			}, {
				"Time": 2.615799479369117e-7,
				"TimeDiff": 1.8549281179931308e-7,
				"PhiDegree": 163.70243428021018,
				"Power": -56.22289408326918
			}, {
				"Time": 1.4475323483225458e-7,
				"TimeDiff": 6.866609869465598e-8,
				"PhiDegree": 277.9496773339061,
				"Power": -62.8305103114844
			}]
	}
}