{
	"SensorDataCollection": {
		"SensorId": 0,
		"SensorDatas": [{
				"Time": 7.370882312522903e-8,
				"TimeDiff": 0.0,
				"PhiDegree": 95.1944289077348,
				"Power": -34.41287963972825
			}, {
				"Time": 2.360782907587181e-7,
				"TimeDiff": 1.6236946763348908e-7,
				"PhiDegree": 161.88412886282498,
				"Power": -53.72072170953831
			}, {
				"Time": 3.209592550079325e-7,
				"TimeDiff": 2.472504318827035e-7,
				"PhiDegree": 291.25655033518245,
				"Power": -67.68016033130158
			}]
	}
}