{
	"SensorDataCollection": {
		"SensorId": 0,
		"SensorDatas": [{
				"Time": 4.569677256283578e-7,
				"TimeDiff": 0.0,
				"PhiDegree": 31.620548194945272,
				"Power": -56.226623979609
			}, {
				"Time": 4.14694598425791e-7,
				"TimeDiff": -4.22731272025668e-8,
				"PhiDegree": 339.82745468809395,
				"Power": -63.95512022998814
			}, {
				"Time": 4.051275273553753e-7,
				"TimeDiff": -5.184019827298246e-8,
				"PhiDegree": 10.439233975270962,
				"Power": -85.12395320135239
			}]
	}
}