{
	"SensorDataCollection": {
		"SensorId": 0,
		"SensorDatas": [{
				"Time": 4.484745927297594e-7,
				"TimeDiff": 0.0,
				"PhiDegree": 32.29104729274187,
				"Power": -55.46640905737179
			}, {
				"Time": 4.053166268754559e-7,
				"TimeDiff": -4.315796585430351e-8,
				"PhiDegree": 339.2859586216103,
				"Power": -63.62912694036133
			}, {
				"Time": 4.3286152688916744e-7,
				"TimeDiff": -1.561306584059197e-8,
				"PhiDegree": 340.6585966441188,
				"Power": -74.34682945898594
			}, {
				"Time": 4.1497572790711626e-7,
				"TimeDiff": -3.349886482264315e-8,
				"PhiDegree": 10.188811886281291,
				"Power": -86.13941440117014
			}]
	}
}