{
	"SensorDataCollection": {
		"SensorId": 0,
		"SensorDatas": [{
				"Time": 7.078085802360012e-8,
				"TimeDiff": 0.0,
				"PhiDegree": 98.13010235415598,
				"Power": -34.051281748085806
			}, {
				"Time": 2.3187937081402484e-7,
				"TimeDiff": 1.610985127904247e-7,
				"PhiDegree": 162.4113707666671,
				"Power": -54.009738461784224
			}, {
				"Time": 3.2528412316099204e-7,
				"TimeDiff": 2.545032651373919e-7,
				"PhiDegree": 291.59121196513104,
				"Power": -67.14005265666583
			}, {
				"Time": 1.4038283432659012e-7,
				"TimeDiff": 6.960197630299001e-8,
				"PhiDegree": 265.91108435918073,
				"Power": -73.94938533242
			}]
	}
}