{
	"SensorDataCollection": {
		"SensorId": 0,
		"SensorDatas": [{
				"Time": 4.5808263677726334e-7,
				"TimeDiff": 0.0,
				"PhiDegree": 31.046351743394926,
				"Power": -56.78770086047827
			}, {
				"Time": 4.166940447837951e-7,
				"TimeDiff": -4.1388591993468214e-8,
				"PhiDegree": 340.37989036275343,
				"Power": -64.80580130362065
			}, {
				"Time": 3.9866842945895477e-7,
				"TimeDiff": -5.9414207318308564e-8,
				"PhiDegree": 10.121942849134003,
				"Power": -67.51352079512996
			}]
	}
}