{
	"SensorDataCollection": {
		"SensorId": 0,
		"SensorDatas": [{
				"Time": 7.527806674872585e-8,
				"TimeDiff": 0.0,
				"PhiDegree": 77.19573393471325,
				"Power": -34.60032077224521
			}, {
				"Time": 3.883889920504498e-7,
				"TimeDiff": 3.13110925301724e-7,
				"PhiDegree": 230.36862526797324,
				"Power": -49.83196950031436
			}, {
				"Time": 2.5837907847962664e-7,
				"TimeDiff": 1.831010117309008e-7,
				"PhiDegree": 163.4947978268889,
				"Power": -55.92059675121419
			}, {
				"Time": 1.4432960209952077e-7,
				"TimeDiff": 6.905153535079492e-8,
				"PhiDegree": 276.63771626257653,
				"Power": -65.87047726547742
			}]
	}
}