{
	"SensorDataCollection": {
		"SensorId": 0,
		"SensorDatas": [{
				"Time": 6.80544034467805e-8,
				"TimeDiff": 0.0,
				"PhiDegree": 348.6900675259797,
				"Power": -33.699556888979565
			}, {
				"Time": 8.75094406063915e-8,
				"TimeDiff": 1.9455037159610997e-8,
				"PhiDegree": 319.6920582443223,
				"Power": -36.199433342838205
			}, {
				"Time": 3.2289109143091635e-7,
				"TimeDiff": 2.5483668798413584e-7,
				"PhiDegree": 78.07255438746874,
				"Power": -63.03242481096859
			}]
	}
}