{
	"SensorDataCollection": {
		"SensorId": 0,
		"SensorDatas": [{
				"Time": 7.132925139704943e-8,
				"TimeDiff": 0.0,
				"PhiDegree": 79.21570213243741,
				"Power": -34.120232705659475
			}, {
				"Time": 2.5424194569920663e-7,
				"TimeDiff": 1.829126943021572e-7,
				"PhiDegree": 164.00213412699011,
				"Power": -56.26328693151095
			}, {
				"Time": 1.406601308682503e-7,
				"TimeDiff": 6.933087947120085e-8,
				"PhiDegree": 275.44471320084205,
				"Power": -69.03753458674673
			}]
	}
}