{
	"SensorDataCollection": {
		"SensorId": 0,
		"SensorDatas": [{
				"Time": 7.014887342486866e-8,
				"TimeDiff": 0.0,
				"PhiDegree": 92.72631099390628,
				"Power": -33.971092681780036
			}, {
				"Time": 2.382492166164043e-7,
				"TimeDiff": 1.6810034319153565e-7,
				"PhiDegree": 162.89632711171373,
				"Power": -54.669976605594684
			}, {
				"Time": 3.228881029953452e-7,
				"TimeDiff": 2.527392295704765e-7,
				"PhiDegree": 290.49007380912974,
				"Power": -69.29483228473981
			}]
	}
}