{
	"SensorDataCollection": {
		"SensorId": 0,
		"SensorDatas": [{
				"Time": 7.132925139704943e-8,
				"TimeDiff": 0.0,
				"PhiDegree": 100.7842978675626,
				"Power": -34.120232705659475
			}, {
				"Time": 2.287009375514537e-7,
				"TimeDiff": 1.5737168615440427e-7,
				"PhiDegree": 162.15877131242678,
				"Power": -53.67455077626539
			}, {
				"Time": 3.2652668677364474e-7,
				"TimeDiff": 2.551974353765953e-7,
				"PhiDegree": 292.1356205663959,
				"Power": -66.13771301535563
			}, {
				"Time": 1.406601308682503e-7,
				"TimeDiff": 6.933087947120085e-8,
				"PhiDegree": 264.55528679915795,
				"Power": -69.03753458674673
			}]
	}
}