{
	"SensorDataCollection": {
		"SensorId": 0,
		"SensorDatas": [{
				"Time": 9.107259311615093e-8,
				"TimeDiff": 0.0,
				"PhiDegree": 351.5730309785193,
				"Power": -36.2832009175115
			}, {
				"Time": 1.0639886081930751e-7,
				"TimeDiff": 1.5326267703156583e-8,
				"PhiDegree": 327.85596291410627,
				"Power": -39.474153032605884
			}, {
				"Time": 2.0086112734454891e-7,
				"TimeDiff": 1.0978853422839798e-7,
				"PhiDegree": 296.6484783496687,
				"Power": -50.86070766576805
			}, {
				"Time": 5.02026010548216e-7,
				"TimeDiff": 4.10953417432065e-7,
				"PhiDegree": 230.23167960883922,
				"Power": -52.014529831589215
			}]
	}
}