{
	"SensorDataCollection": {
		"SensorId": 0,
		"SensorDatas": [{
				"Time": 7.078085802360012e-8,
				"TimeDiff": 0.0,
				"PhiDegree": 81.86989764584402,
				"Power": -34.051281748085806
			}, {
				"Time": 2.5103620993018386e-7,
				"TimeDiff": 1.8025535190658373e-7,
				"PhiDegree": 163.79225054977456,
				"Power": -55.951006551021095
			}, {
				"Time": 1.4038283432659012e-7,
				"TimeDiff": 6.960197630299001e-8,
				"PhiDegree": 274.08891564081927,
				"Power": -73.94938533242
			}]
	}
}