{
	"SensorDataCollection": {
		"SensorId": 0,
		"SensorDatas": [{
				"Time": 4.467009963623842e-7,
				"TimeDiff": 0.0,
				"PhiDegree": 31.92926082808015,
				"Power": -55.74986173010856
			}, {
				"Time": 4.0414849374037754e-7,
				"TimeDiff": -4.255250262200667e-8,
				"PhiDegree": 339.72841771631516,
				"Power": -64.22168744318932
			}, {
				"Time": 3.8553676177714384e-7,
				"TimeDiff": -6.116423458524037e-8,
				"PhiDegree": 10.465531427167571,
				"Power": -66.68310541734172
			}, {
				"Time": 4.317679219577802e-7,
				"TimeDiff": -1.4933074404603997e-8,
				"PhiDegree": 341.0763847336499,
				"Power": -75.28846914906262
			}]
	}
}