{
	"SensorDataCollection": {
		"SensorId": 0,
		"SensorDatas": [{
				"Time": 6.478586193820038e-8,
				"TimeDiff": 0.0,
				"PhiDegree": 348.111341960372,
				"Power": -33.2567961884254
			}, {
				"Time": 8.49924012710663e-8,
				"TimeDiff": 2.020653933286592e-8,
				"PhiDegree": 318.23682397187025,
				"Power": -35.82303109662277
			}, {
				"Time": 3.222180364349997e-7,
				"TimeDiff": 2.574321744967993e-7,
				"PhiDegree": 78.6530657279818,
				"Power": -63.83286140879636
			}]
	}
}