{
	"SensorDataCollection": {
		"SensorId": 0,
		"SensorDatas": [{
				"Time": 4.4953627340866007e-7,
				"TimeDiff": 0.0,
				"PhiDegree": 31.704345522081073,
				"Power": -56.00762312083599
			}, {
				"Time": 4.0728010748330784e-7,
				"TimeDiff": -4.225616592535223e-8,
				"PhiDegree": 339.89104962569417,
				"Power": -64.52064338188154
			}, {
				"Time": 3.888183067199961e-7,
				"TimeDiff": -6.071796668866395e-8,
				"PhiDegree": 10.376902158432108,
				"Power": -66.89424754741535
			}, {
				"Time": 4.286129858428716e-7,
				"TimeDiff": -2.0923287565788485e-8,
				"PhiDegree": 340.9317328465033,
				"Power": -74.88785707978525
			}]
	}
}