{
	"SensorDataCollection": {
		"SensorId": 0,
		"SensorDatas": [{
				"Time": 2.1102774672870835e-8,
				"TimeDiff": 0.0,
				"PhiDegree": 251.56505117707798,
				"Power": -22.339842489084283
			}, {
				"Time": 4.643979930886089e-7,
				"TimeDiff": 4.4329521841573803e-7,
				"PhiDegree": 43.99918265375555,
				"Power": -50.495669792150906
			}, {
				"Time": 5.0380101926249375e-8,
				"TimeDiff": 2.927732725337854e-8,
				"PhiDegree": 262.3883050628853,
				"Power": -54.39920518135304
			}]
	}
}