{
	"SensorDataCollection": {
		"SensorId": 0,
		"SensorDatas": [{
				"Time": 4.5412981469736807e-7,
				"TimeDiff": 0.0,
				"PhiDegree": 31.84126018848563,
				"Power": -55.97199694348683
			}, {
				"Time": 4.115653001586016e-7,
				"TimeDiff": -4.256451453876647e-8,
				"PhiDegree": 339.69257406680714,
				"Power": -63.73992380841705
			}, {
				"Time": 4.0840938714700134e-7,
				"TimeDiff": -4.572042755036673e-8,
				"PhiDegree": 10.354418102581388,
				"Power": -85.46491356967405
			}]
	}
}