{
	"SensorDataCollection": {
		"SensorId": 0,
		"SensorDatas": [{
				"Time": 7.460957536519348e-8,
				"TimeDiff": 0.0,
				"PhiDegree": 79.69515353123397,
				"Power": -34.52099258592634
			}, {
				"Time": 2.5518168739983943e-7,
				"TimeDiff": 1.8057211203464594e-7,
				"PhiDegree": 163.28195520781478,
				"Power": -55.61537741603976
			}, {
				"Time": 1.4398206640048914e-7,
				"TimeDiff": 6.937249103529567e-8,
				"PhiDegree": 275.31872708508087,
				"Power": -69.64217942317012
			}]
	}
}