{
	"SensorDataCollection": {
		"SensorId": 0,
		"SensorDatas": [{
				"Time": 7.408546749442863e-8,
				"TimeDiff": 0.0,
				"PhiDegree": 97.76516601842536,
				"Power": -34.45825934123445
			}, {
				"Time": 2.6345970460242946e-7,
				"TimeDiff": 1.8937423710800083e-7,
				"PhiDegree": 212.96673843707754,
				"Power": -48.69902094412525
			}, {
				"Time": 2.329093584217238e-7,
				"TimeDiff": 1.5882389092729516e-7,
				"PhiDegree": 161.628904052093,
				"Power": -53.39408058275434
			}, {
				"Time": 3.2218394344700173e-7,
				"TimeDiff": 2.480984759525731e-7,
				"PhiDegree": 291.8095633046233,
				"Power": -66.63683500299052
			}]
	}
}