{
	"SensorDataCollection": {
		"SensorId": 0,
		"SensorDatas": [{
				"Time": 7.3481909842418e-8,
				"TimeDiff": 0.0,
				"PhiDegree": 92.60256220249981,
				"Power": -34.38541880832664
			}, {
				"Time": 2.3925178337818373e-7,
				"TimeDiff": 1.6576987353576573e-7,
				"PhiDegree": 162.1325877699926,
				"Power": -54.044206634584
			}, {
				"Time": 3.197646942524737e-7,
				"TimeDiff": 2.4628278441005574e-7,
				"PhiDegree": 290.6993532946909,
				"Power": -68.77534939281497
			}]
	}
}