{
	"SensorDataCollection": {
		"SensorId": 0,
		"SensorDatas": [{
				"Time": 9.881192561249904e-8,
				"TimeDiff": 0.0,
				"PhiDegree": 191.68936917543917,
				"Power": -36.999044639939264
			}, {
				"Time": 1.0888812705917647e-7,
				"TimeDiff": 1.007620144667743e-8,
				"PhiDegree": 207.29685451992322,
				"Power": -41.416000145399195
			}, {
				"Time": 3.3679276556718296e-7,
				"TimeDiff": 2.3798083995468392e-7,
				"PhiDegree": 106.69674323206168,
				"Power": -58.04522125582024
			}, {
				"Time": 3.6554884973568644e-7,
				"TimeDiff": 2.667369241231874e-7,
				"PhiDegree": 105.34942450382427,
				"Power": -71.74331419250183
			}]
	}
}