{
	"SensorDataCollection": {
		"SensorId": 0,
		"SensorDatas": [{
				"Time": 8.070259488593998e-8,
				"TimeDiff": 0.0,
				"PhiDegree": 97.12501634890181,
				"Power": -35.217353363927096
			}, {
				"Time": 2.671496604381083e-7,
				"TimeDiff": 1.864470655521683e-7,
				"PhiDegree": 214.16760399835096,
				"Power": -48.20555804329783
			}, {
				"Time": 2.3509789783806057e-7,
				"TimeDiff": 1.5439530295212058e-7,
				"PhiDegree": 160.08525604644186,
				"Power": -52.288708314638114
			}, {
				"Time": 3.159980344065222e-7,
				"TimeDiff": 2.3529543952058224e-7,
				"PhiDegree": 292.2591026882259,
				"Power": -65.62359496489714
			}]
	}
}