{
	"SensorDataCollection": {
		"SensorId": 0,
		"SensorDatas": [{
				"Time": 7.853521706649398e-8,
				"TimeDiff": 0.0,
				"PhiDegree": 77.7352262721076,
				"Power": -34.97629934507179
			}, {
				"Time": 3.8582510044754004e-7,
				"TimeDiff": 3.072898833810461e-7,
				"PhiDegree": 230.0525724712365,
				"Power": -49.66869277592372
			}, {
				"Time": 2.593467585728357e-7,
				"TimeDiff": 1.8081154150634176e-7,
				"PhiDegree": 162.78801226249718,
				"Power": -55.310734227219214
			}, {
				"Time": 1.4764438162772135e-7,
				"TimeDiff": 6.910916456122737e-8,
				"PhiDegree": 276.48804448269544,
				"Power": -66.4569474529408
			}]
	}
}