{
	"SensorDataCollection": {
		"SensorId": 0,
		"SensorDatas": [{
				"Time": 7.68152592936127e-8,
				"TimeDiff": 0.0,
				"PhiDegree": 92.48955292199916,
				"Power": -34.77989317087152
			}, {
				"Time": 2.402965019218903e-7,
				"TimeDiff": 1.634812426282776e-7,
				"PhiDegree": 161.3753557380034,
				"Power": -53.461222003824034
			}, {
				"Time": 3.166456358135513e-7,
				"TimeDiff": 2.3983037651993856e-7,
				"PhiDegree": 290.912758611009,
				"Power": -68.25312889318084
			}]
	}
}