{
	"SensorDataCollection": {
		"SensorId": 0,
		"SensorDatas": [{
				"Time": 4.5307889799795775e-7,
				"TimeDiff": 0.0,
				"PhiDegree": 32.422325828221496,
				"Power": -55.4423113342302
			}, {
				"Time": 5.467942470229424e-7,
				"TimeDiff": 9.371534902498465e-8,
				"PhiDegree": 155.60604586695223,
				"Power": -61.7713988086017
			}, {
				"Time": 4.096223606747104e-7,
				"TimeDiff": -4.345653732324734e-8,
				"PhiDegree": 339.01449329840773,
				"Power": -63.351386036649785
			}, {
				"Time": 4.3083927867158234e-7,
				"TimeDiff": -2.2239619326375414e-8,
				"PhiDegree": 340.09294145779614,
				"Power": -73.04652732280816
			}]
	}
}