{
	"SensorDataCollection": {
		"SensorId": 0,
		"SensorDatas": [{
				"Time": 7.739282576649947e-8,
				"TimeDiff": 0.0,
				"PhiDegree": 97.4314079711725,
				"Power": -34.84636780091568
			}, {
				"Time": 2.6529011540806724e-7,
				"TimeDiff": 1.8789728964156776e-7,
				"PhiDegree": 213.57134689137078,
				"Power": -48.44089829789888
			}, {
				"Time": 2.3398239725815854e-7,
				"TimeDiff": 1.5658957149165906e-7,
				"PhiDegree": 160.85347055516283,
				"Power": -52.821493911723195
			}, {
				"Time": 3.190885338028474e-7,
				"TimeDiff": 2.416957080363479e-7,
				"PhiDegree": 292.03215428870675,
				"Power": -66.13133488102262
			}]
	}
}