{
	"SensorDataCollection": {
		"SensorId": 0,
		"SensorDatas": [{
				"Time": 8.007939949870382e-8,
				"TimeDiff": 0.0,
				"PhiDegree": 90.0,
				"Power": -35.14875543526388
			}, {
				"Time": 2.7548922033075463e-7,
				"TimeDiff": 1.954098208320508e-7,
				"PhiDegree": 212.99832490384526,
				"Power": -49.06974577195277
			}, {
				"Time": 2.445330059810447e-7,
				"TimeDiff": 1.6445360648234087e-7,
				"PhiDegree": 160.88417385462603,
				"Power": -53.22818668215777
			}, {
				"Time": 3.123437316390046e-7,
				"TimeDiff": 2.3226433214030077e-7,
				"PhiDegree": 290.55948380020595,
				"Power": -68.861445718681
			}]
	}
}