{
	"SensorDataCollection": {
		"SensorId": 0,
		"SensorDatas": [{
				"Time": 7.789468353122816e-8,
				"TimeDiff": 0.0,
				"PhiDegree": 80.13419305691563,
				"Power": -34.903698447176396
			}, {
				"Time": 3.836912215878839e-7,
				"TimeDiff": 3.0579653805665574e-7,
				"PhiDegree": 230.4345533139367,
				"Power": -49.7491547888345
			}, {
				"Time": 2.5616144629995564e-7,
				"TimeDiff": 1.7826676276872748e-7,
				"PhiDegree": 162.56717310333636,
				"Power": -55.0095930239534
			}, {
				"Time": 1.473046666911171e-7,
				"TimeDiff": 6.940998315988893e-8,
				"PhiDegree": 275.19842388851987,
				"Power": -70.23330875046605
			}]
	}
}