{
	"SensorDataCollection": {
		"SensorId": 0,
		"SensorDatas": [{
				"Time": 1.0429340530678315e-7,
				"TimeDiff": 0.0,
				"PhiDegree": 352.6476206401077,
				"Power": -37.471817119178766
			}, {
				"Time": 1.1791359021432319e-7,
				"TimeDiff": 1.3620184907540036e-8,
				"PhiDegree": 331.30853884784324,
				"Power": -41.53686251781458
			}, {
				"Time": 2.0719094973407514e-7,
				"TimeDiff": 1.0289754442729199e-7,
				"PhiDegree": 299.9490553303278,
				"Power": -48.48628768189498
			}, {
				"Time": 5.106666588867385e-7,
				"TimeDiff": 4.063732535799553e-7,
				"PhiDegree": 229.08059996342098,
				"Power": -51.819327592677354
			}]
	}
}