{
	"SensorDataCollection": {
		"SensorId": 0,
		"SensorDatas": [{
				"Time": 7.7032354194598e-8,
				"TimeDiff": 0.0,
				"PhiDegree": 94.96974072811032,
				"Power": -34.80494225857826
			}, {
				"Time": 2.6807654776269485e-7,
				"TimeDiff": 1.9104419356809686e-7,
				"PhiDegree": 213.17699651628254,
				"Power": -48.737147903685994
			}, {
				"Time": 2.371369906906418e-7,
				"TimeDiff": 1.601046364960438e-7,
				"PhiDegree": 161.11788711564617,
				"Power": -53.14283566879452
			}, {
				"Time": 3.1785191892552296e-7,
				"TimeDiff": 2.4081956473092497e-7,
				"PhiDegree": 291.4746072359608,
				"Power": -67.16624378355058
			}]
	}
}