{
	"SensorDataCollection": {
		"SensorId": 0,
		"SensorDatas": [{
				"Time": 4.558989308223778e-7,
				"TimeDiff": 0.0,
				"PhiDegree": 32.19749507736164,
				"Power": -55.690238417010676
			}, {
				"Time": 4.127394161921855e-7,
				"TimeDiff": -4.315951463019231e-8,
				"PhiDegree": 339.2652140461101,
				"Power": -63.1284028934543
			}]
	}
}