{
	"SensorDataCollection": {
		"SensorId": 0,
		"SensorDatas": [{
				"Time": 9.767872385429216e-8,
				"TimeDiff": 0.0,
				"PhiDegree": 352.14668669802177,
				"Power": -36.897937408034885
			}, {
				"Time": 1.1210545687231045e-7,
				"TimeDiff": 1.4426733018018282e-8,
				"PhiDegree": 329.6708939317952,
				"Power": -40.501728946898595
			}, {
				"Time": 2.0394143363972454e-7,
				"TimeDiff": 1.0626270978543238e-7,
				"PhiDegree": 298.32437367451746,
				"Power": -49.567659819960596
			}, {
				"Time": 5.063207907768173e-7,
				"TimeDiff": 4.086420669225251e-7,
				"PhiDegree": 229.6512289137372,
				"Power": -51.90454185042293
			}]
	}
}