{
	"SensorDataCollection": {
		"SensorId": 0,
		"SensorDatas": [{
				"Time": 8.035697190637787e-8,
				"TimeDiff": 0.0,
				"PhiDegree": 94.76364169072619,
				"Power": -35.17937898592964
			}, {
				"Time": 2.6991689683925934e-7,
				"TimeDiff": 1.8955992493288148e-7,
				"PhiDegree": 213.76982228806696,
				"Power": -48.49059237277609
			}, {
				"Time": 2.3823772097426964e-7,
				"TimeDiff": 1.5788074906789175e-7,
				"PhiDegree": 160.35859113208556,
				"Power": -52.60461640007486
			}, {
				"Time": 3.14749277535266e-7,
				"TimeDiff": 2.3439230562888815e-7,
				"PhiDegree": 291.6969664029265,
				"Power": -66.64985153548821
			}]
	}
}