{
	"SensorDataCollection": {
		"SensorId": 0,
		"SensorDatas": [{
				"Time": 7.674275785292449e-8,
				"TimeDiff": 0.0,
				"PhiDegree": 90.0,
				"Power": -34.77151079941187
			}, {
				"Time": 2.434607394898102e-7,
				"TimeDiff": 1.6671798163688572e-7,
				"PhiDegree": 161.62613672180788,
				"Power": -53.776672885433925
			}, {
				"Time": 3.154700324117074e-7,
				"TimeDiff": 2.3872727455878296e-7,
				"PhiDegree": 290.3466677351003,
				"Power": -69.39479501986774
			}]
	}
}