{
	"SensorDataCollection": {
		"SensorId": 0,
		"SensorDatas": [{
				"Time": 7.68152592936127e-8,
				"TimeDiff": 0.0,
				"PhiDegree": 87.51044707800085,
				"Power": -34.77989317087152
			}, {
				"Time": 2.4662952147887356e-7,
				"TimeDiff": 1.6981426218526086e-7,
				"PhiDegree": 161.87047804413024,
				"Power": -54.08921050377455
			}]
	}
}