{
	"SensorDataCollection": {
		"SensorId": 0,
		"SensorDatas": [{
				"Time": 1.0098510070635002e-7,
				"TimeDiff": 0.0,
				"PhiDegree": 352.40535663140855,
				"Power": -37.18963552931736
			}, {
				"Time": 1.1499778663703942e-7,
				"TimeDiff": 1.4012685930689405e-8,
				"PhiDegree": 330.5103936062144,
				"Power": -41.01905642951141
			}, {
				"Time": 2.0554553224503507e-7,
				"TimeDiff": 1.0456043153868505e-7,
				"PhiDegree": 299.14313552781385,
				"Power": -49.00224614889531
			}, {
				"Time": 5.084874203539657e-7,
				"TimeDiff": 4.0750231964761573e-7,
				"PhiDegree": 229.3646952009885,
				"Power": -51.85892009589949
			}]
	}
}