{
	"SensorDataCollection": {
		"SensorId": 0,
		"SensorDatas": [{
				"Time": 2.5659891776694974e-7,
				"TimeDiff": 0.0,
				"PhiDegree": 58.89099389068677,
				"Power": -45.47808039814878
			}, {
				"Time": 4.25324494908587e-7,
				"TimeDiff": 1.6872557714163725e-7,
				"PhiDegree": 148.71307766314288,
				"Power": -51.729733816404824
			}, {
				"Time": 4.652499545464111e-7,
				"TimeDiff": 2.0865103677946138e-7,
				"PhiDegree": 218.419542959223,
				"Power": -51.866789339732975
			}, {
				"Time": 3.8458580319222354e-7,
				"TimeDiff": 1.279868854252738e-7,
				"PhiDegree": 69.69378267976671,
				"Power": -71.20189460625144
			}]
	}
}