{
	"SensorDataCollection": {
		"SensorId": 0,
		"SensorDatas": [{
				"Time": 2.704515715670006e-7,
				"TimeDiff": 0.0,
				"PhiDegree": 56.27699575623974,
				"Power": -48.531637177308596
			}, {
				"Time": 4.784332771700654e-7,
				"TimeDiff": 2.0798170560306483e-7,
				"PhiDegree": 217.17790041208062,
				"Power": -52.68961966200462
			}, {
				"Time": 4.3970650036984415e-7,
				"TimeDiff": 1.6925492880284355e-7,
				"PhiDegree": 149.85075161260713,
				"Power": -52.9053811502952
			}, {
				"Time": 3.9068893053522265e-7,
				"TimeDiff": 1.2023735896822205e-7,
				"PhiDegree": 67.39857899733228,
				"Power": -66.8413827180045
			}]
	}
}