{
	"SensorDataCollection": {
		"SensorId": 0,
		"SensorDatas": [{
				"Time": 3.832991491201044e-7,
				"TimeDiff": 0.0,
				"PhiDegree": 144.80433950601753,
				"Power": -48.352809642628785
			}, {
				"Time": 4.2717072927857434e-7,
				"TimeDiff": 4.387158015846996e-8,
				"PhiDegree": 222.5948478283923,
				"Power": -49.92191710828507
			}, {
				"Time": 2.3449553634052307e-7,
				"TimeDiff": -1.4880361277958131e-7,
				"PhiDegree": 69.22972966300938,
				"Power": -50.9736506583523
			}, {
				"Time": 3.0090654828338735e-7,
				"TimeDiff": -8.239260083671703e-8,
				"PhiDegree": 286.07622034954454,
				"Power": -68.30863150559057
			}]
	}
}