{
	"SensorDataCollection": {
		"SensorId": 0,
		"SensorDatas": [{
				"Time": 2.4526302393715913e-7,
				"TimeDiff": 0.0,
				"PhiDegree": 63.47822630716454,
				"Power": -47.43942448492539
			}, {
				"Time": 4.0548598025008266e-7,
				"TimeDiff": 1.6022295631292353e-7,
				"PhiDegree": 146.9879296816917,
				"Power": -50.115384155677916
			}, {
				"Time": 4.4718617422228444e-7,
				"TimeDiff": 2.019231502851253e-7,
				"PhiDegree": 220.2794871745682,
				"Power": -50.84645809820478
			}, {
				"Time": 3.771169398590276e-7,
				"TimeDiff": 1.318539159218685e-7,
				"PhiDegree": 73.02369414660946,
				"Power": -79.01301315843118
			}]
	}
}