{
	"SensorDataCollection": {
		"SensorId": 0,
		"SensorDatas": [{
				"Time": 4.6050153276264096e-7,
				"TimeDiff": 0.0,
				"PhiDegree": 32.327592550619094,
				"Power": -55.664733182827845
			}, {
				"Time": 5.39338719367735e-7,
				"TimeDiff": 7.883718660509407e-8,
				"PhiDegree": 155.63607261420242,
				"Power": -61.68407870924628
			}, {
				"Time": 4.1704860038912153e-7,
				"TimeDiff": -4.345293237351943e-8,
				"PhiDegree": 338.97615162301685,
				"Power": -62.73747715936136
			}]
	}
}