{
	"SensorDataCollection": {
		"SensorId": 0,
		"SensorDatas": [{
				"Time": 4.464932887309143e-7,
				"TimeDiff": 0.0,
				"PhiDegree": 33.47251100768325,
				"Power": -54.460244797428686
			}, {
				"Time": 4.0152724725917566e-7,
				"TimeDiff": -4.496604147173864e-8,
				"PhiDegree": 338.0583666934633,
				"Power": -61.93111354106557
			}, {
				"Time": 5.545788872171138e-7,
				"TimeDiff": 1.0808559848619954e-7,
				"PhiDegree": 156.34713319403053,
				"Power": -62.70219223713718
			}, {
				"Time": 4.4138726674639034e-7,
				"TimeDiff": -5.10602198452396e-9,
				"PhiDegree": 340.1281284536294,
				"Power": -73.33350331321061
			}]
	}
}