{
	"SensorDataCollection": {
		"SensorId": 0,
		"SensorDatas": [{
				"Time": 4.4094212709647373e-7,
				"TimeDiff": 0.0,
				"PhiDegree": 33.950766730465716,
				"Power": -53.989836154478
			}, {
				"Time": 3.953452072027008e-7,
				"TimeDiff": -4.5596919893772945e-8,
				"PhiDegree": 337.6969839618585,
				"Power": -61.34634615994304
			}, {
				"Time": 5.606979595171383e-7,
				"TimeDiff": 1.1975583242066454e-7,
				"PhiDegree": 156.62071657992047,
				"Power": -63.10656360102932
			}, {
				"Time": 4.4766893719316564e-7,
				"TimeDiff": 6.7268100966919115e-9,
				"PhiDegree": 340.41845123361406,
				"Power": -74.09801317644673
			}]
	}
}