{
	"SensorDataCollection": {
		"SensorId": 0,
		"SensorDatas": [{
				"Time": 4.437138435834325e-7,
				"TimeDiff": 0.0,
				"PhiDegree": 33.710143047414284,
				"Power": -54.22413678126439
			}, {
				"Time": 3.9843424601478025e-7,
				"TimeDiff": -4.527959756865225e-8,
				"PhiDegree": 337.87907711405467,
				"Power": -61.63927396462101
			}, {
				"Time": 5.576368341486733e-7,
				"TimeDiff": 1.139229905652408e-7,
				"PhiDegree": 156.48467540901132,
				"Power": -62.90459202373256
			}, {
				"Time": 4.4452667536299934e-7,
				"TimeDiff": 8.128317795668436e-10,
				"PhiDegree": 340.2743154907748,
				"Power": -73.71655753844121
			}]
	}
}