{
	"SensorDataCollection": {
		"SensorId": 0,
		"SensorDatas": [{
				"Time": 4.864464258908434e-7,
				"TimeDiff": 0.0,
				"PhiDegree": 216.4654143727841,
				"Power": -53.21430683259243
			}, {
				"Time": 4.484122333587508e-7,
				"TimeDiff": -3.803419253209259e-8,
				"PhiDegree": 150.49861272995008,
				"Power": -53.61546137665316
			}, {
				"Time": 3.946441396467728e-7,
				"TimeDiff": -9.180228624407058e-8,
				"PhiDegree": 66.0567919008421,
				"Power": -64.61528628029743
			}]
	}
}