{
	"SensorDataCollection": {
		"SensorId": 0,
		"SensorDatas": [{
				"Time": 3.8056649354028845e-7,
				"TimeDiff": 0.0,
				"PhiDegree": 144.51398952608255,
				"Power": -48.141467517949856
			}, {
				"Time": 4.2472043774904845e-7,
				"TimeDiff": 4.415394420876e-8,
				"PhiDegree": 222.89949539086092,
				"Power": -49.82828321181688
			}, {
				"Time": 2.333294470646268e-7,
				"TimeDiff": -1.4723704647566164e-7,
				"PhiDegree": 69.9865479835632,
				"Power": -51.5384099616096
			}, {
				"Time": 2.9999870850334913e-7,
				"TimeDiff": -8.056778503693932e-8,
				"PhiDegree": 285.4667091741518,
				"Power": -69.5251459377076
			}]
	}
}