{
	"SensorDataCollection": {
		"SensorId": 0,
		"SensorDatas": [{
				"Time": 2.548793510248609e-7,
				"TimeDiff": 0.0,
				"PhiDegree": 59.52115155303213,
				"Power": -45.70417924735574
			}, {
				"Time": 4.2246839992409904e-7,
				"TimeDiff": 1.6758904889923815e-7,
				"PhiDegree": 148.47640688561702,
				"Power": -51.49638159614523
			}, {
				"Time": 4.6264040373774256e-7,
				"TimeDiff": 2.0776105271288168e-7,
				"PhiDegree": 218.6763292674788,
				"Power": -51.71091377809003
			}, {
				"Time": 3.834406329494727e-7,
				"TimeDiff": 1.2856128192461182e-7,
				"PhiDegree": 70.16138091461448,
				"Power": -72.18462067797239
			}]
	}
}