{
	"SensorDataCollection": {
		"SensorId": 0,
		"SensorDatas": [{
				"Time": 2.51537751844643e-7,
				"TimeDiff": 0.0,
				"PhiDegree": 60.80647953503907,
				"Power": -46.20806146299364
			}, {
				"Time": 4.167776312731171e-7,
				"TimeDiff": 1.6523987942847405e-7,
				"PhiDegree": 147.99350854498508,
				"Power": -51.03206149741137
			}, {
				"Time": 4.574496564277028e-7,
				"TimeDiff": 2.0591190458305978e-7,
				"PhiDegree": 219.19866466104233,
				"Power": -51.408770377749875
			}, {
				"Time": 3.812275908442294e-7,
				"TimeDiff": 1.2968983899958637e-7,
				"PhiDegree": 71.10484764063793,
				"Power": -74.2745959658738
			}]
	}
}