{
	"SensorDataCollection": {
		"SensorId": 0,
		"SensorDatas": [{
				"Time": 4.5207479440343843e-7,
				"TimeDiff": 0.0,
				"PhiDegree": 33.00603293993429,
				"Power": -54.93751143587944
			}, {
				"Time": 5.484727412616242e-7,
				"TimeDiff": 9.639794685818573e-8,
				"PhiDegree": 156.06745170585134,
				"Power": -62.29614194299728
			}, {
				"Time": 4.0772477622128224e-7,
				"TimeDiff": -4.435001818215619e-8,
				"PhiDegree": 338.40877678033144,
				"Power": -62.511473789345956
			}, {
				"Time": 4.351172561319748e-7,
				"TimeDiff": -1.6957538271463608e-8,
				"PhiDegree": 339.8294307553028,
				"Power": -72.56261739986826
			}]
	}
}