{
	"SensorDataCollection": {
		"SensorId": 0,
		"SensorDatas": [{
				"Time": 3.860413006166392e-7,
				"TimeDiff": 0.0,
				"PhiDegree": 145.0906677526197,
				"Power": -48.56646147686898
			}, {
				"Time": 4.2963295965041993e-7,
				"TimeDiff": 4.359165903378075e-8,
				"PhiDegree": 222.29368370836457,
				"Power": -50.020841134639895
			}, {
				"Time": 2.3570309419844148e-7,
				"TimeDiff": -1.503382064181977e-7,
				"PhiDegree": 68.48119619630478,
				"Power": -50.43990665161399
			}, {
				"Time": 3.0184854290009805e-7,
				"TimeDiff": -8.419275771654113e-8,
				"PhiDegree": 286.6816700773834,
				"Power": -67.15308247762354
			}]
	}
}