{
	"SensorDataCollection": {
		"SensorId": 0,
		"SensorDatas": [{
				"Time": 4.576855339726758e-7,
				"TimeDiff": 0.0,
				"PhiDegree": 32.55096237299009,
				"Power": -55.4209269639252
			}, {
				"Time": 5.423799582275213e-7,
				"TimeDiff": 8.469442425484554e-8,
				"PhiDegree": 155.7814797148942,
				"Power": -61.888485013830234
			}, {
				"Time": 4.1393709838287877e-7,
				"TimeDiff": -4.374843558979703e-8,
				"PhiDegree": 338.84063665808753,
				"Power": -62.53753949296887
			}]
	}
}