{
	"SensorDataCollection": {
		"SensorId": 0,
		"SensorDatas": [{
				"Time": 2.531920790891441e-7,
				"TimeDiff": 0.0,
				"PhiDegree": 60.159632856295296,
				"Power": -45.947316754718166
			}, {
				"Time": 4.1961939689980614e-7,
				"TimeDiff": 1.6642731781066204e-7,
				"PhiDegree": 148.2365686096273,
				"Power": -51.26379685565816
			}, {
				"Time": 4.600402509463167e-7,
				"TimeDiff": 2.0684817185717258e-7,
				"PhiDegree": 218.93602355968088,
				"Power": -51.558200338475785
			}, {
				"Time": 3.823211533924345e-7,
				"TimeDiff": 1.2912907430329039e-7,
				"PhiDegree": 70.63174899350436,
				"Power": -73.20820241021694
			}]
	}
}