{
	"SensorDataCollection": {
		"SensorId": 0,
		"SensorDatas": [{
				"Time": 2.4991702352496064e-7,
				"TimeDiff": 0.0,
				"PhiDegree": 61.46172990501614,
				"Power": -46.48700544088662
			}, {
				"Time": 4.1394325210063313e-7,
				"TimeDiff": 1.640262285756725e-7,
				"PhiDegree": 147.74717141152504,
				"Power": -50.80126111162019
			}, {
				"Time": 4.54868783492384e-7,
				"TimeDiff": 2.0495175996742335e-7,
				"PhiDegree": 219.46429178745834,
				"Power": -51.26274932663168
			}, {
				"Time": 3.801601689622595e-7,
				"TimeDiff": 1.3024314543729887e-7,
				"PhiDegree": 71.58063563380999,
				"Power": -75.38590696424603
			}]
	}
}