{
	"SensorDataCollection": {
		"SensorId": 0,
		"SensorDatas": [{
				"Time": 3.697350304101773e-7,
				"TimeDiff": 0.0,
				"PhiDegree": 143.3109740480113,
				"Power": -47.322278858148074
			}, {
				"Time": 4.1504287362706006e-7,
				"TimeDiff": 4.530784321688277e-8,
				"PhiDegree": 224.15378800943012,
				"Power": -49.51062547818185
			}, {
				"Time": 2.2909210294628464e-7,
				"TimeDiff": -1.4064292746389265e-7,
				"PhiDegree": 73.09416257571641,
				"Power": -54.157395595352405
			}, {
				"Time": 2.9671499097373564e-7,
				"TimeDiff": -7.302003943644165e-8,
				"PhiDegree": 282.99044675667756,
				"Power": -75.1091341237043
			}]
	}
}