{
	"SensorDataCollection": {
		"SensorId": 0,
		"SensorDatas": [{
				"Time": 3.724275889394898e-7,
				"TimeDiff": 0.0,
				"PhiDegree": 143.6181128268234,
				"Power": -47.522824372414654
			}, {
				"Time": 4.1744329344172556e-7,
				"TimeDiff": 4.501570450223574e-8,
				"PhiDegree": 223.8347722764209,
				"Power": -49.581093347027576
			}, {
				"Time": 2.300861836545545e-7,
				"TimeDiff": -1.4234140528493532e-7,
				"PhiDegree": 72.30552297947835,
				"Power": -53.44264371065154
			}, {
				"Time": 2.97483186323043e-7,
				"TimeDiff": -7.49444026164468e-8,
				"PhiDegree": 283.6149867106855,
				"Power": -73.59273824223135
			}]
	}
}