{
	"SensorDataCollection": {
		"SensorId": 0,
		"SensorDatas": [{
				"Time": 2.583501344579292e-7,
				"TimeDiff": 0.0,
				"PhiDegree": 58.269114984629525,
				"Power": -45.268471187597264
			}, {
				"Time": 4.2818753993899155e-7,
				"TimeDiff": 1.6983740548106236e-7,
				"PhiDegree": 148.94663425555976,
				"Power": -51.963775159194284
			}, {
				"Time": 4.6786874611924913e-7,
				"TimeDiff": 2.0951861166131994e-7,
				"PhiDegree": 218.1656262069881,
				"Power": -52.0257096021959
			}, {
				"Time": 3.8575643532191145e-7,
				"TimeDiff": 1.2740630086398226e-7,
				"PhiDegree": 69.22899162797042,
				"Power": -70.25820277406932
			}]
	}
}