{
	"SensorDataCollection": {
		"SensorId": 0,
		"SensorDatas": [{
				"Time": 4.810960152279096e-7,
				"TimeDiff": 0.0,
				"PhiDegree": 216.93776929574116,
				"Power": -52.86213080432569
			}, {
				"Time": 4.426022838079126e-7,
				"TimeDiff": -3.849373141999695e-8,
				"PhiDegree": 150.06950374604045,
				"Power": -53.14180750463697
			}, {
				"Time": 3.919833664745736e-7,
				"TimeDiff": -8.911264875333597e-8,
				"PhiDegree": 66.94831715023881,
				"Power": -66.0694320083835
			}]
	}
}