{
	"SensorDataCollection": {
		"SensorId": 0,
		"SensorDatas": [{
				"Time": 4.492803191002884e-7,
				"TimeDiff": 0.0,
				"PhiDegree": 33.23782318856276,
				"Power": -54.69806644247018
			}, {
				"Time": 4.0462412006779895e-7,
				"TimeDiff": -4.465619903248944e-8,
				"PhiDegree": 338.23491352126587,
				"Power": -62.22185102020677
			}, {
				"Time": 5.515241715913583e-7,
				"TimeDiff": 1.0224385249106994e-7,
				"PhiDegree": 156.20806656573694,
				"Power": -62.49937260859713
			}, {
				"Time": 4.382507726603131e-7,
				"TimeDiff": -1.1029546439975284e-8,
				"PhiDegree": 339.97984796288966,
				"Power": -72.94885484991727
			}]
	}
}