{
	"SensorDataCollection": {
		"SensorId": 0,
		"SensorDatas": [{
				"Time": 8.368254674726087e-8,
				"TimeDiff": 0.0,
				"PhiDegree": 85.42607874009914,
				"Power": -35.537780758789744
			}, {
				"Time": 3.7429726209063785e-7,
				"TimeDiff": 2.90614715343377e-7,
				"PhiDegree": 230.5713736896017,
				"Power": -49.58225989617999
			}, {
				"Time": 2.519328510717911e-7,
				"TimeDiff": 1.6825030432453022e-7,
				"PhiDegree": 160.66418649829475,
				"Power": -53.319134189676674
			}, {
				"Time": 3.4432160434802773e-7,
				"TimeDiff": 2.6063905760076686e-7,
				"PhiDegree": 165.97991591291228,
				"Power": -74.09059572500526
			}]
	}
}