{
	"SensorDataCollection": {
		"SensorId": 0,
		"SensorDatas": [{
				"Time": 3.77843539907525e-7,
				"TimeDiff": 0.0,
				"PhiDegree": 144.21954872789829,
				"Power": -47.93258439534115
			}, {
				"Time": 4.222822928871662e-7,
				"TimeDiff": 4.4438752979641215e-8,
				"PhiDegree": 223.207669656995,
				"Power": -49.74013317942979
			}, {
				"Time": 2.3220545111233735e-7,
				"TimeDiff": -1.4563808879518765e-7,
				"PhiDegree": 70.75154468782773,
				"Power": -52.136385812579505
			}, {
				"Time": 2.9912533453801105e-7,
				"TimeDiff": -7.871820536951395e-8,
				"PhiDegree": 284.85325068605636,
				"Power": -70.80751304639469
			}]
	}
}