{
	"SensorDataCollection": {
		"SensorId": 0,
		"SensorDatas": [{
				"Time": 2.4833055198069966e-7,
				"TimeDiff": 0.0,
				"PhiDegree": 62.12541849205236,
				"Power": -46.78476942749954
			}, {
				"Time": 4.1111641215671624e-7,
				"TimeDiff": 1.6278586017601658e-7,
				"PhiDegree": 147.49750092632985,
				"Power": -50.57148512426043
			}, {
				"Time": 4.52297798558432e-7,
				"TimeDiff": 2.0396724657773233e-7,
				"PhiDegree": 219.73294453809456,
				"Power": -51.12026683319249
			}, {
				"Time": 3.7911910854621525e-7,
				"TimeDiff": 1.307885565655156e-7,
				"PhiDegree": 72.0590697975157,
				"Power": -76.54440728515462
			}]
	}
}