{
	"SensorDataCollection": {
		"SensorId": 0,
		"SensorDatas": [{
				"Time": 4.6332444539498944e-7,
				"TimeDiff": 0.0,
				"PhiDegree": 32.10694127444289,
				"Power": -55.90983388148375
			}, {
				"Time": 5.363009935535397e-7,
				"TimeDiff": 7.297654815855025e-8,
				"PhiDegree": 155.48901732234722,
				"Power": -61.47930132436804
			}, {
				"Time": 4.2016355757057056e-7,
				"TimeDiff": -4.3160887824418874e-8,
				"PhiDegree": 339.09828705661675,
				"Power": -62.923765003534754
			}]
	}
}