{
	"SensorDataCollection": {
		"SensorId": 0,
		"SensorDatas": [{
				"Time": 8.40144899256625e-8,
				"TimeDiff": 0.0,
				"PhiDegree": 83.15722658736907,
				"Power": -35.57272408652455
			}, {
				"Time": 3.764252413300812e-7,
				"TimeDiff": 2.924107514044187e-7,
				"PhiDegree": 230.17908271841424,
				"Power": -49.496000014176786
			}, {
				"Time": 2.550836791153514e-7,
				"TimeDiff": 1.7106918918968893e-7,
				"PhiDegree": 160.91233728547553,
				"Power": -53.616790150761275
			}, {
				"Time": 3.410853162204567e-7,
				"TimeDiff": 2.570708262947942e-7,
				"PhiDegree": 165.8441299478776,
				"Power": -73.70113318205321
			}]
	}
}