{
	"SensorDataCollection": {
		"SensorId": 0,
		"SensorDatas": [{
				"Time": 2.601323618941616e-7,
				"TimeDiff": 0.0,
				"PhiDegree": 57.65546699127116,
				"Power": -45.07481905512022
			}, {
				"Time": 4.7049662415356805e-7,
				"TimeDiff": 2.1036426225940642e-7,
				"PhiDegree": 217.91454098597896,
				"Power": -52.18756094677502
			}, {
				"Time": 4.3105739653056754e-7,
				"TimeDiff": 1.7092503463640592e-7,
				"PhiDegree": 149.17712901284474,
				"Power": -52.19843067526731
			}, {
				"Time": 3.8695229825195893e-7,
				"TimeDiff": 1.268199363577973e-7,
				"PhiDegree": 68.76704317367282,
				"Power": -69.35184557461518
			}]
	}
}