{
	"SensorDataCollection": {
		"SensorId": 0,
		"SensorDatas": [{
				"Time": 2.4677899789375693e-7,
				"TimeDiff": 0.0,
				"PhiDegree": 62.79757553118266,
				"Power": -47.102009351072205
			}, {
				"Time": 4.0829726803460046e-7,
				"TimeDiff": 1.6151827014084353e-7,
				"PhiDegree": 147.2444397913799,
				"Power": -50.3428269507743
			}, {
				"Time": 4.4973687120438686e-7,
				"TimeDiff": 2.0295787331062993e-7,
				"PhiDegree": 220.00466288712389,
				"Power": -50.98145691186343
			}, {
				"Time": 3.7810462734444937e-7,
				"TimeDiff": 1.3132562945069244e-7,
				"PhiDegree": 72.54010499889328,
				"Power": -77.75255432689534
			}]
	}
}