{
	"SensorDataCollection": {
		"SensorId": 0,
		"SensorDatas": [{
				"Time": 4.428142259302129e-7,
				"TimeDiff": 0.0,
				"PhiDegree": 34.308895455273124,
				"Power": -53.76684641121503
			}, {
				"Time": 3.96623492688043e-7,
				"TimeDiff": -4.6190733242169927e-8,
				"PhiDegree": 337.2510310972321,
				"Power": -60.83450680029645
			}, {
				"Time": 5.593823110393577e-7,
				"TimeDiff": 1.1656808510914478e-7,
				"PhiDegree": 156.9344206406093,
				"Power": -63.44789566368347
			}, {
				"Time": 4.4879821682084934e-7,
				"TimeDiff": 5.983990890636429e-9,
				"PhiDegree": 340.01711183757556,
				"Power": -73.23620272075655
			}]
	}
}