{
	"SensorDataCollection": {
		"SensorId": 0,
		"SensorDatas": [{
				"Time": 4.4557429708791965e-7,
				"TimeDiff": 0.0,
				"PhiDegree": 34.06705654326592,
				"Power": -53.99521391284185
			}, {
				"Time": 3.997026525947533e-7,
				"TimeDiff": -4.587164449316636e-8,
				"PhiDegree": 337.4359851135111,
				"Power": -61.12354919725169
			}, {
				"Time": 5.563139463436134e-7,
				"TimeDiff": 1.1073964925569372e-7,
				"PhiDegree": 156.79978505727348,
				"Power": -63.2438975303626
			}, {
				"Time": 4.456639173224562e-7,
				"TimeDiff": 8.962023453653511e-11,
				"PhiDegree": 339.87051643344745,
				"Power": -72.85877285282584
			}]
	}
}