{
	"SensorDataCollection": {
		"SensorId": 0,
		"SensorDatas": [{
				"Time": 5.016694324553299e-7,
				"TimeDiff": 0.0,
				"PhiDegree": 153.91104426785841,
				"Power": -57.868031282962164
			}]
	}
}