{
	"SensorDataCollection": {
		"SensorId": 0,
		"SensorDatas": [{
				"Time": 4.5390097925948776e-7,
				"TimeDiff": 0.0,
				"PhiDegree": 33.35924500654889,
				"Power": -54.69134395643843
			}, {
				"Time": 4.089643691553218e-7,
				"TimeDiff": -4.4936610104165957e-8,
				"PhiDegree": 337.97411066585425,
				"Power": -61.98458869048852
			}, {
				"Time": 5.471276962502361e-7,
				"TimeDiff": 9.322671699074833e-8,
				"PhiDegree": 156.38682837267348,
				"Power": -62.62917572268245
			}, {
				"Time": 4.362790261721668e-7,
				"TimeDiff": -1.7621953087320956e-8,
				"PhiDegree": 339.4181061828851,
				"Power": -71.71741193067092
			}]
	}
}