{
	"SensorDataCollection": {
		"SensorId": 0,
		"SensorDatas": [{
				"Time": 5.303305342184568e-7,
				"TimeDiff": 0.0,
				"PhiDegree": 213.0353830984118,
				"Power": -56.30051309551081
			}, {
				"Time": 4.956751771959545e-7,
				"TimeDiff": -3.465535702250229e-8,
				"PhiDegree": 153.56806816048498,
				"Power": -57.39998440103349
			}]
	}
}