{
	"SensorDataCollection": {
		"SensorId": 0,
		"SensorDatas": [{
				"Time": 4.651064619400437e-7,
				"TimeDiff": 0.0,
				"PhiDegree": 32.45511453067377,
				"Power": -55.64191298106104
			}, {
				"Time": 5.349253441215548e-7,
				"TimeDiff": 6.981888218151111e-8,
				"PhiDegree": 155.65925949222287,
				"Power": -60.40507539464571
			}, {
				"Time": 4.21366559190776e-7,
				"TimeDiff": -4.3739902749267725e-8,
				"PhiDegree": 338.6547282181748,
				"Power": -63.117917271248444
			}]
	}
}