{
	"SensorDataCollection": {
		"SensorId": 0,
		"SensorDatas": [{
				"Time": 4.483422087195878e-7,
				"TimeDiff": 0.0,
				"PhiDegree": 33.8281994810833,
				"Power": -54.225482261248516
			}, {
				"Time": 4.02785913836925e-7,
				"TimeDiff": -4.55562948826628e-8,
				"PhiDegree": 337.61810941710434,
				"Power": -61.411587507749005
			}, {
				"Time": 5.53248687521283e-7,
				"TimeDiff": 1.0490647880169518e-7,
				"PhiDegree": 156.66365682597623,
				"Power": -63.03943958648259
			}, {
				"Time": 4.425325765859105e-7,
				"TimeDiff": -5.8096321336773225e-9,
				"PhiDegree": 339.72184543950283,
				"Power": -72.47982661294148
			}]
	}
}