{
	"SensorDataCollection": {
		"SensorId": 0,
		"SensorDatas": [{
				"Time": 4.972432204755713e-7,
				"TimeDiff": 0.0,
				"PhiDegree": 215.55135410078694,
				"Power": -53.944763102432916
			}, {
				"Time": 4.601024082448652e-7,
				"TimeDiff": -3.7140812230706054e-8,
				"PhiDegree": 151.3245318161813,
				"Power": -54.564462911026084
			}, {
				"Time": 4.0024650897475804e-7,
				"TimeDiff": -9.699671150081322e-8,
				"PhiDegree": 64.31035275842608,
				"Power": -62.03548046428949
			}]
	}
}