{
	"SensorDataCollection": {
		"SensorId": 0,
		"SensorDatas": [{
				"Time": 5.191926380835409e-7,
				"TimeDiff": 0.0,
				"PhiDegree": 213.83835316661165,
				"Power": -55.492272251335834
			}, {
				"Time": 4.837400140612245e-7,
				"TimeDiff": -3.545262402231636e-8,
				"PhiDegree": 152.85674521548884,
				"Power": -56.45906731119655
			}]
	}
}