{
	"SensorDataCollection": {
		"SensorId": 0,
		"SensorDatas": [{
				"Time": 5.054207537498268e-7,
				"TimeDiff": 0.0,
				"PhiDegree": 214.89155879852046,
				"Power": -54.51284122838392
			}, {
				"Time": 4.689280798639065e-7,
				"TimeDiff": -3.649267388592027e-8,
				"PhiDegree": 151.91708658768815,
				"Power": -55.27618275172114
			}, {
				"Time": 4.046863203953218e-7,
				"TimeDiff": -1.0073443335450496e-7,
				"PhiDegree": 63.0331184643398,
				"Power": -60.357976290454275
			}]
	}
}