{
	"SensorDataCollection": {
		"SensorId": 0,
		"SensorDatas": [{
				"Time": 4.6229443097938404e-7,
				"TimeDiff": 0.0,
				"PhiDegree": 32.67703462934392,
				"Power": -55.40212219490758
			}, {
				"Time": 5.379708377842412e-7,
				"TimeDiff": 7.567640680485715e-8,
				"PhiDegree": 155.8074219148954,
				"Power": -60.63213999155913
			}, {
				"Time": 4.1826056134955023e-7,
				"TimeDiff": -4.4033869629833805e-8,
				"PhiDegree": 338.4883593332707,
				"Power": -62.83619822517569
			}]
	}
}