{
	"SensorDataCollection": {
		"SensorId": 0,
		"SensorDatas": [{
				"Time": 5.219673992969305e-7,
				"TimeDiff": 0.0,
				"PhiDegree": 213.63440053197982,
				"Power": -55.69245539178701
			}, {
				"Time": 4.867169317915789e-7,
				"TimeDiff": -3.525046750535161e-8,
				"PhiDegree": 153.03783372439855,
				"Power": -56.694835079605284
			}]
	}
}