{
	"SensorDataCollection": {
		"SensorId": 0,
		"SensorDatas": [{
				"Time": 5.247487044027844e-7,
				"TimeDiff": 0.0,
				"PhiDegree": 213.43260736732856,
				"Power": -55.89392788072736
			}, {
				"Time": 4.896984873738206e-7,
				"TimeDiff": -3.5050217028963795e-8,
				"PhiDegree": 153.2167269035148,
				"Power": -56.93026194164992
			}]
	}
}