{
	"SensorDataCollection": {
		"SensorId": 0,
		"SensorDatas": [{
				"Time": 5.136631712782913e-7,
				"TimeDiff": 0.0,
				"PhiDegree": 214.25285565002432,
				"Power": -55.09601310882823
			}, {
				"Time": 4.778004387727979e-7,
				"TimeDiff": -3.5862732505493344e-8,
				"PhiDegree": 152.4878373012283,
				"Power": -55.98662637329997
			}]
	}
}