{
	"SensorDataCollection": {
		"SensorId": 0,
		"SensorDatas": [{
				"Time": 4.986701486921737e-7,
				"TimeDiff": 0.0,
				"PhiDegree": 153.74058505245623,
				"Power": -57.63422917472836
			}]
	}
}