{
	"SensorDataCollection": {
		"SensorId": 0,
		"SensorDatas": [{
				"Time": 4.5948942016728113e-7,
				"TimeDiff": 0.0,
				"PhiDegree": 32.90166761052674,
				"Power": -55.1637105630129
			}, {
				"Time": 4.151581427739948e-7,
				"TimeDiff": -4.4331277393286345e-8,
				"PhiDegree": 338.41885847805037,
				"Power": -61.966519294281696
			}, {
				"Time": 5.410197659826652e-7,
				"TimeDiff": 8.153034581538403e-8,
				"PhiDegree": 156.1037425866624,
				"Power": -62.21717133115065
			}]
	}
}