{
	"SensorDataCollection": {
		"SensorId": 0,
		"SensorDatas": [{
				"Time": 4.5669155885753e-7,
				"TimeDiff": 0.0,
				"PhiDegree": 33.12905649207883,
				"Power": -54.92675713366582
			}, {
				"Time": 4.120593843096031e-7,
				"TimeDiff": -4.463217454792692e-8,
				"PhiDegree": 338.1481045020803,
				"Power": -62.26952321324218
			}, {
				"Time": 5.440720709763935e-7,
				"TimeDiff": 8.738051211886353e-8,
				"PhiDegree": 156.24607998216783,
				"Power": -62.42338660866861
			}, {
				"Time": 4.331569483214323e-7,
				"TimeDiff": -2.353461053609768e-8,
				"PhiDegree": 339.2629498924653,
				"Power": -71.33395942036489
			}]
	}
}