{
	"SensorDataCollection": {
		"SensorId": 0,
		"SensorDatas": [{
				"Time": 5.106923970257006e-7,
				"TimeDiff": 0.0,
				"PhiDegree": 154.41040115745244,
				"Power": -58.56656539649244
			}]
	}
}