{
	"SensorDataCollection": {
		"SensorId": 0,
		"SensorDatas": [{
				"Time": 4.891338257484287e-7,
				"TimeDiff": 0.0,
				"PhiDegree": 216.2331199498485,
				"Power": -53.39378803187054
			}, {
				"Time": 4.5132616283027637e-7,
				"TimeDiff": -3.7807662918152303e-8,
				"PhiDegree": 150.70906244428673,
				"Power": -53.85257725496599
			}, {
				"Time": 3.9600999377838854e-7,
				"TimeDiff": -9.312383197004013e-8,
				"PhiDegree": 65.61557523172712,
				"Power": -63.9308207813866
			}]
	}
}