{
	"SensorDataCollection": {
		"SensorId": 0,
		"SensorDatas": [{
				"Time": 5.288448976807553e-7,
				"TimeDiff": 0.0,
				"PhiDegree": 155.3578039919698,
				"Power": -59.94903561405795
			}, {
				"Time": 4.2758898058389405e-7,
				"TimeDiff": -1.012559170968613e-7,
				"PhiDegree": 338.9802081665642,
				"Power": -63.67807240065221
			}]
	}
}