{
	"SensorDataCollection": {
		"SensorId": 0,
		"SensorDatas": [{
				"Time": 4.999616584879431e-7,
				"TimeDiff": 0.0,
				"PhiDegree": 215.32902524819883,
				"Power": -54.13232539465014
			}, {
				"Time": 4.6303894622571627e-7,
				"TimeDiff": -3.692271226222682e-8,
				"PhiDegree": 151.52454001090211,
				"Power": -54.80177944373238
			}, {
				"Time": 4.017041841717332e-7,
				"TimeDiff": -9.825747431620987e-8,
				"PhiDegree": 63.88147890409344,
				"Power": -61.453254401340615
			}]
	}
}