{
	"SensorDataCollection": {
		"SensorId": 0,
		"SensorDatas": [{
				"Time": 4.511178165054755e-7,
				"TimeDiff": 0.0,
				"PhiDegree": 33.592277608431424,
				"Power": -54.45755619776776
			}, {
				"Time": 4.058731829458017e-7,
				"TimeDiff": -4.524463355967376e-8,
				"PhiDegree": 337.7974648576898,
				"Power": -61.698605605735196
			}, {
				"Time": 5.501865864836983e-7,
				"TimeDiff": 9.906876997822277e-8,
				"PhiDegree": 156.52601254852925,
				"Power": -62.834529589870584
			}, {
				"Time": 4.3940425786657676e-7,
				"TimeDiff": -1.171355863889872e-8,
				"PhiDegree": 339.57105650539285,
				"Power": -72.09937048755978
			}]
	}
}