{
	"SensorDataCollection": {
		"SensorId": 0,
		"SensorDatas": [{
				"Time": 5.046729516017039e-7,
				"TimeDiff": 0.0,
				"PhiDegree": 154.07947863969682,
				"Power": -58.10136851520034
			}]
	}
}