{
	"SensorDataCollection": {
		"SensorId": 0,
		"SensorDatas": [{
				"Time": 4.4006214277292505e-7,
				"TimeDiff": 0.0,
				"PhiDegree": 34.55376362460271,
				"Power": -53.54047864343637
			}, {
				"Time": 3.9354853038448354e-7,
				"TimeDiff": -4.651361238844151e-8,
				"PhiDegree": 337.0631848489197,
				"Power": -60.54447784592088
			}, {
				"Time": 5.624537307779234e-7,
				"TimeDiff": 1.2239158800499836e-7,
				"PhiDegree": 157.06758652979903,
				"Power": -63.65142663636129
			}, {
				"Time": 4.519354135215516e-7,
				"TimeDiff": 1.1873270748626529e-8,
				"PhiDegree": 340.161672936675,
				"Power": -73.61211064424226
			}]
	}
}