{
	"SensorDataCollection": {
		"SensorId": 0,
		"SensorDatas": [{
				"Time": 5.026875430742805e-7,
				"TimeDiff": 0.0,
				"PhiDegree": 215.10910432473116,
				"Power": -54.32170954939836
			}, {
				"Time": 4.6598087055786276e-7,
				"TimeDiff": -3.670667251641779e-8,
				"PhiDegree": 151.72204456235275,
				"Power": -55.03903307247108
			}, {
				"Time": 4.0318420302712627e-7,
				"TimeDiff": -9.950334004715427e-8,
				"PhiDegree": 63.455729982325046,
				"Power": -60.894355460209596
			}]
	}
}