{
	"SensorDataCollection": {
		"SensorId": 0,
		"SensorDatas": [{
				"Time": 4.918291777391386e-7,
				"TimeDiff": 0.0,
				"PhiDegree": 216.00336785264304,
				"Power": -53.57541379064119
			}, {
				"Time": 4.5424590899573796e-7,
				"TimeDiff": -3.758326874340063e-8,
				"PhiDegree": 150.91683612365003,
				"Power": -54.08981553461515
			}, {
				"Time": 3.973991692770908e-7,
				"TimeDiff": -9.44300084620478e-8,
				"PhiDegree": 65.1774174235005,
				"Power": -63.27334882414637
			}]
	}
}