{
	"SensorDataCollection": {
		"SensorId": 0,
		"SensorDatas": [{
				"Time": 5.275364498979621e-7,
				"TimeDiff": 0.0,
				"PhiDegree": 213.23294448375708,
				"Power": -56.0966323110826
			}, {
				"Time": 4.926845966079639e-7,
				"TimeDiff": -3.4851853289998163e-8,
				"PhiDegree": 153.39346013912035,
				"Power": -57.16532041031257
			}]
	}
}