{
	"SensorDataCollection": {
		"SensorId": 0,
		"SensorDatas": [{
				"Time": 5.167279033506073e-7,
				"TimeDiff": 0.0,
				"PhiDegree": 154.73360332468081,
				"Power": -59.02966501153389
			}, {
				"Time": 5.569283805676946e-7,
				"TimeDiff": 4.0200477217087225e-8,
				"PhiDegree": 8.614105484047096,
				"Power": -115.4566314910033
			}]
	}
}