{
	"SensorDataCollection": {
		"SensorId": 0,
		"SensorDatas": [{
				"Time": 4.898752271035772e-7,
				"TimeDiff": 0.0,
				"PhiDegree": 215.6876580878418,
				"Power": -53.730873938561345
			}, {
				"Time": 4.5264553492921914e-7,
				"TimeDiff": -3.7229692174358044e-8,
				"PhiDegree": 151.5234933172346,
				"Power": -56.37150161147849
			}, {
				"Time": 4.587167264662698e-7,
				"TimeDiff": -3.115850063730741e-8,
				"PhiDegree": 150.15545473086104,
				"Power": -58.01724687636772
			}, {
				"Time": 3.943732806400331e-7,
				"TimeDiff": -9.550194646354407e-8,
				"PhiDegree": 64.97391094281487,
				"Power": -62.89463660792312
			}]
	}
}