{
	"SensorDataCollection": {
		"SensorId": 0,
		"SensorDatas": [{
				"Time": 4.844707662142266e-7,
				"TimeDiff": 0.0,
				"PhiDegree": 216.14806369709353,
				"Power": -53.35972354760766
			}, {
				"Time": 4.4679096396164666e-7,
				"TimeDiff": -3.767980225257996e-8,
				"PhiDegree": 151.11545941443427,
				"Power": -55.94147306213054
			}, {
				"Time": 4.52940636647176e-7,
				"TimeDiff": -3.153012956705061e-8,
				"PhiDegree": 149.73535977391543,
				"Power": -57.467896340820275
			}, {
				"Time": 3.9159696334139497e-7,
				"TimeDiff": -9.287380287283165e-8,
				"PhiDegree": 65.85866707673284,
				"Power": -64.22438794027758
			}]
	}
}