{
	"SensorDataCollection": {
		"SensorId": 0,
		"SensorDatas": [{
				"Time": 4.6971364990802487e-7,
				"TimeDiff": 0.0,
				"PhiDegree": 32.580135520386435,
				"Power": -55.62164788215037
			}, {
				"Time": 5.305172250434368e-7,
				"TimeDiff": 6.080357513541189e-8,
				"PhiDegree": 155.99528767513885,
				"Power": -61.92805526799178
			}, {
				"Time": 4.2569302558523524e-7,
				"TimeDiff": -4.4020624322789625e-8,
				"PhiDegree": 338.39990490574183,
				"Power": -62.87460121535452
			}, {
				"Time": 5.357066183242095e-7,
				"TimeDiff": 6.59929684161846e-8,
				"PhiDegree": 154.77790691044612,
				"Power": -65.25731097357348
			}]
	}
}