{
	"SensorDataCollection": {
		"SensorId": 0,
		"SensorDatas": [{
				"Time": 5.032329704325527e-7,
				"TimeDiff": 0.0,
				"PhiDegree": 154.60424067697102,
				"Power": -60.02303065891927
			}, {
				"Time": 5.087007739122697e-7,
				"TimeDiff": 5.467803479716984e-9,
				"PhiDegree": 153.33646097949853,
				"Power": -62.75020261033636
			}]
	}
}