{
	"SensorDataCollection": {
		"SensorId": 0,
		"SensorDatas": [{
				"Time": 4.641043918207498e-7,
				"TimeDiff": 0.0,
				"PhiDegree": 33.023763943419546,
				"Power": -55.15127848640893
			}, {
				"Time": 4.1949556091727745e-7,
				"TimeDiff": -4.460883090347236e-8,
				"PhiDegree": 338.06437293174093,
				"Power": -62.3189358936971
			}, {
				"Time": 5.366202165016458e-7,
				"TimeDiff": 7.251582468089597e-8,
				"PhiDegree": 156.28514917383882,
				"Power": -62.347063562009836
			}, {
				"Time": 5.417511528431156e-7,
				"TimeDiff": 7.764676102236581e-8,
				"PhiDegree": 155.07865617758478,
				"Power": -65.8115197306474
			}]
	}
}