{
	"SensorDataCollection": {
		"SensorId": 0,
		"SensorDatas": [{
				"Time": 2.1102774672870835e-8,
				"TimeDiff": 0.0,
				"PhiDegree": 288.434948822922,
				"Power": -22.339842489084283
			}, {
				"Time": 5.0380101926249375e-8,
				"TimeDiff": 2.927732725337854e-8,
				"PhiDegree": 277.6116949371147,
				"Power": -54.39920518135304
			}]
	}
}