{
	"SensorDataCollection": {
		"SensorId": 0,
		"SensorDatas": [{
				"Time": 5.117925864858686e-7,
				"TimeDiff": 0.0,
				"PhiDegree": 213.94409952184637,
				"Power": -55.28901021075245
			}, {
				"Time": 4.762792182569726e-7,
				"TimeDiff": -3.551336822889601e-8,
				"PhiDegree": 153.0547465514074,
				"Power": -58.094073177277664
			}, {
				"Time": 4.820528483393129e-7,
				"TimeDiff": -2.9739738146555708e-8,
				"PhiDegree": 151.73453854359676,
				"Power": -60.23618719930981
			}]
	}
}