{
	"SensorDataCollection": {
		"SensorId": 0,
		"SensorDatas": [{
				"Time": 5.062702589419988e-7,
				"TimeDiff": 0.0,
				"PhiDegree": 214.36581204839172,
				"Power": -54.88964313154429
			}, {
				"Time": 4.7034010806093945e-7,
				"TimeDiff": -3.5930150881059365e-8,
				"PhiDegree": 152.68637630422367,
				"Power": -57.66356730116746
			}, {
				"Time": 4.7618575377613706e-7,
				"TimeDiff": -3.0084505165861755e-8,
				"PhiDegree": 151.3542952389534,
				"Power": -59.67908394618914
			}]
	}
}