{
	"SensorDataCollection": {
		"SensorId": 0,
		"SensorDatas": [{
				"Time": 4.912094728186203e-7,
				"TimeDiff": 0.0,
				"PhiDegree": 153.93657476400458,
				"Power": -59.167910733705995
			}, {
				"Time": 4.968096225268976e-7,
				"TimeDiff": 5.600149708277312e-9,
				"PhiDegree": 152.64571628474647,
				"Power": -61.63234371278614
			}]
	}
}