{
	"SensorDataCollection": {
		"SensorId": 0,
		"SensorDatas": [{
				"Time": 5.035195491490547e-7,
				"TimeDiff": 0.0,
				"PhiDegree": 214.5801313331966,
				"Power": -54.69224135926575
			}, {
				"Time": 4.673779825118476e-7,
				"TimeDiff": -3.614156663720713e-8,
				"PhiDegree": 152.4986843236276,
				"Power": -57.44820715985601
			}, {
				"Time": 4.7326021741259497e-7,
				"TimeDiff": -3.025933173645975e-8,
				"PhiDegree": 151.16064239765137,
				"Power": -59.40099906732847
			}, {
				"Time": 4.0171532539320117e-7,
				"TimeDiff": -1.0180422375585355e-7,
				"PhiDegree": 62.81730995923123,
				"Power": -60.010293746772376
			}]
	}
}