{
	"SensorDataCollection": {
		"SensorId": 0,
		"SensorDatas": [{
				"Time": 5.145639798515445e-7,
				"TimeDiff": 0.0,
				"PhiDegree": 213.73664325090928,
				"Power": -55.490844429960276
			}, {
				"Time": 4.792560187647499e-7,
				"TimeDiff": -3.53079610867946e-8,
				"PhiDegree": 153.23550421418048,
				"Power": -58.30916622961854
			}, {
				"Time": 4.849942127188839e-7,
				"TimeDiff": -2.956976713266052e-8,
				"PhiDegree": 151.92120616878464,
				"Power": -60.515114265396406
			}]
	}
}