{
	"SensorDataCollection": {
		"SensorId": 0,
		"SensorDatas": [{
				"Time": 5.183534131711257e-7,
				"TimeDiff": 0.0,
				"PhiDegree": 155.39512679186328,
				"Power": -61.0850685404738
			}, {
				"Time": 4.3812989066767535e-7,
				"TimeDiff": -8.022352250345037e-8,
				"PhiDegree": 339.0424372797052,
				"Power": -63.97348406062696
			}, {
				"Time": 5.236633611345436e-7,
				"TimeDiff": 5.309947963417874e-9,
				"PhiDegree": 154.1556227129117,
				"Power": -64.14523755231764
			}]
	}
}