{
	"SensorDataCollection": {
		"SensorId": 0,
		"SensorDatas": [{
				"Time": 4.5852363682200314e-7,
				"TimeDiff": 0.0,
				"PhiDegree": 33.47821909451292,
				"Power": -54.686762513773985
			}, {
				"Time": 4.133129137184919e-7,
				"TimeDiff": -4.521072310351123e-8,
				"PhiDegree": 337.7187905265146,
				"Power": -61.759229028621434
			}, {
				"Time": 5.427366330629769e-7,
				"TimeDiff": 8.421299624097378e-8,
				"PhiDegree": 156.5684845511924,
				"Power": -62.764304042192094
			}, {
				"Time": 5.478102844207182e-7,
				"TimeDiff": 8.928664759871506e-8,
				"PhiDegree": 155.37276044161857,
				"Power": -66.36429552408504
			}]
	}
}