{
	"SensorDataCollection": {
		"SensorId": 0,
		"SensorDatas": [{
				"Time": 5.20126680706754e-7,
				"TimeDiff": 0.0,
				"PhiDegree": 213.32837637316055,
				"Power": -55.89850214266632
			}, {
				"Time": 4.852236661011117e-7,
				"TimeDiff": -3.4903014605642324e-8,
				"PhiDegree": 153.59035716922693,
				"Power": -58.73890948492698
			}, {
				"Time": 4.908921072834384e-7,
				"TimeDiff": -2.9234573423315644e-8,
				"PhiDegree": 152.28782080332962,
				"Power": -61.07350463595827
			}]
	}
}