{
	"SensorDataCollection": {
		"SensorId": 0,
		"SensorDatas": [{
				"Time": 4.4470347904972494e-7,
				"TimeDiff": 0.0,
				"PhiDegree": 34.66399504816912,
				"Power": -53.55550845361144
			}, {
				"Time": 3.97925650594332e-7,
				"TimeDiff": -4.6777828455392926e-8,
				"PhiDegree": 336.80797017770544,
				"Power": -60.342992862618274
			}, {
				"Time": 5.580835101987222e-7,
				"TimeDiff": 1.1338003114899726e-7,
				"PhiDegree": 157.24959432296924,
				"Power": -63.79920955683258
			}, {
				"Time": 4.4994940590074615e-7,
				"TimeDiff": 5.2459268510212175e-9,
				"PhiDegree": 339.617806574214,
				"Power": -72.40384706235645
			}]
	}
}