{
	"SensorDataCollection": {
		"SensorId": 0,
		"SensorDatas": [{
				"Time": 5.092694363810286e-7,
				"TimeDiff": 0.0,
				"PhiDegree": 154.92622949225813,
				"Power": -60.44885702578982
			}, {
				"Time": 5.146731134229009e-7,
				"TimeDiff": 5.403677041872312e-9,
				"PhiDegree": 153.66983980357182,
				"Power": -63.30869724777159
			}]
	}
}