{
	"SensorDataCollection": {
		"SensorId": 0,
		"SensorDatas": [{
				"Time": 4.66905522061092e-7,
				"TimeDiff": 0.0,
				"PhiDegree": 32.80061733167083,
				"Power": -55.38577062900946
			}, {
				"Time": 5.335670138188441e-7,
				"TimeDiff": 6.666149175775207e-8,
				"PhiDegree": 156.14104728961652,
				"Power": -62.137775516853
			}, {
				"Time": 4.2259248177545017e-7,
				"TimeDiff": -4.431304028564182e-8,
				"PhiDegree": 338.2333690900484,
				"Power": -62.597279406662665
			}, {
				"Time": 5.38727030214867e-7,
				"TimeDiff": 7.1821508153775e-8,
				"PhiDegree": 154.92912514714737,
				"Power": -65.53458497320608
			}]
	}
}