{
	"SensorDataCollection": {
		"SensorId": 0,
		"SensorDatas": [{
				"Time": 5.229177763536301e-7,
				"TimeDiff": 0.0,
				"PhiDegree": 213.12750532656565,
				"Power": -56.104206771456276
			}, {
				"Time": 4.88214341235694e-7,
				"TimeDiff": -3.4703435117936136e-8,
				"PhiDegree": 153.7645271749195,
				"Power": -58.953513713499035
			}, {
				"Time": 4.938484563474653e-7,
				"TimeDiff": -2.9069320006164868e-8,
				"PhiDegree": 152.46784065861925,
				"Power": -61.35288724328984
			}]
	}
}