{
	"SensorDataCollection": {
		"SensorId": 0,
		"SensorDatas": [{
				"Time": 4.953106281548394e-7,
				"TimeDiff": 0.0,
				"PhiDegree": 215.23732865478692,
				"Power": -54.1099961303145
			}, {
				"Time": 4.5852247548481115e-7,
				"TimeDiff": -3.678815267002823e-8,
				"PhiDegree": 151.92108731243056,
				"Power": -56.80204005798571
			}, {
				"Time": 4.645168623131898e-7,
				"TimeDiff": -3.07937658416496e-8,
				"PhiDegree": 150.56508031988153,
				"Power": -58.569200257914446
			}, {
				"Time": 3.972423097898075e-7,
				"TimeDiff": -9.806831836503188e-8,
				"PhiDegree": 64.10172935947274,
				"Power": -61.669096508222566
			}]
	}
}