{
	"SensorDataCollection": {
		"SensorId": 0,
		"SensorDatas": [{
				"Time": 4.474518966527566e-7,
				"TimeDiff": 0.0,
				"PhiDegree": 34.42098831384085,
				"Power": -53.777963648693856
			}, {
				"Time": 4.0099481161249755e-7,
				"TimeDiff": -4.645708504025907e-8,
				"PhiDegree": 336.9957225474204,
				"Power": -60.62811533779964
			}, {
				"Time": 5.550079651215825e-7,
				"TimeDiff": 1.0755606846882593e-7,
				"PhiDegree": 157.11638727944091,
				"Power": -63.593196639203995
			}, {
				"Time": 4.4682318164130365e-7,
				"TimeDiff": -6.287150114529677e-10,
				"PhiDegree": 339.46879278837196,
				"Power": -72.03048961655419
			}]
	}
}