{
	"SensorDataCollection": {
		"SensorId": 0,
		"SensorDatas": [{
				"Time": 4.5020826482008736e-7,
				"TimeDiff": 0.0,
				"PhiDegree": 34.180952888553975,
				"Power": -54.0024116085514
			}, {
				"Time": 4.040682130956445e-7,
				"TimeDiff": -4.614005172444286e-8,
				"PhiDegree": 337.1806207339486,
				"Power": -60.91231785809336
			}, {
				"Time": 5.519354533783972e-7,
				"TimeDiff": 1.0172718855830982e-7,
				"PhiDegree": 156.98169642839895,
				"Power": -63.3866922800899
			}, {
				"Time": 4.437000222995544e-7,
				"TimeDiff": -6.508242520532979e-9,
				"PhiDegree": 339.3176801825907,
				"Power": -71.65569836473404
			}]
	}
}