{
	"SensorDataCollection": {
		"SensorId": 0,
		"SensorDatas": [{
				"Time": 4.942089798255751e-7,
				"TimeDiff": 0.0,
				"PhiDegree": 154.10653545017482,
				"Power": -59.38208005733446
			}, {
				"Time": 4.997755201976257e-7,
				"TimeDiff": 5.566540372050605e-9,
				"PhiDegree": 152.82148239674603,
				"Power": -61.91183767053869
			}]
	}
}