{
	"SensorDataCollection": {
		"SensorId": 0,
		"SensorDatas": [{
				"Time": 4.980396149025084e-7,
				"TimeDiff": 0.0,
				"PhiDegree": 215.01585680323026,
				"Power": -54.30234556008192
			}, {
				"Time": 4.6146906740735775e-7,
				"TimeDiff": -3.657054749515062e-8,
				"PhiDegree": 152.11608201780402,
				"Power": -57.01741339792393
			}, {
				"Time": 4.6742566791136764e-7,
				"TimeDiff": -3.061394699114073e-8,
				"PhiDegree": 150.7660758009514,
				"Power": -58.84600559536631
			}, {
				"Time": 3.987109683990874e-7,
				"TimeDiff": -9.9328646503421e-8,
				"PhiDegree": 63.670395505471724,
				"Power": -61.09307957830312
			}]
	}
}