{
	"SensorDataCollection": {
		"SensorId": 0,
		"SensorDatas": [{
				"Time": 5.062492049412405e-7,
				"TimeDiff": 0.0,
				"PhiDegree": 154.76619492412775,
				"Power": -60.23610231602035
			}, {
				"Time": 5.116847783081004e-7,
				"TimeDiff": 5.4355733668598785e-9,
				"PhiDegree": 153.50412318220575,
				"Power": -63.02951156334974
			}]
	}
}