{
	"SensorDataCollection": {
		"SensorId": 0,
		"SensorDatas": [{
				"Time": 5.007759618994114e-7,
				"TimeDiff": 0.0,
				"PhiDegree": 214.79680204755283,
				"Power": -54.49645179697541
			}, {
				"Time": 4.644209364120639e-7,
				"TimeDiff": -3.635502548734755e-8,
				"PhiDegree": 152.30860014876652,
				"Power": -57.232812703156156
			}, {
				"Time": 4.703401545971065e-7,
				"TimeDiff": -3.043580730230493e-8,
				"PhiDegree": 150.96458274232268,
				"Power": -59.12328942642253
			}, {
				"Time": 4.0020205685538336e-7,
				"TimeDiff": -1.0057390504402807e-7,
				"PhiDegree": 63.24225169744307,
				"Power": -60.54041548367947
			}]
	}
}