{
	"SensorDataCollection": {
		"SensorId": 0,
		"SensorDatas": [{
				"Time": 4.392310920976829e-7,
				"TimeDiff": 0.0,
				"PhiDegree": 35.15910959448943,
				"Power": -53.11698146814713
			}, {
				"Time": 3.9180044842664026e-7,
				"TimeDiff": -4.7430643671042634e-8,
				"PhiDegree": 336.42365129165665,
				"Power": -59.770068910323985
			}, {
				"Time": 5.642435018989731e-7,
				"TimeDiff": 1.2501240980129019e-7,
				"PhiDegree": 157.51164842222377,
				"Power": -64.20973445744713
			}, {
				"Time": 4.562107970796205e-7,
				"TimeDiff": 1.6979704981937577e-8,
				"PhiDegree": 339.9097024577955,
				"Power": -73.14623091783147
			}]
	}
}