{
	"SensorDataCollection": {
		"SensorId": 0,
		"SensorDatas": [{
				"Time": 4.7535040205337775e-7,
				"TimeDiff": 0.0,
				"PhiDegree": 32.14700281999123,
				"Power": -56.09726153277403
			}, {
				"Time": 5.244281273893333e-7,
				"TimeDiff": 4.907772533595552e-8,
				"PhiDegree": 155.69868731510135,
				"Power": -61.50736030184483
			}, {
				"Time": 4.3190466986859623e-7,
				"TimeDiff": -4.344573218478152e-8,
				"PhiDegree": 338.72579656168625,
				"Power": -63.426140427207955
			}, {
				"Time": 5.296771805974414e-7,
				"TimeDiff": 5.4326778544063605e-8,
				"PhiDegree": 154.47030200946696,
				"Power": -64.70182641443944
			}]
	}
}