{
	"SensorDataCollection": {
		"SensorId": 0,
		"SensorDatas": [{
				"Time": 5.173420469035654e-7,
				"TimeDiff": 0.0,
				"PhiDegree": 213.53141234580386,
				"Power": -55.69402854090603
			}, {
				"Time": 4.822375303270665e-7,
				"TimeDiff": -3.510451657649884e-8,
				"PhiDegree": 153.41402850853382,
				"Power": -58.52411950287778
			}, {
				"Time": 4.879406628930613e-7,
				"TimeDiff": -2.9401384010504085e-8,
				"PhiDegree": 152.10562133119913,
				"Power": -60.794233804776326
			}]
	}
}