{
	"SensorDataCollection": {
		"SensorId": 0,
		"SensorDatas": [{
				"Time": 4.557442754061509e-7,
				"TimeDiff": 0.0,
				"PhiDegree": 33.709613107238496,
				"Power": -54.45690254587237
			}, {
				"Time": 4.1022735609350903e-7,
				"TimeDiff": -4.5516919312641866e-8,
				"PhiDegree": 337.54209626958004,
				"Power": -61.4778910076126
			}, {
				"Time": 5.457997347526703e-7,
				"TimeDiff": 9.005545934651942e-8,
				"PhiDegree": 156.70776917513342,
				"Power": -62.97223821518182
			}]
	}
}