{
	"SensorDataCollection": {
		"SensorId": 0,
		"SensorDatas": [{
				"Time": 4.6131038665785504e-7,
				"TimeDiff": 0.0,
				"PhiDegree": 33.249617066817805,
				"Power": -54.91824897346666
			}, {
				"Time": 4.1640234384596465e-7,
				"TimeDiff": -4.4908042811890385e-8,
				"PhiDegree": 337.8928645094019,
				"Power": -62.039581731495275
			}, {
				"Time": 5.39676775149656e-7,
				"TimeDiff": 7.8366388491801e-8,
				"PhiDegree": 156.42761965573763,
				"Power": -62.55590952796241
			}, {
				"Time": 5.447789244129256e-7,
				"TimeDiff": 8.346853775507061e-8,
				"PhiDegree": 155.22652607915785,
				"Power": -66.08809603982922
			}]
	}
}