{
	"SensorDataCollection": {
		"SensorId": 0,
		"SensorDatas": [{
				"Time": 5.090279758108337e-7,
				"TimeDiff": 0.0,
				"PhiDegree": 214.1538120221261,
				"Power": -55.08858828672278
			}, {
				"Time": 4.733072176923274e-7,
				"TimeDiff": -3.5720758118506264e-8,
				"PhiDegree": 152.8717170132584,
				"Power": -57.878864952186646
			}, {
				"Time": 4.791166634215761e-7,
				"TimeDiff": -2.991131238925757e-8,
				"PhiDegree": 151.54558097066416,
				"Power": -59.95749552071311
			}]
	}
}