{
	"SensorDataCollection": {
		"SensorId": 0,
		"SensorDatas": [{
				"Time": 4.7252865060612014e-7,
				"TimeDiff": 0.0,
				"PhiDegree": 32.362277472922536,
				"Power": -55.85883552497614
			}, {
				"Time": 5.274709093921326e-7,
				"TimeDiff": 5.4942258786012455e-8,
				"PhiDegree": 155.84784347907478,
				"Power": -61.7179132147252
			}, {
				"Time": 4.287971137561843e-7,
				"TimeDiff": -4.373153684993583e-8,
				"PhiDegree": 338.56403096572126,
				"Power": -63.1508912610538
			}, {
				"Time": 5.32689980292041e-7,
				"TimeDiff": 6.016132968592091e-8,
				"PhiDegree": 154.62497489230753,
				"Power": -64.97971779957261
			}]
	}
}