{
	"SensorDataCollection": {
		"SensorId": 0,
		"SensorDatas": [{
				"Time": 5.078644106833929e-7,
				"TimeDiff": 0.0,
				"PhiDegree": 155.26718798231727,
				"Power": -60.774223325271606
			}, {
				"Time": 5.16161720585507e-7,
				"TimeDiff": 8.297309902114091e-9,
				"PhiDegree": 153.3378845900193,
				"Power": -62.87859903660319
			}]
	}
}