{
	"SensorDataCollection": {
		"SensorId": 0,
		"SensorDatas": [{
				"Time": 4.6593121644187804e-7,
				"TimeDiff": 0.0,
				"PhiDegree": 33.36778685943083,
				"Power": -54.911874435047636
			}, {
				"Time": 4.2075339622290184e-7,
				"TimeDiff": -4.517782021897619e-8,
				"PhiDegree": 337.6428985650957,
				"Power": -61.820993274631704
			}, {
				"Time": 5.352869861721024e-7,
				"TimeDiff": 6.935576973022434e-8,
				"PhiDegree": 156.61213875331353,
				"Power": -62.69393757458447
			}, {
				"Time": 5.431655546186758e-7,
				"TimeDiff": 7.723433817679772e-8,
				"PhiDegree": 154.75946163916367,
				"Power": -65.34971825381639
			}]
	}
}