{
	"SensorDataCollection": {
		"SensorId": 0,
		"SensorDatas": [{
				"Time": 4.961325653707966e-7,
				"TimeDiff": 0.0,
				"PhiDegree": 214.7002713364792,
				"Power": -54.481201404969966
			}, {
				"Time": 4.599180372422415e-7,
				"TimeDiff": -3.621452812855508e-8,
				"PhiDegree": 152.4834965764382,
				"Power": -57.29556229295099
			}, {
				"Time": 4.690642420178252e-7,
				"TimeDiff": -2.7068323352971383e-8,
				"PhiDegree": 150.41041637184344,
				"Power": -58.48492628359
			}, {
				"Time": 3.9572324599060796e-7,
				"TimeDiff": -1.0040931938018862e-7,
				"PhiDegree": 63.456121789847195,
				"Power": -60.732651958320105
			}]
	}
}