{
	"SensorDataCollection": {
		"SensorId": 0,
		"SensorDatas": [{
				"Time": 5.071622467881887e-7,
				"TimeDiff": 0.0,
				"PhiDegree": 213.84187065715324,
				"Power": -55.28601319632237
			}, {
				"Time": 4.7179510714566713e-7,
				"TimeDiff": -3.536713964252153e-8,
				"PhiDegree": 153.2323502078549,
				"Power": -58.17005628252363
			}, {
				"Time": 4.807153890667457e-7,
				"TimeDiff": -2.6446857721442958e-8,
				"PhiDegree": 151.19593157181842,
				"Power": -59.5774310783294
			}]
	}
}