{
	"SensorDataCollection": {
		"SensorId": 0,
		"SensorDatas": [{
				"Time": 4.520912448389308e-7,
				"TimeDiff": 0.0,
				"PhiDegree": 34.53078099768386,
				"Power": -53.790698210299766
			}, {
				"Time": 4.0537392076712604e-7,
				"TimeDiff": -4.671732407180475e-8,
				"PhiDegree": 336.7459251400372,
				"Power": -60.432529593619975
			}, {
				"Time": 5.506393061732483e-7,
				"TimeDiff": 9.854806133431755e-8,
				"PhiDegree": 157.30124317929696,
				"Power": -63.74423356307359
			}]
	}
}