{
	"SensorDataCollection": {
		"SensorId": 0,
		"SensorDatas": [{
				"Time": 4.98790291323906e-7,
				"TimeDiff": 0.0,
				"PhiDegree": 154.78610605184397,
				"Power": -60.12711782507564
			}, {
				"Time": 5.072360563662524e-7,
				"TimeDiff": 8.445765042346449e-9,
				"PhiDegree": 152.83050572910898,
				"Power": -62.05231467412733
			}]
	}
}