{
	"SensorDataCollection": {
		"SensorId": 0,
		"SensorDatas": [{
				"Time": 4.438811181412812e-7,
				"TimeDiff": 0.0,
				"PhiDegree": 35.26321065035976,
				"Power": -53.14110446655104
			}, {
				"Time": 3.961968816389802e-7,
				"TimeDiff": -4.7684236502300994e-8,
				"PhiDegree": 336.1743979900053,
				"Power": -59.58904067533652
			}, {
				"Time": 5.598872516185189e-7,
				"TimeDiff": 1.1600613347723768e-7,
				"PhiDegree": 157.6965327632918,
				"Power": -64.36827340691502
			}, {
				"Time": 4.5424348233910985e-7,
				"TimeDiff": 1.0362364197828668e-8,
				"PhiDegree": 339.36986982547216,
				"Power": -71.96770584597067
			}]
	}
}