{
	"SensorDataCollection": {
		"SensorId": 0,
		"SensorDatas": [{
				"Time": 4.7151874284870024e-7,
				"TimeDiff": 0.0,
				"PhiDegree": 32.92178238438893,
				"Power": -55.371752754215464
			}, {
				"Time": 5.291686185656967e-7,
				"TimeDiff": 5.764987571699646e-8,
				"PhiDegree": 156.32531870652107,
				"Power": -62.27041795885515
			}, {
				"Time": 4.26932602216927e-7,
				"TimeDiff": -4.4586140631773266e-8,
				"PhiDegree": 337.9835583528088,
				"Power": -62.36991308456595
			}, {
				"Time": 5.371369369478598e-7,
				"TimeDiff": 6.561819409915954e-8,
				"PhiDegree": 154.45592149433972,
				"Power": -64.8021732219673
			}]
	}
}