{
	"SensorDataCollection": {
		"SensorId": 0,
		"SensorDatas": [{
				"Time": 4.6314823197991373e-7,
				"TimeDiff": 0.0,
				"PhiDegree": 33.5948177335022,
				"Power": -54.68421319762285
			}, {
				"Time": 4.176694946536293e-7,
				"TimeDiff": -4.547873732628443e-8,
				"PhiDegree": 337.46879183903764,
				"Power": -61.545118643128404
			}, {
				"Time": 5.383511144623664e-7,
				"TimeDiff": 7.520288248245267e-8,
				"PhiDegree": 156.75310222777208,
				"Power": -62.90498545197843
			}, {
				"Time": 5.461854855283807e-7,
				"TimeDiff": 8.303725354846693e-8,
				"PhiDegree": 154.90871683696957,
				"Power": -65.62303941663176
			}]
	}
}