{
	"SensorDataCollection": {
		"SensorId": 0,
		"SensorDatas": [{
				"Time": 4.957735899133883e-7,
				"TimeDiff": 0.0,
				"PhiDegree": 154.62183627226815,
				"Power": -59.91073680884435
			}, {
				"Time": 5.042698827161996e-7,
				"TimeDiff": 8.496292802811262e-9,
				"PhiDegree": 152.65739305641935,
				"Power": -61.776845948530365
			}]
	}
}