{
	"SensorDataCollection": {
		"SensorId": 0,
		"SensorDatas": [{
				"Time": 4.687214295067393e-7,
				"TimeDiff": 0.0,
				"PhiDegree": 33.14345544463453,
				"Power": -55.14108056415827
			}, {
				"Time": 4.238411264341147e-7,
				"TimeDiff": -4.488030307262461e-8,
				"PhiDegree": 337.8144700821517,
				"Power": -62.09592905285257
			}, {
				"Time": 5.322261352493862e-7,
				"TimeDiff": 6.350470574264691e-8,
				"PhiDegree": 156.46955303585358,
				"Power": -62.4824120218866
			}, {
				"Time": 5.401493508294711e-7,
				"TimeDiff": 7.142792132273181e-8,
				"PhiDegree": 154.6085385201629,
				"Power": -65.07608946560775
			}]
	}
}