{
	"SensorDataCollection": {
		"SensorId": 0,
		"SensorDatas": [{
				"Time": 4.771341705223051e-7,
				"TimeDiff": 0.0,
				"PhiDegree": 32.48625015250088,
				"Power": -55.83719394919852
			}, {
				"Time": 5.230638217311747e-7,
				"TimeDiff": 4.592965120886958e-8,
				"PhiDegree": 156.03179607627493,
				"Power": -61.84506352265417
			}, {
				"Time": 4.331264695883941e-7,
				"TimeDiff": -4.4007700933911e-8,
				"PhiDegree": 338.31448644227146,
				"Power": -62.91497953009828
			}, {
				"Time": 5.311237367723489e-7,
				"TimeDiff": 5.398956625004379e-8,
				"PhiDegree": 154.14549931761243,
				"Power": -64.25356349008723
			}]
	}
}