{
	"SensorDataCollection": {
		"SensorId": 0,
		"SensorDatas": [{
				"Time": 4.906608905121317e-7,
				"TimeDiff": 0.0,
				"PhiDegree": 215.14389389657546,
				"Power": -54.088657692907674
			}, {
				"Time": 4.540101188712715e-7,
				"TimeDiff": -3.6650771640860196e-8,
				"PhiDegree": 152.0944103851337,
				"Power": -56.85800344894318
			}, {
				"Time": 4.632729758970485e-7,
				"TimeDiff": -2.738791461508323e-8,
				"PhiDegree": 150.00288062134126,
				"Power": -57.941825567580224
			}, {
				"Time": 3.9278643879733743e-7,
				"TimeDiff": -9.787445171479428e-8,
				"PhiDegree": 64.32698036296784,
				"Power": -61.89623884161658
			}]
	}
}