{
	"SensorDataCollection": {
		"SensorId": 0,
		"SensorDatas": [{
				"Time": 5.108968852145675e-7,
				"TimeDiff": 0.0,
				"PhiDegree": 155.4237469555431,
				"Power": -60.989194868104335
			}, {
				"Time": 5.191457304851384e-7,
				"TimeDiff": 8.24884527057094e-9,
				"PhiDegree": 153.50312903585805,
				"Power": -63.15388419447524
			}, {
				"Time": 4.4555574125155326e-7,
				"TimeDiff": -6.534114396301425e-8,
				"PhiDegree": 338.9486880778036,
				"Power": -63.993234094948264
			}]
	}
}