{
	"SensorDataCollection": {
		"SensorId": 0,
		"SensorDatas": [{
				"Time": 5.169730764296098e-7,
				"TimeDiff": 0.0,
				"PhiDegree": 155.73134910083374,
				"Power": -61.417958134894974
			}, {
				"Time": 4.3933437823629763e-7,
				"TimeDiff": -7.763869819331212e-8,
				"PhiDegree": 338.6360728094133,
				"Power": -63.456109482609634
			}, {
				"Time": 5.251264837275837e-7,
				"TimeDiff": 8.153407297973963e-9,
				"PhiDegree": 153.8279772346933,
				"Power": -63.70406867117137
			}]
	}
}