{
	"SensorDataCollection": {
		"SensorId": 0,
		"SensorDatas": [{
				"Time": 4.493464273429237e-7,
				"TimeDiff": 0.0,
				"PhiDegree": 34.771948894644645,
				"Power": -53.572049923308654
			}, {
				"Time": 4.023104942006204e-7,
				"TimeDiff": -4.703593314230333e-8,
				"PhiDegree": 336.55831389002,
				"Power": -60.152195159566645
			}, {
				"Time": 5.537190101083211e-7,
				"TimeDiff": 1.0437258276539742e-7,
				"PhiDegree": 157.43447323430362,
				"Power": -63.95277197934705
			}]
	}
}