{
	"SensorDataCollection": {
		"SensorId": 0,
		"SensorDatas": [{
				"Time": 5.018110434588998e-7,
				"TimeDiff": 0.0,
				"PhiDegree": 154.94839944240908,
				"Power": -60.343169849020455
			}, {
				"Time": 5.102068065954343e-7,
				"TimeDiff": 8.39576313653449e-9,
				"PhiDegree": 153.001604003284,
				"Power": -62.327784204551364
			}]
	}
}