{
	"SensorDataCollection": {
		"SensorId": 0,
		"SensorDatas": [{
				"Time": 5.183009052588992e-7,
				"TimeDiff": 0.0,
				"PhiDegree": 213.0201873588958,
				"Power": -56.11349504840959
			}, {
				"Time": 4.837488056331949e-7,
				"TimeDiff": -3.455209962570434e-8,
				"PhiDegree": 153.94431134547307,
				"Power": -59.042273362709096
			}, {
				"Time": 4.924526059536528e-7,
				"TimeDiff": -2.5848299305246435e-8,
				"PhiDegree": 151.94413762655154,
				"Power": -60.67566682580751
			}]
	}
}