{
	"SensorDataCollection": {
		"SensorId": 0,
		"SensorDatas": [{
				"Time": 5.048357736042263e-7,
				"TimeDiff": 0.0,
				"PhiDegree": 155.10874934076298,
				"Power": -60.55887679007458
			}, {
				"Time": 5.131820539239254e-7,
				"TimeDiff": 8.346280319699084e-9,
				"PhiDegree": 153.1707198369502,
				"Power": -62.603222556335254
			}]
	}
}