{
	"SensorDataCollection": {
		"SensorId": 0,
		"SensorDatas": [{
				"Time": 5.016333330077221e-7,
				"TimeDiff": 0.0,
				"PhiDegree": 214.2663525117885,
				"Power": -54.880510381330396
			}, {
				"Time": 4.6584662641666127e-7,
				"TimeDiff": -3.57867065910608e-8,
				"PhiDegree": 152.86269648865942,
				"Power": -57.732990497121975
			}, {
				"Time": 4.748786597677194e-7,
				"TimeDiff": -2.6754673240002665e-8,
				"PhiDegree": 150.80799208760135,
				"Power": -59.030269905180205
			}]
	}
}