{
	"SensorDataCollection": {
		"SensorId": 0,
		"SensorDatas": [{
				"Time": 4.988793726197242e-7,
				"TimeDiff": 0.0,
				"PhiDegree": 214.48211580285943,
				"Power": -54.68004683517309
			}, {
				"Time": 4.6287979755525914e-7,
				"TimeDiff": -3.599957506446503e-8,
				"PhiDegree": 152.6743107335161,
				"Power": -57.51430770730059
			}, {
				"Time": 4.7196861033738127e-7,
				"TimeDiff": -2.69107622823429e-8,
				"PhiDegree": 150.61042871086923,
				"Power": -58.757345118082796
			}, {
				"Time": 3.9722554979115394e-7,
				"TimeDiff": -1.0165382282857023e-7,
				"PhiDegree": 63.02557107803568,
				"Power": -60.186352180622194
			}]
	}
}