{
	"SensorDataCollection": {
		"SensorId": 0,
		"SensorDatas": [{
				"Time": 4.933930307293675e-7,
				"TimeDiff": 0.0,
				"PhiDegree": 214.92085268815651,
				"Power": -54.28404667997184
			}, {
				"Time": 4.5696144403183365e-7,
				"TimeDiff": -3.6431586697533854e-8,
				"PhiDegree": 152.29021107323214,
				"Power": -57.07678387372722
			}, {
				"Time": 4.661656609947366e-7,
				"TimeDiff": -2.722736973463088e-8,
				"PhiDegree": 150.20791421777653,
				"Power": -58.21306761931977
			}, {
				"Time": 3.9424345750151207e-7,
				"TimeDiff": -9.914957322785543e-8,
				"PhiDegree": 63.88992928722174,
				"Power": -61.302329407017
			}]
	}
}