{
	"SensorDataCollection": {
		"SensorId": 0,
		"SensorDatas": [{
				"Time": 4.4660966875631944e-7,
				"TimeDiff": 0.0,
				"PhiDegree": 35.016076844241915,
				"Power": -53.35548477004228
			}, {
				"Time": 3.992514473420571e-7,
				"TimeDiff": -4.735822141426235e-8,
				"PhiDegree": 336.36782563329365,
				"Power": -59.87102482302973
			}, {
				"Time": 5.56801674892117e-7,
				"TimeDiff": 1.1019200613579752e-7,
				"PhiDegree": 157.56622877115473,
				"Power": -64.16078730679519
			}, {
				"Time": 4.5112233670506656e-7,
				"TimeDiff": 4.512667948747117e-9,
				"PhiDegree": 339.2205585093905,
				"Power": -71.59982604833225
			}]
	}
}