{
	"SensorDataCollection": {
		"SensorId": 0,
		"SensorDatas": [{
				"Time": 4.87936268931661e-7,
				"TimeDiff": 0.0,
				"PhiDegree": 215.36942946557852,
				"Power": -53.89511200437134
			}, {
				"Time": 4.510641651675494e-7,
				"TimeDiff": -3.687210376411164e-8,
				"PhiDegree": 151.89604976004134,
				"Power": -56.639253457277334
			}, {
				"Time": 4.6038629786006817e-7,
				"TimeDiff": -2.7549971071592872e-8,
				"PhiDegree": 149.79527316732623,
				"Power": -57.67125888488468
			}, {
				"Time": 3.913524441962607e-7,
				"TimeDiff": -9.658382473540034e-8,
				"PhiDegree": 64.76726010196379,
				"Power": -62.51527826227283
			}]
	}
}