{
	"SensorDataCollection": {
		"SensorId": 0,
		"SensorDatas": [{
				"Time": 5.155064091779457e-7,
				"TimeDiff": 0.0,
				"PhiDegree": 213.22227666369824,
				"Power": -55.904720250887294
			}, {
				"Time": 4.807535090489593e-7,
				"TimeDiff": -3.475290012898639e-8,
				"PhiDegree": 153.76964197176605,
				"Power": -58.82451797024481
			}, {
				"Time": 4.895105704904532e-7,
				"TimeDiff": -2.5995838687492476e-8,
				"PhiDegree": 151.7604518288796,
				"Power": -60.40073070642089
			}]
	}
}