{
	"SensorDataCollection": {
		"SensorId": 0,
		"SensorDatas": [{
				"Time": 5.04394329367775e-7,
				"TimeDiff": 0.0,
				"PhiDegree": 214.05294834864935,
				"Power": -55.0825218162626
			}, {
				"Time": 4.688184276004044e-7,
				"TimeDiff": -3.557590176737057e-8,
				"PhiDegree": 153.0486959100008,
				"Power": -57.951582365288345
			}, {
				"Time": 4.777942865048898e-7,
				"TimeDiff": -2.6600042862885202e-8,
				"PhiDegree": 151.00314659347367,
				"Power": -59.303648566068986
			}]
	}
}