{
	"SensorDataCollection": {
		"SensorId": 0,
		"SensorDatas": [{
				"Time": 4.86748542673876e-7,
				"TimeDiff": 0.0,
				"PhiDegree": 154.11682939901968,
				"Power": -59.25979292028407
			}, {
				"Time": 4.953996426665476e-7,
				"TimeDiff": 8.651099992671664e-9,
				"PhiDegree": 152.12563984864678,
				"Power": -60.950784871064855
			}]
	}
}