{
	"SensorDataCollection": {
		"SensorId": 0,
		"SensorDatas": [{
				"Time": 4.825100908016004e-7,
				"TimeDiff": 0.0,
				"PhiDegree": 215.82812403610393,
				"Power": -53.51387393270869
			}, {
				"Time": 4.4518879847174596e-7,
				"TimeDiff": -3.7321292329854476e-8,
				"PhiDegree": 151.49146500946048,
				"Power": -56.20198210205953
			}, {
				"Time": 4.5463142043167e-7,
				"TimeDiff": -2.7878670369930418e-8,
				"PhiDegree": 149.37216300634654,
				"Power": -57.132398787509715
			}, {
				"Time": 3.8855454288144274e-7,
				"TimeDiff": -9.39555479201577e-8,
				"PhiDegree": 65.65743714104369,
				"Power": -63.83257805493881
			}]
	}
}