{
	"SensorDataCollection": {
		"SensorId": 0,
		"SensorDatas": [{
				"Time": 4.603726072130883e-7,
				"TimeDiff": 0.0,
				"PhiDegree": 33.82458982765691,
				"Power": -54.458178599574765
			}, {
				"Time": 4.145895071637421e-7,
				"TimeDiff": -4.578310004934623e-8,
				"PhiDegree": 337.29209658166707,
				"Power": -61.26831916054458
			}, {
				"Time": 5.414184644759319e-7,
				"TimeDiff": 8.10458572628436e-8,
				"PhiDegree": 156.89246931005644,
				"Power": -63.11554697655174
			}, {
				"Time": 5.492090820757402e-7,
				"TimeDiff": 8.883647486265188e-8,
				"PhiDegree": 155.05632961857674,
				"Power": -65.89603363294233
			}]
	}
}