{
	"SensorDataCollection": {
		"SensorId": 0,
		"SensorDatas": [{
				"Time": 4.576044760633114e-7,
				"TimeDiff": 0.0,
				"PhiDegree": 34.05714556451241,
				"Power": -54.23385541538252
			}, {
				"Time": 4.115135216384459e-7,
				"TimeDiff": -4.609095442486546e-8,
				"PhiDegree": 337.1127580702959,
				"Power": -60.99061000025367
			}, {
				"Time": 5.444889817645759e-7,
				"TimeDiff": 8.688450570126448e-8,
				"PhiDegree": 157.0302653443588,
				"Power": -63.325613938600384
			}, {
				"Time": 5.522362840506098e-7,
				"TimeDiff": 9.463180798729841e-8,
				"PhiDegree": 155.2023250179684,
				"Power": -66.16868239902482
			}]
	}
}