{
	"SensorDataCollection": {
		"SensorId": 0,
		"SensorDatas": [{
				"Time": 4.897526385775642e-7,
				"TimeDiff": 0.0,
				"PhiDegree": 154.28723256320248,
				"Power": -59.47705619675975
			}, {
				"Time": 4.983515919034344e-7,
				"TimeDiff": 8.598953325870222e-9,
				"PhiDegree": 152.30499362255105,
				"Power": -61.2260456042076
			}]
	}
}