{
	"SensorDataCollection": {
		"SensorId": 0,
		"SensorDatas": [{
				"Time": 5.099369725672616e-7,
				"TimeDiff": 0.0,
				"PhiDegree": 213.6330872365201,
				"Power": -55.4909187856145
			}, {
				"Time": 4.747765732957053e-7,
				"TimeDiff": -3.51603992715563e-8,
				"PhiDegree": 153.41369975268822,
				"Power": -58.38838643507063
			}, {
				"Time": 4.836418682345579e-7,
				"TimeDiff": -2.6295104332703734e-8,
				"PhiDegree": 151.38638563100864,
				"Power": -59.85156939685038
			}]
	}
}