{
	"SensorDataCollection": {
		"SensorId": 0,
		"SensorDatas": [{
				"Time": 4.82292519238508e-7,
				"TimeDiff": 0.0,
				"PhiDegree": 154.30041671617218,
				"Power": -59.356489472864
			}, {
				"Time": 4.940307111737661e-7,
				"TimeDiff": 1.1738191935258179e-8,
				"PhiDegree": 151.60263791356581,
				"Power": -60.29153589794478
			}]
	}
}