{
	"SensorDataCollection": {
		"SensorId": 0,
		"SensorDatas": [{
				"Time": 4.789345414382355e-7,
				"TimeDiff": 0.0,
				"PhiDegree": 32.82295867506746,
				"Power": -55.58829798109201
			}, {
				"Time": 5.21717288160845e-7,
				"TimeDiff": 4.278274672260955e-8,
				"PhiDegree": 156.3666356877985,
				"Power": -62.19346611564663
			}, {
				"Time": 4.3437046379427754e-7,
				"TimeDiff": -4.456407764395795e-8,
				"PhiDegree": 337.9055112497287,
				"Power": -62.4222952197438
			}, {
				"Time": 5.32587268187418e-7,
				"TimeDiff": 5.365272674918248e-8,
				"PhiDegree": 153.8224713852792,
				"Power": -63.81887852709558
			}]
	}
}