{
	"SensorDataCollection": {
		"SensorId": 0,
		"SensorDatas": [{
				"Time": 4.99762275035391e-7,
				"TimeDiff": 0.0,
				"PhiDegree": 213.95021463884396,
				"Power": -55.07788148825031
			}, {
				"Time": 4.6433419700218985e-7,
				"TimeDiff": -3.542807803320111e-8,
				"PhiDegree": 153.2290948445313,
				"Power": -58.02868376602326
			}, {
				"Time": 4.765149693085191e-7,
				"TimeDiff": -2.3247305726871865e-8,
				"PhiDegree": 150.45775052372946,
				"Power": -58.67327959779226
			}]
	}
}