{
	"SensorDataCollection": {
		"SensorId": 0,
		"SensorDatas": [{
				"Time": 4.650027560012574e-7,
				"TimeDiff": 0.0,
				"PhiDegree": 33.9372772904147,
				"Power": -54.46128497755993
			}, {
				"Time": 4.189593869612755e-7,
				"TimeDiff": -4.604336903998191e-8,
				"PhiDegree": 337.0473074666246,
				"Power": -61.06928366495313
			}, {
				"Time": 5.370429122563261e-7,
				"TimeDiff": 7.204015625506866e-8,
				"PhiDegree": 157.08018110754858,
				"Power": -63.264696921065024
			}, {
				"Time": 5.476087646068007e-7,
				"TimeDiff": 8.260600860554332e-8,
				"PhiDegree": 154.59254993248277,
				"Power": -65.17149773291287
			}]
	}
}