{
	"SensorDataCollection": {
		"SensorId": 0,
		"SensorDatas": [{
				"Time": 4.539909381944303e-7,
				"TimeDiff": 0.0,
				"PhiDegree": 34.87769428715206,
				"Power": -53.59001840077596
			}, {
				"Time": 4.067028113953257e-7,
				"TimeDiff": -4.728812679910457e-8,
				"PhiDegree": 336.3140455336274,
				"Power": -59.97149067311251
			}, {
				"Time": 5.49360366849339e-7,
				"TimeDiff": 9.53694286549087e-8,
				"PhiDegree": 157.6222877978517,
				"Power": -64.11235862211433
			}, {
				"Time": 5.59693739588242e-7,
				"TimeDiff": 1.0570280139381171e-7,
				"PhiDegree": 155.1787688708628,
				"Power": -66.24874725424934
			}]
	}
}