{
	"SensorDataCollection": {
		"SensorId": 0,
		"SensorDatas": [{
				"Time": 5.080964935474144e-7,
				"TimeDiff": 0.0,
				"PhiDegree": 213.31981250352868,
				"Power": -55.7019693929026
			}, {
				"Time": 4.732926808142044e-7,
				"TimeDiff": -3.480381273320996e-8,
				"PhiDegree": 153.77491802456473,
				"Power": -58.69358222704673
			}, {
				"Time": 4.852486282121022e-7,
				"TimeDiff": -2.2847865335312187e-8,
				"PhiDegree": 151.0405256329491,
				"Power": -59.480677326438354
			}]
	}
}