{
	"SensorDataCollection": {
		"SensorId": 0,
		"SensorDatas": [{
				"Time": 4.943527279357247e-7,
				"TimeDiff": 0.0,
				"PhiDegree": 154.97123835356953,
				"Power": -60.23627974773706
			}, {
				"Time": 5.05811119971599e-7,
				"TimeDiff": 1.1458392035874242e-8,
				"PhiDegree": 152.3216599255946,
				"Power": -61.37603198304393
			}]
	}
}