{
	"SensorDataCollection": {
		"SensorId": 0,
		"SensorDatas": [{
				"Time": 4.860124826617766e-7,
				"TimeDiff": 0.0,
				"PhiDegree": 215.04867159010263,
				"Power": -54.06836565977096
			}, {
				"Time": 4.4950200028496253e-7,
				"TimeDiff": -3.6510482376814097e-8,
				"PhiDegree": 152.27121166570132,
				"Power": -56.917952668080844
			}, {
				"Time": 4.62073931021447e-7,
				"TimeDiff": -2.3938551640329617e-8,
				"PhiDegree": 149.43770854203487,
				"Power": -57.339016182302814
			}, {
				"Time": 3.8833677784744657e-7,
				"TimeDiff": -9.767570481433006e-8,
				"PhiDegree": 64.55739696193056,
				"Power": -62.13532494775576
			}]
	}
}