{
	"SensorDataCollection": {
		"SensorId": 0,
		"SensorDatas": [{
				"Time": 4.7334047276803166e-7,
				"TimeDiff": 0.0,
				"PhiDegree": 33.260811455818946,
				"Power": -55.133007056189854
			}, {
				"Time": 4.2819459127184983e-7,
				"TimeDiff": -4.514588149618183e-8,
				"PhiDegree": 337.56964419029794,
				"Power": -61.883761993770435
			}, {
				"Time": 5.278376587897192e-7,
				"TimeDiff": 5.449718602168751e-8,
				"PhiDegree": 156.65702515809153,
				"Power": -62.62345466508208
			}, {
				"Time": 5.385841285315068e-7,
				"TimeDiff": 6.52436557634751e-8,
				"PhiDegree": 154.13565637771472,
				"Power": -64.36058884703922
			}]
	}
}