{
	"SensorDataCollection": {
		"SensorId": 0,
		"SensorDatas": [{
				"Time": 4.677747072658516e-7,
				"TimeDiff": 0.0,
				"PhiDegree": 33.709110425523114,
				"Power": -54.68359310708715
			}, {
				"Time": 4.2203386308666747e-7,
				"TimeDiff": -4.574084417918413e-8,
				"PhiDegree": 337.2239591808689,
				"Power": -61.34164838352764
			}, {
				"Time": 5.339712770618816e-7,
				"TimeDiff": 6.619656979602996e-8,
				"PhiDegree": 156.94075048945618,
				"Power": -63.051460002269266
			}, {
				"Time": 5.445967262080513e-7,
				"TimeDiff": 7.682201894219973e-8,
				"PhiDegree": 154.44193494183716,
				"Power": -64.90144471711322
			}]
	}
}