{
	"SensorDataCollection": {
		"SensorId": 0,
		"SensorDatas": [{
				"Time": 4.458157975498389e-7,
				"TimeDiff": 0.0,
				"PhiDegree": 35.61334936861592,
				"Power": -52.958025159942736
			}, {
				"Time": 3.9755644904743e-7,
				"TimeDiff": -4.825934850240891e-8,
				"PhiDegree": 335.7344979814557,
				"Power": -59.13995025812406
			}, {
				"Time": 5.58629485157043e-7,
				"TimeDiff": 1.1281368760720414e-7,
				"PhiDegree": 158.0131539414642,
				"Power": -64.74236736023025
			}]
	}
}