{
	"SensorDataCollection": {
		"SensorId": 0,
		"SensorDatas": [{
				"Time": 4.913314397726438e-7,
				"TimeDiff": 0.0,
				"PhiDegree": 154.80662171962413,
				"Power": -60.01682690235947
			}, {
				"Time": 5.028586811207396e-7,
				"TimeDiff": 1.1527241348095755e-8,
				"PhiDegree": 152.14506448826953,
				"Power": -61.10466819850967
			}]
	}
}