{
	"SensorDataCollection": {
		"SensorId": 0,
		"SensorDatas": [{
				"Time": 5.053116615825891e-7,
				"TimeDiff": 0.0,
				"PhiDegree": 213.52763509673207,
				"Power": -55.4925677368541
			}, {
				"Time": 4.703018076602254e-7,
				"TimeDiff": -3.5009853922363654e-8,
				"PhiDegree": 153.59528801845357,
				"Power": -58.472139631823524
			}, {
				"Time": 4.823318979270459e-7,
				"TimeDiff": -2.297976365554315e-8,
				"PhiDegree": 150.84861297181317,
				"Power": -59.211097424223595
			}]
	}
}