{
	"SensorDataCollection": {
		"SensorId": 0,
		"SensorDatas": [{
				"Time": 4.969979468665471e-7,
				"TimeDiff": 0.0,
				"PhiDegree": 214.16503739243998,
				"Power": -54.87272874596647
			}, {
				"Time": 4.6135764234125546e-7,
				"TimeDiff": -3.5640304525291676e-8,
				"PhiDegree": 153.04244957419755,
				"Power": -57.80672102271137
			}, {
				"Time": 4.7361497402015516e-7,
				"TimeDiff": -2.3382972846391978e-8,
				"PhiDegree": 150.25872351482542,
				"Power": -58.40514260100936
			}, {
				"Time": 3.942548095552346e-7,
				"TimeDiff": -1.0274313731131254e-7,
				"PhiDegree": 62.80562186308883,
				"Power": -59.832229994352545
			}]
	}
}