{
	"SensorDataCollection": {
		"SensorId": 0,
		"SensorDatas": [{
				"Time": 5.09518198383366e-7,
				"TimeDiff": 0.0,
				"PhiDegree": 155.76496666196948,
				"Power": -61.327859448277195
			}, {
				"Time": 5.206429332596972e-7,
				"TimeDiff": 1.1124734876331211e-8,
				"PhiDegree": 153.174506298135,
				"Power": -62.73366107005475
			}, {
				"Time": 4.467651281389035e-7,
				"TimeDiff": -6.275307024446247e-8,
				"PhiDegree": 338.54933348235306,
				"Power": -63.48824896657112
			}]
	}
}