{
	"SensorDataCollection": {
		"SensorId": 0,
		"SensorDatas": [{
				"Time": 4.873765796366525e-7,
				"TimeDiff": 0.0,
				"PhiDegree": 32.18508731974518,
				"Power": -56.28098279371446
			}, {
				"Time": 5.125626093678048e-7,
				"TimeDiff": 2.51860297311523e-8,
				"PhiDegree": 155.91806783010986,
				"Power": -61.544937344721674
			}, {
				"Time": 5.236226675683199e-7,
				"TimeDiff": 3.624608793166749e-8,
				"PhiDegree": 153.33926763131706,
				"Power": -63.00512570438757
			}, {
				"Time": 4.436612843290758e-7,
				"TimeDiff": -4.371529530757667e-8,
				"PhiDegree": 338.3917516518806,
				"Power": -63.223174574692436
			}]
	}
}