{
	"SensorDataCollection": {
		"SensorId": 0,
		"SensorDatas": [{
				"Time": 5.025335513798864e-7,
				"TimeDiff": 0.0,
				"PhiDegree": 213.73775825318847,
				"Power": -55.28451682716309
			}, {
				"Time": 4.6731561628047443e-7,
				"TimeDiff": -3.5217935099412016e-8,
				"PhiDegree": 153.4133604992981,
				"Power": -58.25049858870682
			}, {
				"Time": 4.794206448298093e-7,
				"TimeDiff": -2.3112906550077125e-8,
				"PhiDegree": 150.65436735303058,
				"Power": -58.94194836049482
			}]
	}
}