{
	"SensorDataCollection": {
		"SensorId": 0,
		"SensorDatas": [{
				"Time": 2.4060865083411824e-8,
				"TimeDiff": 0.0,
				"PhiDegree": 303.6900675259798,
				"Power": -23.60115261003464
			}, {
				"Time": 5.168900076193642e-8,
				"TimeDiff": 2.7628135678524594e-8,
				"PhiDegree": 284.96381863010276,
				"Power": -43.471884975625485
			}]
	}
}