{
	"SensorDataCollection": {
		"SensorId": 0,
		"SensorDatas": [{
				"Time": 4.5673221937122907e-7,
				"TimeDiff": 0.0,
				"PhiDegree": 34.638342805962715,
				"Power": -53.804961666156544
			}, {
				"Time": 4.097605703895524e-7,
				"TimeDiff": -4.697164898167667e-8,
				"PhiDegree": 336.5014715295103,
				"Power": -60.24715220843643
			}, {
				"Time": 5.46276470633142e-7,
				"TimeDiff": 8.954425126191297e-8,
				"PhiDegree": 157.4890537625285,
				"Power": -63.901250281167435
			}, {
				"Time": 5.566670924680501e-7,
				"TimeDiff": 9.993487309682107e-8,
				"PhiDegree": 155.0346013015466,
				"Power": -65.97991649432743
			}]
	}
}