{
	"SensorDataCollection": {
		"SensorId": 0,
		"SensorDatas": [{
				"Time": 4.6223826731981137e-7,
				"TimeDiff": 0.0,
				"PhiDegree": 34.168177029307756,
				"Power": -54.24068579711329
			}, {
				"Time": 4.158889522565179e-7,
				"TimeDiff": -4.634931506329347e-8,
				"PhiDegree": 336.86804565047123,
				"Power": -60.79606778070544
			}, {
				"Time": 5.401176916537358e-7,
				"TimeDiff": 7.787942433392446e-8,
				"PhiDegree": 157.21802503432946,
				"Power": -63.47741254986205
			}, {
				"Time": 5.506245456813478e-7,
				"TimeDiff": 8.838627836153638e-8,
				"PhiDegree": 154.741516100827,
				"Power": -65.44127351084137
			}]
	}
}