{
	"SensorDataCollection": {
		"SensorId": 0,
		"SensorDatas": [{
				"Time": 4.705539892312954e-7,
				"TimeDiff": 0.0,
				"PhiDegree": 33.48363531139522,
				"Power": -54.90752716446788
			}, {
				"Time": 4.251122929482149e-7,
				"TimeDiff": -4.544169628308045e-8,
				"PhiDegree": 337.39805410064304,
				"Power": -61.61314606325695
			}, {
				"Time": 5.309028406444837e-7,
				"TimeDiff": 6.034885141318828e-8,
				"PhiDegree": 156.79970730568533,
				"Power": -62.83770976819932
			}, {
				"Time": 5.415884929296528e-7,
				"TimeDiff": 7.103450369835738e-8,
				"PhiDegree": 154.28964571826805,
				"Power": -64.63113471531241
			}]
	}
}