{
	"SensorDataCollection": {
		"SensorId": 0,
		"SensorDatas": [{
				"Time": 4.973780472446195e-7,
				"TimeDiff": 0.0,
				"PhiDegree": 155.13385374346436,
				"Power": -60.455374125408255
			}, {
				"Time": 5.087683081229623e-7,
				"TimeDiff": 1.139026087834282e-8,
				"PhiDegree": 152.49620410226615,
				"Power": -61.64749446921218
			}]
	}
}