{
	"SensorDataCollection": {
		"SensorId": 0,
		"SensorDatas": [{
				"Time": 4.7613403143861285e-7,
				"TimeDiff": 0.0,
				"PhiDegree": 33.04059899240425,
				"Power": -55.35995551144508
			}, {
				"Time": 4.312806751156244e-7,
				"TimeDiff": -4.4853356322988465e-8,
				"PhiDegree": 337.7387801093699,
				"Power": -62.15348256698638
			}, {
				"Time": 5.247757885266687e-7,
				"TimeDiff": 4.864175708805581e-8,
				"PhiDegree": 156.51267711277026,
				"Power": -62.408703630756335
			}, {
				"Time": 5.355836981212342e-7,
				"TimeDiff": 5.9449666682621337e-8,
				"PhiDegree": 153.97994055321513,
				"Power": -64.08982913253182
			}]
	}
}