{
	"SensorDataCollection": {
		"SensorId": 0,
		"SensorDatas": [{
				"Time": 5.06477469193521e-7,
				"TimeDiff": 0.0,
				"PhiDegree": 155.6100260352487,
				"Power": -61.11035081163641
			}, {
				"Time": 5.176675538123907e-7,
				"TimeDiff": 1.1190084618869717e-8,
				"PhiDegree": 153.0078495878411,
				"Power": -62.46213564847157
			}, {
				"Time": 4.498723047536504e-7,
				"TimeDiff": -5.6605164439870624e-8,
				"PhiDegree": 338.70473970349326,
				"Power": -63.7523664874324
			}]
	}
}