{
	"SensorDataCollection": {
		"SensorId": 0,
		"SensorDatas": [{
				"Time": 5.034404885112655e-7,
				"TimeDiff": 0.0,
				"PhiDegree": 155.45321490638256,
				"Power": -60.89242445476839
			}, {
				"Time": 5.146966047506939e-7,
				"TimeDiff": 1.1256116239428423e-8,
				"PhiDegree": 152.839267474539,
				"Power": -62.19057880728701
			}, {
				"Time": 4.5298274559048766e-7,
				"TimeDiff": -5.0457742920777864e-8,
				"PhiDegree": 338.85801282185406,
				"Power": -64.01551979459755
			}]
	}
}