{
	"SensorDataCollection": {
		"SensorId": 0,
		"SensorDatas": [{
				"Time": 4.485325791169179e-7,
				"TimeDiff": 0.0,
				"PhiDegree": 35.36515289838086,
				"Power": -53.1664489359881
			}, {
				"Time": 4.00600648231474e-7,
				"TimeDiff": -4.7931930885443926e-8,
				"PhiDegree": 335.9306201968208,
				"Power": -59.41786617822149
			}, {
				"Time": 5.555369225574036e-7,
				"TimeDiff": 1.0700434344048569e-7,
				"PhiDegree": 157.88431469016965,
				"Power": -64.53292286927395
			}, {
				"Time": 5.657574938027611e-7,
				"TimeDiff": 1.1722491468584318e-7,
				"PhiDegree": 155.46247199729214,
				"Power": -66.78534184624742
			}]
	}
}