{
	"SensorDataCollection": {
		"SensorId": 0,
		"SensorDatas": [{
				"Time": 4.805645830577637e-7,
				"TimeDiff": 0.0,
				"PhiDegree": 215.50558377551275,
				"Power": -53.6769974670794
			}, {
				"Time": 4.4360594388105417e-7,
				"TimeDiff": -3.6958639176709517e-8,
				"PhiDegree": 151.87017030399494,
				"Power": -56.473449940877146
			}, {
				"Time": 4.563403367181466e-7,
				"TimeDiff": -2.4224246339617104e-8,
				"PhiDegree": 149.01167206233012,
				"Power": -56.81064270507065
			}, {
				"Time": 3.8551699086338165e-7,
				"TimeDiff": -9.504759219438204e-8,
				"PhiDegree": 65.45303360302336,
				"Power": -63.43990071613666
			}]
	}
}