{
	"SensorDataCollection": {
		"SensorId": 0,
		"SensorDatas": [{
				"Time": 4.832846911695017e-7,
				"TimeDiff": 0.0,
				"PhiDegree": 215.27584003333112,
				"Power": -53.87171383624059
			}, {
				"Time": 4.4655123745872586e-7,
				"TimeDiff": -3.6733453710775857e-8,
				"PhiDegree": 152.07201477339908,
				"Power": -56.695683646996756
			}, {
				"Time": 4.5920396028927043e-7,
				"TimeDiff": -2.408073088023128e-8,
				"PhiDegree": 149.2260201658798,
				"Power": -57.074385804024516
			}, {
				"Time": 3.8691506620856034e-7,
				"TimeDiff": -9.636962496094138e-8,
				"PhiDegree": 65.0035834780767,
				"Power": -62.77405848120368
			}]
	}
}