{
	"SensorDataCollection": {
		"SensorId": 0,
		"SensorDatas": [{
				"Time": 4.594813759183527e-7,
				"TimeDiff": 0.0,
				"PhiDegree": 34.40185140132609,
				"Power": -54.02188162383881
			}, {
				"Time": 4.128226491485483e-7,
				"TimeDiff": -4.665872676980441e-8,
				"PhiDegree": 336.68611904245694,
				"Power": -60.522017830596724
			}, {
				"Time": 5.431955618604674e-7,
				"TimeDiff": 8.371418594211466e-8,
				"PhiDegree": 157.35430763209797,
				"Power": -63.68959936615528
			}, {
				"Time": 5.53644008270964e-7,
				"TimeDiff": 9.41626323526113e-8,
				"PhiDegree": 154.88885839335384,
				"Power": -65.71075263489152
			}]
	}
}