{
	"SensorDataCollection": {
		"SensorId": 0,
		"SensorDatas": [{
				"Time": 4.5125767591088606e-7,
				"TimeDiff": 0.0,
				"PhiDegree": 35.11994953689256,
				"Power": -53.377147695345
			}, {
				"Time": 4.036494703362029e-7,
				"TimeDiff": -4.760820557468315e-8,
				"PhiDegree": 336.1237819688231,
				"Power": -59.695054423613385
			}, {
				"Time": 5.524472004791255e-7,
				"TimeDiff": 1.011895245682394e-7,
				"PhiDegree": 157.7540336317781,
				"Power": -64.32291811519482
			}, {
				"Time": 5.627238921413001e-7,
				"TimeDiff": 1.1146621623041405e-7,
				"PhiDegree": 155.32138470954862,
				"Power": -66.51722782726833
			}]
	}
}