{
	"SensorDataCollection": {
		"SensorId": 0,
		"SensorDatas": [{
				"Time": 4.883142575796557e-7,
				"TimeDiff": 0.0,
				"PhiDegree": 154.6399694386853,
				"Power": -59.79703235288717
			}, {
				"Time": 4.999110757174727e-7,
				"TimeDiff": 1.1596818137817048e-8,
				"PhiDegree": 151.96638483176244,
				"Power": -60.83343905822262
			}]
	}
}