{
	"SensorDataCollection": {
		"SensorId": 0,
		"SensorDatas": [{
				"Time": 4.436166759804752e-7,
				"TimeDiff": 0.0,
				"PhiDegree": 312.0214868161422,
				"Power": -50.34850951762107
			}, {
				"Time": 4.3771689014914786e-7,
				"TimeDiff": -5.899785831327349e-9,
				"PhiDegree": 36.37635724704035,
				"Power": -52.34749180690706
			}, {
				"Time": 6.326062154541471e-7,
				"TimeDiff": 1.8898953947367186e-7,
				"PhiDegree": 62.00302827794484,
				"Power": -62.92414725549435
			}, {
				"Time": 4.6478730216728634e-7,
				"TimeDiff": 2.1170626186811123e-8,
				"PhiDegree": 339.4196916371231,
				"Power": -72.27050931035546
			}]
	}
}