{
	"SensorDataCollection": {
		"SensorId": 0,
		"SensorDatas": [{
				"Time": 4.841040491693104e-7,
				"TimeDiff": 0.0,
				"PhiDegree": 214.72537453391553,
				"Power": -54.25087982861454
			}, {
				"Time": 4.6377942877716255e-7,
				"TimeDiff": -2.0324620392147816e-8,
				"PhiDegree": 149.08275998612493,
				"Power": -57.020128220178975
			}, {
				"Time": 4.479592412005932e-7,
				"TimeDiff": -3.614480796871714e-8,
				"PhiDegree": 152.648973955294,
				"Power": -57.20793808222909
			}, {
				"Time": 3.8532640298120195e-7,
				"TimeDiff": -9.877764618810841e-8,
				"PhiDegree": 64.34425179992712,
				"Power": -61.75483097282171
			}]
	}
}