{
	"SensorDataCollection": {
		"SensorId": 0,
		"SensorDatas": [{
				"Time": 8.070259488593998e-8,
				"TimeDiff": 0.0,
				"PhiDegree": 187.1250163489018,
				"Power": -35.217353363927096
			}, {
				"Time": 1.0003122305480962e-7,
				"TimeDiff": 1.9328628168869638e-8,
				"PhiDegree": 216.81791413788733,
				"Power": -37.84531666187786
			}, {
				"Time": 4.070026059338151e-7,
				"TimeDiff": 3.263000110478751e-7,
				"PhiDegree": 50.17578522118954,
				"Power": -50.173121181465376
			}, {
				"Time": 3.2267786772442304e-7,
				"TimeDiff": 2.4197527283848305e-7,
				"PhiDegree": 104.36932797853684,
				"Power": -60.0209257525396
			}]
	}
}