{
	"SensorDataCollection": {
		"SensorId": 0,
		"SensorDatas": [{
				"Time": 5.034763871825722e-7,
				"TimeDiff": 0.0,
				"PhiDegree": 213.21109905126502,
				"Power": -55.7084903366561
			}, {
				"Time": 4.688274989858258e-7,
				"TimeDiff": -3.4648888196746377e-8,
				"PhiDegree": 153.96052320229433,
				"Power": -58.78544528407183
			}, {
				"Time": 4.839660118078173e-7,
				"TimeDiff": -1.951037537475483e-8,
				"PhiDegree": 150.50362721213554,
				"Power": -58.8581144608558
			}]
	}
}