{
	"SensorDataCollection": {
		"SensorId": 0,
		"SensorDatas": [{
				"Time": 4.868501179637629e-7,
				"TimeDiff": 0.0,
				"PhiDegree": 214.50168728844537,
				"Power": -54.45436333990611
			}, {
				"Time": 4.666451172958728e-7,
				"TimeDiff": -2.02050006678901e-8,
				"PhiDegree": 149.2932541484429,
				"Power": -57.280468343985405
			}, {
				"Time": 4.5092548022508e-7,
				"TimeDiff": -3.5924637738682934e-8,
				"PhiDegree": 152.84375996966742,
				"Power": -57.43372056630349
			}, {
				"Time": 3.8678273973787783e-7,
				"TimeDiff": -1.0006737822588509e-7,
				"PhiDegree": 63.89870567228941,
				"Power": -61.1487606692601
			}]
	}
}