{
	"SensorDataCollection": {
		"SensorId": 0,
		"SensorDatas": [{
				"Time": 4.813654431280448e-7,
				"TimeDiff": 0.0,
				"PhiDegree": 214.95161048362675,
				"Power": -54.049178719860265
			}, {
				"Time": 4.609200776410245e-7,
				"TimeDiff": -2.044536548702025e-8,
				"PhiDegree": 148.86965128604226,
				"Power": -56.76069461311613
			}, {
				"Time": 4.449982485277309e-7,
				"TimeDiff": -3.636719460031389e-8,
				"PhiDegree": 152.45159344447117,
				"Power": -56.98209298714971
			}, {
				"Time": 3.8389354287962314e-7,
				"TimeDiff": -9.747190024842163e-8,
				"PhiDegree": 64.79315119238905,
				"Power": -62.38704402364958
			}]
	}
}