{
	"SensorDataCollection": {
		"SensorId": 0,
		"SensorDatas": [{
				"Time": 4.929503556488437e-7,
				"TimeDiff": 0.0,
				"PhiDegree": 155.32264156186108,
				"Power": -60.57295290814524
			}, {
				"Time": 5.073696186353509e-7,
				"TimeDiff": 1.4419262986507102e-8,
				"PhiDegree": 151.98797795394194,
				"Power": -60.98852268924742
			}, {
				"Time": 4.6352262630972475e-7,
				"TimeDiff": -2.9427729339118998e-8,
				"PhiDegree": 338.9196115198218,
				"Power": -64.29762888195671
			}]
	}
}