{
	"SensorDataCollection": {
		"SensorId": 0,
		"SensorDatas": [{
				"Time": 5.006880939083126e-7,
				"TimeDiff": 0.0,
				"PhiDegree": 213.4202350073341,
				"Power": -55.49586750411575
			}, {
				"Time": 4.6583185672131583e-7,
				"TimeDiff": -3.485623718699681e-8,
				"PhiDegree": 153.78036308131757,
				"Power": -58.56064740075817
			}, {
				"Time": 4.810646479593864e-7,
				"TimeDiff": -1.9623445948926262e-8,
				"PhiDegree": 150.3079592037388,
				"Power": -58.59360181453634
			}]
	}
}