{
	"SensorDataCollection": {
		"SensorId": 0,
		"SensorDatas": [{
				"Time": 4.951318574971937e-7,
				"TimeDiff": 0.0,
				"PhiDegree": 213.84555907906798,
				"Power": -55.07473871079796
			}, {
				"Time": 4.7527905954646323e-7,
				"TimeDiff": -1.985279795073047e-8,
				"PhiDegree": 149.90946807253394,
				"Power": -58.066297450224425
			}, {
				"Time": 4.5985465928215905e-7,
				"TimeDiff": -3.527719821503465e-8,
				"PhiDegree": 153.41301023740823,
				"Power": -58.11038644455091
			}]
	}
}