{
	"SensorDataCollection": {
		"SensorId": 0,
		"SensorDatas": [{
				"Time": 4.923641440078466e-7,
				"TimeDiff": 0.0,
				"PhiDegree": 214.06181492462218,
				"Power": -54.86636716720746
			}, {
				"Time": 4.7239504489286155e-7,
				"TimeDiff": -1.996909911498504e-8,
				"PhiDegree": 149.70656707577302,
				"Power": -57.80361357654388
			}, {
				"Time": 4.568732884066092e-7,
				"TimeDiff": -3.5490855601237367e-8,
				"PhiDegree": 153.2257331586392,
				"Power": -57.88497391625856
			}, {
				"Time": 3.897647863434913e-7,
				"TimeDiff": -1.0259935766435529e-7,
				"PhiDegree": 63.01773475187251,
				"Power": -60.011286690026196
			}]
	}
}