{
	"SensorDataCollection": {
		"SensorId": 0,
		"SensorDatas": [{
				"Time": 4.896035239410377e-7,
				"TimeDiff": 0.0,
				"PhiDegree": 214.28051262396815,
				"Power": -54.65955100123254
			}, {
				"Time": 4.695170271568769e-7,
				"TimeDiff": -2.0086496784160826e-8,
				"PhiDegree": 149.5011760157659,
				"Power": -57.54165072913587
			}, {
				"Time": 4.5389686274568096e-7,
				"TimeDiff": -3.570666119535677e-8,
				"PhiDegree": 153.0359978941568,
				"Power": -57.65940913141665
			}, {
				"Time": 3.882622889733058e-7,
				"TimeDiff": -1.0134123496773192e-7,
				"PhiDegree": 63.45652865553577,
				"Power": -60.56788090636846
			}]
	}
}