{
	"SensorDataCollection": {
		"SensorId": 0,
		"SensorDatas": [{
				"Time": 5.02063500953107e-7,
				"TimeDiff": 0.0,
				"PhiDegree": 155.79958255025753,
				"Power": -61.23706451902562
			}, {
				"Time": 5.162282787383411e-7,
				"TimeDiff": 1.4164777785234092e-8,
				"PhiDegree": 152.50977100957965,
				"Power": -61.79121421364057
			}, {
				"Time": 4.5419686845727026e-7,
				"TimeDiff": -4.7866632495836705e-8,
				"PhiDegree": 338.4654324913247,
				"Power": -63.522373634077866
			}]
	}
}