{
	"SensorDataCollection": {
		"SensorId": 0,
		"SensorDatas": [{
				"Time": 7.408546749442863e-8,
				"TimeDiff": 0.0,
				"PhiDegree": 187.7651660184253,
				"Power": -34.45825934123445
			}, {
				"Time": 9.477337842656539e-8,
				"TimeDiff": 2.0687910932136754e-8,
				"PhiDegree": 219.23632553008724,
				"Power": -37.01197699996237
			}, {
				"Time": 4.113083384072895e-7,
				"TimeDiff": 3.3722287091286083e-7,
				"PhiDegree": 49.461824286491485,
				"Power": -50.04397381002951
			}, {
				"Time": 3.2108683247950887e-7,
				"TimeDiff": 2.4700136498508026e-7,
				"PhiDegree": 103.21570052104647,
				"Power": -61.31780563998744
			}]
	}
}