{
	"SensorDataCollection": {
		"SensorId": 0,
		"SensorDatas": [{
				"Time": 5.062713144888182e-7,
				"TimeDiff": 0.0,
				"PhiDegree": 213.00426948159563,
				"Power": -55.92239955618756
			}, {
				"Time": 4.7182771774147087e-7,
				"TimeDiff": -3.444359674734734e-8,
				"PhiDegree": 154.1383938890165,
				"Power": -59.00998971633764
			}, {
				"Time": 4.868729526365015e-7,
				"TimeDiff": -1.9398361852316698e-8,
				"PhiDegree": 150.69696092830756,
				"Power": -59.12313228302358
			}]
	}
}