{
	"SensorDataCollection": {
		"SensorId": 0,
		"SensorDatas": [{
				"Time": 4.990219674683898e-7,
				"TimeDiff": 0.0,
				"PhiDegree": 155.64253815516776,
				"Power": -61.01612347430104
			}, {
				"Time": 5.132706895935931e-7,
				"TimeDiff": 1.4248722125203257e-8,
				"PhiDegree": 152.33784179378736,
				"Power": -61.523546131946944
			}, {
				"Time": 4.5730224019752064e-7,
				"TimeDiff": -4.171972727086917e-8,
				"PhiDegree": 338.61888337824894,
				"Power": -63.781716440979764
			}]
	}
}