{
	"SensorDataCollection": {
		"SensorId": 0,
		"SensorDatas": [{
				"Time": 4.979065461184539e-7,
				"TimeDiff": 0.0,
				"PhiDegree": 213.63171047732516,
				"Power": -55.28459493775519
			}, {
				"Time": 4.781689626087803e-7,
				"TimeDiff": -1.9737583509673658e-8,
				"PhiDegree": 150.1099190180361,
				"Power": -58.32964518779535
			}, {
				"Time": 4.6284087980913833e-7,
				"TimeDiff": -3.5065666309315585e-8,
				"PhiDegree": 153.59787266994067,
				"Power": -58.335619566152445
			}]
	}
}