{
	"SensorDataCollection": {
		"SensorId": 0,
		"SensorDatas": [{
				"Time": 7.739282576649947e-8,
				"TimeDiff": 0.0,
				"PhiDegree": 187.43140797117252,
				"Power": -34.84636780091568
			}, {
				"Time": 9.738062561228836e-8,
				"TimeDiff": 1.9987799845788886e-8,
				"PhiDegree": 217.99447810458298,
				"Power": -37.41837043932638
			}, {
				"Time": 4.091475309257878e-7,
				"TimeDiff": 3.317547051592883e-7,
				"PhiDegree": 49.816926394165506,
				"Power": -50.10375617251374
			}, {
				"Time": 3.2186603887017943e-7,
				"TimeDiff": 2.4447321310368e-7,
				"PhiDegree": 103.79393986691097,
				"Power": -60.65086257161019
			}]
	}
}