{
	"SensorDataCollection": {
		"SensorId": 0,
		"SensorDatas": [{
				"Time": 4.89920419278364e-7,
				"TimeDiff": 0.0,
				"PhiDegree": 155.1597224357764,
				"Power": -60.350752619941545
			}, {
				"Time": 5.044263018576131e-7,
				"TimeDiff": 1.4505882579249178e-8,
				"PhiDegree": 151.80997967492675,
				"Power": -60.721237346889566
			}, {
				"Time": 4.6663751214318237e-7,
				"TimeDiff": -2.328290713518158e-8,
				"PhiDegree": 339.0669669824911,
				"Power": -64.55418594067774
			}]
	}
}