{
	"SensorDataCollection": {
		"SensorId": 0,
		"SensorDatas": [{
				"Time": 4.778415397823851e-7,
				"TimeDiff": 0.0,
				"PhiDegree": 154.48742612701525,
				"Power": -59.45822975824339
			}, {
				"Time": 4.92703170196276e-7,
				"TimeDiff": 1.4861630413890896e-8,
				"PhiDegree": 151.07677360637663,
				"Power": -59.65448975546303
			}]
	}
}