{
	"SensorDataCollection": {
		"SensorId": 0,
		"SensorDatas": [{
				"Time": 4.838726531576824e-7,
				"TimeDiff": 0.0,
				"PhiDegree": 154.82776987886749,
				"Power": -59.90520100183571
			}, {
				"Time": 4.985545318756162e-7,
				"TimeDiff": 1.468187871793375e-8,
				"PhiDegree": 151.44768680738648,
				"Power": -60.187305179993245
			}]
	}
}