{
	"SensorDataCollection": {
		"SensorId": 0,
		"SensorDatas": [{
				"Time": 4.4507054179450923e-7,
				"TimeDiff": 0.0,
				"PhiDegree": 36.2126874345894,
				"Power": -52.58556903830642
			}, {
				"Time": 6.265423825429148e-7,
				"TimeDiff": 1.814718407484056e-7,
				"PhiDegree": 62.39863565991084,
				"Power": -63.33331371074232
			}, {
				"Time": 5.732138411629019e-7,
				"TimeDiff": 1.2814329936839267e-7,
				"PhiDegree": 155.43608724032694,
				"Power": -66.85749434379494
			}]
	}
}