{
	"SensorDataCollection": {
		"SensorId": 0,
		"SensorDatas": [{
				"Time": 4.807513282771485e-7,
				"TimeDiff": 0.0,
				"PhiDegree": 33.15713378454763,
				"Power": -55.35027189254714
			}, {
				"Time": 4.3563646235198256e-7,
				"TimeDiff": -4.5114865925165944e-8,
				"PhiDegree": 337.49889247623355,
				"Power": -61.947411891900344
			}, {
				"Time": 5.203886646370528e-7,
				"TimeDiff": 3.9637336359904326e-8,
				"PhiDegree": 156.70319662589858,
				"Power": -62.55288229725663
			}, {
				"Time": 5.340676352884483e-7,
				"TimeDiff": 5.331630701129979e-8,
				"PhiDegree": 153.50122407281603,
				"Power": -63.39741190532169
			}]
	}
}