{
	"SensorDataCollection": {
		"SensorId": 0,
		"SensorDatas": [{
				"Time": 4.423828327352589e-7,
				"TimeDiff": 0.0,
				"PhiDegree": 36.46799539054411,
				"Power": -52.388130387152486
			}, {
				"Time": 6.280952660068481e-7,
				"TimeDiff": 1.8571243327158923e-7,
				"PhiDegree": 62.128901235720534,
				"Power": -63.01721267682677
			}]
	}
}