{
	"SensorDataCollection": {
		"SensorId": 0,
		"SensorDatas": [{
				"Time": 4.531854308404938e-7,
				"TimeDiff": 0.0,
				"PhiDegree": 35.465002176375634,
				"Power": -53.19294247113295
			}, {
				"Time": 4.05011508992512e-7,
				"TimeDiff": -4.8173921847981806e-8,
				"PhiDegree": 335.6921479885458,
				"Power": -59.25599847500786
			}, {
				"Time": 5.511926549166379e-7,
				"TimeDiff": 9.800722407614414e-8,
				"PhiDegree": 158.07505872855677,
				"Power": -64.70394229968021
			}, {
				"Time": 5.641251808011338e-7,
				"TimeDiff": 1.1093974996064003e-7,
				"PhiDegree": 155.01344750547008,
				"Power": -66.06317031242361
			}]
	}
}