{
	"SensorDataCollection": {
		"SensorId": 0,
		"SensorDatas": [{
				"Time": 4.948022134224422e-7,
				"TimeDiff": 0.0,
				"PhiDegree": 32.100480462015774,
				"Power": -56.4864420007756
			}, {
				"Time": 5.051087608797761e-7,
				"TimeDiff": 1.0306547457333905e-8,
				"PhiDegree": 155.95473448333894,
				"Power": -61.45755781448892
			}, {
				"Time": 5.191904632188102e-7,
				"TimeDiff": 2.438824979636796e-8,
				"PhiDegree": 152.67973989460324,
				"Power": -62.05894211461876
			}, {
				"Time": 4.5109479945800283e-7,
				"TimeDiff": -4.370741396443939e-8,
				"PhiDegree": 338.30986998703565,
				"Power": -63.26211593376861
			}]
	}
}