{
	"SensorDataCollection": {
		"SensorId": 0,
		"SensorDatas": [{
				"Time": 4.835481207530997e-7,
				"TimeDiff": 0.0,
				"PhiDegree": 32.94089635746347,
				"Power": -55.574986738189395
			}, {
				"Time": 4.3872095091773543e-7,
				"TimeDiff": -4.482716983536429e-8,
				"PhiDegree": 337.66565726754004,
				"Power": -62.21210807683124
			}, {
				"Time": 5.173257476482291e-7,
				"TimeDiff": 3.377762689512943e-8,
				"PhiDegree": 156.55704328055631,
				"Power": -62.33480704273269
			}, {
				"Time": 5.310836148476614e-7,
				"TimeDiff": 4.7535494094561673e-8,
				"PhiDegree": 153.34061181320462,
				"Power": -63.12983627292692
			}]
	}
}