{
	"SensorDataCollection": {
		"SensorId": 0,
		"SensorDatas": [{
				"Time": 4.641204158754612e-7,
				"TimeDiff": 0.0,
				"PhiDegree": 34.50898970457305,
				"Power": -54.03397483228491
			}, {
				"Time": 4.172110354757154e-7,
				"TimeDiff": -4.690938039974578e-8,
				"PhiDegree": 336.44665927398364,
				"Power": -60.34178852765895
			}, {
				"Time": 5.388344405790973e-7,
				"TimeDiff": 7.471402470363609e-8,
				"PhiDegree": 157.5451420041847,
				"Power": -63.85021061461502
			}, {
				"Time": 5.520565470439136e-7,
				"TimeDiff": 8.793613116845238e-8,
				"PhiDegree": 154.42832638306555,
				"Power": -64.99966129478412
			}]
	}
}