{
	"SensorDataCollection": {
		"SensorId": 0,
		"SensorDatas": [{
				"Time": 4.91978881197514e-7,
				"TimeDiff": 0.0,
				"PhiDegree": 32.30697704656534,
				"Power": -56.25682034638426
			}, {
				"Time": 5.081576802535409e-7,
				"TimeDiff": 1.6178799056026903e-8,
				"PhiDegree": 156.10802572237705,
				"Power": -61.67759054561952
			}, {
				"Time": 5.22157164827334e-7,
				"TimeDiff": 3.017828362982007e-8,
				"PhiDegree": 152.84777884524732,
				"Power": -62.326698138037045
			}, {
				"Time": 4.4799610180744345e-7,
				"TimeDiff": -4.39827793900705e-8,
				"PhiDegree": 338.1521543184571,
				"Power": -63.00095135305445
			}]
	}
}