{
	"SensorDataCollection": {
		"SensorId": 0,
		"SensorDatas": [{
				"Time": 4.6137477117134635e-7,
				"TimeDiff": 0.0,
				"PhiDegree": 34.743740312940716,
				"Power": -53.82067060408727
			}, {
				"Time": 4.1415452087804126e-7,
				"TimeDiff": -4.722025029330509e-8,
				"PhiDegree": 336.262200675429,
				"Power": -60.071426153908035
			}, {
				"Time": 5.419195991489305e-7,
				"TimeDiff": 8.054482797758417e-8,
				"PhiDegree": 157.6798863056082,
				"Power": -64.06450367844391
			}, {
				"Time": 5.550682198807616e-7,
				"TimeDiff": 9.369344870941524e-8,
				"PhiDegree": 154.57699107874038,
				"Power": -65.26595834373188
			}]
	}
}