{
	"SensorDataCollection": {
		"SensorId": 0,
		"SensorDatas": [{
				"Time": 4.696346680295682e-7,
				"TimeDiff": 0.0,
				"PhiDegree": 34.047742346032216,
				"Power": -54.46612778576808
			}, {
				"Time": 4.2333675614757385e-7,
				"TimeDiff": -4.629791188199437e-8,
				"PhiDegree": 336.8075763672963,
				"Power": -60.88021865576424
			}, {
				"Time": 5.326732190038518e-7,
				"TimeDiff": 6.30385509742836e-8,
				"PhiDegree": 157.27097470398846,
				"Power": -63.41994208741795
			}, {
				"Time": 5.460445357512383e-7,
				"TimeDiff": 7.640986772167009e-8,
				"PhiDegree": 154.1260823985324,
				"Power": -64.46634341461998
			}]
	}
}