{
	"SensorDataCollection": {
		"SensorId": 0,
		"SensorDatas": [{
				"Time": 4.72403007440761e-7,
				"TimeDiff": 0.0,
				"PhiDegree": 33.82116402391666,
				"Power": -54.68480497603525
			}, {
				"Time": 4.2640577989678253e-7,
				"TimeDiff": -4.599722754397844e-8,
				"PhiDegree": 336.9841427318157,
				"Power": -61.14824969011967
			}, {
				"Time": 5.295972618143062e-7,
				"TimeDiff": 5.719425437354526e-8,
				"PhiDegree": 157.13150045005452,
				"Power": -63.203980716821775
			}, {
				"Time": 5.430443227776816e-7,
				"TimeDiff": 7.06413153369206e-8,
				"PhiDegree": 153.97245295287826,
				"Power": -64.19936406689692
			}]
	}
}