{
	"SensorDataCollection": {
		"SensorId": 0,
		"SensorDatas": [{
				"Time": 7.078085802360012e-8,
				"TimeDiff": 0.0,
				"PhiDegree": 188.13010235415598,
				"Power": -34.051281748085806
			}, {
				"Time": 9.221315864383979e-8,
				"TimeDiff": 2.143230062023967e-8,
				"PhiDegree": 220.54777578458996,
				"Power": -36.6307869436972
			}, {
				"Time": 4.134847793800963e-7,
				"TimeDiff": 3.4270392135649616e-7,
				"PhiDegree": 49.110447069201726,
				"Power": -49.99346346800223
			}, {
				"Time": 3.2034048660825434e-7,
				"TimeDiff": 2.495596285846542e-7,
				"PhiDegree": 102.63470734123499,
				"Power": -62.02487729125474
			}]
	}
}