{
	"SensorDataCollection": {
		"SensorId": 0,
		"SensorDatas": [{
				"Time": 4.559071359610954e-7,
				"TimeDiff": 0.0,
				"PhiDegree": 35.221703916616924,
				"Power": -53.400059002102594
			}, {
				"Time": 4.0805465848407654e-7,
				"TimeDiff": -4.785247747701887e-8,
				"PhiDegree": 335.88500323745956,
				"Power": -59.52850860687954
			}, {
				"Time": 5.480987558658285e-7,
				"TimeDiff": 9.219161990473313e-8,
				"PhiDegree": 157.94482053983538,
				"Power": -64.49137533836574
			}, {
				"Time": 5.611025957536901e-7,
				"TimeDiff": 1.0519545979259473e-7,
				"PhiDegree": 154.86952789347953,
				"Power": -65.79773116930711
			}]
	}
}