{
	"SensorDataCollection": {
		"SensorId": 0,
		"SensorDatas": [{
				"Time": 4.5047199600737e-7,
				"TimeDiff": 0.0,
				"PhiDegree": 35.711235953095546,
				"Power": -52.988085136425525
			}, {
				"Time": 4.019730175984099e-7,
				"TimeDiff": -4.8498978408960096e-8,
				"PhiDegree": 335.4963749296151,
				"Power": -58.98282004373419
			}, {
				"Time": 5.542893701320452e-7,
				"TimeDiff": 1.0381737412467525e-7,
				"PhiDegree": 158.20384234174776,
				"Power": -64.91592288287835
			}, {
				"Time": 5.671512872428656e-7,
				"TimeDiff": 1.1667929123549557e-7,
				"PhiDegree": 155.15583220578287,
				"Power": -66.32828809993973
			}]
	}
}