{
	"SensorDataCollection": {
		"SensorId": 0,
		"SensorDatas": [{
				"Time": 4.5863696413324356e-7,
				"TimeDiff": 0.0,
				"PhiDegree": 34.98129760952967,
				"Power": -53.60933408634233
			}, {
				"Time": 4.1110236262963237e-7,
				"TimeDiff": -4.7534601503611185e-8,
				"PhiDegree": 336.0750011507335,
				"Power": -59.80032558985053
			}, {
				"Time": 5.450077209400166e-7,
				"TimeDiff": 8.637075680677309e-8,
				"PhiDegree": 157.8131043610258,
				"Power": -64.27822725617074
			}, {
				"Time": 5.580835893162339e-7,
				"TimeDiff": 9.944662518299034e-8,
				"PhiDegree": 154.7240502615481,
				"Power": -65.5319878682331
			}]
	}
}