{
	"SensorDataCollection": {
		"SensorId": 0,
		"SensorDatas": [{
				"Time": 4.863517213729286e-7,
				"TimeDiff": 0.0,
				"PhiDegree": 32.72714893954604,
				"Power": -55.801028110061935
			}, {
				"Time": 5.142662369160628e-7,
				"TimeDiff": 2.791451554313416e-8,
				"PhiDegree": 156.40914995073825,
				"Power": -62.11622636214494
			}, {
				"Time": 4.4180910422117644e-7,
				"TimeDiff": -4.4542617151752164e-8,
				"PhiDegree": 337.83009213361527,
				"Power": -62.475937433609886
			}, {
				"Time": 5.281038148050703e-7,
				"TimeDiff": 4.175209343214174e-8,
				"PhiDegree": 153.1781857715138,
				"Power": -62.86217390918844
			}]
	}
}