{
	"SensorDataCollection": {
		"SensorId": 0,
		"SensorDatas": [{
				"Time": 4.779614634586931e-7,
				"TimeDiff": 0.0,
				"PhiDegree": 33.37589871714907,
				"Power": -55.12695413897731
			}, {
				"Time": 4.3255571692197443e-7,
				"TimeDiff": -4.5405746536718676e-8,
				"PhiDegree": 337.3297507728065,
				"Power": -61.68186111306278
			}, {
				"Time": 5.234549280889575e-7,
				"TimeDiff": 4.549346463026444e-8,
				"PhiDegree": 156.84763864503776,
				"Power": -62.77044237952816
			}, {
				"Time": 5.37055805778576e-7,
				"TimeDiff": 5.909434231988285e-8,
				"PhiDegree": 153.66005028051126,
				"Power": -63.664874861701634
			}]
	}
}