{
	"SensorDataCollection": {
		"SensorId": 0,
		"SensorDatas": [{
				"Time": 4.751786483185595e-7,
				"TimeDiff": 0.0,
				"PhiDegree": 33.59722923847954,
				"Power": -54.90510658563096
			}, {
				"Time": 4.294787951787154e-7,
				"TimeDiff": -4.569985313984412e-8,
				"PhiDegree": 337.158183987123,
				"Power": -61.415468959861954
			}, {
				"Time": 5.265244795386448e-7,
				"TimeDiff": 5.134583122008527e-8,
				"PhiDegree": 156.99039741606077,
				"Power": -62.987478082694324
			}, {
				"Time": 5.400480574294299e-7,
				"TimeDiff": 6.486940911087036e-8,
				"PhiDegree": 153.81711766295254,
				"Power": -63.93220022471728
			}]
	}
}