{
	"SensorDataCollection": {
		"SensorId": 0,
		"SensorDatas": [{
				"Time": 4.397040147410879e-7,
				"TimeDiff": 0.0,
				"PhiDegree": 36.7264193660065,
				"Power": -52.19339144689867
			}, {
				"Time": 6.296620010710661e-7,
				"TimeDiff": 1.8995798632997814e-7,
				"PhiDegree": 61.86050320260413,
				"Power": -62.709635618560114
			}]
	}
}