{
	"SensorDataCollection": {
		"SensorId": 0,
		"SensorDatas": [{
				"Time": 4.668737599676754e-7,
				"TimeDiff": 0.0,
				"PhiDegree": 34.27700407931706,
				"Power": -54.249156322889306
			}, {
				"Time": 4.2027181137528387e-7,
				"TimeDiff": -4.660194859239153e-8,
				"PhiDegree": 336.62843296573436,
				"Power": -60.611392361667015
			}, {
				"Time": 5.35752296422129e-7,
				"TimeDiff": 6.887853645445361e-8,
				"PhiDegree": 157.40884659329942,
				"Power": -63.635354474849095
			}, {
				"Time": 5.490486316360734e-7,
				"TimeDiff": 8.217487166839803e-8,
				"PhiDegree": 154.2780317729454,
				"Power": -64.7331162134517
			}]
	}
}