{
	"SensorDataCollection": {
		"SensorId": 0,
		"SensorDatas": [{
				"Time": 4.891620130753325e-7,
				"TimeDiff": 0.0,
				"PhiDegree": 32.515854615751984,
				"Power": -56.02832789502867
			}, {
				"Time": 5.112101935982514e-7,
				"TimeDiff": 2.204818052291889e-8,
				"PhiDegree": 156.25948738449193,
				"Power": -61.89715056441483
			}, {
				"Time": 5.251283070056512e-7,
				"TimeDiff": 3.59662939303187e-8,
				"PhiDegree": 153.01391770435532,
				"Power": -62.59445182502003
			}, {
				"Time": 4.449008459490939e-7,
				"TimeDiff": -4.426116712623861e-8,
				"PhiDegree": 337.99224291110494,
				"Power": -62.738888663002825
			}]
	}
}