{
	"SensorDataCollection": {
		"SensorId": 0,
		"SensorDatas": [{
				"Time": 4.943255213962388e-7,
				"TimeDiff": 0.0,
				"PhiDegree": 150.73827022416495,
				"Power": -59.30101323625287
			}, {
				"Time": 4.7641393452897043e-7,
				"TimeDiff": -1.791158686726842e-8,
				"PhiDegree": 154.8495802307306,
				"Power": -59.792210837415496
			}]
	}
}