{
	"SensorDataCollection": {
		"SensorId": 0,
		"SensorDatas": [{
				"Time": 4.6876104654598686e-7,
				"TimeDiff": 0.0,
				"PhiDegree": 34.61400707798242,
				"Power": -54.047529067306726
			}, {
				"Time": 4.2160655747426574e-7,
				"TimeDiff": -4.715448907172111e-8,
				"PhiDegree": 336.2121885278189,
				"Power": -60.17079666941811
			}, {
				"Time": 5.344793943580597e-7,
				"TimeDiff": 6.571834781207285e-8,
				"PhiDegree": 157.7390884712782,
				"Power": -64.01728218859415
			}, {
				"Time": 5.505049564569311e-7,
				"TimeDiff": 8.174390991094426e-8,
				"PhiDegree": 153.96516830152166,
				"Power": -64.30755299811986
			}]
	}
}