{
	"SensorDataCollection": {
		"SensorId": 0,
		"SensorDatas": [{
				"Time": 4.905031231078783e-7,
				"TimeDiff": 0.0,
				"PhiDegree": 213.73892795014515,
				"Power": -55.07316873343062
			}, {
				"Time": 4.7408689669883463e-7,
				"TimeDiff": -1.6416226409043704e-8,
				"PhiDegree": 149.35837746409686,
				"Power": -57.48262192150608
			}, {
				"Time": 4.5537995293078315e-7,
				"TimeDiff": -3.5123170177095184e-8,
				"PhiDegree": 153.6005420150859,
				"Power": -58.19692061213307
			}, {
				"Time": 3.867943107567982e-7,
				"TimeDiff": -1.0370881235108012e-7,
				"PhiDegree": 62.793482885815784,
				"Power": -59.65048195649638
			}]
	}
}