{
	"SensorDataCollection": {
		"SensorId": 0,
		"SensorDatas": [{
				"Time": 4.605580049048028e-7,
				"TimeDiff": 0.0,
				"PhiDegree": 35.32140350592852,
				"Power": -53.424146936409045
			}, {
				"Time": 4.124667822119799e-7,
				"TimeDiff": -4.809122269282291e-8,
				"PhiDegree": 335.6513289131301,
				"Power": -59.37087378522793
			}, {
				"Time": 5.437564857139679e-7,
				"TimeDiff": 8.319848080916506e-8,
				"PhiDegree": 158.13865675565887,
				"Power": -64.66643154166019
			}, {
				"Time": 5.595163981924869e-7,
				"TimeDiff": 9.895839328768413e-8,
				"PhiDegree": 154.41508070058745,
				"Power": -65.0968429039888
			}]
	}
}