{
	"SensorDataCollection": {
		"SensorId": 0,
		"SensorDatas": [{
				"Time": 2.850827871832101e-8,
				"TimeDiff": 0.0,
				"PhiDegree": 200.55604521958344,
				"Power": -25.31013570226076
			}, {
				"Time": 6.562056628830936e-8,
				"TimeDiff": 3.711228756998835e-8,
				"PhiDegree": 245.9972814636736,
				"Power": -38.62098017750952
			}, {
				"Time": 4.430940950208143e-7,
				"TimeDiff": 4.145858163024933e-7,
				"PhiDegree": 44.86637253103997,
				"Power": -50.05652807637816
			}]
	}
}