{
	"SensorDataCollection": {
		"SensorId": 0,
		"SensorDatas": [{
				"Time": 4.994029621844645e-7,
				"TimeDiff": 0.0,
				"PhiDegree": 32.2213375695746,
				"Power": -56.461126218223555
			}, {
				"Time": 5.177769239270452e-7,
				"TimeDiff": 1.8373961742580756e-8,
				"PhiDegree": 152.1822347813977,
				"Power": -61.404775782130685
			}, {
				"Time": 5.007049618897979e-7,
				"TimeDiff": 1.3019997053333783e-9,
				"PhiDegree": 156.1478425451572,
				"Power": -61.593129835761076
			}, {
				"Time": 4.5543220042617773e-7,
				"TimeDiff": -4.397076175828676e-8,
				"PhiDegree": 338.07496361166676,
				"Power": -63.04622845222562
			}]
	}
}