{
	"SensorDataCollection": {
		"SensorId": 0,
		"SensorDatas": [{
				"Time": 4.443741460879631e-7,
				"TimeDiff": 0.0,
				"PhiDegree": 36.813969961724524,
				"Power": -52.23810466973384
			}, {
				"Time": 6.25147615605113e-7,
				"TimeDiff": 1.807734695171499e-7,
				"PhiDegree": 61.985940495507435,
				"Power": -62.80017047892228
			}, {
				"Time": 5.776379289443285e-7,
				"TimeDiff": 1.3326378285636537e-7,
				"PhiDegree": 155.27266188057936,
				"Power": -66.66848271993778
			}]
	}
}