{
	"SensorDataCollection": {
		"SensorId": 0,
		"SensorDatas": [{
				"Time": 4.4170740495486957e-7,
				"TimeDiff": 0.0,
				"PhiDegree": 37.07331888185502,
				"Power": -52.04953567122942
			}, {
				"Time": 6.267217195130259e-7,
				"TimeDiff": 1.8501431455815635e-7,
				"PhiDegree": 61.71663990974905,
				"Power": -62.49524576902269
			}, {
				"Time": 5.806703069575707e-7,
				"TimeDiff": 1.3896290200270115e-7,
				"PhiDegree": 155.41038009847787,
				"Power": -66.92932085383686
			}]
	}
}