{
	"SensorDataCollection": {
		"SensorId": 0,
		"SensorDatas": [{
				"Time": 5.118843027088862e-7,
				"TimeDiff": 0.0,
				"PhiDegree": 151.83366119994747,
				"Power": -60.877388540336156
			}, {
				"Time": 4.946089923055112e-7,
				"TimeDiff": -1.7275310403374917e-8,
				"PhiDegree": 155.83524187990176,
				"Power": -61.14557472212198
			}, {
				"Time": 4.616295513575084e-7,
				"TimeDiff": -5.025475135137774e-8,
				"PhiDegree": 338.3842331052613,
				"Power": -63.55831418258617
			}]
	}
}