{
	"SensorDataCollection": {
		"SensorId": 0,
		"SensorDatas": [{
				"Time": 4.5512948238783473e-7,
				"TimeDiff": 0.0,
				"PhiDegree": 35.807119402878456,
				"Power": -53.019129856703074
			}, {
				"Time": 4.063963782872957e-7,
				"TimeDiff": -4.873310410053902e-8,
				"PhiDegree": 335.26343155645327,
				"Power": -58.834369180620726
			}, {
				"Time": 5.655426834431817e-7,
				"TimeDiff": 1.1041320105534694e-7,
				"PhiDegree": 154.7070451440005,
				"Power": -65.62187250907975
			}]
	}
}