{
	"SensorDataCollection": {
		"SensorId": 0,
		"SensorDatas": [{
				"Time": 4.4973445611285217e-7,
				"TimeDiff": 0.0,
				"PhiDegree": 36.304525087348495,
				"Power": -52.62349595611016
			}, {
				"Time": 6.220411526067875e-7,
				"TimeDiff": 1.7230669649393537e-7,
				"PhiDegree": 62.52860050238659,
				"Power": -63.43579269521621
			}, {
				"Time": 5.715833440240491e-7,
				"TimeDiff": 1.218488879111969e-7,
				"PhiDegree": 154.99284574674866,
				"Power": -66.14579763878342
			}]
	}
}