{
	"SensorDataCollection": {
		"SensorId": 0,
		"SensorDatas": [{
				"Time": 2.238287260955804e-8,
				"TimeDiff": 0.0,
				"PhiDegree": 206.56505117707798,
				"Power": -22.896935729279882
			}, {
				"Time": 6.320071004959226e-8,
				"TimeDiff": 4.081783744003422e-8,
				"PhiDegree": 251.5325282832548,
				"Power": -41.98676961168627
			}, {
				"Time": 4.478485552136949e-7,
				"TimeDiff": 4.2546568260413684e-7,
				"PhiDegree": 44.264078203903885,
				"Power": -50.16587141584296
			}]
	}
}