{
	"SensorDataCollection": {
		"SensorId": 0,
		"SensorDatas": [{
				"Time": 4.93281278564902e-7,
				"TimeDiff": 0.0,
				"PhiDegree": 213.52367360487838,
				"Power": -55.28632530194915
			}, {
				"Time": 4.769606814251815e-7,
				"TimeDiff": -1.6320597139720545e-8,
				"PhiDegree": 149.56266256141302,
				"Power": -57.74043877566071
			}, {
				"Time": 4.5837103697254263e-7,
				"TimeDiff": -3.4910241592359376e-8,
				"PhiDegree": 153.7859853944659,
				"Power": -58.42565167590389
			}]
	}
}