{
	"SensorDataCollection": {
		"SensorId": 0,
		"SensorDatas": [{
				"Time": 2.541110570983168e-8,
				"TimeDiff": 0.0,
				"PhiDegree": 203.19859051364818,
				"Power": -24.144718824035934
			}, {
				"Time": 6.433553495474463e-8,
				"TimeDiff": 3.8924429244912945e-8,
				"PhiDegree": 248.71287571442213,
				"Power": -40.08177402065944
			}, {
				"Time": 4.454651720922543e-7,
				"TimeDiff": 4.2005406638242266e-7,
				"PhiDegree": 44.56361829951362,
				"Power": -50.10836780784241
			}]
	}
}