{
	"SensorDataCollection": {
		"SensorId": 0,
		"SensorDatas": [{
				"Time": 4.881637101372296e-7,
				"TimeDiff": 0.0,
				"PhiDegree": 33.056604320119646,
				"Power": -55.56377692898107
			}, {
				"Time": 4.4307897539982354e-7,
				"TimeDiff": -4.5084734737406076e-8,
				"PhiDegree": 337.4305175307745,
				"Power": -62.011831363662054
			}, {
				"Time": 5.296177361020597e-7,
				"TimeDiff": 4.1454025964830064e-8,
				"PhiDegree": 152.85605042171812,
				"Power": -62.46073766236134
			}, {
				"Time": 5.129400182317438e-7,
				"TimeDiff": 2.477630809451415e-8,
				"PhiDegree": 156.7507090810773,
				"Power": -62.48225020537265
			}]
	}
}