{
	"SensorDataCollection": {
		"SensorId": 0,
		"SensorDatas": [{
				"Time": 4.972390688515116e-7,
				"TimeDiff": 0.0,
				"PhiDegree": 150.92620138568134,
				"Power": -59.562909279331436
			}, {
				"Time": 4.794363435348106e-7,
				"TimeDiff": -1.780272531670096e-8,
				"PhiDegree": 155.01904790752565,
				"Power": -60.018795916801594
			}]
	}
}