{
	"SensorDataCollection": {
		"SensorId": 0,
		"SensorDatas": [{
				"Time": 4.914173551778095e-7,
				"TimeDiff": 0.0,
				"PhiDegree": 150.54811267525147,
				"Power": -59.039550962501536
			}, {
				"Time": 4.733957465796076e-7,
				"TimeDiff": -1.8021608598201887e-8,
				"PhiDegree": 154.67795011588575,
				"Power": -59.56525643138491
			}]
	}
}