{
	"SensorDataCollection": {
		"SensorId": 0,
		"SensorDatas": [{
				"Time": 4.909636300668778e-7,
				"TimeDiff": 0.0,
				"PhiDegree": 32.84420525208061,
				"Power": -55.78628339145925
			}, {
				"Time": 5.266507818287412e-7,
				"TimeDiff": 3.568715176186337e-8,
				"PhiDegree": 152.69043848049606,
				"Power": -62.19667841680507
			}, {
				"Time": 5.09876026020576e-7,
				"TimeDiff": 1.891239595369812e-8,
				"PhiDegree": 156.60270593114905,
				"Power": -62.260747434542466
			}, {
				"Time": 4.4616191746366995e-7,
				"TimeDiff": -4.480171260320789e-8,
				"PhiDegree": 337.59497335931127,
				"Power": -62.27168383663425
			}]
	}
}