{
	"SensorDataCollection": {
		"SensorId": 0,
		"SensorDatas": [{
				"Time": 5.148282315278423e-7,
				"TimeDiff": 0.0,
				"PhiDegree": 152.0089454150507,
				"Power": -61.141005080188876
			}, {
				"Time": 4.976551254511464e-7,
				"TimeDiff": -1.7173106076695847e-8,
				"PhiDegree": 155.99249950287302,
				"Power": -61.36959178295821
			}, {
				"Time": 4.585292060036198e-7,
				"TimeDiff": -5.62990255242225e-8,
				"PhiDegree": 338.2306433569246,
				"Power": -63.30270506161297
			}]
	}
}