{
	"SensorDataCollection": {
		"SensorId": 0,
		"SensorDatas": [{
				"Time": 1.94557969268767e-8,
				"TimeDiff": 0.0,
				"PhiDegree": 210.96375653207352,
				"Power": -21.600699677900742
			}, {
				"Time": 6.222431035035096e-8,
				"TimeDiff": 4.276851342347426e-8,
				"PhiDegree": 254.44793085961234,
				"Power": -44.47785059451601
			}, {
				"Time": 4.5024404895761877e-7,
				"TimeDiff": 4.307882520307421e-7,
				"PhiDegree": 43.96771744641335,
				"Power": -50.22885516228058
			}]
	}
}