{
	"SensorDataCollection": {
		"SensorId": 0,
		"SensorDatas": [{
				"Time": 4.853705760513185e-7,
				"TimeDiff": 0.0,
				"PhiDegree": 33.27145093041862,
				"Power": -55.342600566964336
			}, {
				"Time": 4.399997348212849e-7,
				"TimeDiff": -4.537084123003358e-8,
				"PhiDegree": 337.2637584970002,
				"Power": -61.751162541523996
			}, {
				"Time": 5.160073924388804e-7,
				"TimeDiff": 3.063681638756194e-8,
				"PhiDegree": 156.8969536059565,
				"Power": -62.7032175091303
			}, {
				"Time": 5.325890659240593e-7,
				"TimeDiff": 4.7218489872740814e-8,
				"PhiDegree": 153.01981581085582,
				"Power": -62.72479319647678
			}]
	}
}