{
	"SensorDataCollection": {
		"SensorId": 0,
		"SensorDatas": [{
				"Time": 4.877319695585736e-7,
				"TimeDiff": 0.0,
				"PhiDegree": 213.95663142458042,
				"Power": -54.86149832756733
			}, {
				"Time": 4.7121921222763646e-7,
				"TimeDiff": -1.6512757330937125e-8,
				"PhiDegree": 149.1516032881849,
				"Power": -57.22560522413225
			}, {
				"Time": 4.523937023015959e-7,
				"TimeDiff": -3.5338267256977684e-8,
				"PhiDegree": 153.4126484223562,
				"Power": -57.96797706383062
			}, {
				"Time": 3.8528022944245396e-7,
				"TimeDiff": -1.0245174011611962e-7,
				"PhiDegree": 63.2347885459265,
				"Power": -60.200325589381606
			}]
	}
}