{
	"SensorDataCollection": {
		"SensorId": 0,
		"SensorDatas": [{
				"Time": 4.742682916362953e-7,
				"TimeDiff": 0.0,
				"PhiDegree": 34.156049300088746,
				"Power": -54.47261827095318
			}, {
				"Time": 4.2772138477988495e-7,
				"TimeDiff": -4.6546906856410346e-8,
				"PhiDegree": 336.57275625752294,
				"Power": -60.70059551021225
			}, {
				"Time": 5.283095300985818e-7,
				"TimeDiff": 5.404123846228646e-8,
				"PhiDegree": 157.46492228423625,
				"Power": -63.58155037969658
			}, {
				"Time": 5.445167065235681e-7,
				"TimeDiff": 7.024841488727278e-8,
				"PhiDegree": 153.65696595256196,
				"Power": -63.78043380870376
			}]
	}
}