{
	"SensorDataCollection": {
		"SensorId": 0,
		"SensorDatas": [{
				"Time": 4.79805139159753e-7,
				"TimeDiff": 0.0,
				"PhiDegree": 33.70863295186674,
				"Power": -54.904517539796174
			}, {
				"Time": 4.3385267327806376e-7,
				"TimeDiff": -4.5952465881689253e-8,
				"PhiDegree": 336.92314631565574,
				"Power": -61.22742817961176
			}, {
				"Time": 5.221520483655974e-7,
				"TimeDiff": 4.2346909205844375e-8,
				"PhiDegree": 157.18428333092982,
				"Power": -63.14350832033951
			}, {
				"Time": 5.385445624112071e-7,
				"TimeDiff": 5.8739423251454045e-8,
				"PhiDegree": 153.34191875074484,
				"Power": -63.25278212484112
			}]
	}
}