{
	"SensorDataCollection": {
		"SensorId": 0,
		"SensorDatas": [{
				"Time": 4.960663182898139e-7,
				"TimeDiff": 0.0,
				"PhiDegree": 213.31083326643264,
				"Power": -55.50089834248885
			}, {
				"Time": 4.798404568026335e-7,
				"TimeDiff": -1.622586148718037e-8,
				"PhiDegree": 149.76449815398144,
				"Power": -57.99899721336976
			}, {
				"Time": 4.613668604205017e-7,
				"TimeDiff": -3.469945786931219e-8,
				"PhiDegree": 153.96902236746124,
				"Power": -58.654144379510285
			}]
	}
}