{
	"SensorDataCollection": {
		"SensorId": 0,
		"SensorDatas": [{
				"Time": 4.825843456358453e-7,
				"TimeDiff": 0.0,
				"PhiDegree": 33.48878148632774,
				"Power": -55.122823538481185
			}, {
				"Time": 4.3692427398714004e-7,
				"TimeDiff": -4.566007164870526e-8,
				"PhiDegree": 337.09465041767845,
				"Power": -61.48969020799913
			}, {
				"Time": 5.190780886865757e-7,
				"TimeDiff": 3.649374305073045e-8,
				"PhiDegree": 157.0414687935127,
				"Power": -62.923639861081
			}, {
				"Time": 5.355646984676995e-7,
				"TimeDiff": 5.2980352831854165e-8,
				"PhiDegree": 153.1817627283562,
				"Power": -62.988816996475975
			}]
	}
}