{
	"SensorDataCollection": {
		"SensorId": 0,
		"SensorDatas": [{
				"Time": 5.089452201331537e-7,
				"TimeDiff": 0.0,
				"PhiDegree": 151.65635082904782,
				"Power": -60.61396160977495
			}, {
				"Time": 4.915666312984385e-7,
				"TimeDiff": -1.7378588834715262e-8,
				"PhiDegree": 155.67603647507133,
				"Power": -60.92109194374697
			}, {
				"Time": 4.6473316964652285e-7,
				"TimeDiff": -4.421205048663088e-8,
				"PhiDegree": 338.5357724997311,
				"Power": -63.81304790242048
			}]
	}
}