{
	"SensorDataCollection": {
		"SensorId": 0,
		"SensorDatas": [{
				"Time": 1.668320822889663e-8,
				"TimeDiff": 0.0,
				"PhiDegree": 216.86989764584402,
				"Power": -20.30881048585075
			}, {
				"Time": 6.141389257591194e-8,
				"TimeDiff": 4.4730684347015314e-8,
				"PhiDegree": 257.4482326529217,
				"Power": -47.784919547017665
			}, {
				"Time": 4.52651461050831e-7,
				"TimeDiff": 4.3596825282193437e-7,
				"PhiDegree": 43.674501283445025,
				"Power": -50.29714105829652
			}]
	}
}