{
	"SensorDataCollection": {
		"SensorId": 0,
		"SensorDatas": [{
				"Time": 4.57839630911068e-7,
				"TimeDiff": 0.0,
				"PhiDegree": 35.562821697111666,
				"Power": -53.22051687733703
			}, {
				"Time": 4.0942923464158665e-7,
				"TimeDiff": -4.8410396269481364e-8,
				"PhiDegree": 335.45881802241183,
				"Power": -59.102927392705595
			}, {
				"Time": 5.468545931538315e-7,
				"TimeDiff": 8.901496224276348e-8,
				"PhiDegree": 158.26883119325407,
				"Power": -64.8816051026991
			}, {
				"Time": 5.625277150005428e-7,
				"TimeDiff": 1.046880840894748e-7,
				"PhiDegree": 154.56184486559584,
				"Power": -65.35948684839974
			}]
	}
}