{
	"SensorDataCollection": {
		"SensorId": 0,
		"SensorDatas": [{
				"Time": 4.96583368046376e-7,
				"TimeDiff": 0.0,
				"PhiDegree": 32.426606901946926,
				"Power": -56.23502148961222
			}, {
				"Time": 5.207302989836155e-7,
				"TimeDiff": 2.4146930937239516e-8,
				"PhiDegree": 152.353560043491,
				"Power": -61.668666553820586
			}, {
				"Time": 5.037584343604346e-7,
				"TimeDiff": 7.175066314058625e-9,
				"PhiDegree": 156.30130351700765,
				"Power": -61.816176294785606
			}, {
				"Time": 4.5233860322406144e-7,
				"TimeDiff": -4.4244764822314515e-8,
				"PhiDegree": 337.9171532636317,
				"Power": -62.788892986218414
			}]
	}
}