{
	"SensorDataCollection": {
		"SensorId": 0,
		"SensorDatas": [{
				"Time": 4.660188531003283e-7,
				"TimeDiff": 0.0,
				"PhiDegree": 34.84703749906688,
				"Power": -53.837746306633974
			}, {
				"Time": 4.1855554230156574e-7,
				"TimeDiff": -4.746331079876257e-8,
				"PhiDegree": 336.027957570544,
				"Power": -59.90483143747491
			}, {
				"Time": 5.37568836732527e-7,
				"TimeDiff": 7.154998363219868e-8,
				"PhiDegree": 157.87380999925801,
				"Power": -64.23426455190808
			}, {
				"Time": 5.535049578063882e-7,
				"TimeDiff": 8.748610470605993e-8,
				"PhiDegree": 154.11676650504216,
				"Power": -64.5708560234632
			}]
	}
}