{
	"SensorDataCollection": {
		"SensorId": 0,
		"SensorDatas": [{
				"Time": 4.849679379457294e-7,
				"TimeDiff": 0.0,
				"PhiDegree": 214.17681967140157,
				"Power": -54.651386200659985
			}, {
				"Time": 4.683577400644531e-7,
				"TimeDiff": -1.661019788127628e-8,
				"PhiDegree": 148.9422997489718,
				"Power": -56.969449552283635
			}, {
				"Time": 4.494123814360175e-7,
				"TimeDiff": -3.555555650971188e-8,
				"PhiDegree": 153.22225985486784,
				"Power": -57.738848203995104
			}, {
				"Time": 3.8378918421390925e-7,
				"TimeDiff": -1.0117875373182015e-7,
				"PhiDegree": 63.6795497643012,
				"Power": -60.774480047099956
			}]
	}
}