{
	"SensorDataCollection": {
		"SensorId": 0,
		"SensorDatas": [{
				"Time": 5.030819333214639e-7,
				"TimeDiff": 0.0,
				"PhiDegree": 151.2955235178999,
				"Power": -60.08782544991442
			}, {
				"Time": 4.85493509270899e-7,
				"TimeDiff": -1.758842405056489e-8,
				"PhiDegree": 155.3516459622944,
				"Power": -60.47078610857406
			}, {
				"Time": 4.7094996613321515e-7,
				"TimeDiff": -3.213196718824878e-8,
				"PhiDegree": 338.8328541415542,
				"Power": -64.31986086834664
			}]
	}
}