{
	"SensorDataCollection": {
		"SensorId": 0,
		"SensorDatas": [{
				"Time": 4.7151090382702403e-7,
				"TimeDiff": 0.0,
				"PhiDegree": 34.38369095643395,
				"Power": -54.25918152854534
			}, {
				"Time": 4.246618689901291e-7,
				"TimeDiff": -4.684903483689493e-8,
				"PhiDegree": 336.39377036991004,
				"Power": -60.43605787387702
			}, {
				"Time": 5.31392941349148e-7,
				"TimeDiff": 5.988203752212393e-8,
				"PhiDegree": 157.60280119494502,
				"Power": -63.79970861545
			}, {
				"Time": 5.475088512581219e-7,
				"TimeDiff": 7.59979474310979e-8,
				"PhiDegree": 153.81190984879248,
				"Power": -64.04407156952769
			}]
	}
}