{
	"SensorDataCollection": {
		"SensorId": 0,
		"SensorDatas": [{
				"Time": 4.4704988333047617e-7,
				"TimeDiff": 0.0,
				"PhiDegree": 36.55772041672711,
				"Power": -52.42946386582253
			}, {
				"Time": 6.235873918217856e-7,
				"TimeDiff": 1.7653750849130942e-7,
				"PhiDegree": 62.25659467269017,
				"Power": -63.113622831365774
			}, {
				"Time": 5.74608923427866e-7,
				"TimeDiff": 1.2755904009738986e-7,
				"PhiDegree": 155.13349091014464,
				"Power": -66.40730322719553
			}]
	}
}