{
	"SensorDataCollection": {
		"SensorId": 0,
		"SensorDatas": [{
				"Time": 4.937702204030657e-7,
				"TimeDiff": 0.0,
				"PhiDegree": 32.634217878527316,
				"Power": -56.01005309868357
			}, {
				"Time": 5.236882774730809e-7,
				"TimeDiff": 2.99180570700152e-8,
				"PhiDegree": 152.52295139335686,
				"Power": -61.932644608368236
			}, {
				"Time": 5.068154771437366e-7,
				"TimeDiff": 1.3045256740670885e-8,
				"PhiDegree": 156.45291425370618,
				"Power": -62.03871924920193
			}, {
				"Time": 4.492484848091358e-7,
				"TimeDiff": -4.4521735593929945e-8,
				"PhiDegree": 337.75717071721283,
				"Power": -62.53070805242015
			}]
	}
}