{
	"SensorDataCollection": {
		"SensorId": 0,
		"SensorDatas": [{
				"Time": 4.770330793879892e-7,
				"TimeDiff": 0.0,
				"PhiDegree": 33.931042856574294,
				"Power": -54.68775681948257
			}, {
				"Time": 4.3078501526492314e-7,
				"TimeDiff": -4.6248064123066104e-8,
				"PhiDegree": 336.7491980448966,
				"Power": -60.96439130320033
			}, {
				"Time": 5.252292141772146e-7,
				"TimeDiff": 4.819613478922536e-8,
				"PhiDegree": 157.32542531871462,
				"Power": -63.362814466909555
			}, {
				"Time": 5.415285879023412e-7,
				"TimeDiff": 6.449550851435196e-8,
				"PhiDegree": 153.5003109599611,
				"Power": -63.516662690019444
			}]
	}
}