{
	"SensorDataCollection": {
		"SensorId": 0,
		"SensorDatas": [{
				"Time": 1.94557969268767e-8,
				"TimeDiff": 0.0,
				"PhiDegree": 329.0362434679265,
				"Power": -21.600699677900742
			}, {
				"Time": 6.222431035035096e-8,
				"TimeDiff": 4.276851342347426e-8,
				"PhiDegree": 285.5520691403877,
				"Power": -44.47785059451601
			}]
	}
}