{
	"SensorDataCollection": {
		"SensorId": 0,
		"SensorDatas": [{
				"Time": 4.930665173250978e-7,
				"TimeDiff": 0.0,
				"PhiDegree": 150.21048961338,
				"Power": -58.70312295191391
			}, {
				"Time": 4.7197828245204484e-7,
				"TimeDiff": -2.1088234873052938e-8,
				"PhiDegree": 155.04408590430197,
				"Power": -59.90815372585031
			}, {
				"Time": 4.846038901475535e-7,
				"TimeDiff": -8.462627177544311e-9,
				"PhiDegree": 339.0347701527134,
				"Power": -64.83880931894956
			}]
	}
}