{
	"SensorDataCollection": {
		"SensorId": 0,
		"SensorDatas": [{
				"Time": 4.679333807417723e-7,
				"TimeDiff": 0.0,
				"PhiDegree": 35.18233067251633,
				"Power": -53.65171027965674
			}, {
				"Time": 4.199222573464541e-7,
				"TimeDiff": -4.801112339531818e-8,
				"PhiDegree": 335.6119592561447,
				"Power": -59.48458017631478
			}, {
				"Time": 5.549696494885096e-7,
				"TimeDiff": 8.703626874673734e-8,
				"PhiDegree": 153.80684205828717,
				"Power": -64.15452895658787
			}, {
				"Time": 5.363210050451879e-7,
				"TimeDiff": 6.838762430341557e-8,
				"PhiDegree": 158.20401829376917,
				"Power": -64.6299121542149
			}]
	}
}