{
	"SensorDataCollection": {
		"SensorId": 0,
		"SensorDatas": [{
				"Time": 4.914463852869121e-7,
				"TimeDiff": 0.0,
				"PhiDegree": 213.19937421001111,
				"Power": -55.507744791072284
			}, {
				"Time": 4.786596548307795e-7,
				"TimeDiff": -1.2786730456132583e-8,
				"PhiDegree": 149.21830643835017,
				"Power": -57.4272085475469
			}, {
				"Time": 4.569069640112769e-7,
				"TimeDiff": -3.453942127563517e-8,
				"PhiDegree": 154.16136680240947,
				"Power": -58.75287919918165
			}]
	}
}