{
	"SensorDataCollection": {
		"SensorId": 0,
		"SensorDatas": [{
				"Time": 1.668320822889663e-8,
				"TimeDiff": 0.0,
				"PhiDegree": 323.13010235415595,
				"Power": -20.30881048585075
			}, {
				"Time": 6.141389257591194e-8,
				"TimeDiff": 4.4730684347015314e-8,
				"PhiDegree": 282.5517673470783,
				"Power": -47.784919547017665
			}]
	}
}