{
	"SensorDataCollection": {
		"SensorId": 0,
		"SensorDatas": [{
				"Time": 1.0551387336435417e-8,
				"TimeDiff": 0.0,
				"PhiDegree": 251.56505117707798,
				"Power": -17.049147454092015
			}, {
				"Time": 6.0038891888845e-8,
				"TimeDiff": 4.9487504552409577e-8,
				"PhiDegree": 266.81416455165163,
				"Power": -70.88395009901008
			}]
	}
}