{
	"SensorDataCollection": {
		"SensorId": 0,
		"SensorDatas": [{
				"Time": 1.2030432541705912e-8,
				"TimeDiff": 0.0,
				"PhiDegree": 303.6900675259798,
				"Power": -17.94964855850597
			}, {
				"Time": 6.031639969077619e-8,
				"TimeDiff": 4.8285967149070274e-8,
				"PhiDegree": 276.35209234382694,
				"Power": -59.043019044427226
			}]
	}
}