{
	"SensorDataCollection": {
		"SensorId": 0,
		"SensorDatas": [{
				"Time": 4.6521024048641216e-7,
				"TimeDiff": 0.0,
				"PhiDegree": 35.419109337304405,
				"Power": -53.449343837534826
			}, {
				"Time": 4.168856213111011e-7,
				"TimeDiff": -4.832461917531107e-8,
				"PhiDegree": 335.42260458046894,
				"Power": -59.22167026199001
			}, {
				"Time": 5.579655987970477e-7,
				"TimeDiff": 9.27553583106355e-8,
				"PhiDegree": 153.95807845840125,
				"Power": -64.4144280680792
			}, {
				"Time": 5.394205391345691e-7,
				"TimeDiff": 7.421029864815697e-8,
				"PhiDegree": 158.33561142757088,
				"Power": -64.84837417251319
			}]
	}
}