{
	"SensorDataCollection": {
		"SensorId": 0,
		"SensorDatas": [{
				"Time": 4.901735944829501e-7,
				"TimeDiff": 0.0,
				"PhiDegree": 150.01672347374887,
				"Power": -58.446634716082556
			}, {
				"Time": 4.68955287130465e-7,
				"TimeDiff": -2.1218307352485165e-8,
				"PhiDegree": 154.87208436519376,
				"Power": -59.67782637744459
			}]
	}
}