{
	"SensorDataCollection": {
		"SensorId": 0,
		"SensorDatas": [{
				"Time": 4.437268404767106e-7,
				"TimeDiff": 0.0,
				"PhiDegree": 37.4170733701916,
				"Power": -51.9156237655543
			}, {
				"Time": 6.237854263934464e-7,
				"TimeDiff": 1.800585859167358e-7,
				"PhiDegree": 61.57142130279089,
				"Power": -62.28099736829137
			}, {
				"Time": 5.820666447404001e-7,
				"TimeDiff": 1.383398042636895e-7,
				"PhiDegree": 155.1117221063862,
				"Power": -66.48579164357973
			}]
	}
}