{
	"SensorDataCollection": {
		"SensorId": 0,
		"SensorDatas": [{
				"Time": 4.5708962261912855e-7,
				"TimeDiff": 0.0,
				"PhiDegree": 36.14631443017027,
				"Power": -52.85541513615354
			}, {
				"Time": 5.669762784572759e-7,
				"TimeDiff": 1.0988665583814734e-7,
				"PhiDegree": 154.40218357242432,
				"Power": -65.19300905061385
			}]
	}
}