{
	"SensorDataCollection": {
		"SensorId": 0,
		"SensorDatas": [{
				"Time": 4.7614965065522105e-7,
				"TimeDiff": 0.0,
				"PhiDegree": 34.48829945983134,
				"Power": -54.27068063180218
			}, {
				"Time": 4.290589041397536e-7,
				"TimeDiff": -4.7090746515467445e-8,
				"PhiDegree": 336.16391367172764,
				"Power": -60.269572652793514
			}, {
				"Time": 5.460055102473062e-7,
				"TimeDiff": 6.985585959208517e-8,
				"PhiDegree": 153.3431899707237,
				"Power": -63.37401249309198
			}, {
				"Time": 5.270397763164584e-7,
				"TimeDiff": 5.089012566123731e-8,
				"PhiDegree": 157.7999620820705,
				"Power": -63.97075870131707
			}]
	}
}