{
	"SensorDataCollection": {
		"SensorId": 0,
		"SensorDatas": [{
				"Time": 4.4904529343182215e-7,
				"TimeDiff": 0.0,
				"PhiDegree": 36.89969928207695,
				"Power": -52.28336935601962
			}, {
				"Time": 6.206362700572588e-7,
				"TimeDiff": 1.7159097662543664e-7,
				"PhiDegree": 62.113201989102734,
				"Power": -62.89400509921356
			}, {
				"Time": 5.760199548801057e-7,
				"TimeDiff": 1.2697466144828356e-7,
				"PhiDegree": 154.83236870866708,
				"Power": -65.96951184497671
			}]
	}
}