{
	"SensorDataCollection": {
		"SensorId": 0,
		"SensorDatas": [{
				"Time": 3.336641645779326e-8,
				"TimeDiff": 0.0,
				"PhiDegree": 323.13010235415595,
				"Power": -26.915304664344077
			}, {
				"Time": 5.662283389623142e-8,
				"TimeDiff": 2.325641743843816e-8,
				"PhiDegree": 298.12650769015863,
				"Power": -35.38993149644716
			}]
	}
}