{
	"SensorDataCollection": {
		"SensorId": 0,
		"SensorDatas": [{
				"Time": 5.046929811000044e-7,
				"TimeDiff": 0.0,
				"PhiDegree": 150.96327675575142,
				"Power": -59.73411319310334
			}, {
				"Time": 4.841114683323363e-7,
				"TimeDiff": -2.05815127676681e-8,
				"PhiDegree": 155.71056653407263,
				"Power": -60.825253560534975
			}, {
				"Time": 4.7216504616972677e-7,
				"TimeDiff": -3.252793493027761e-8,
				"PhiDegree": 338.45527778625456,
				"Power": -63.846197637466446
			}]
	}
}