{
	"SensorDataCollection": {
		"SensorId": 0,
		"SensorDatas": [{
				"Time": 4.959650135249573e-7,
				"TimeDiff": 0.0,
				"PhiDegree": 150.40199312342304,
				"Power": -58.96016177079386
			}, {
				"Time": 4.750054770632569e-7,
				"TimeDiff": -2.0959536461700356e-8,
				"PhiDegree": 155.21389663699384,
				"Power": -60.13807770668757
			}, {
				"Time": 4.814896218334353e-7,
				"TimeDiff": -1.4475391691521951e-8,
				"PhiDegree": 338.892704964255,
				"Power": -64.5919457312901
			}]
	}
}