{
	"SensorDataCollection": {
		"SensorId": 0,
		"SensorDatas": [{
				"Time": 5.105377661187584e-7,
				"TimeDiff": 0.0,
				"PhiDegree": 151.3267816425366,
				"Power": -60.252004791496674
			}, {
				"Time": 4.902017128007747e-7,
				"TimeDiff": -2.0336053317983644e-8,
				"PhiDegree": 156.0314129579031,
				"Power": -61.28104707078829
			}, {
				"Time": 4.6596446129859257e-7,
				"TimeDiff": -4.4573304820165806e-8,
				"PhiDegree": 338.15394497523505,
				"Power": -63.34479553351743
			}]
	}
}