{
	"SensorDataCollection": {
		"SensorId": 0,
		"SensorDatas": [{
				"Time": 4.597882175526708e-7,
				"TimeDiff": 0.0,
				"PhiDegree": 35.90106006196925,
				"Power": -53.051098509944396
			}, {
				"Time": 5.63968974041019e-7,
				"TimeDiff": 1.0418075648834818e-7,
				"PhiDegree": 154.25572565488008,
				"Power": -64.93368810593805
			}]
	}
}