{
	"SensorDataCollection": {
		"SensorId": 0,
		"SensorDatas": [{
				"Time": 4.927812531092525e-7,
				"TimeDiff": 0.0,
				"PhiDegree": 33.17014428563932,
				"Power": -55.55456967442802
			}, {
				"Time": 5.281899464567382e-7,
				"TimeDiff": 3.540869334748573e-8,
				"PhiDegree": 152.36883431539462,
				"Power": -61.81146812908074
			}, {
				"Time": 4.4744431700318016e-7,
				"TimeDiff": -4.5336936106072305e-8,
				"PhiDegree": 337.19996209893463,
				"Power": -61.820958862582884
			}, {
				"Time": 5.085602502528617e-7,
				"TimeDiff": 1.577899714360921e-8,
				"PhiDegree": 156.9477129004512,
				"Power": -62.636072679069514
			}]
	}
}