{
	"SensorDataCollection": {
		"SensorId": 0,
		"SensorDatas": [{
				"Time": 4.955775498591225e-7,
				"TimeDiff": 0.0,
				"PhiDegree": 32.95908240431261,
				"Power": -55.77362668186464
			}, {
				"Time": 5.252361235671727e-7,
				"TimeDiff": 2.9658573708050167e-8,
				"PhiDegree": 152.20002811541454,
				"Power": -61.55116208004705
			}, {
				"Time": 4.5052209859993345e-7,
				"TimeDiff": -4.5055451259189035e-8,
				"PhiDegree": 337.3644017531326,
				"Power": -62.07691928626046
			}, {
				"Time": 5.054917349464297e-7,
				"TimeDiff": 9.914185087307181e-9,
				"PhiDegree": 156.7996217369414,
				"Power": -62.41159114620069
			}]
	}
}