{
	"SensorDataCollection": {
		"SensorId": 0,
		"SensorDatas": [{
				"Time": 4.5171800759168533e-7,
				"TimeDiff": 0.0,
				"PhiDegree": 36.645591189907194,
				"Power": -52.47144202215384
			}, {
				"Time": 6.190826600768837e-7,
				"TimeDiff": 1.673646524851984e-7,
				"PhiDegree": 62.38614707397696,
				"Power": -63.21349600592086
			}, {
				"Time": 5.730018260903382e-7,
				"TimeDiff": 1.2128381849865287e-7,
				"PhiDegree": 154.6904827586844,
				"Power": -65.71093864482654
			}]
	}
}