{
	"SensorDataCollection": {
		"SensorId": 0,
		"SensorDatas": [{
				"Time": 5.011899799538061e-7,
				"TimeDiff": 0.0,
				"PhiDegree": 32.5440381420058,
				"Power": -56.21547903927005
			}, {
				"Time": 5.193423884957792e-7,
				"TimeDiff": 1.8152408541973013e-8,
				"PhiDegree": 151.8566625653933,
				"Power": -61.030922951716974
			}, {
				"Time": 4.993650218905827e-7,
				"TimeDiff": -1.824958063223424e-9,
				"PhiDegree": 156.4979844980054,
				"Power": -61.96096777975556
			}, {
				"Time": 4.566885693868567e-7,
				"TimeDiff": -4.450141056694942e-8,
				"PhiDegree": 337.68662516985,
				"Power": -62.5864872607938
			}]
	}
}