{
	"SensorDataCollection": {
		"SensorId": 0,
		"SensorDatas": [{
				"Time": 4.84404868096553e-7,
				"TimeDiff": 0.0,
				"PhiDegree": 149.62225936088464,
				"Power": -57.935510255954284
			}, {
				"Time": 4.629222233106985e-7,
				"TimeDiff": -2.1482644785854524e-8,
				"PhiDegree": 154.52134995671057,
				"Power": -59.21603867097926
			}]
	}
}