{
	"SensorDataCollection": {
		"SensorId": 0,
		"SensorDatas": [{
				"Time": 5.068281262001953e-7,
				"TimeDiff": 0.0,
				"PhiDegree": 32.138207192643215,
				"Power": -56.661903884393425
			}, {
				"Time": 5.134677330630526e-7,
				"TimeDiff": 6.639606862857282e-9,
				"PhiDegree": 151.50542717337493,
				"Power": -60.51140473345154
			}, {
				"Time": 4.932524926406267e-7,
				"TimeDiff": -1.357563355956858e-8,
				"PhiDegree": 156.18886255965447,
				"Power": -61.508202964435625
			}, {
				"Time": 4.6286909910915235e-7,
				"TimeDiff": -4.395902709104296e-8,
				"PhiDegree": 338.00025321267293,
				"Power": -63.09284496668893
			}]
	}
}