{
	"SensorDataCollection": {
		"SensorId": 0,
		"SensorDatas": [{
				"Time": 4.543995021639849e-7,
				"TimeDiff": 0.0,
				"PhiDegree": 36.39447728352103,
				"Power": -52.66216075970328
			}, {
				"Time": 6.175431698756765e-7,
				"TimeDiff": 1.6314366771169167e-7,
				"PhiDegree": 62.66045927449147,
				"Power": -63.54190445742438
			}, {
				"Time": 5.699872484017427e-7,
				"TimeDiff": 1.1558774623775783e-7,
				"PhiDegree": 154.54709509428682,
				"Power": -65.45209859104392
			}]
	}
}