{
	"SensorDataCollection": {
		"SensorId": 0,
		"SensorDatas": [{
				"Time": 4.789035771403954e-7,
				"TimeDiff": 0.0,
				"PhiDegree": 34.262260031602025,
				"Power": -54.48067249917243
			}, {
				"Time": 4.3211305187460363e-7,
				"TimeDiff": -4.67905252657918e-8,
				"PhiDegree": 336.342705413354,
				"Power": -60.529919874102404
			}, {
				"Time": 5.430255841603149e-7,
				"TimeDiff": 6.412200701991951e-8,
				"PhiDegree": 153.18524139420342,
				"Power": -63.11364385761223
			}, {
				"Time": 5.239519955605978e-7,
				"TimeDiff": 4.5048418420202327e-8,
				"PhiDegree": 157.66209815032062,
				"Power": -63.7498045133884
			}]
	}
}