{
	"SensorDataCollection": {
		"SensorId": 0,
		"SensorDatas": [{
				"Time": 4.94241764696751e-7,
				"TimeDiff": 0.0,
				"PhiDegree": 212.9875767396739,
				"Power": -55.727046978051035
			}, {
				"Time": 4.815292696417401e-7,
				"TimeDiff": -1.2712495055010989e-8,
				"PhiDegree": 149.42148780606294,
				"Power": -57.68097903359909
			}, {
				"Time": 4.599123243847559e-7,
				"TimeDiff": -3.432944031199516e-8,
				"PhiDegree": 154.3425354454595,
				"Power": -58.98461944236344
			}]
	}
}