{
	"SensorDataCollection": {
		"SensorId": 0,
		"SensorDatas": [{
				"Time": 2.541110570983168e-8,
				"TimeDiff": 0.0,
				"PhiDegree": 336.8014094863519,
				"Power": -24.144718824035934
			}, {
				"Time": 6.433553495474463e-8,
				"TimeDiff": 3.8924429244912945e-8,
				"PhiDegree": 291.2871242855778,
				"Power": -40.08177402065944
			}]
	}
}