{
	"SensorDataCollection": {
		"SensorId": 0,
		"SensorDatas": [{
				"Time": 4.87286344262298e-7,
				"TimeDiff": 0.0,
				"PhiDegree": 149.82065887823023,
				"Power": -58.19074664914366
			}, {
				"Time": 4.659365728334664e-7,
				"TimeDiff": -2.1349771428831638e-8,
				"PhiDegree": 154.69785250849185,
				"Power": -59.44711468103992
			}]
	}
}