{
	"SensorDataCollection": {
		"SensorId": 0,
		"SensorDatas": [{
				"Time": 4.816648720133004e-7,
				"TimeDiff": 0.0,
				"PhiDegree": 34.038808842440666,
				"Power": -54.69236160529391
			}, {
				"Time": 4.3517134824584466e-7,
				"TimeDiff": -4.6493523767455694e-8,
				"PhiDegree": 336.5189858269606,
				"Power": -60.789576290338346
			}, {
				"Time": 5.400498303303372e-7,
				"TimeDiff": 5.838495831703682e-8,
				"PhiDegree": 153.02555095325732,
				"Power": -62.853217580834524
			}, {
				"Time": 5.208672842856492e-7,
				"TimeDiff": 3.920241227234888e-8,
				"PhiDegree": 157.52260047093998,
				"Power": -63.52824291761357
			}]
	}
}