{
	"SensorDataCollection": {
		"SensorId": 0,
		"SensorDatas": [{
				"Time": 1.0009924937337977e-8,
				"TimeDiff": 0.0,
				"PhiDegree": 270.00000000000006,
				"Power": -16.678755894302707
			}, {
				"Time": 6.72860781612983e-7,
				"TimeDiff": 6.62850856675645e-7,
				"PhiDegree": 344.8201873509863,
				"Power": -89.24489784302834
			}]
	}
}