{
	"SensorDataCollection": {
		"SensorId": 0,
		"SensorDatas": [{
				"Time": 4.844334092734067e-7,
				"TimeDiff": 0.0,
				"PhiDegree": 33.817908372738565,
				"Power": -54.9056699507794
			}, {
				"Time": 4.3823370639736647e-7,
				"TimeDiff": -4.6199702876040233e-8,
				"PhiDegree": 336.69280418703624,
				"Power": -61.04852431880846
			}, {
				"Time": 5.370783181082117e-7,
				"TimeDiff": 5.264490883480496e-8,
				"PhiDegree": 152.86409219658074,
				"Power": -62.59275948529245
			}, {
				"Time": 5.177856973509667e-7,
				"TimeDiff": 3.3352288077559954e-8,
				"PhiDegree": 157.38144151349553,
				"Power": -63.30608105832175
			}]
	}
}