{
	"SensorDataCollection": {
		"SensorId": 0,
		"SensorDatas": [{
				"Time": 4.6249513862242e-7,
				"TimeDiff": 0.0,
				"PhiDegree": 35.658672176585135,
				"Power": -53.24910789620344
			}, {
				"Time": 4.1385360533875825e-7,
				"TimeDiff": -4.8641533283661745e-8,
				"PhiDegree": 335.2304732419976,
				"Power": -58.958176554313
			}, {
				"Time": 5.609653941050565e-7,
				"TimeDiff": 9.84702554826365e-8,
				"PhiDegree": 154.1076984006845,
				"Power": -64.67415458092697
			}]
	}
}