{
	"SensorDataCollection": {
		"SensorId": 0,
		"SensorDatas": [{
				"Time": 4.706644198644804e-7,
				"TimeDiff": 0.0,
				"PhiDegree": 34.94829587465479,
				"Power": -53.856114451690686
			}, {
				"Time": 4.229634139365781e-7,
				"TimeDiff": -4.770100592790228e-8,
				"PhiDegree": 335.7985929812285,
				"Power": -59.74688212680762
			}, {
				"Time": 5.519776088038311e-7,
				"TimeDiff": 8.131318893935075e-8,
				"PhiDegree": 153.65396500432482,
				"Power": -63.894478461515206
			}, {
				"Time": 5.332243329219668e-7,
				"TimeDiff": 6.255991305748638e-8,
				"PhiDegree": 158.07089601059883,
				"Power": -64.410818555601
			}]
	}
}