{
	"SensorDataCollection": {
		"SensorId": 0,
		"SensorDatas": [{
				"Time": 4.983804959945377e-7,
				"TimeDiff": 0.0,
				"PhiDegree": 32.75039178751711,
				"Power": -55.99395093551226
			}, {
				"Time": 5.222869113970915e-7,
				"TimeDiff": 2.3906415402553757e-8,
				"PhiDegree": 152.02931401418843,
				"Power": -61.29096949503304
			}, {
				"Time": 5.024266378447648e-7,
				"TimeDiff": 4.046141850227073e-9,
				"PhiDegree": 156.64972267594058,
				"Power": -62.18655272315246
			}, {
				"Time": 4.5360354076029727e-7,
				"TimeDiff": -4.4776955234240477e-8,
				"PhiDegree": 337.52660856905175,
				"Power": -62.33209928090646
			}]
	}
}