{
	"SensorDataCollection": {
		"SensorId": 0,
		"SensorDatas": [{
				"Time": 4.734032211500637e-7,
				"TimeDiff": 0.0,
				"PhiDegree": 34.71696519863635,
				"Power": -54.06246675091484
			}, {
				"Time": 4.2600899426863437e-7,
				"TimeDiff": -4.739422688142935e-8,
				"PhiDegree": 335.98256010928554,
				"Power": -60.008553397021416
			}, {
				"Time": 5.489895406500345e-7,
				"TimeDiff": 7.558631949997077e-8,
				"PhiDegree": 153.49942266612834,
				"Power": -63.634298654078464
			}, {
				"Time": 5.301305729180474e-7,
				"TimeDiff": 5.672735176798368e-8,
				"PhiDegree": 157.93621923121637,
				"Power": -64.19109879687377
			}]
	}
}