{
	"SensorDataCollection": {
		"SensorId": 0,
		"SensorDatas": [{
				"Time": 5.076128197012939e-7,
				"TimeDiff": 0.0,
				"PhiDegree": 151.14607556966058,
				"Power": -59.99289445839216
			}, {
				"Time": 4.871546811069145e-7,
				"TimeDiff": -2.045813859437936e-8,
				"PhiDegree": 155.8719925232785,
				"Power": -61.05339267332084
			}, {
				"Time": 4.6906313203171453e-7,
				"TimeDiff": -3.854968766957935e-8,
				"PhiDegree": 338.30560721552064,
				"Power": -63.59591569111123
			}]
	}
}