{
	"SensorDataCollection": {
		"SensorId": 0,
		"SensorDatas": [{
				"Time": 5.040058924054127e-7,
				"TimeDiff": 0.0,
				"PhiDegree": 32.33998769574218,
				"Power": -56.438149746099256
			}, {
				"Time": 5.164026350777396e-7,
				"TimeDiff": 1.2396742672326915e-8,
				"PhiDegree": 151.6820437913168,
				"Power": -60.771056304741975
			}, {
				"Time": 4.963069515073452e-7,
				"TimeDiff": -7.698940898067439e-9,
				"PhiDegree": 156.3443753161224,
				"Power": -61.73484731087052
			}, {
				"Time": 4.597771122858267e-7,
				"TimeDiff": -4.422878011958595e-8,
				"PhiDegree": 337.84449317207566,
				"Power": -62.84007247505848
			}]
	}
}