{
	"SensorDataCollection": {
		"SensorId": 0,
		"SensorDatas": [{
				"Time": 4.451635194036138e-8,
				"TimeDiff": 0.0,
				"PhiDegree": 347.0053832080835,
				"Power": -29.771518635976765
			}, {
				"Time": 7.399352914002038e-8,
				"TimeDiff": 2.9477177199658993e-8,
				"PhiDegree": 305.88908541758474,
				"Power": -35.40209936620569
			}, {
				"Time": 3.1557852127154384e-7,
				"TimeDiff": 2.7106216933118244e-7,
				"PhiDegree": 82.09967101751732,
				"Power": -69.70549309210408
			}]
	}
}