{
	"SensorDataCollection": {
		"SensorId": 0,
		"SensorDatas": [{
				"Time": 5.063208913956659e-7,
				"TimeDiff": 0.0,
				"PhiDegree": 150.63315541504588,
				"Power": -59.39268080435684
			}, {
				"Time": 4.827485332474389e-7,
				"TimeDiff": -2.357235814822703e-8,
				"PhiDegree": 156.0715280056026,
				"Power": -61.191933236625545
			}, {
				"Time": 4.7340052535140775e-7,
				"TimeDiff": -3.292036604425817e-8,
				"PhiDegree": 338.07965598414813,
				"Power": -63.38825336502522
			}]
	}
}