{
	"SensorDataCollection": {
		"SensorId": 0,
		"SensorDatas": [{
				"Time": 5.759936533296172e-8,
				"TimeDiff": 0.0,
				"PhiDegree": 349.9920201985587,
				"Power": -32.18809139825354
			}, {
				"Time": 8.252892614881718e-8,
				"TimeDiff": 2.4929560815855462e-8,
				"PhiDegree": 313.4175013379801,
				"Power": -35.48302219107751
			}, {
				"Time": 3.1768818735454446e-7,
				"TimeDiff": 2.6008882202158273e-7,
				"PhiDegree": 79.7147454746309,
				"Power": -65.33462549055868
			}]
	}
}