{
	"SensorDataCollection": {
		"SensorId": 0,
		"SensorDatas": [{
				"Time": 5.092313959460773e-7,
				"TimeDiff": 0.0,
				"PhiDegree": 150.81726136113843,
				"Power": -59.64730407138242
			}, {
				"Time": 4.858002839707306e-7,
				"TimeDiff": -2.3431111975346738e-8,
				"PhiDegree": 156.23114109588136,
				"Power": -61.42282495394883
			}, {
				"Time": 4.703067599024387e-7,
				"TimeDiff": -3.8924636043638624e-8,
				"PhiDegree": 337.9279057073653,
				"Power": -63.140675022632564
			}]
	}
}