{
	"SensorDataCollection": {
		"SensorId": 0,
		"SensorDatas": [{
				"Time": 4.457621032365447e-7,
				"TimeDiff": 0.0,
				"PhiDegree": 37.75770099507412,
				"Power": -51.791364605368756
			}, {
				"Time": 6.208531783016721e-7,
				"TimeDiff": 1.750910750651274e-7,
				"PhiDegree": 61.42483003115095,
				"Power": -62.06691070944777
			}, {
				"Time": 5.834787218154912e-7,
				"TimeDiff": 1.3771661857894655e-7,
				"PhiDegree": 154.8145016355836,
				"Power": -66.05432842394444
			}]
	}
}