{
	"SensorDataCollection": {
		"SensorId": 0,
		"SensorDatas": [{
				"Time": 4.812508980232377e-7,
				"TimeDiff": 0.0,
				"PhiDegree": 213.51951405309507,
				"Power": -55.0750688429508
			}, {
				"Time": 4.7183512597889715e-7,
				"TimeDiff": -9.41577204434059e-9,
				"PhiDegree": 148.24809903877363,
				"Power": -56.384919340022876
			}, {
				"Time": 4.4644561527287236e-7,
				"TimeDiff": -3.480528275036538e-8,
				"PhiDegree": 153.98687288390585,
				"Power": -58.38547454422958
			}, {
				"Time": 3.7781931833257345e-7,
				"TimeDiff": -1.0343157969066429e-7,
				"PhiDegree": 63.230835904496374,
				"Power": -60.025160171382595
			}]
	}
}