{
	"SensorDataCollection": {
		"SensorId": 0,
		"SensorDatas": [{
				"Time": 4.946147057441266e-7,
				"TimeDiff": 0.0,
				"PhiDegree": 33.49367732366402,
				"Power": -55.332915803885314
			}, {
				"Time": 4.487478617185501e-7,
				"TimeDiff": -4.586684402557649e-8,
				"PhiDegree": 336.8072271572462,
				"Power": -61.38614343372927
			}, {
				"Time": 5.297456554140527e-7,
				"TimeDiff": 3.513094966992611e-8,
				"PhiDegree": 152.04910904177066,
				"Power": -61.438495348449095
			}, {
				"Time": 5.072630094131802e-7,
				"TimeDiff": 1.2648303669053626e-8,
				"PhiDegree": 157.29449709360767,
				"Power": -63.0234864636287
			}]
	}
}