{
	"SensorDataCollection": {
		"SensorId": 0,
		"SensorDatas": [{
				"Time": 3.80435680687993e-8,
				"TimeDiff": 0.0,
				"PhiDegree": 344.74488003249945,
				"Power": -28.234294925672877
			}, {
				"Time": 7.028975626591897e-8,
				"TimeDiff": 3.224618819711967e-8,
				"PhiDegree": 301.4777861259202,
				"Power": -36.07400641093193
			}]
	}
}