{
	"SensorDataCollection": {
		"SensorId": 0,
		"SensorDatas": [{
				"Time": 5.114295352374501e-7,
				"TimeDiff": 0.0,
				"PhiDegree": 32.255882939850004,
				"Power": -56.637815212089265
			}, {
				"Time": 5.121470985230945e-7,
				"TimeDiff": 7.175632856444144e-10,
				"PhiDegree": 150.99927290308938,
				"Power": -59.90232015539597
			}, {
				"Time": 4.888557576775343e-7,
				"TimeDiff": -2.2573777559915843e-8,
				"PhiDegree": 156.38876015126624,
				"Power": -61.65318401974599
			}, {
				"Time": 4.672163372270025e-7,
				"TimeDiff": -4.421319801044757e-8,
				"PhiDegree": 337.774146822529,
				"Power": -62.892309537225586
			}]
	}
}