{
	"SensorDataCollection": {
		"SensorId": 0,
		"SensorDatas": [{
				"Time": 4.537174253927499e-7,
				"TimeDiff": 0.0,
				"PhiDegree": 36.98366320061924,
				"Power": -52.32914177394942
			}, {
				"Time": 6.161280312031784e-7,
				"TimeDiff": 1.6241060581042848e-7,
				"PhiDegree": 62.242326484629,
				"Power": -62.99125675044738
			}, {
				"Time": 5.744361867039318e-7,
				"TimeDiff": 1.2071876131118195e-7,
				"PhiDegree": 154.38962142042072,
				"Power": -65.2881788014424
			}]
	}
}