{
	"SensorDataCollection": {
		"SensorId": 0,
		"SensorDatas": [{
				"Time": 5.057986588572575e-7,
				"TimeDiff": 0.0,
				"PhiDegree": 32.659329865712465,
				"Power": -56.19809125109205
			}, {
				"Time": 5.1799374649442e-7,
				"TimeDiff": 1.219508763716257e-8,
				"PhiDegree": 151.35713991970957,
				"Power": -60.41336995903791
			}, {
				"Time": 4.949775981760965e-7,
				"TimeDiff": -1.0821060681160941e-8,
				"PhiDegree": 156.6981545872906,
				"Power": -62.11225384552063
			}, {
				"Time": 4.61045789006279e-7,
				"TimeDiff": -4.4752869850978485e-8,
				"PhiDegree": 337.46045078998355,
				"Power": -62.393253899518456
			}]
	}
}