{
	"SensorDataCollection": {
		"SensorId": 0,
		"SensorDatas": [{
				"Time": 5.005158389317546e-7,
				"TimeDiff": 0.0,
				"PhiDegree": 150.25852976959905,
				"Power": -58.88478286297851
			}, {
				"Time": 4.7665648669708667e-7,
				"TimeDiff": -2.3859352234667972e-8,
				"PhiDegree": 155.7461767173405,
				"Power": -60.728606723587205
			}, {
				"Time": 4.795978257393796e-7,
				"TimeDiff": -2.091801319237505e-8,
				"PhiDegree": 338.3772779276749,
				"Power": -63.88101594537663
			}]
	}
}