{
	"SensorDataCollection": {
		"SensorId": 0,
		"SensorDatas": [{
				"Time": 4.974006952616721e-7,
				"TimeDiff": 0.0,
				"PhiDegree": 33.281575753287285,
				"Power": -55.547271216439526
			}, {
				"Time": 5.268005556109092e-7,
				"TimeDiff": 2.939986034923709e-8,
				"PhiDegree": 151.87901265172013,
				"Power": -61.18192390983927
			}, {
				"Time": 4.5181676363921764e-7,
				"TimeDiff": -4.5583931622454424e-8,
				"PhiDegree": 336.9738654549551,
				"Power": -61.63901618616707
			}, {
				"Time": 5.041865990690495e-7,
				"TimeDiff": 6.78590380737739e-9,
				"PhiDegree": 157.14813700902866,
				"Power": -62.796567275961124
			}]
	}
}