{
	"SensorDataCollection": {
		"SensorId": 0,
		"SensorDatas": [{
				"Time": 4.803757956587877e-7,
				"TimeDiff": 0.0,
				"PhiDegree": 148.87639846008864,
				"Power": -57.126260967406694
			}, {
				"Time": 4.5546262892104016e-7,
				"TimeDiff": -2.4913166737747512e-8,
				"PhiDegree": 154.53914528535128,
				"Power": -59.0924472221558
			}]
	}
}