{
	"SensorDataCollection": {
		"SensorId": 0,
		"SensorDatas": [{
				"Time": 4.4840473102021246e-7,
				"TimeDiff": 0.0,
				"PhiDegree": 37.49663850424721,
				"Power": -51.96769775625775
			}, {
				"Time": 6.19264157363142e-7,
				"TimeDiff": 1.7085942634292957e-7,
				"PhiDegree": 61.69594065196544,
				"Power": -62.36642807114825
			}, {
				"Time": 5.804610153871946e-7,
				"TimeDiff": 1.320562843669821e-7,
				"PhiDegree": 154.67434604048805,
				"Power": -65.79919748806498
			}]
	}
}