{
	"SensorDataCollection": {
		"SensorId": 0,
		"SensorDatas": [{
				"Time": 5.1040802585085384e-8,
				"TimeDiff": 0.0,
				"PhiDegree": 348.6900675259798,
				"Power": -31.068950480052496
			}, {
				"Time": 7.809289527893422e-8,
				"TimeDiff": 2.7052092693848838e-8,
				"PhiDegree": 309.8588560640868,
				"Power": -35.25791079833614
			}, {
				"Time": 3.1656478172150764e-7,
				"TimeDiff": 2.6552397913642227e-7,
				"PhiDegree": 80.90323509934339,
				"Power": -67.3550892017094
			}]
	}
}