{
	"SensorDataCollection": {
		"SensorId": 0,
		"SensorDatas": [{
				"Time": 4.6715191487978433e-7,
				"TimeDiff": 0.0,
				"PhiDegree": 35.752611954929236,
				"Power": -53.27865495137827
			}, {
				"Time": 5.594385125579399e-7,
				"TimeDiff": 9.228659767815557e-8,
				"PhiDegree": 153.65104409985756,
				"Power": -64.00704791289044
			}]
	}
}