{
	"SensorDataCollection": {
		"SensorId": 0,
		"SensorDatas": [{
				"Time": 4.7531142792665926e-7,
				"TimeDiff": 0.0,
				"PhiDegree": 35.04757459663507,
				"Power": -53.875704834809056
			}, {
				"Time": 4.27377923828901e-7,
				"TimeDiff": -4.793350409775828e-8,
				"PhiDegree": 335.5739631998663,
				"Power": -59.597123657788885
			}, {
				"Time": 5.504864718003777e-7,
				"TimeDiff": 7.517504387371849e-8,
				"PhiDegree": 153.18862576552027,
				"Power": -63.23670575610305
			}, {
				"Time": 5.288862419500814e-7,
				"TimeDiff": 5.357481402342212e-8,
				"PhiDegree": 158.27121754737846,
				"Power": -64.59446722481083
			}]
	}
}