{
	"SensorDataCollection": {
		"SensorId": 0,
		"SensorDatas": [{
				"Time": 4.780468947096224e-7,
				"TimeDiff": 0.0,
				"PhiDegree": 34.81792340153021,
				"Power": -54.07871456075026
			}, {
				"Time": 4.304181336794894e-7,
				"TimeDiff": -4.762876103013295e-8,
				"PhiDegree": 335.7576326981064,
				"Power": -59.85460129502023
			}, {
				"Time": 5.475106000001401e-7,
				"TimeDiff": 6.946370529051778e-8,
				"PhiDegree": 153.03112979343743,
				"Power": -62.979780303256405
			}, {
				"Time": 5.257881307155625e-7,
				"TimeDiff": 4.7741236005940096e-8,
				"PhiDegree": 158.1366085704866,
				"Power": -64.37196101584661
			}]
	}
}