{
	"SensorDataCollection": {
		"SensorId": 0,
		"SensorDatas": [{
				"Time": 4.840361558213656e-7,
				"TimeDiff": 0.0,
				"PhiDegree": 213.3014076918547,
				"Power": -55.29507507041902
			}, {
				"Time": 4.746756359891186e-7,
				"TimeDiff": -9.360519832247037e-9,
				"PhiDegree": 148.46004340027034,
				"Power": -56.63103509829136
			}, {
				"Time": 4.4944661606304937e-7,
				"TimeDiff": -3.458953975831627e-8,
				"PhiDegree": 154.17342525017423,
				"Power": -58.621449780847456
			}]
	}
}