{
	"SensorDataCollection": {
		"SensorId": 0,
		"SensorDatas": [{
				"Time": 5.029927829785637e-7,
				"TimeDiff": 0.0,
				"PhiDegree": 32.864435601186024,
				"Power": -55.979922271300126
			}, {
				"Time": 5.209245208094865e-7,
				"TimeDiff": 1.7931737830922808e-8,
				"PhiDegree": 151.5330575845276,
				"Power": -60.669326962791274
			}, {
				"Time": 4.5796580220267797e-7,
				"TimeDiff": -4.5026980775885704e-8,
				"PhiDegree": 337.30043516335974,
				"Power": -62.14258395295093
			}, {
				"Time": 4.980438310725724e-7,
				"TimeDiff": -4.948951905991266e-9,
				"PhiDegree": 156.84999734087498,
				"Power": -62.34094120077856
			}]
	}
}