{
	"SensorDataCollection": {
		"SensorId": 0,
		"SensorDatas": [{
				"Time": 5.034156750292522e-7,
				"TimeDiff": 0.0,
				"PhiDegree": 150.44692257341973,
				"Power": -59.138492486737405
			}, {
				"Time": 4.797005765620983e-7,
				"TimeDiff": -2.3715098467153926e-8,
				"PhiDegree": 155.9098853248592,
				"Power": -60.960522389728325
			}, {
				"Time": 4.764975684628329e-7,
				"TimeDiff": -2.6918106566419287e-8,
				"PhiDegree": 338.22943466835886,
				"Power": -63.63503623355905
			}]
	}
}