{
	"SensorDataCollection": {
		"SensorId": 0,
		"SensorDatas": [{
				"Time": 4.976214771620125e-7,
				"TimeDiff": 0.0,
				"PhiDegree": 150.06794335228886,
				"Power": -58.63159734985575
			}, {
				"Time": 4.736163382124345e-7,
				"TimeDiff": -2.400513894957799e-8,
				"PhiDegree": 155.58036504691907,
				"Power": -60.49620137298831
			}, {
				"Time": 4.827012352499558e-7,
				"TimeDiff": -1.4920241912056707e-8,
				"PhiDegree": 338.52322110419226,
				"Power": -64.12618543430811
			}]
	}
}