{
	"SensorDataCollection": {
		"SensorId": 0,
		"SensorDatas": [{
				"Time": 4.807899540550846e-7,
				"TimeDiff": 0.0,
				"PhiDegree": 34.590889059554435,
				"Power": -54.28357724035632
			}, {
				"Time": 4.3346270448437937e-7,
				"TimeDiff": -4.732724957070519e-8,
				"PhiDegree": 335.9387239068045,
				"Power": -60.111476546877256
			}, {
				"Time": 5.445389104047052e-7,
				"TimeDiff": 6.374895634962063e-8,
				"PhiDegree": 152.87191361487578,
				"Power": -62.72282298891059
			}, {
				"Time": 5.226929559823773e-7,
				"TimeDiff": 4.1903001927292765e-8,
				"PhiDegree": 158.0004046353322,
				"Power": -64.14880431494063
			}]
	}
}