{
	"SensorDataCollection": {
		"SensorId": 0,
		"SensorDatas": [{
				"Time": 4.777343803654431e-8,
				"TimeDiff": 0.0,
				"PhiDegree": 347.9052429229879,
				"Power": -30.44589151467846
			}, {
				"Time": 7.599761934658525e-8,
				"TimeDiff": 2.8224181310040935e-8,
				"PhiDegree": 307.9274931111025,
				"Power": -35.27531126353084
			}, {
				"Time": 3.160544239204502e-7,
				"TimeDiff": 2.6828098588390587e-7,
				"PhiDegree": 81.50051969387434,
				"Power": -68.4835476667842
			}]
	}
}