{
	"SensorDataCollection": {
		"SensorId": 0,
		"SensorDatas": [{
				"Time": 4.862983361504332e-7,
				"TimeDiff": 0.0,
				"PhiDegree": 34.14452160171937,
				"Power": -54.69853694916317
			}, {
				"Time": 4.395645663623283e-7,
				"TimeDiff": -4.6733769788104874e-8,
				"PhiDegree": 336.2933717287053,
				"Power": -60.62333935580949
			}, {
				"Time": 5.386083546270312e-7,
				"TimeDiff": 5.231001847659805e-8,
				"PhiDegree": 152.54821682762824,
				"Power": -62.20891673718293
			}, {
				"Time": 5.165116271323325e-7,
				"TimeDiff": 3.021329098189931e-8,
				"PhiDegree": 157.7231035221335,
				"Power": -63.70056355364247
			}]
	}
}