{
	"SensorDataCollection": {
		"SensorId": 0,
		"SensorDatas": [{
				"Time": 4.5638717257313556e-7,
				"TimeDiff": 0.0,
				"PhiDegree": 36.73166420123481,
				"Power": -52.51401768734246
			}, {
				"Time": 6.145811398721353e-7,
				"TimeDiff": 1.5819396729899973e-7,
				"PhiDegree": 62.5175979773872,
				"Power": -63.316955570572944
			}, {
				"Time": 5.714291760425629e-7,
				"TimeDiff": 1.1504200346942732e-7,
				"PhiDegree": 154.24500941577617,
				"Power": -65.03232522691356
			}]
	}
}