{
	"SensorDataCollection": {
		"SensorId": 0,
		"SensorDatas": [{
				"Time": 5.086109448586659e-7,
				"TimeDiff": 0.0,
				"PhiDegree": 32.45648975601258,
				"Power": -56.41740828195604
			}, {
				"Time": 5.150679108515716e-7,
				"TimeDiff": 6.456965992905701e-9,
				"PhiDegree": 151.17922196634944,
				"Power": -60.15768847800817
			}, {
				"Time": 4.919148849931808e-7,
				"TimeDiff": -1.6696059865485118e-8,
				"PhiDegree": 156.54441996521987,
				"Power": -61.88299766596762
			}, {
				"Time": 4.6412932409905637e-7,
				"TimeDiff": -4.44816207596095e-8,
				"PhiDegree": 337.6183414435006,
				"Power": -62.643165920500664
			}]
	}
}