{
	"SensorDataCollection": {
		"SensorId": 0,
		"SensorDatas": [{
				"Time": 5.431659074511651e-8,
				"TimeDiff": 0.0,
				"PhiDegree": 349.38034472384487,
				"Power": -31.647728908291835
			}, {
				"Time": 8.027221682929533e-8,
				"TimeDiff": 2.595562608417882e-8,
				"PhiDegree": 311.6873355748352,
				"Power": -35.332110291578005
			}, {
				"Time": 3.1710942831777897e-7,
				"TimeDiff": 2.6279283757266247e-7,
				"PhiDegree": 80.30793770711772,
				"Power": -66.3085939753272
			}]
	}
}