{
	"SensorDataCollection": {
		"SensorId": 0,
		"SensorDatas": [{
				"Time": 4.5105655884345034e-7,
				"TimeDiff": 0.0,
				"PhiDegree": 37.238640358985386,
				"Power": -52.14699664966294
			}, {
				"Time": 6.176890727032664e-7,
				"TimeDiff": 1.66632513859816e-7,
				"PhiDegree": 61.96844004444916,
				"Power": -62.67447978067446
			}, {
				"Time": 5.774468186007879e-7,
				"TimeDiff": 1.263902597573376e-7,
				"PhiDegree": 154.53272640286917,
				"Power": -65.5438086978865
			}]
	}
}