{
	"SensorDataCollection": {
		"SensorId": 0,
		"SensorDatas": [{
				"Time": 4.6986380211168444e-7,
				"TimeDiff": 0.0,
				"PhiDegree": 35.51488007279937,
				"Power": -53.475585875595726
			}, {
				"Time": 5.564504935261461e-7,
				"TimeDiff": 8.658669141446169e-8,
				"PhiDegree": 153.49855819298926,
				"Power": -63.75036294085504
			}]
	}
}