{
	"SensorDataCollection": {
		"SensorId": 0,
		"SensorDatas": [{
				"Time": 5.00193425096917e-7,
				"TimeDiff": 0.0,
				"PhiDegree": 33.07183978867634,
				"Power": -55.76296150910946
			}, {
				"Time": 5.238601509074778e-7,
				"TimeDiff": 2.3666725810560745e-8,
				"PhiDegree": 151.70700524389267,
				"Power": -60.92552324635709
			}, {
				"Time": 4.548894357630294e-7,
				"TimeDiff": -4.530398933388766e-8,
				"PhiDegree": 337.13825392184583,
				"Power": -61.891167349154614
			}, {
				"Time": 5.011135190729315e-7,
				"TimeDiff": 9.200939760144699e-10,
				"PhiDegree": 156.99998084055662,
				"Power": -62.56904903348155
			}]
	}
}