{
	"SensorDataCollection": {
		"SensorId": 0,
		"SensorDatas": [{
				"Time": 4.890634081448861e-7,
				"TimeDiff": 0.0,
				"PhiDegree": 33.92511514072179,
				"Power": -54.908478513777396
			}, {
				"Time": 4.426216820772718e-7,
				"TimeDiff": -4.64417260676143e-8,
				"PhiDegree": 336.46702551022025,
				"Power": -60.87828966516798
			}, {
				"Time": 5.356496304218849e-7,
				"TimeDiff": 4.6586222276998834e-8,
				"PhiDegree": 152.38368315635003,
				"Power": -61.95202233242651
			}, {
				"Time": 5.134255816181677e-7,
				"TimeDiff": 2.43621734732816e-8,
				"PhiDegree": 157.58195071975516,
				"Power": -63.47549267488678
			}]
	}
}