{
	"SensorDataCollection": {
		"SensorId": 0,
		"SensorDatas": [{
				"Time": 4.918495629970895e-7,
				"TimeDiff": 0.0,
				"PhiDegree": 149.68005209248312,
				"Power": -58.12698906263904
			}, {
				"Time": 4.675481728220951e-7,
				"TimeDiff": -2.43013901749944e-8,
				"PhiDegree": 155.24227985614453,
				"Power": -60.02998650816808
			}, {
				"Time": 4.889172708060667e-7,
				"TimeDiff": -2.9322921910228072e-9,
				"PhiDegree": 338.8095445783494,
				"Power": -64.61406838481103
			}]
	}
}