{
	"SensorDataCollection": {
		"SensorId": 0,
		"SensorDatas": [{
				"Time": 4.590656454457478e-7,
				"TimeDiff": 0.0,
				"PhiDegree": 36.48260106658866,
				"Power": -52.70151287435965
			}, {
				"Time": 5.684258440864162e-7,
				"TimeDiff": 1.093601986406684e-7,
				"PhiDegree": 154.0988683294078,
				"Power": -64.77626610709794
			}]
	}
}