{
	"SensorDataCollection": {
		"SensorId": 0,
		"SensorDatas": [{
				"Time": 4.868283473581038e-7,
				"TimeDiff": 0.0,
				"PhiDegree": 213.0858001229738,
				"Power": -55.51649594027717
			}, {
				"Time": 4.775225639179488e-7,
				"TimeDiff": -9.30578344015503e-9,
				"PhiDegree": 148.66946342910936,
				"Power": -56.87817017628868
			}, {
				"Time": 4.524523183050599e-7,
				"TimeDiff": -3.4376029053043866e-8,
				"PhiDegree": 154.35750096089225,
				"Power": -58.85711550196058
			}]
	}
}