{
	"SensorDataCollection": {
		"SensorId": 0,
		"SensorDatas": [{
				"Time": 3.165416200930625e-8,
				"TimeDiff": 0.0,
				"PhiDegree": 341.565051177078,
				"Power": -26.37915824491462
			}, {
				"Time": 6.704716800155198e-8,
				"TimeDiff": 3.539300599224573e-8,
				"PhiDegree": 296.6084068285431,
				"Power": -37.50890261165114
			}]
	}
}