{
	"SensorDataCollection": {
		"SensorId": 0,
		"SensorDatas": [{
				"Time": 4.889722090227697e-7,
				"TimeDiff": 0.0,
				"PhiDegree": 149.48267693963223,
				"Power": -57.87566606007209
			}, {
				"Time": 4.6452031439481636e-7,
				"TimeDiff": -2.4451894627953354e-8,
				"PhiDegree": 155.0699278864001,
				"Power": -59.7962117345532
			}, {
				"Time": 4.920297804149456e-7,
				"TimeDiff": 3.0575713921758895e-9,
				"PhiDegree": 338.94999162375433,
				"Power": -64.85677053616746
			}]
	}
}