{
	"SensorDataCollection": {
		"SensorId": 0,
		"SensorDatas": [{
				"Time": 6.08879963399372e-8,
				"TimeDiff": 0.0,
				"PhiDegree": 350.5376777919744,
				"Power": -32.69490597561952
			}, {
				"Time": 8.485684923922837e-8,
				"TimeDiff": 2.3968852899291175e-8,
				"PhiDegree": 315.05416381924994,
				"Power": -35.69812594383566
			}, {
				"Time": 3.183008727542988e-7,
				"TimeDiff": 2.574128764143616e-7,
				"PhiDegree": 79.12377372206421,
				"Power": -64.42535616146242
			}]
	}
}