{
	"SensorDataCollection": {
		"SensorId": 0,
		"SensorDatas": [{
				"Time": 6.418158353273249e-8,
				"TimeDiff": 0.0,
				"PhiDegree": 351.0273733851036,
				"Power": -33.17221703212367
			}, {
				"Time": 8.725028612724458e-8,
				"TimeDiff": 2.3068702594512094e-8,
				"PhiDegree": 316.6022396854725,
				"Power": -35.96685481856137
			}, {
				"Time": 3.189472890034108e-7,
				"TimeDiff": 2.547657054706783e-7,
				"PhiDegree": 78.53513501876955,
				"Power": -63.574218525179276
			}]
	}
}