{
	"SensorDataCollection": {
		"SensorId": 0,
		"SensorDatas": [{
				"Time": 4.935423982470653e-7,
				"TimeDiff": 0.0,
				"PhiDegree": 149.34567877667408,
				"Power": -57.8193029602744
			}, {
				"Time": 4.6616069423095647e-7,
				"TimeDiff": -2.738170401610883e-8,
				"PhiDegree": 155.61469466809197,
				"Power": -60.39482223288687
			}, {
				"Time": 4.901332376261846e-7,
				"TimeDiff": -3.4091606208806815e-9,
				"PhiDegree": 338.4458676200273,
				"Power": -64.15840806459715
			}]
	}
}