{
	"SensorDataCollection": {
		"SensorId": 0,
		"SensorDatas": [{
				"Time": 4.964156893634912e-7,
				"TimeDiff": 0.0,
				"PhiDegree": 149.54203114438053,
				"Power": -58.066803610185474
			}, {
				"Time": 4.69201695035997e-7,
				"TimeDiff": -2.721399432749425e-8,
				"PhiDegree": 155.78291848183846,
				"Power": -60.63115104272313
			}, {
				"Time": 4.870314670102372e-7,
				"TimeDiff": -9.384222353254043e-9,
				"PhiDegree": 338.3016589817993,
				"Power": -63.91736538227646
			}]
	}
}