{
	"SensorDataCollection": {
		"SensorId": 0,
		"SensorDatas": [{
				"Time": 4.826920239631672e-7,
				"TimeDiff": 0.0,
				"PhiDegree": 34.91693878843538,
				"Power": -54.09620316545865
			}, {
				"Time": 4.348337718167548e-7,
				"TimeDiff": -4.7858252146412416e-8,
				"PhiDegree": 335.53727012155,
				"Power": -59.70851195117484
			}, {
				"Time": 5.460684308690446e-7,
				"TimeDiff": 6.337640690587735e-8,
				"PhiDegree": 152.56033180322015,
				"Power": -62.343890401938125
			}, {
				"Time": 5.214522271217211e-7,
				"TimeDiff": 3.876020315855388e-8,
				"PhiDegree": 158.34033293290648,
				"Power": -64.56018640152865
			}]
	}
}