{
	"SensorDataCollection": {
		"SensorId": 0,
		"SensorDatas": [{
				"Time": 4.964638125943494e-7,
				"TimeDiff": 0.0,
				"PhiDegree": 33.81481050463899,
				"Power": -55.12105914347124
			}, {
				"Time": 4.500723678814821e-7,
				"TimeDiff": -4.63914447128673e-8,
				"PhiDegree": 336.41678549882886,
				"Power": -60.96669589416223
			}, {
				"Time": 5.313177633743307e-7,
				"TimeDiff": 3.4853950779981296e-8,
				"PhiDegree": 151.73126597965486,
				"Power": -61.07744560984412
			}, {
				"Time": 5.059844460608682e-7,
				"TimeDiff": 9.520633466518816e-9,
				"PhiDegree": 157.64304667535757,
				"Power": -63.42336543321669
			}]
	}
}