{
	"SensorDataCollection": {
		"SensorId": 0,
		"SensorDatas": [{
				"Time": 5.020219841675796e-7,
				"TimeDiff": 0.0,
				"PhiDegree": 33.390956096643734,
				"Power": -55.54179261236585
			}, {
				"Time": 5.254498681661671e-7,
				"TimeDiff": 2.3427883998587565e-8,
				"PhiDegree": 151.38663663844437,
				"Power": -60.572011306546315
			}, {
				"Time": 4.5619611101178895e-7,
				"TimeDiff": -4.582587315579063e-8,
				"PhiDegree": 336.75210633421125,
				"Power": -61.465558340583925
			}, {
				"Time": 4.998192252547564e-7,
				"TimeDiff": -2.2027589128231665e-9,
				"PhiDegree": 157.3520662238307,
				"Power": -62.96404365964233
			}]
	}
}