{
	"SensorDataCollection": {
		"SensorId": 0,
		"SensorDatas": [{
				"Time": 4.992394833385708e-7,
				"TimeDiff": 0.0,
				"PhiDegree": 33.60170358117374,
				"Power": -55.33072508982826
			}, {
				"Time": 5.28381426281242e-7,
				"TimeDiff": 2.9141942942671184e-8,
				"PhiDegree": 151.55990812060227,
				"Power": -60.82461462356946
			}, {
				"Time": 4.5313229948756684e-7,
				"TimeDiff": -4.6107183851003976e-8,
				"PhiDegree": 336.5855788172944,
				"Power": -61.21645851793048
			}, {
				"Time": 5.029002143740068e-7,
				"TimeDiff": 3.6607310354359666e-9,
				"PhiDegree": 157.49844825514265,
				"Power": -63.19402516720561
			}]
	}
}