{
	"SensorDataCollection": {
		"SensorId": 0,
		"SensorDatas": [{
				"Time": 4.691092854050297e-7,
				"TimeDiff": 0.0,
				"PhiDegree": 36.08334260399543,
				"Power": -53.11758179270214
			}, {
				"Time": 5.609274066936623e-7,
				"TimeDiff": 9.181812128863256e-8,
				"PhiDegree": 153.34563095898437,
				"Power": -63.611513663543334
			}]
	}
}