{
	"SensorDataCollection": {
		"SensorId": 0,
		"SensorDatas": [{
				"Time": 5.048112021398583e-7,
				"TimeDiff": 0.0,
				"PhiDegree": 33.182534691497715,
				"Power": -55.75419632119855
			}, {
				"Time": 5.225231694648861e-7,
				"TimeDiff": 1.7711967325027883e-8,
				"PhiDegree": 151.2114225209213,
				"Power": -60.31967026889221
			}, {
				"Time": 4.5926372480375116e-7,
				"TimeDiff": -4.554747733610711e-8,
				"PhiDegree": 336.9164106103284,
				"Power": -61.71398102531272
			}, {
				"Time": 4.967415390382131e-7,
				"TimeDiff": -8.069663101645159e-9,
				"PhiDegree": 157.20386932234356,
				"Power": -62.733429459794635
			}]
	}
}