{
	"SensorDataCollection": {
		"SensorId": 0,
		"SensorDatas": [{
				"Time": 7.408546749442863e-8,
				"TimeDiff": 0.0,
				"PhiDegree": 352.2348339815747,
				"Power": -34.45825934123445
			}, {
				"Time": 9.477337842656539e-8,
				"TimeDiff": 2.0687910932136754e-8,
				"PhiDegree": 320.76367446991276,
				"Power": -37.01197699996237
			}]
	}
}