{
	"SensorDataCollection": {
		"SensorId": 0,
		"SensorDatas": [{
				"Time": 5.132180624165156e-7,
				"TimeDiff": 0.0,
				"PhiDegree": 32.57090062288203,
				"Power": -56.398802739077155
			}, {
				"Time": 5.137730596018646e-7,
				"TimeDiff": 5.549971853489768e-10,
				"PhiDegree": 150.673826549558,
				"Power": -59.564586908838905
			}, {
				"Time": 4.875289229892763e-7,
				"TimeDiff": -2.5689139427239303e-8,
				"PhiDegree": 156.74806646208685,
				"Power": -62.037885069971026
			}, {
				"Time": 4.684886324184285e-7,
				"TimeDiff": -4.4729429998087136e-8,
				"PhiDegree": 337.39639501500716,
				"Power": -62.455056240126936
			}]
	}
}