{
	"SensorDataCollection": {
		"SensorId": 0,
		"SensorDatas": [{
				"Time": 4.799598354225916e-7,
				"TimeDiff": 0.0,
				"PhiDegree": 35.14493057882407,
				"Power": -53.896451111412944
			}, {
				"Time": 4.3179886837925827e-7,
				"TimeDiff": -4.8160967043333295e-8,
				"PhiDegree": 335.353929808638,
				"Power": -59.45513039457893
			}, {
				"Time": 5.490318418448519e-7,
				"TimeDiff": 6.907200642226032e-8,
				"PhiDegree": 152.7207897474152,
				"Power": -62.597428462834216
			}]
	}
}