{
	"SensorDataCollection": {
		"SensorId": 0,
		"SensorDatas": [{
				"Time": 4.6105734665645375e-7,
				"TimeDiff": 0.0,
				"PhiDegree": 36.815993686232325,
				"Power": -52.55714654220685
			}, {
				"Time": 6.100829022969625e-7,
				"TimeDiff": 1.4902555564050871e-7,
				"PhiDegree": 62.650988008099624,
				"Power": -63.42413024339103
			}, {
				"Time": 5.698912584628681e-7,
				"TimeDiff": 1.0883391180641438e-7,
				"PhiDegree": 153.79710455090657,
				"Power": -64.37134079308825
			}]
	}
}