{
	"SensorDataCollection": {
		"SensorId": 0,
		"SensorDatas": [{
				"Time": 4.992947433930587e-7,
				"TimeDiff": 0.0,
				"PhiDegree": 149.73612133939275,
				"Power": -58.314993394116925
			}, {
				"Time": 4.7224668845674585e-7,
				"TimeDiff": -2.7048054936312816e-8,
				"PhiDegree": 155.9489743353442,
				"Power": -60.86696947052633
			}, {
				"Time": 4.83932821211071e-7,
				"TimeDiff": -1.5361922181987713e-8,
				"PhiDegree": 338.1556026583285,
				"Power": -63.675545644392855
			}]
	}
}