{
	"SensorDataCollection": {
		"SensorId": 0,
		"SensorDatas": [{
				"Time": 4.530834684173143e-7,
				"TimeDiff": 0.0,
				"PhiDegree": 37.57456053747895,
				"Power": -52.020065969502326
			}, {
				"Time": 6.147458562027075e-7,
				"TimeDiff": 1.616623877853932e-7,
				"PhiDegree": 61.82229100690766,
				"Power": -62.45506677808905
			}, {
				"Time": 5.788893975183933e-7,
				"TimeDiff": 1.2580592910107902e-7,
				"PhiDegree": 154.23456937939417,
				"Power": -65.12989319802531
			}]
	}
}