{
	"SensorDataCollection": {
		"SensorId": 0,
		"SensorDatas": [{
				"Time": 4.881789444661129e-7,
				"TimeDiff": 0.0,
				"PhiDegree": 34.4686288757497,
				"Power": -54.50115877492587
			}, {
				"Time": 4.4091665985169455e-7,
				"TimeDiff": -4.7262284614418365e-8,
				"PhiDegree": 335.8963698337771,
				"Power": -60.21358916005563
			}, {
				"Time": 5.401546685173375e-7,
				"TimeDiff": 5.197572405122455e-8,
				"PhiDegree": 152.23414048613645,
				"Power": -61.83697720859439
			}, {
				"Time": 5.152560139382142e-7,
				"TimeDiff": 2.7077069472101288e-8,
				"PhiDegree": 158.06644296298538,
				"Power": -64.10746146427567
			}]
	}
}