{
	"SensorDataCollection": {
		"SensorId": 0,
		"SensorDatas": [{
				"Time": 4.909334244718522e-7,
				"TimeDiff": 0.0,
				"PhiDegree": 34.24823856016933,
				"Power": -54.706204831009785
			}, {
				"Time": 4.439644652203446e-7,
				"TimeDiff": -4.6968959251507626e-8,
				"PhiDegree": 336.0722261437286,
				"Power": -60.46524440092328
			}, {
				"Time": 5.372044609067752e-7,
				"TimeDiff": 4.627103643492299e-8,
				"PhiDegree": 152.06835438420185,
				"Power": -61.583658435559585
			}, {
				"Time": 5.121624027557679e-7,
				"TimeDiff": 2.1228978283915687e-8,
				"PhiDegree": 157.9270144037435,
				"Power": -63.88009079276557
			}]
	}
}