{
	"SensorDataCollection": {
		"SensorId": 0,
		"SensorDatas": [{
				"Time": 5.188542485339551e-7,
				"TimeDiff": 0.0,
				"PhiDegree": 32.174185060705874,
				"Power": -56.834116703346226
			}, {
				"Time": 5.079655020872369e-7,
				"TimeDiff": -1.0888746446718206e-8,
				"PhiDegree": 150.30516087399678,
				"Power": -59.063205233375584
			}, {
				"Time": 4.814048662915252e-7,
				"TimeDiff": -3.744938224242998e-8,
				"PhiDegree": 156.43451893748625,
				"Power": -61.57120948161784
			}, {
				"Time": 4.746562443879382e-7,
				"TimeDiff": -4.419800414601694e-8,
				"PhiDegree": 337.70600563333085,
				"Power": -62.945496764652745
			}]
	}
}