{
	"SensorDataCollection": {
		"SensorId": 0,
		"SensorDatas": [{
				"Time": 5.050697457898211e-7,
				"TimeDiff": 0.0,
				"PhiDegree": 150.11765258945437,
				"Power": -58.81324164538577
			}, {
				"Time": 4.783483480588357e-7,
				"TimeDiff": -2.6721397730985412e-8,
				"PhiDegree": 156.27473692637503,
				"Power": -61.33701312985397
			}, {
				"Time": 4.777451472118429e-7,
				"TimeDiff": -2.7324598577978238e-8,
				"PhiDegree": 337.85781096280454,
				"Power": -63.1896034707658
			}]
	}
}