{
	"SensorDataCollection": {
		"SensorId": 0,
		"SensorDatas": [{
				"Time": 8.732826901158091e-8,
				"TimeDiff": 0.0,
				"PhiDegree": 353.41805534482194,
				"Power": -35.91379124898174
			}, {
				"Time": 1.0544934012631832e-7,
				"TimeDiff": 1.8121071114737416e-8,
				"PhiDegree": 325.3555269410951,
				"Power": -38.7456245381328
			}, {
				"Time": 1.9638800444048616e-7,
				"TimeDiff": 1.0905973542890525e-7,
				"PhiDegree": 296.21503268523134,
				"Power": -51.063199335155275
			}, {
				"Time": 4.973271303752191e-7,
				"TimeDiff": 4.099988613636382e-7,
				"PhiDegree": 230.28124972633188,
				"Power": -51.94958326942407
			}]
	}
}