{
	"SensorDataCollection": {
		"SensorId": 0,
		"SensorDatas": [{
				"Time": 4.906749712830727e-7,
				"TimeDiff": 0.0,
				"PhiDegree": 149.1470291487773,
				"Power": -57.5725434642774
			}, {
				"Time": 4.6312376469154187e-7,
				"TimeDiff": -2.755120659153079e-8,
				"PhiDegree": 155.44426311702716,
				"Power": -60.15799968637984
			}, {
				"Time": 4.932380741068687e-7,
				"TimeDiff": 2.563102823796048e-9,
				"PhiDegree": 338.5882616209454,
				"Power": -64.39866727933821
			}]
	}
}