{
	"SensorDataCollection": {
		"SensorId": 0,
		"SensorDatas": [{
				"Time": 4.821089205790018e-7,
				"TimeDiff": 0.0,
				"PhiDegree": 148.53693670357734,
				"Power": -56.83726188092389
			}, {
				"Time": 4.54038220065528e-7,
				"TimeDiff": -2.807070051347382e-8,
				"PhiDegree": 154.91931071622452,
				"Power": -59.44475070644572
			}, {
				"Time": 5.025704102377114e-7,
				"TimeDiff": 2.0461489658709585e-8,
				"PhiDegree": 339.00487533970556,
				"Power": -65.11468782823641
			}]
	}
}