{
	"SensorDataCollection": {
		"SensorId": 0,
		"SensorDatas": [{
				"Time": 4.7180992212141595e-7,
				"TimeDiff": 0.0,
				"PhiDegree": 35.844697110432286,
				"Power": -53.30910091288868
			}, {
				"Time": 5.579473613097641e-7,
				"TimeDiff": 8.613743918834818e-8,
				"PhiDegree": 153.19191962501088,
				"Power": -63.358051818781576
			}]
	}
}