{
	"SensorDataCollection": {
		"SensorId": 0,
		"SensorDatas": [{
				"Time": 4.878135118821209e-7,
				"TimeDiff": 0.0,
				"PhiDegree": 148.94604656831234,
				"Power": -57.32657909813872
			}, {
				"Time": 4.60090987037554e-7,
				"TimeDiff": -2.7722524844566847e-8,
				"PhiDegree": 155.2715831569469,
				"Power": -59.92070100561378
			}, {
				"Time": 4.963459189177688e-7,
				"TimeDiff": 8.532407035647945e-9,
				"PhiDegree": 338.72887329566913,
				"Power": -64.63813714654333
			}]
	}
}