{
	"SensorDataCollection": {
		"SensorId": 0,
		"SensorDatas": [{
				"Time": 9.064372551144143e-8,
				"TimeDiff": 0.0,
				"PhiDegree": 353.6598082540901,
				"Power": -36.24170239507337
			}, {
				"Time": 1.0821100562840394e-7,
				"TimeDiff": 1.7567280116962516e-8,
				"PhiDegree": 326.35991167584723,
				"Power": -39.21274729863785
			}, {
				"Time": 1.9788457922271483e-7,
				"TimeDiff": 1.072408537112734e-7,
				"PhiDegree": 297.0817914517717,
				"Power": -50.34540892739993
			}, {
				"Time": 4.994659037690013e-7,
				"TimeDiff": 4.088221782575599e-7,
				"PhiDegree": 229.9868332159763,
				"Power": -51.889827527256074
			}]
	}
}