{
	"SensorDataCollection": {
		"SensorId": 0,
		"SensorDatas": [{
				"Time": 8.40144899256625e-8,
				"TimeDiff": 0.0,
				"PhiDegree": 353.15722658736905,
				"Power": -35.57272408652455
			}, {
				"Time": 1.0272181502478515e-7,
				"TimeDiff": 1.8707325099122652e-8,
				"PhiDegree": 324.2974645125045,
				"Power": -38.28885787554023
			}, {
				"Time": 1.949370571159486e-7,
				"TimeDiff": 1.1092256719028611e-7,
				"PhiDegree": 295.33516717535133,
				"Power": -51.84618305223351
			}, {
				"Time": 4.952016019175017e-7,
				"TimeDiff": 4.111871119918392e-7,
				"PhiDegree": 230.57820155171618,
				"Power": -52.01601585023651
			}]
	}
}