{
	"SensorDataCollection": {
		"SensorId": 0,
		"SensorDatas": [{
				"Time": 9.396068185987547e-8,
				"TimeDiff": 0.0,
				"PhiDegree": 353.8844964337146,
				"Power": -36.5574678434072
			}, {
				"Time": 1.1100426343203968e-7,
				"TimeDiff": 1.704358157216421e-8,
				"PhiDegree": 327.3140297868881,
				"Power": -39.68778266527596
			}, {
				"Time": 1.9942575424234977e-7,
				"TimeDiff": 1.054650723824743e-7,
				"PhiDegree": 297.93534634408525,
				"Power": -49.68832365189522
			}, {
				"Time": 5.016177526795327e-7,
				"TimeDiff": 4.0765707081965726e-7,
				"PhiDegree": 229.6949350395824,
				"Power": -51.836570933764136
			}]
	}
}