{
	"SensorDataCollection": {
		"SensorId": 0,
		"SensorDatas": [{
				"Time": 7.739282576649947e-8,
				"TimeDiff": 0.0,
				"PhiDegree": 352.56859202882754,
				"Power": -34.84636780091568
			}, {
				"Time": 9.738062561228836e-8,
				"TimeDiff": 1.9987799845788886e-8,
				"PhiDegree": 322.005521895417,
				"Power": -37.41837043932638
			}]
	}
}