{
	"SensorDataCollection": {
		"SensorId": 0,
		"SensorDatas": [{
				"Time": 4.854317693882232e-7,
				"TimeDiff": 0.0,
				"PhiDegree": 34.691517003914015,
				"Power": -54.29779908067445
			}, {
				"Time": 4.3787306590621434e-7,
				"TimeDiff": -4.755870348200891e-8,
				"PhiDegree": 335.71806711977956,
				"Power": -59.96133847736691
			}, {
				"Time": 5.431093493753861e-7,
				"TimeDiff": 5.767757998716288e-8,
				"PhiDegree": 152.39812409446577,
				"Power": -62.09039743379685
			}, {
				"Time": 5.183526399637392e-7,
				"TimeDiff": 3.292087057551594e-8,
				"PhiDegree": 158.2042064443207,
				"Power": -64.33416200416376
			}]
	}
}