{
	"SensorDataCollection": {
		"SensorId": 0,
		"SensorDatas": [{
				"Time": 4.822122589494821e-7,
				"TimeDiff": 0.0,
				"PhiDegree": 212.97005114539346,
				"Power": -55.527245718562384
			}, {
				"Time": 4.764294970388706e-7,
				"TimeDiff": -5.7827619106115045e-9,
				"PhiDegree": 148.1180512166098,
				"Power": -56.351825087830846
			}, {
				"Time": 4.480030799304104e-7,
				"TimeDiff": -3.4209179019071714e-8,
				"PhiDegree": 154.55753322391,
				"Power": -58.96713304796258
			}]
	}
}