{
	"SensorDataCollection": {
		"SensorId": 0,
		"SensorDatas": [{
				"Time": 5.02179461217397e-7,
				"TimeDiff": 0.0,
				"PhiDegree": 149.92798385307742,
				"Power": -58.563822177894224
			}, {
				"Time": 4.7529559775682493e-7,
				"TimeDiff": -2.688386346057207e-8,
				"PhiDegree": 156.11290113273978,
				"Power": -61.102261785331336
			}, {
				"Time": 4.80837360640179e-7,
				"TimeDiff": -2.134210057721796e-8,
				"PhiDegree": 338.00766484544926,
				"Power": -63.43295582155069
			}]
	}
}