{
	"SensorDataCollection": {
		"SensorId": 0,
		"SensorDatas": [{
				"Time": 4.849581256777093e-7,
				"TimeDiff": 0.0,
				"PhiDegree": 148.7426947293127,
				"Power": -57.08146586694937
			}, {
				"Time": 4.5706244391686717e-7,
				"TimeDiff": -2.7895681760842138e-8,
				"PhiDegree": 155.0966131993494,
				"Power": -59.68294479473512
			}, {
				"Time": 4.994567159013288e-7,
				"TimeDiff": 1.4498590223619449e-8,
				"PhiDegree": 338.8677342373819,
				"Power": -64.8768122930234
			}]
	}
}