{
	"SensorDataCollection": {
		"SensorId": 0,
		"SensorDatas": [{
				"Time": 4.6641688117944825e-7,
				"TimeDiff": 0.0,
				"PhiDegree": 36.32474750130574,
				"Power": -52.92835033904163
			}, {
				"Time": 5.639114465255787e-7,
				"TimeDiff": 9.749456534613043e-8,
				"PhiDegree": 153.49771659504964,
				"Power": -63.86489698774193
			}]
	}
}