{
	"SensorDataCollection": {
		"SensorId": 0,
		"SensorDatas": [{
				"Time": 4.5839051186370496e-7,
				"TimeDiff": 0.0,
				"PhiDegree": 37.06591534353902,
				"Power": -52.37538088452378
			}, {
				"Time": 6.116229677406761e-7,
				"TimeDiff": 1.5323245587697113e-7,
				"PhiDegree": 62.37335385200634,
				"Power": -63.09204776081229
			}, {
				"Time": 5.728869081064073e-7,
				"TimeDiff": 1.1449639624270239e-7,
				"PhiDegree": 153.94445275409595,
				"Power": -64.62435967188378
			}]
	}
}