{
	"SensorDataCollection": {
		"SensorId": 0,
		"SensorDatas": [{
				"Time": 5.076070265265923e-7,
				"TimeDiff": 0.0,
				"PhiDegree": 32.97640649224798,
				"Power": -55.96787299359734
			}, {
				"Time": 5.196014122905772e-7,
				"TimeDiff": 1.1994385763984876e-8,
				"PhiDegree": 151.0342362469349,
				"Power": -60.067627433084255
			}, {
				"Time": 4.6233506517881113e-7,
				"TimeDiff": -4.5271961347781194e-8,
				"PhiDegree": 337.07853322382346,
				"Power": -61.961713142778876
			}, {
				"Time": 4.936672174985745e-7,
				"TimeDiff": -1.3939809028017811e-8,
				"PhiDegree": 157.0538256088212,
				"Power": -62.50219169745269
			}]
	}
}