{
	"SensorDataCollection": {
		"SensorId": 0,
		"SensorDatas": [{
				"Time": 3.89115938537534e-8,
				"TimeDiff": 0.0,
				"PhiDegree": 329.03624346792645,
				"Power": -28.458101372487306
			}, {
				"Time": 6.005780305209954e-8,
				"TimeDiff": 2.1146209198346132e-8,
				"PhiDegree": 303.75010191195577,
				"Power": -34.0712549743492
			}]
	}
}