{
	"SensorDataCollection": {
		"SensorId": 0,
		"SensorDatas": [{
				"Time": 5.160330631158014e-7,
				"TimeDiff": 0.0,
				"PhiDegree": 32.371459598084606,
				"Power": -56.61593955911289
			}, {
				"Time": 5.10866637063165e-7,
				"TimeDiff": -5.166426052636366e-9,
				"PhiDegree": 150.49054146243566,
				"Power": -59.31366806888397
			}, {
				"Time": 4.844650811386204e-7,
				"TimeDiff": -3.156798197718098e-8,
				"PhiDegree": 156.59228357637235,
				"Power": -61.80483761583707
			}, {
				"Time": 4.715707172242604e-7,
				"TimeDiff": -4.446234589154098e-8,
				"PhiDegree": 337.5522126621718,
				"Power": -62.70064452204571
			}]
	}
}