{
	"SensorDataCollection": {
		"SensorId": 0,
		"SensorDatas": [{
				"Time": 8.070259488593998e-8,
				"TimeDiff": 0.0,
				"PhiDegree": 352.87498365109815,
				"Power": -35.217353363927096
			}, {
				"Time": 1.0003122305480962e-7,
				"TimeDiff": 1.9328628168869638e-8,
				"PhiDegree": 323.1820858621126,
				"Power": -37.84531666187786
			}]
	}
}