{
	"SensorDataCollection": {
		"SensorId": 0,
		"SensorDatas": [{
				"Time": 5.234562856648603e-7,
				"TimeDiff": 0.0,
				"PhiDegree": 32.288840916712466,
				"Power": -56.81116810991115
			}, {
				"Time": 5.067403878853316e-7,
				"TimeDiff": -1.671589777952871e-8,
				"PhiDegree": 149.79054296236674,
				"Power": -58.49963607872432
			}, {
				"Time": 4.770156259308172e-7,
				"TimeDiff": -4.6440659734043086e-8,
				"PhiDegree": 156.641642175272,
				"Power": -61.72651965310371
			}, {
				"Time": 4.790127190095095e-7,
				"TimeDiff": -4.444356665535078e-8,
				"PhiDegree": 337.4881385677966,
				"Power": -62.75883225231689
			}]
	}
}