{
	"SensorDataCollection": {
		"SensorId": 0,
		"SensorDatas": [{
				"Time": 9.727898463438351e-8,
				"TimeDiff": 0.0,
				"PhiDegree": 354.09385888622955,
				"Power": -36.86198209514992
			}, {
				"Time": 1.1382678777868394e-7,
				"TimeDiff": 1.6547803144300424e-8,
				"PhiDegree": 328.221071292883,
				"Power": -40.16865014450079
			}, {
				"Time": 2.010105036336509e-7,
				"TimeDiff": 1.0373151899926738e-7,
				"PhiDegree": 298.7756266022711,
				"Power": -49.087861276373985
			}, {
				"Time": 5.037825095551546e-7,
				"TimeDiff": 4.065035249207711e-7,
				"PhiDegree": 229.40553798241115,
				"Power": -51.789640712615494
			}]
	}
}