{
	"SensorDataCollection": {
		"SensorId": 0,
		"SensorDatas": [{
				"Time": 4.866978079494693e-7,
				"TimeDiff": 0.0,
				"PhiDegree": 148.40690838082247,
				"Power": -56.799316248190564
			}, {
				"Time": 4.5566746968684486e-7,
				"TimeDiff": -3.103033826262446e-8,
				"PhiDegree": 155.47715626341787,
				"Power": -60.05160026837484
			}, {
				"Time": 5.006693223549438e-7,
				"TimeDiff": 1.3971514405474458e-8,
				"PhiDegree": 338.5115706004259,
				"Power": -64.42846652065359
			}]
	}
}