{
	"SensorDataCollection": {
		"SensorId": 0,
		"SensorDatas": [{
				"Time": 5.206386536303739e-7,
				"TimeDiff": 0.0,
				"PhiDegree": 32.484991919950154,
				"Power": -56.59618042688352
			}, {
				"Time": 5.096266514937385e-7,
				"TimeDiff": -1.1012002136635308e-8,
				"PhiDegree": 149.97929393556095,
				"Power": -58.74537422169713
			}, {
				"Time": 4.800806292496225e-7,
				"TimeDiff": -4.0558024380751335e-8,
				"PhiDegree": 156.79952710973402,
				"Power": -61.9634843432471
			}, {
				"Time": 4.759320430743028e-7,
				"TimeDiff": -4.470661055607106e-8,
				"PhiDegree": 337.33434278430474,
				"Power": -62.5174230218023
			}]
	}
}