{
	"SensorDataCollection": {
		"SensorId": 0,
		"SensorDatas": [{
				"Time": 5.009846438583941e-7,
				"TimeDiff": 0.0,
				"PhiDegree": 149.4065269099326,
				"Power": -58.010034205819395
			}, {
				"Time": 4.708966978541207e-7,
				"TimeDiff": -3.008794600427343e-8,
				"PhiDegree": 156.31971253792986,
				"Power": -61.250787384258516
			}, {
				"Time": 4.851842276225849e-7,
				"TimeDiff": -1.5800416235809257e-8,
				"PhiDegree": 337.7898655725235,
				"Power": -63.239524866711974
			}]
	}
}