{
	"SensorDataCollection": {
		"SensorId": 0,
		"SensorDatas": [{
				"Time": 4.895430471130704e-7,
				"TimeDiff": 0.0,
				"PhiDegree": 148.611494757686,
				"Power": -57.03972646829196
			}, {
				"Time": 4.5870522304061787e-7,
				"TimeDiff": -3.0837824072452576e-8,
				"PhiDegree": 155.65014024123943,
				"Power": -60.292501391237025
			}, {
				"Time": 4.975661066780396e-7,
				"TimeDiff": 8.023059564969144e-9,
				"PhiDegree": 338.37082508560104,
				"Power": -64.19216910153226
			}]
	}
}