{
	"SensorDataCollection": {
		"SensorId": 0,
		"SensorDatas": [{
				"Time": 1.0724072141186147e-7,
				"TimeDiff": 0.0,
				"PhiDegree": 354.6441749571448,
				"Power": -37.71556942936303
			}, {
				"Time": 1.2244961859251917e-7,
				"TimeDiff": 1.52088971806577e-8,
				"PhiDegree": 330.6885121168119,
				"Power": -41.62982247170987
			}, {
				"Time": 2.0601600435037528e-7,
				"TimeDiff": 9.877528293851382e-8,
				"PhiDegree": 301.2164789025224,
				"Power": -47.590449641155345
			}, {
				"Time": 2.5006505057200654e-7,
				"TimeDiff": 1.4282432916014506e-7,
				"PhiDegree": 295.2759939835204,
				"Power": -58.56013207247997
			}]
	}
}