{
	"SensorDataCollection": {
		"SensorId": 0,
		"SensorDatas": [{
				"Time": 5.066450692923024e-7,
				"TimeDiff": 0.0,
				"PhiDegree": 33.49834065624185,
				"Power": -55.53804945034378
			}, {
				"Time": 5.241381833349023e-7,
				"TimeDiff": 1.749311404259988e-8,
				"PhiDegree": 150.8917595275466,
				"Power": -59.9816459875025
			}, {
				"Time": 4.6058216227838603e-7,
				"TimeDiff": -4.606290701391642e-8,
				"PhiDegree": 336.5345675604225,
				"Power": -61.30016751152044
			}, {
				"Time": 4.954582948115864e-7,
				"TimeDiff": -1.118677448071606e-8,
				"PhiDegree": 157.55958799923468,
				"Power": -63.138829557050244
			}]
	}
}