{
	"SensorDataCollection": {
		"SensorId": 0,
		"SensorDatas": [{
				"Time": 1.0391911348822457e-7,
				"TimeDiff": 0.0,
				"PhiDegree": 354.4724598483438,
				"Power": -37.44035718595896
			}, {
				"Time": 1.1955132334146465e-7,
				"TimeDiff": 1.563220985324008e-8,
				"PhiDegree": 329.90563274617324,
				"Power": -41.141063075987375
			}, {
				"Time": 2.0430664176119153e-7,
				"TimeDiff": 1.0038752827296696e-7,
				"PhiDegree": 300.41620387874053,
				"Power": -48.04220399672616
			}, {
				"Time": 5.081500863518301e-7,
				"TimeDiff": 4.0423097286360556e-7,
				"PhiDegree": 228.8341772994292,
				"Power": -51.71409189507162
			}]
	}
}