{
	"SensorDataCollection": {
		"SensorId": 0,
		"SensorDatas": [{
				"Time": 5.122231737628691e-7,
				"TimeDiff": 0.0,
				"PhiDegree": 33.086359637111975,
				"Power": -55.957713717932876
			}, {
				"Time": 5.183178866661087e-7,
				"TimeDiff": 6.094712903239529e-9,
				"PhiDegree": 150.53290625999068,
				"Power": -59.485790565525605
			}, {
				"Time": 4.667111330475608e-7,
				"TimeDiff": -4.551204071530834e-8,
				"PhiDegree": 336.8607893494601,
				"Power": -61.78906518201076
			}, {
				"Time": 4.892969633116623e-7,
				"TimeDiff": -2.292621045120685e-8,
				"PhiDegree": 157.26129760800492,
				"Power": -62.670629241898695
			}]
	}
}