{
	"SensorDataCollection": {
		"SensorId": 0,
		"SensorDatas": [{
				"Time": 4.4781297743504066e-7,
				"TimeDiff": 0.0,
				"PhiDegree": 38.09522047577263,
				"Power": -51.67647627398384
			}, {
				"Time": 6.179250328224833e-7,
				"TimeDiff": 1.7011205538744263e-7,
				"PhiDegree": 61.27684848657904,
				"Power": -61.8530067367206
			}, {
				"Time": 5.849064241897811e-7,
				"TimeDiff": 1.3709344675474047e-7,
				"PhiDegree": 154.51872421287564,
				"Power": -65.63463206781131
			}]
	}
}