{
	"SensorDataCollection": {
		"SensorId": 0,
		"SensorDatas": [{
				"Time": 4.981153573703705e-7,
				"TimeDiff": 0.0,
				"PhiDegree": 149.211195285931,
				"Power": -57.76626760503825
			}, {
				"Time": 4.6784291799300005e-7,
				"TimeDiff": -3.027243937737046e-8,
				"PhiDegree": 156.15559242031847,
				"Power": -61.012046401832876
			}, {
				"Time": 4.882749319252031e-7,
				"TimeDiff": -9.840425445167371e-9,
				"PhiDegree": 337.93786678678526,
				"Power": -63.47879035742068
			}]
	}
}