{
	"SensorDataCollection": {
		"SensorId": 0,
		"SensorDatas": [{
				"Time": 5.094308292707478e-7,
				"TimeDiff": 0.0,
				"PhiDegree": 33.29122238404356,
				"Power": -55.747244196989925
			}, {
				"Time": 5.212254792854471e-7,
				"TimeDiff": 1.1794650014699312e-8,
				"PhiDegree": 150.7133346814532,
				"Power": -59.733520804422824
			}, {
				"Time": 4.6364476895821155e-7,
				"TimeDiff": -4.578606031253625e-8,
				"PhiDegree": 336.6987565438375,
				"Power": -61.54494053480015
			}, {
				"Time": 4.923759609529461e-7,
				"TimeDiff": -1.7054868317801667e-8,
				"PhiDegree": 157.41137596448357,
				"Power": -62.905058827812894
			}]
	}
}