{
	"SensorDataCollection": {
		"SensorId": 0,
		"SensorDatas": [{
				"Time": 3.0840759508580757e-7,
				"TimeDiff": 0.0,
				"PhiDegree": 55.76527035488241,
				"Power": -49.42105328838208
			}, {
				"Time": 4.782002072884252e-7,
				"TimeDiff": 1.6979261220261768e-7,
				"PhiDegree": 147.77857971356374,
				"Power": -56.0842271825925
			}, {
				"Time": 4.4657980800601146e-7,
				"TimeDiff": 1.381722129202039e-7,
				"PhiDegree": 154.94410700660114,
				"Power": -59.32599570384971
			}, {
				"Time": 5.099966548663585e-7,
				"TimeDiff": 2.015890597805509e-7,
				"PhiDegree": 338.9235187775664,
				"Power": -65.13279051839831
			}]
	}
}