{
	"SensorDataCollection": {
		"SensorId": 0,
		"SensorDatas": [{
				"Time": 5.1782718995915e-7,
				"TimeDiff": 0.0,
				"PhiDegree": 32.683275212058874,
				"Power": -56.38223894433325
			}, {
				"Time": 5.125183835397608e-7,
				"TimeDiff": -5.3088064193892485e-9,
				"PhiDegree": 150.16591697302297,
				"Power": -58.99167530306616
			}, {
				"Time": 4.831492317433635e-7,
				"TimeDiff": -3.467795821578656e-8,
				"PhiDegree": 156.95540768137647,
				"Power": -62.19983164742186
			}, {
				"Time": 4.7285484097323285e-7,
				"TimeDiff": -4.4972348985917187e-8,
				"PhiDegree": 337.1785441493786,
				"Power": -62.2753182086163
			}]
	}
}