{
	"SensorDataCollection": {
		"SensorId": 0,
		"SensorDatas": [{
				"Time": 5.26279986988865e-7,
				"TimeDiff": 0.0,
				"PhiDegree": 32.09479251566179,
				"Power": -57.027149444130444
			}, {
				"Time": 5.038596866892377e-7,
				"TimeDiff": -2.2420300299627252e-8,
				"PhiDegree": 149.5996316174389,
				"Power": -58.25450684685447
			}, {
				"Time": 4.739542916131996e-7,
				"TimeDiff": -5.2325695375665406e-8,
				"PhiDegree": 156.48171641339417,
				"Power": -61.48894970181129
			}, {
				"Time": 4.820968021837849e-7,
				"TimeDiff": -4.4183184805080066e-8,
				"PhiDegree": 337.6399677002205,
				"Power": -62.99953595675238
			}]
	}
}