{
	"SensorDataCollection": {
		"SensorId": 0,
		"SensorDatas": [{
				"Time": 5.150219956689963e-7,
				"TimeDiff": 0.0,
				"PhiDegree": 32.88372092433532,
				"Power": -56.1693979874365
			}, {
				"Time": 5.154154919816079e-7,
				"TimeDiff": 3.93496312611639e-10,
				"PhiDegree": 150.3504439641526,
				"Power": -59.23849499681589
			}, {
				"Time": 4.6978118097014835e-7,
				"TimeDiff": -4.524081469884791e-8,
				"PhiDegree": 337.0207056321269,
				"Power": -62.03252846409276
			}, {
				"Time": 4.862213652675456e-7,
				"TimeDiff": -2.8800630401450632e-8,
				"PhiDegree": 157.1093195535204,
				"Power": -62.435550176108435
			}]
	}
}