{
	"SensorDataCollection": {
		"SensorId": 0,
		"SensorDatas": [{
				"Time": 4.952519272748432e-7,
				"TimeDiff": 0.0,
				"PhiDegree": 149.01360262024053,
				"Power": -57.52325832870358
			}, {
				"Time": 4.6479302720397987e-7,
				"TimeDiff": -3.045890007086331e-8,
				"PhiDegree": 155.9893170682688,
				"Power": -60.77274130059408
			}, {
				"Time": 4.91368853219599e-7,
				"TimeDiff": -3.883074055244216e-9,
				"PhiDegree": 338.0840051762267,
				"Power": -63.717324417787665
			}]
	}
}