{
	"SensorDataCollection": {
		"SensorId": 0,
		"SensorDatas": [{
				"Time": 4.7377154731424053e-7,
				"TimeDiff": 0.0,
				"PhiDegree": 36.17179373352344,
				"Power": -53.15199155459561
			}, {
				"Time": 5.59460124222013e-7,
				"TimeDiff": 8.56885769077725e-8,
				"PhiDegree": 152.8869306430296,
				"Power": -62.977299876964764
			}]
	}
}