{
	"SensorDataCollection": {
		"SensorId": 0,
		"SensorDatas": [{
				"Time": 4.4987924956764726e-7,
				"TimeDiff": 0.0,
				"PhiDegree": 38.42965105439955,
				"Power": -51.57068570125689
			}, {
				"Time": 6.150010485560091e-7,
				"TimeDiff": 1.6512179898836182e-7,
				"PhiDegree": 61.12745879944535,
				"Power": -61.63930706558973
			}, {
				"Time": 5.86349637725187e-7,
				"TimeDiff": 1.3647038815753975e-7,
				"PhiDegree": 154.2243950038985,
				"Power": -65.22641378570046
			}]
	}
}