{
	"SensorDataCollection": {
		"SensorId": 0,
		"SensorDatas": [{
				"Time": 4.6040931549978717e-7,
				"TimeDiff": 0.0,
				"PhiDegree": 37.397246429982445,
				"Power": -52.24598134395815
			}, {
				"Time": 6.086687097298792e-7,
				"TimeDiff": 1.48259394230092e-7,
				"PhiDegree": 62.22770857830099,
				"Power": -62.86720049028074
			}, {
				"Time": 5.743603242579531e-7,
				"TimeDiff": 1.1395100875816594e-7,
				"PhiDegree": 153.64542994512865,
				"Power": -64.22791020088609
			}]
	}
}