{
	"SensorDataCollection": {
		"SensorId": 0,
		"SensorDatas": [{
				"Time": 4.818882858621844e-7,
				"TimeDiff": 0.0,
				"PhiDegree": 35.46933097775991,
				"Power": -53.723629541786124
			}, {
				"Time": 5.505691018950593e-7,
				"TimeDiff": 6.868081603287488e-8,
				"PhiDegree": 152.4121737080995,
				"Power": -62.22665868486594
			}]
	}
}