{
	"SensorDataCollection": {
		"SensorId": 0,
		"SensorDatas": [{
				"Time": 4.577630267012695e-7,
				"TimeDiff": 0.0,
				"PhiDegree": 37.6508895677367,
				"Power": -52.0726962068172
			}, {
				"Time": 6.102305888367179e-7,
				"TimeDiff": 1.524675621354484e-7,
				"PhiDegree": 61.95051179657098,
				"Power": -62.54702865776639
			}, {
				"Time": 5.773520688834267e-7,
				"TimeDiff": 1.1958904218215723e-7,
				"PhiDegree": 153.79242454599353,
				"Power": -64.47776157783915
			}]
	}
}