{
	"SensorDataCollection": {
		"SensorId": 0,
		"SensorDatas": [{
				"Time": 4.551258131389347e-7,
				"TimeDiff": 0.0,
				"PhiDegree": 37.90747723859785,
				"Power": -51.902306262239904
			}, {
				"Time": 6.118066780076236e-7,
				"TimeDiff": 1.566808648686889e-7,
				"PhiDegree": 61.674736773500165,
				"Power": -62.23578664973377
			}, {
				"Time": 5.803475744424112e-7,
				"TimeDiff": 1.252217613034765e-7,
				"PhiDegree": 153.93790264986404,
				"Power": -64.72747511542809
			}]
	}
}