{
	"SensorDataCollection": {
		"SensorId": 0,
		"SensorDatas": [{
				"Time": 4.630645239469361e-7,
				"TimeDiff": 0.0,
				"PhiDegree": 37.14650720077791,
				"Power": -52.42204816268668
			}, {
				"Time": 6.071211503574957e-7,
				"TimeDiff": 1.440566264105596e-7,
				"PhiDegree": 62.50632506533289,
				"Power": -63.19650577973134
			}, {
				"Time": 5.713723996435016e-7,
				"TimeDiff": 1.083078756965655e-7,
				"PhiDegree": 153.4968969762001,
				"Power": -63.977940614928116
			}]
	}
}