{
	"SensorDataCollection": {
		"SensorId": 0,
		"SensorDatas": [{
				"Time": 5.010937418851649e-7,
				"TimeDiff": 0.0,
				"PhiDegree": 33.9194720517945,
				"Power": -55.12373461320951
			}, {
				"Time": 5.299785884740828e-7,
				"TimeDiff": 2.8884846588917902e-8,
				"PhiDegree": 151.24271712920142,
				"Power": -60.478929366563335
			}, {
				"Time": 4.5446852490277895e-7,
				"TimeDiff": -4.662521698238595e-8,
				"PhiDegree": 336.1995578130792,
				"Power": -60.80873261716536
			}, {
				"Time": 5.016327251176644e-7,
				"TimeDiff": 5.389832324995262e-10,
				"PhiDegree": 157.85054300132535,
				"Power": -63.60435996718351
			}]
	}
}