{
	"SensorDataCollection": {
		"SensorId": 0,
		"SensorDatas": [{
				"Time": 4.657284994848042e-7,
				"TimeDiff": 0.0,
				"PhiDegree": 36.89863173546771,
				"Power": -52.600786929869315
			}, {
				"Time": 6.055880205003452e-7,
				"TimeDiff": 1.3985952101554104e-7,
				"PhiDegree": 62.78635891466229,
				"Power": -63.53515437160404
			}, {
				"Time": 5.683883552835952e-7,
				"TimeDiff": 1.0265985579879103e-7,
				"PhiDegree": 153.34680339067486,
				"Power": -63.72787320803647
			}]
	}
}