{
	"SensorDataCollection": {
		"SensorId": 0,
		"SensorDatas": [{
				"Time": 4.476574521911608e-8,
				"TimeDiff": 0.0,
				"PhiDegree": 333.43494882292197,
				"Power": -29.82523865179564
			}, {
				"Time": 6.400624591575522e-8,
				"TimeDiff": 1.9240500696639137e-8,
				"PhiDegree": 308.7232473392445,
				"Power": -33.66923555316636
			}]
	}
}