{
	"SensorDataCollection": {
		"SensorId": 0,
		"SensorDatas": [{
				"Time": 4.5249783348762076e-7,
				"TimeDiff": 0.0,
				"PhiDegree": 38.167050543318624,
				"Power": -51.73492893440148
			}, {
				"Time": 6.133968677066952e-7,
				"TimeDiff": 1.608990342190745e-7,
				"PhiDegree": 61.40038527794511,
				"Power": -61.933276781428376
			}, {
				"Time": 5.833467829973452e-7,
				"TimeDiff": 1.308489495097244e-7,
				"PhiDegree": 154.08188575708203,
				"Power": -64.97703191519756
			}]
	}
}