{
	"SensorDataCollection": {
		"SensorId": 0,
		"SensorDatas": [{
				"Time": 4.955700914043636e-7,
				"TimeDiff": 0.0,
				"PhiDegree": 34.35001504785199,
				"Power": -54.715291331097205
			}, {
				"Time": 4.4837084814399003e-7,
				"TimeDiff": -4.719924326037354e-8,
				"PhiDegree": 335.8554240162534,
				"Power": -60.31488230794662
			}, {
				"Time": 5.358384445634051e-7,
				"TimeDiff": 4.0268353159041484e-8,
				"PhiDegree": 151.586011329045,
				"Power": -60.97735054511803
			}, {
				"Time": 5.07819776436604e-7,
				"TimeDiff": 1.2249685032240393e-8,
				"PhiDegree": 158.1344154420913,
				"Power": -64.06715719591759
			}]
	}
}