{
	"SensorDataCollection": {
		"SensorId": 0,
		"SensorDatas": [{
				"Time": 4.873385672853054e-7,
				"TimeDiff": 0.0,
				"PhiDegree": 35.01406633081796,
				"Power": -54.11486697875293
			}, {
				"Time": 4.3925571269424127e-7,
				"TimeDiff": -4.808285459106411e-8,
				"PhiDegree": 335.3213411378657,
				"Power": -59.56988374063175
			}, {
				"Time": 5.446633253496484e-7,
				"TimeDiff": 5.7324758064343046e-8,
				"PhiDegree": 152.08707261995414,
				"Power": -61.72653114504445
			}]
	}
}