{
	"SensorDataCollection": {
		"SensorId": 0,
		"SensorDatas": [{
				"Time": 4.900750536931677e-7,
				"TimeDiff": 0.0,
				"PhiDegree": 34.79023842106667,
				"Power": -54.31327774583953
			}, {
				"Time": 4.4228979213089784e-7,
				"TimeDiff": -4.778526156226989e-8,
				"PhiDegree": 335.50181415616794,
				"Power": -59.818754222171094
			}, {
				"Time": 5.417171203894671e-7,
				"TimeDiff": 5.164206669629939e-8,
				"PhiDegree": 151.92186656040064,
				"Power": -61.47663989663994
			}]
	}
}