{
	"SensorDataCollection": {
		"SensorId": 0,
		"SensorDatas": [{
				"Time": 5.038660030403587e-7,
				"TimeDiff": 0.0,
				"PhiDegree": 33.70774640624353,
				"Power": -55.33019153580328
			}, {
				"Time": 5.270559140715757e-7,
				"TimeDiff": 2.318991103121706e-8,
				"PhiDegree": 151.0682105835567,
				"Power": -60.23012781563183
			}, {
				"Time": 4.5752338846303627e-7,
				"TimeDiff": -4.634261457732239e-8,
				"PhiDegree": 336.3681818236337,
				"Power": -61.05475995770476
			}, {
				"Time": 4.985439030073653e-7,
				"TimeDiff": -5.322100032993407e-9,
				"PhiDegree": 157.70596636349467,
				"Power": -63.37193266410502
			}]
	}
}