{
	"SensorDataCollection": {
		"SensorId": 0,
		"SensorDatas": [{
				"Time": 5.084942172979548e-7,
				"TimeDiff": 0.0,
				"PhiDegree": 33.811859220722994,
				"Power": -55.331237451981664
			}, {
				"Time": 5.257694116117237e-7,
				"TimeDiff": 1.7275194313768893e-8,
				"PhiDegree": 150.57407023999525,
				"Power": -59.65495738681835
			}, {
				"Time": 4.6192093896293136e-7,
				"TimeDiff": -4.657327833502345e-8,
				"PhiDegree": 336.15492110643953,
				"Power": -60.900657104346976
			}, {
				"Time": 4.941942467735758e-7,
				"TimeDiff": -1.4299970524379052e-8,
				"PhiDegree": 157.91714022876712,
				"Power": -63.557557361933874
			}]
	}
}