{
	"SensorDataCollection": {
		"SensorId": 0,
		"SensorDatas": [{
				"Time": 4.5718338615115316e-7,
				"TimeDiff": 0.0,
				"PhiDegree": 38.237408384503695,
				"Power": -51.793454859786564
			}, {
				"Time": 6.088715965998023e-7,
				"TimeDiff": 1.5168821044864918e-7,
				"PhiDegree": 61.525758966023155,
				"Power": -62.016660630463136
			}, {
				"Time": 5.818212320963515e-7,
				"TimeDiff": 1.2463784594519835e-7,
				"PhiDegree": 153.6427308563075,
				"Power": -64.33627406109387
			}]
	}
}