{
	"SensorDataCollection": {
		"SensorId": 0,
		"SensorDatas": [{
				"Time": 4.82803186460815e-7,
				"TimeDiff": 0.0,
				"PhiDegree": 147.6547197482921,
				"Power": -56.060285962375815
			}, {
				"Time": 4.4821132985934226e-7,
				"TimeDiff": -3.459185660147275e-8,
				"PhiDegree": 155.51114379749112,
				"Power": -59.94411270454806
			}, {
				"Time": 4.2427972787070297e-7,
				"TimeDiff": -5.8523458590112046e-8,
				"PhiDegree": 164.02316242104533,
				"Power": -60.731815083906156
			}, {
				"Time": 5.081014413685399e-7,
				"TimeDiff": 2.5298254907724884e-8,
				"PhiDegree": 338.4371230048645,
				"Power": -64.4598073006984
			}]
	}
}