{
	"SensorDataCollection": {
		"SensorId": 0,
		"SensorDatas": [{
				"Time": 4.974604087581113e-7,
				"TimeDiff": 0.0,
				"PhiDegree": 34.6672994840782,
				"Power": -54.52700069424961
			}, {
				"Time": 4.4974597620070327e-7,
				"TimeDiff": -4.771443255740801e-8,
				"PhiDegree": 335.4675338025635,
				"Power": -59.92786084902522
			}, {
				"Time": 5.374341612040082e-7,
				"TimeDiff": 3.9973752445896895e-8,
				"PhiDegree": 151.27314347542506,
				"Power": -60.635551247117704
			}]
	}
}