{
	"SensorDataCollection": {
		"SensorId": 0,
		"SensorDatas": [{
				"Time": 4.892606891534941e-7,
				"TimeDiff": 0.0,
				"PhiDegree": 35.33409138300604,
				"Power": -53.94116384609596
			}, {
				"Time": 5.462332623869251e-7,
				"TimeDiff": 5.6972573233431033e-8,
				"PhiDegree": 151.77780006899025,
				"Power": -61.373970612711915
			}]
	}
}