{
	"SensorDataCollection": {
		"SensorId": 0,
		"SensorDatas": [{
				"Time": 5.140522566111e-7,
				"TimeDiff": 0.0,
				"PhiDegree": 33.397956208968566,
				"Power": -55.7420225763497
			}, {
				"Time": 5.199673745485841e-7,
				"TimeDiff": 5.915117937484113e-9,
				"PhiDegree": 150.21279852938602,
				"Power": -59.16700114774153
			}, {
				"Time": 4.6803237853155054e-7,
				"TimeDiff": -4.6019878079549435e-8,
				"PhiDegree": 336.4851802765613,
				"Power": -61.383651303050584
			}, {
				"Time": 4.880169566239591e-7,
				"TimeDiff": -2.603529998714086e-8,
				"PhiDegree": 157.62259234847843,
				"Power": -63.08428289907994
			}]
	}
}