{
	"SensorDataCollection": {
		"SensorId": 0,
		"SensorDatas": [{
				"Time": 4.912891551150669e-7,
				"TimeDiff": 0.0,
				"PhiDegree": 148.27930977278658,
				"Power": -56.764198931208995
			}, {
				"Time": 4.573396038954421e-7,
				"TimeDiff": -3.394955121962481e-8,
				"PhiDegree": 156.03097478163747,
				"Power": -60.67784728019623
			}, {
				"Time": 4.988056296375422e-7,
				"TimeDiff": 7.516474522475305e-9,
				"PhiDegree": 338.0145425059666,
				"Power": -63.7602627240192
			}]
	}
}