{
	"SensorDataCollection": {
		"SensorId": 0,
		"SensorDatas": [{
				"Time": 4.6508697694674316e-7,
				"TimeDiff": 0.0,
				"PhiDegree": 37.47415703193252,
				"Power": -52.295957976339565
			}, {
				"Time": 6.041633066503438e-7,
				"TimeDiff": 1.3907632970360065e-7,
				"PhiDegree": 62.36024471114222,
				"Power": -62.96892491874458
			}, {
				"Time": 5.728691456443607e-7,
				"TimeDiff": 1.077821686976175e-7,
				"PhiDegree": 153.19824995404343,
				"Power": -63.595782954442384
			}]
	}
}