{
	"SensorDataCollection": {
		"SensorId": 0,
		"SensorDatas": [{
				"Time": 4.884540871154064e-7,
				"TimeDiff": 0.0,
				"PhiDegree": 148.073525348125,
				"Power": -56.528486098696106
			}, {
				"Time": 4.5429271904501026e-7,
				"TimeDiff": -3.4161368070396136e-8,
				"PhiDegree": 155.86001945102277,
				"Power": -60.43381870165574
			}, {
				"Time": 4.306991593270949e-7,
				"TimeDiff": -5.775492778831152e-8,
				"PhiDegree": 164.26751381188598,
				"Power": -61.102080380446935
			}, {
				"Time": 5.019011814996267e-7,
				"TimeDiff": 1.3447094384220284e-8,
				"PhiDegree": 338.1571416493453,
				"Power": -63.99416243674784
			}]
	}
}