{
	"SensorDataCollection": {
		"SensorId": 0,
		"SensorDatas": [{
				"Time": 4.856253935501709e-7,
				"TimeDiff": 0.0,
				"PhiDegree": 147.86534088625328,
				"Power": -56.29382753585095
			}, {
				"Time": 4.5124993320589205e-7,
				"TimeDiff": -3.437546034427889e-8,
				"PhiDegree": 155.6867570512171,
				"Power": -60.189234494175565
			}, {
				"Time": 4.274884717581044e-7,
				"TimeDiff": -5.813692179206651e-8,
				"PhiDegree": 164.14625544869781,
				"Power": -60.91750134791366
			}, {
				"Time": 5.04999804136875e-7,
				"TimeDiff": 1.9374410586704045e-8,
				"PhiDegree": 338.2979917113172,
				"Power": -64.22734604672922
			}]
	}
}