{
	"SensorDataCollection": {
		"SensorId": 0,
		"SensorDatas": [{
				"Time": 4.947197656079962e-7,
				"TimeDiff": 0.0,
				"PhiDegree": 34.887106415140124,
				"Power": -54.32994846094317
			}, {
				"Time": 4.4671269436872635e-7,
				"TimeDiff": -4.80070712392699e-8,
				"PhiDegree": 335.28984046351934,
				"Power": -59.68334439991153
			}, {
				"Time": 5.403625120019401e-7,
				"TimeDiff": 4.564274639394389e-8,
				"PhiDegree": 151.44318799910775,
				"Power": -60.88146349429934
			}]
	}
}