{
	"SensorDataCollection": {
		"SensorId": 0,
		"SensorDatas": [{
				"Time": 4.865425050468147e-7,
				"TimeDiff": 0.0,
				"PhiDegree": 35.56133836856531,
				"Power": -53.749587532392155
			}, {
				"Time": 5.491755117908014e-7,
				"TimeDiff": 6.263300674398665e-8,
				"PhiDegree": 151.94242051883256,
				"Power": -61.620503359660745
			}]
	}
}