{
	"SensorDataCollection": {
		"SensorId": 0,
		"SensorDatas": [{
				"Time": 5.224382742882706e-7,
				"TimeDiff": 0.0,
				"PhiDegree": 32.79366656442906,
				"Power": -56.367627356126576
			}, {
				"Time": 5.113041784198979e-7,
				"TimeDiff": -1.1134095868372671e-8,
				"PhiDegree": 149.65555484175692,
				"Power": -58.43888578994833
			}, {
				"Time": 4.772277603704992e-7,
				"TimeDiff": -4.521051391777145e-8,
				"PhiDegree": 336.96468264830776,
				"Power": -62.10355191140201
			}, {
				"Time": 4.787759833442051e-7,
				"TimeDiff": -4.366229094406555e-8,
				"PhiDegree": 157.16653951126958,
				"Power": -62.369178799064656
			}]
	}
}