{
	"SensorDataCollection": {
		"SensorId": 0,
		"SensorDatas": [{
				"Time": 4.969779778082454e-7,
				"TimeDiff": 0.0,
				"PhiDegree": 148.68382211220455,
				"Power": -57.23854752235276
			}, {
				"Time": 4.6344534713808124e-7,
				"TimeDiff": -3.353263067016418e-8,
				"PhiDegree": 156.36613442945912,
				"Power": -61.16417047118996
			}, {
				"Time": 4.926239697352398e-7,
				"TimeDiff": -4.354008073005601e-9,
				"PhiDegree": 337.72397235168216,
				"Power": -63.29034256119337
			}]
	}
}