{
	"SensorDataCollection": {
		"SensorId": 0,
		"SensorDatas": [{
				"Time": 4.624433809519176e-7,
				"TimeDiff": 0.0,
				"PhiDegree": 37.72567368787915,
				"Power": -52.12555833029833
			}, {
				"Time": 6.057184231105278e-7,
				"TimeDiff": 1.4327504215861027e-7,
				"PhiDegree": 62.080643551018,
				"Power": -62.64243388090509
			}, {
				"Time": 5.758493041053599e-7,
				"TimeDiff": 1.1340592315344228e-7,
				"PhiDegree": 153.3479454413172,
				"Power": -63.84269495234926
			}]
	}
}