{
	"SensorDataCollection": {
		"SensorId": 0,
		"SensorDatas": [{
				"Time": 4.838320605731415e-7,
				"TimeDiff": 0.0,
				"PhiDegree": 35.791135094332354,
				"Power": -53.55999698670932
			}, {
				"Time": 5.521222463535214e-7,
				"TimeDiff": 6.829018578037984e-8,
				"PhiDegree": 152.10528510786477,
				"Power": -61.86718265699295
			}]
	}
}