{
	"SensorDataCollection": {
		"SensorId": 0,
		"SensorDatas": [{
				"Time": 5.112699019096857e-7,
				"TimeDiff": 0.0,
				"PhiDegree": 33.60378282748174,
				"Power": -55.53596158388679
			}, {
				"Time": 5.228657946483691e-7,
				"TimeDiff": 1.1595892738683403e-8,
				"PhiDegree": 150.39443660572135,
				"Power": -59.41075232502553
			}, {
				"Time": 4.6497472772794446e-7,
				"TimeDiff": -4.629517418174124e-8,
				"PhiDegree": 336.3211358882035,
				"Power": -61.14245104889058
			}, {
				"Time": 4.91103979388107e-7,
				"TimeDiff": -2.0165922521578727e-8,
				"PhiDegree": 157.77079252104622,
				"Power": -63.32127207763014
			}]
	}
}