{
	"SensorDataCollection": {
		"SensorId": 0,
		"SensorDatas": [{
				"Time": 5.057253126027256e-7,
				"TimeDiff": 0.0,
				"PhiDegree": 34.02221689843215,
				"Power": -55.12791313550396
			}, {
				"Time": 5.286781398116916e-7,
				"TimeDiff": 2.2952827208966007e-8,
				"PhiDegree": 150.75172895612621,
				"Power": -59.89957704155265
			}, {
				"Time": 4.5887108934216035e-7,
				"TimeDiff": -4.685422326056522e-8,
				"PhiDegree": 335.98649542525555,
				"Power": -60.65828457897551
			}, {
				"Time": 4.972876982917577e-7,
				"TimeDiff": -8.437614310967886e-9,
				"PhiDegree": 158.06166811463967,
				"Power": -63.79313096836884
			}]
	}
}