{
	"SensorDataCollection": {
		"SensorId": 0,
		"SensorDatas": [{
				"Time": 5.252462525228614e-7,
				"TimeDiff": 0.0,
				"PhiDegree": 32.59653280234652,
				"Power": -56.5784460332102
			}, {
				"Time": 5.084274379605242e-7,
				"TimeDiff": -1.681881456233718e-8,
				"PhiDegree": 149.4655936145386,
				"Power": -58.197372707665764
			}, {
				"Time": 4.757025741244904e-7,
				"TimeDiff": -4.9543678398370984e-8,
				"PhiDegree": 157.01058811467004,
				"Power": -62.12946403687353
			}, {
				"Time": 4.803001255634294e-7,
				"TimeDiff": -4.4946126959432014e-8,
				"PhiDegree": 337.120432688969,
				"Power": -62.34224347757454
			}]
	}
}