{
	"SensorDataCollection": {
		"SensorId": 0,
		"SensorDatas": [{
				"Time": 4.6773943389415555e-7,
				"TimeDiff": 0.0,
				"PhiDegree": 37.2254882306691,
				"Power": -52.46910743171463
			}, {
				"Time": 6.02622651801934e-7,
				"TimeDiff": 1.3488321790777847e-7,
				"PhiDegree": 62.64128223973163,
				"Power": -63.304764058366885
			}, {
				"Time": 5.698929385234711e-7,
				"TimeDiff": 1.0215350462931552e-7,
				"PhiDegree": 153.04698988674306,
				"Power": -63.34881724726446
			}]
	}
}