{
	"SensorDataCollection": {
		"SensorId": 0,
		"SensorDatas": [{
				"Time": 4.5456730205575555e-7,
				"TimeDiff": 0.0,
				"PhiDegree": 38.4977064635362,
				"Power": -51.63198379241551
			}, {
				"Time": 6.104694318339399e-7,
				"TimeDiff": 1.5590212977818437e-7,
				"PhiDegree": 61.250479126043885,
				"Power": -61.716975970834454
			}, {
				"Time": 5.848128830577161e-7,
				"TimeDiff": 1.3024558100196057e-7,
				"PhiDegree": 153.78786395239746,
				"Power": -64.5829011934157
			}]
	}
}