{
	"SensorDataCollection": {
		"SensorId": 0,
		"SensorDatas": [{
				"Time": 5.308805661824045e-7,
				"TimeDiff": 0.0,
				"PhiDegree": 32.208532890538585,
				"Power": -57.00318580407172
			}, {
				"Time": 5.026910107997242e-7,
				"TimeDiff": -2.818955538268029e-8,
				"PhiDegree": 149.07915930175403,
				"Power": -57.71641445608836
			}, {
				"Time": 4.695665359631285e-7,
				"TimeDiff": -6.131403021927599e-8,
				"PhiDegree": 156.69256683872234,
				"Power": -61.64807947481471
			}, {
				"Time": 4.864553015201776e-7,
				"TimeDiff": -4.442526466222688e-8,
				"PhiDegree": 337.42602501663157,
				"Power": -62.817646163899866
			}]
	}
}