{
	"SensorDataCollection": {
		"SensorId": 0,
		"SensorDatas": [{
				"Time": 4.941304878294317e-7,
				"TimeDiff": 0.0,
				"PhiDegree": 148.48273020692255,
				"Power": -57.0009055285816
			}, {
				"Time": 4.6039050637487724e-7,
				"TimeDiff": -3.373998145455448e-8,
				"PhiDegree": 156.19966583384743,
				"Power": -60.921303214085825
			}, {
				"Time": 4.957132060783063e-7,
				"TimeDiff": 1.5827182488745897e-9,
				"PhiDegree": 337.8701632973411,
				"Power": -63.52565366851138
			}]
	}
}