{
	"SensorDataCollection": {
		"SensorId": 0,
		"SensorDatas": [{
				"Time": 5.02963299798041e-7,
				"TimeDiff": 0.0,
				"PhiDegree": 34.23488781902711,
				"Power": -54.92605369811034
			}, {
				"Time": 5.315918953463339e-7,
				"TimeDiff": 2.8628595548292895e-8,
				"PhiDegree": 150.92744178434023,
				"Power": -60.14457339012799
			}, {
				"Time": 4.5582525793407996e-7,
				"TimeDiff": -4.7138041863961084e-8,
				"PhiDegree": 335.8158174067373,
				"Power": -60.41534951334245
			}, {
				"Time": 5.003842748882815e-7,
				"TimeDiff": -2.579024909759569e-9,
				"PhiDegree": 158.2044081075183,
				"Power": -64.02798567265614
			}]
	}
}