{
	"SensorDataCollection": {
		"SensorId": 0,
		"SensorDatas": [{
				"Time": 5.196365474523972e-7,
				"TimeDiff": 0.0,
				"PhiDegree": 32.992928480708585,
				"Power": -56.15791345241911
			}, {
				"Time": 5.141864763129576e-7,
				"TimeDiff": -5.450071139439654e-9,
				"PhiDegree": 149.84338844021642,
				"Power": -58.68102487748341
			}, {
				"Time": 4.741589673044093e-7,
				"TimeDiff": -4.5477580147987896e-8,
				"PhiDegree": 336.806915376894,
				"Power": -61.86421470326394
			}, {
				"Time": 4.818528943367461e-7,
				"TimeDiff": -3.77836531156511e-8,
				"PhiDegree": 157.32050035564586,
				"Power": -62.60822695335301
			}]
	}
}