{
	"SensorDataCollection": {
		"SensorId": 0,
		"SensorDatas": [{
				"Time": 5.168411736792392e-7,
				"TimeDiff": 0.0,
				"PhiDegree": 33.194348300846286,
				"Power": -55.9493595137199
			}, {
				"Time": 5.1707423870424e-7,
				"TimeDiff": 2.330650250007039e-10,
				"PhiDegree": 150.0291259856851,
				"Power": -58.92374458904837
			}, {
				"Time": 4.7109381617366827e-7,
				"TimeDiff": -4.574735750557098e-8,
				"PhiDegree": 336.64709386893634,
				"Power": -61.624243645654744
			}, {
				"Time": 4.849332404456647e-7,
				"TimeDiff": -3.190793323357457e-8,
				"PhiDegree": 157.47250633559608,
				"Power": -62.84659819618568
			}]
	}
}