{
	"SensorDataCollection": {
		"SensorId": 0,
		"SensorDatas": [{
				"Time": 4.5980879874352665e-7,
				"TimeDiff": 0.0,
				"PhiDegree": 37.98007754043812,
				"Power": -51.95801914934526
			}, {
				"Time": 6.072878900844934e-7,
				"TimeDiff": 1.474790913409668e-7,
				"PhiDegree": 61.802480990360266,
				"Power": -62.325080518992195
			}, {
				"Time": 5.788333528753327e-7,
				"TimeDiff": 1.1902455413180602e-7,
				"PhiDegree": 153.49609848653338,
				"Power": -64.08953210846047
			}]
	}
}