{
	"SensorDataCollection": {
		"SensorId": 0,
		"SensorDatas": [{
				"Time": 4.874083792597635e-7,
				"TimeDiff": 0.0,
				"PhiDegree": 147.53319976246223,
				"Power": -56.038777425550364
			}, {
				"Time": 4.284120085695736e-7,
				"TimeDiff": -5.899637069018992e-8,
				"PhiDegree": 163.71698339377815,
				"Power": -60.52184345925647
			}, {
				"Time": 4.498864303574444e-7,
				"TimeDiff": -3.752194890231911e-8,
				"PhiDegree": 156.07401278747946,
				"Power": -60.58229908439651
			}, {
				"Time": 5.062431176584917e-7,
				"TimeDiff": 1.8834738398728212e-8,
				"PhiDegree": 337.94712076539844,
				"Power": -63.80425952903357
			}]
	}
}