{
	"SensorDataCollection": {
		"SensorId": 0,
		"SensorDatas": [{
				"Time": 5.270512640450756e-7,
				"TimeDiff": 0.0,
				"PhiDegree": 32.902125924013546,
				"Power": -56.354882800909365
			}, {
				"Time": 5.101307332272519e-7,
				"TimeDiff": -1.692053081782369e-8,
				"PhiDegree": 149.14280391350422,
				"Power": -57.906158281228386
			}, {
				"Time": 4.816072078100091e-7,
				"TimeDiff": -4.544405623506653e-8,
				"PhiDegree": 336.75470772272115,
				"Power": -61.939380909457554
			}, {
				"Time": 4.7440935596814274e-7,
				"TimeDiff": -5.264190807693289e-8,
				"PhiDegree": 157.3815609662865,
				"Power": -62.546288641705274
			}]
	}
}