{
	"SensorDataCollection": {
		"SensorId": 0,
		"SensorDatas": [{
				"Time": 4.804158389228373e-7,
				"TimeDiff": 0.0,
				"PhiDegree": 36.57940201692305,
				"Power": -53.0427353145366
			}, {
				"Time": 5.595812216566096e-7,
				"TimeDiff": 7.916538273377238e-8,
				"PhiDegree": 152.1230120683766,
				"Power": -62.00567912678096
			}]
	}
}