{
	"SensorDataCollection": {
		"SensorId": 0,
		"SensorDatas": [{
				"Time": 4.830993603357613e-7,
				"TimeDiff": 0.0,
				"PhiDegree": 36.34357326897153,
				"Power": -53.22290716926287
			}, {
				"Time": 5.566339719717475e-7,
				"TimeDiff": 7.353461163598621e-8,
				"PhiDegree": 151.9624236658239,
				"Power": -61.762130642732515
			}]
	}
}