{
	"SensorDataCollection": {
		"SensorId": 0,
		"SensorDatas": [{
				"Time": 4.7241521505021095e-7,
				"TimeDiff": 0.0,
				"PhiDegree": 37.30290595852432,
				"Power": -52.51652470976424
			}, {
				"Time": 5.684487983920363e-7,
				"TimeDiff": 9.603358334182535e-8,
				"PhiDegree": 152.5947688225222,
				"Power": -62.73689405845026
			}, {
				"Time": 5.981275469563917e-7,
				"TimeDiff": 1.2571233190618075e-7,
				"PhiDegree": 62.778268669603435,
				"Power": -63.41696174777708
			}]
	}
}