{
	"SensorDataCollection": {
		"SensorId": 0,
		"SensorDatas": [{
				"Time": 4.6712450724369287e-7,
				"TimeDiff": 0.0,
				"PhiDegree": 37.79895908453264,
				"Power": -52.178624124656935
			}, {
				"Time": 6.012094288589381e-7,
				"TimeDiff": 1.340849216152452e-7,
				"PhiDegree": 62.21272793857912,
				"Power": -62.74140788292084
			}, {
				"Time": 5.743813744744609e-7,
				"TimeDiff": 1.0725686723076802e-7,
				"PhiDegree": 152.90116744892606,
				"Power": -63.2245945861828
			}]
	}
}