{
	"SensorDataCollection": {
		"SensorId": 0,
		"SensorDatas": [{
				"Time": 4.939130593351644e-7,
				"TimeDiff": 0.0,
				"PhiDegree": 35.42599972672428,
				"Power": -53.96501484195322
			}, {
				"Time": 5.448898813447116e-7,
				"TimeDiff": 5.0976822009547236e-8,
				"PhiDegree": 151.30273718331938,
				"Power": -60.78961756246534
			}]
	}
}