{
	"SensorDataCollection": {
		"SensorId": 0,
		"SensorDatas": [{
				"Time": 5.326664854224948e-7,
				"TimeDiff": 0.0,
				"PhiDegree": 32.51220690883115,
				"Power": -56.77147115116438
			}, {
				"Time": 5.044136771051311e-7,
				"TimeDiff": -2.8252808317363684e-8,
				"PhiDegree": 148.7540171814135,
				"Power": -57.43383870509939
			}, {
				"Time": 4.682563717642865e-7,
				"TimeDiff": -6.44101136582083e-8,
				"PhiDegree": 157.06752355821544,
				"Power": -62.05929041602454
			}, {
				"Time": 4.877458891424859e-7,
				"TimeDiff": -4.492059628000892e-8,
				"PhiDegree": 337.0640953918248,
				"Power": -62.409455440017084
			}]
	}
}