{
	"SensorDataCollection": {
		"SensorId": 0,
		"SensorDatas": [{
				"Time": 4.540571452152359e-7,
				"TimeDiff": 0.0,
				"PhiDegree": 39.08932490002809,
				"Power": -51.38534774979102
			}, {
				"Time": 6.091658032608792e-7,
				"TimeDiff": 1.5510865804564334e-7,
				"PhiDegree": 60.82438218965791,
				"Power": -61.212610571503234
			}, {
				"Time": 5.89282141193211e-7,
				"TimeDiff": 1.352249959779751e-7,
				"PhiDegree": 153.6401001138802,
				"Power": -64.44330490298165
			}]
	}
}