{
	"SensorDataCollection": {
		"SensorId": 0,
		"SensorDatas": [{
				"Time": 5.021033216156718e-7,
				"TimeDiff": 0.0,
				"PhiDegree": 34.76387986432591,
				"Power": -54.54176353631675
			}, {
				"Time": 4.541698066368261e-7,
				"TimeDiff": -4.793351497884575e-8,
				"PhiDegree": 335.25937421298244,
				"Power": -59.79553178878166
			}, {
				"Time": 5.361310311368671e-7,
				"TimeDiff": 3.40277095211953e-8,
				"PhiDegree": 150.78905579037732,
				"Power": -60.06284592542397
			}]
	}
}