{
	"SensorDataCollection": {
		"SensorId": 0,
		"SensorDatas": [{
				"Time": 4.966357373623381e-7,
				"TimeDiff": 0.0,
				"PhiDegree": 35.20286769519378,
				"Power": -54.15547525474142
			}, {
				"Time": 5.419654506413836e-7,
				"TimeDiff": 4.532971327904549e-8,
				"PhiDegree": 151.1333553858256,
				"Power": -60.54705822314989
			}]
	}
}