{
	"SensorDataCollection": {
		"SensorId": 0,
		"SensorDatas": [{
				"Time": 5.082221141966336e-8,
				"TimeDiff": 0.0,
				"PhiDegree": 336.8014094863518,
				"Power": -31.028772323853914
			}, {
				"Time": 6.837927130929577e-8,
				"TimeDiff": 1.755705988963241e-8,
				"PhiDegree": 313.08992550872284,
				"Power": -33.86151587717318
			}, {
				"Time": 3.259577694559931e-7,
				"TimeDiff": 2.751355580363297e-7,
				"PhiDegree": 81.76247024880034,
				"Power": -69.26399848825824
			}]
	}
}