{
	"SensorDataCollection": {
		"SensorId": 0,
		"SensorDatas": [{
				"Time": 5.131240802583154e-7,
				"TimeDiff": 0.0,
				"PhiDegree": 33.914093570430985,
				"Power": -55.3337890722498
			}, {
				"Time": 5.245222059409322e-7,
				"TimeDiff": 1.1398125682616742e-8,
				"PhiDegree": 150.07754288848724,
				"Power": -59.09903394130011
			}, {
				"Time": 4.6632476818627524e-7,
				"TimeDiff": -4.6799312072040167e-8,
				"PhiDegree": 335.94568547455987,
				"Power": -60.75378259129879
			}, {
				"Time": 4.898514229562632e-7,
				"TimeDiff": -2.327265730205224e-8,
				"PhiDegree": 158.13206142039124,
				"Power": -63.75126850998562
			}]
	}
}