{
	"SensorDataCollection": {
		"SensorId": 0,
		"SensorDatas": [{
				"Time": 5.158964350227347e-7,
				"TimeDiff": 0.0,
				"PhiDegree": 33.70733414409434,
				"Power": -55.535452884250375
			}, {
				"Time": 5.216329896649737e-7,
				"TimeDiff": 5.736554642239059e-9,
				"PhiDegree": 149.8947251812976,
				"Power": -58.859262767002136
			}, {
				"Time": 4.693736244743711e-7,
				"TimeDiff": -4.652281054836357e-8,
				"PhiDegree": 336.11170185201826,
				"Power": -60.99203962947752
			}, {
				"Time": 4.867564565097754e-7,
				"TimeDiff": -2.913997851295927e-8,
				"PhiDegree": 157.9857728040662,
				"Power": -63.51173915127785
			}]
	}
}