{
	"SensorDataCollection": {
		"SensorId": 0,
		"SensorDatas": [{
				"Time": 4.5925598277522407e-7,
				"TimeDiff": 0.0,
				"PhiDegree": 38.56437236936813,
				"Power": -51.693257158433
			}, {
				"Time": 6.059406715118283e-7,
				"TimeDiff": 1.466846887366042e-7,
				"PhiDegree": 61.37533892694558,
				"Power": -61.79771065303315
			}, {
				"Time": 5.833102531500603e-7,
				"TimeDiff": 1.240542703748362e-7,
				"PhiDegree": 153.34905827669556,
				"Power": -63.956019003620355
			}]
	}
}