{
	"SensorDataCollection": {
		"SensorId": 0,
		"SensorDatas": [{
				"Time": 4.6449250772046133e-7,
				"TimeDiff": 0.0,
				"PhiDegree": 38.05121382467726,
				"Power": -52.01385906221765
			}, {
				"Time": 6.027721661969118e-7,
				"TimeDiff": 1.3827965847645044e-7,
				"PhiDegree": 61.9321398752429,
				"Power": -62.41776873557387
			}, {
				"Time": 5.773537272335723e-7,
				"TimeDiff": 1.1286121951311101e-7,
				"PhiDegree": 153.05200331767367,
				"Power": -63.46844144524232
			}]
	}
}