{
	"SensorDataCollection": {
		"SensorId": 0,
		"SensorDatas": [{
				"Time": 4.902267847961962e-7,
				"TimeDiff": 0.0,
				"PhiDegree": 147.7425422539345,
				"Power": -56.268674236717885
			}, {
				"Time": 4.316158262223514e-7,
				"TimeDiff": -5.861095857384481e-8,
				"PhiDegree": 163.84117310260785,
				"Power": -60.7050333591942
			}, {
				"Time": 4.5293837613824495e-7,
				"TimeDiff": -3.7288408657951245e-8,
				"PhiDegree": 156.24518954217862,
				"Power": -60.83005108917013
			}, {
				"Time": 5.03152151927256e-7,
				"TimeDiff": 1.2925367131059846e-8,
				"PhiDegree": 337.8044616678744,
				"Power": -63.57345084480474
			}]
	}
}