{
	"SensorDataCollection": {
		"SensorId": 0,
		"SensorDatas": [{
				"Time": 5.048479871069475e-7,
				"TimeDiff": 0.0,
				"PhiDegree": 34.547958008984274,
				"Power": -54.737443551304835
			}, {
				"Time": 5.332212003566426e-7,
				"TimeDiff": 2.8373213249695086e-8,
				"PhiDegree": 150.61408370346464,
				"Power": -59.82126157123844
			}, {
				"Time": 4.572023160144509e-7,
				"TimeDiff": -4.764567109249658e-8,
				"PhiDegree": 335.43437156807613,
				"Power": -60.035843222063335
			}]
	}
}