{
	"SensorDataCollection": {
		"SensorId": 0,
		"SensorDatas": [{
				"Time": 4.6976545973690707e-7,
				"TimeDiff": 0.0,
				"PhiDegree": 37.549535833087816,
				"Power": -52.3462153046259
			}, {
				"Time": 5.714130438577579e-7,
				"TimeDiff": 1.0164758412085083e-7,
				"PhiDegree": 152.74876341464554,
				"Power": -62.980737898851515
			}, {
				"Time": 5.996611849294634e-7,
				"TimeDiff": 1.2989572519255634e-7,
				"PhiDegree": 62.494771675991714,
				"Power": -63.074399710091996
			}]
	}
}