{
	"SensorDataCollection": {
		"SensorId": 0,
		"SensorDatas": [{
				"Time": 5.214609770543237e-7,
				"TimeDiff": 0.0,
				"PhiDegree": 33.30042391791511,
				"Power": -55.942729648360114
			}, {
				"Time": 5.158707568131836e-7,
				"TimeDiff": -5.5902202411401055e-9,
				"PhiDegree": 149.5229558729763,
				"Power": -58.381425667267436
			}, {
				"Time": 4.7548293163213673e-7,
				"TimeDiff": -4.5978045422187e-8,
				"PhiDegree": 336.43734070062123,
				"Power": -61.46687551563137
			}, {
				"Time": 4.805762268174957e-7,
				"TimeDiff": -4.0884750236828035e-8,
				"PhiDegree": 157.6875477626162,
				"Power": -63.03046369474782
			}]
	}
}