{
	"SensorDataCollection": {
		"SensorId": 0,
		"SensorDatas": [{
				"Time": 4.930516598142099e-7,
				"TimeDiff": 0.0,
				"PhiDegree": 147.94948868090734,
				"Power": -56.49969648378405
			}, {
				"Time": 4.348216417791717e-7,
				"TimeDiff": -5.823001803503818e-8,
				"PhiDegree": 163.96353214887463,
				"Power": -60.88715518791514
			}, {
				"Time": 4.5599431059244757e-7,
				"TimeDiff": -3.7057349221762286e-8,
				"PhiDegree": 156.41407343896066,
				"Power": -61.077188338389504
			}, {
				"Time": 5.000643440162598e-7,
				"TimeDiff": 7.012684202049919e-9,
				"PhiDegree": 337.6600398769339,
				"Power": -63.34196788672976
			}]
	}
}