{
	"SensorDataCollection": {
		"SensorId": 0,
		"SensorDatas": [{
				"Time": 5.10358480058539e-7,
				"TimeDiff": 0.0,
				"PhiDegree": 34.12309657552192,
				"Power": -55.13352334696316
			}, {
				"Time": 5.274167038484933e-7,
				"TimeDiff": 1.7058223789954237e-8,
				"PhiDegree": 150.25835578830552,
				"Power": -59.339317405661646
			}, {
				"Time": 4.6327987852992656e-7,
				"TimeDiff": -4.7078601528612486e-8,
				"PhiDegree": 335.77748539657614,
				"Power": -60.51498644616575
			}, {
				"Time": 4.92949542595937e-7,
				"TimeDiff": -1.740893746260202e-8,
				"PhiDegree": 158.27651216113722,
				"Power": -63.99004895575828
			}]
	}
}