{
	"SensorDataCollection": {
		"SensorId": 0,
		"SensorDatas": [{
				"Time": 5.354832015154075e-7,
				"TimeDiff": 0.0,
				"PhiDegree": 32.32031843582005,
				"Power": -56.98129829185342
			}, {
				"Time": 5.015640073978687e-7,
				"TimeDiff": -3.391919411753881e-8,
				"PhiDegree": 148.55630469668714,
				"Power": -57.19891005182539
			}, {
				"Time": 4.6518525940118064e-7,
				"TimeDiff": -7.029794211422688e-8,
				"PhiDegree": 156.90739194449958,
				"Power": -61.8147595852476
			}, {
				"Time": 4.908204628866156e-7,
				"TimeDiff": -4.4662738628791954e-8,
				"PhiDegree": 337.21588488808436,
				"Power": -62.64355299285373
			}]
	}
}