{
	"SensorDataCollection": {
		"SensorId": 0,
		"SensorDatas": [{
				"Time": 1.4899515388046633e-7,
				"TimeDiff": 0.0,
				"PhiDegree": 124.04593735660163,
				"Power": -40.58271001385033
			}, {
				"Time": 1.9244956821828066e-7,
				"TimeDiff": 4.345441433781432e-8,
				"PhiDegree": 140.0964931525367,
				"Power": -43.087128470574754
			}, {
				"Time": 2.4331795861123993e-7,
				"TimeDiff": 9.432280473077359e-8,
				"PhiDegree": 232.64516109371368,
				"Power": -46.100815356775314
			}, {
				"Time": 2.106332085764309e-7,
				"TimeDiff": 6.163805469596456e-8,
				"PhiDegree": 246.67007664714782,
				"Power": -49.126794381382
			}]
	}
}