{
	"SensorDataCollection": {
		"SensorId": 0,
		"SensorDatas": [{
				"Time": 4.884905509418091e-7,
				"TimeDiff": 0.0,
				"PhiDegree": 35.87970847839748,
				"Power": -53.58984973210845
			}, {
				"Time": 5.5075280122988e-7,
				"TimeDiff": 6.226225028807081e-8,
				"PhiDegree": 151.63609714524486,
				"Power": -61.27548004436116
			}]
	}
}