{
	"SensorDataCollection": {
		"SensorId": 0,
		"SensorDatas": [{
				"Time": 4.857909756064377e-7,
				"TimeDiff": 0.0,
				"PhiDegree": 36.11035391242055,
				"Power": -53.405308148447176
			}, {
				"Time": 5.536911415494468e-7,
				"TimeDiff": 6.790016594300907e-8,
				"PhiDegree": 151.8001269443171,
				"Power": -61.51872156005376
			}]
	}
}