{
	"SensorDataCollection": {
		"SensorId": 0,
		"SensorDatas": [{
				"Time": 4.993658652971683e-7,
				"TimeDiff": 0.0,
				"PhiDegree": 34.982172157238324,
				"Power": -54.34774986465041
			}, {
				"Time": 5.390458078316971e-7,
				"TimeDiff": 3.967994253452882e-8,
				"PhiDegree": 150.96213722750187,
				"Power": -60.30478978080333
			}]
	}
}