{
	"SensorDataCollection": {
		"SensorId": 0,
		"SensorDatas": [{
				"Time": 5.18675436041014e-7,
				"TimeDiff": 0.0,
				"PhiDegree": 33.50278766242383,
				"Power": -55.73845300830004
			}, {
				"Time": 5.187491432700783e-7,
				"TimeDiff": 7.37072290643115e-11,
				"PhiDegree": 149.70987292284863,
				"Power": -58.62004560013608
			}, {
				"Time": 4.724263705969188e-7,
				"TimeDiff": -4.624906544409522e-8,
				"PhiDegree": 336.27557404623,
				"Power": -61.22974212389725
			}, {
				"Time": 4.83664703788249e-7,
				"TimeDiff": -3.501073225276506e-8,
				"PhiDegree": 157.83761295631962,
				"Power": -63.27146823251806
			}]
	}
}