{
	"SensorDataCollection": {
		"SensorId": 0,
		"SensorDatas": [{
				"Time": 4.958828937505541e-7,
				"TimeDiff": 0.0,
				"PhiDegree": 148.15407463818713,
				"Power": -56.731782520442536
			}, {
				"Time": 4.3802941137372305e-7,
				"TimeDiff": -5.785348237683102e-8,
				"PhiDegree": 164.08409962291176,
				"Power": -61.0682174505513
			}, {
				"Time": 4.5905415406197725e-7,
				"TimeDiff": -3.6828739688576824e-8,
				"PhiDegree": 156.5807073629885,
				"Power": -61.32369516506526
			}, {
				"Time": 4.96979752785504e-7,
				"TimeDiff": 1.0968590349499736e-9,
				"PhiDegree": 337.5138243894561,
				"Power": -63.10981833737304
			}]
	}
}