{
	"SensorDataCollection": {
		"SensorId": 0,
		"SensorDatas": [{
				"Time": 1.4715308418011068e-7,
				"TimeDiff": 0.0,
				"PhiDegree": 122.96940390346214,
				"Power": -40.47444303830698
			}, {
				"Time": 1.9502093894184317e-7,
				"TimeDiff": 4.786785476173248e-8,
				"PhiDegree": 140.7253532289695,
				"Power": -43.275319944458786
			}, {
				"Time": 2.453567999895184e-7,
				"TimeDiff": 9.820371580940771e-8,
				"PhiDegree": 232.02578948696194,
				"Power": -45.97663182403018
			}, {
				"Time": 2.0933423718794105e-7,
				"TimeDiff": 6.218115300783036e-8,
				"PhiDegree": 247.50869332687108,
				"Power": -49.56729391635386
			}]
	}
}