{
	"SensorDataCollection": {
		"SensorId": 0,
		"SensorDatas": [{
				"Time": 4.824117056882851e-7,
				"TimeDiff": 0.0,
				"PhiDegree": 36.897638026619575,
				"Power": -52.907012683381154
			}, {
				"Time": 5.611491025543205e-7,
				"TimeDiff": 7.87373968660354e-8,
				"PhiDegree": 151.82186035149354,
				"Power": -61.66122494197501
			}]
	}
}