{
	"SensorDataCollection": {
		"SensorId": 0,
		"SensorDatas": [{
				"Time": 5.067476350049241e-7,
				"TimeDiff": 0.0,
				"PhiDegree": 34.85869020243282,
				"Power": -54.55767238671004
			}, {
				"Time": 5.348663573048826e-7,
				"TimeDiff": 2.8118722299958546e-8,
				"PhiDegree": 150.3026440256407,
				"Power": -59.50871796285253
			}]
	}
}