{
	"SensorDataCollection": {
		"SensorId": 0,
		"SensorDatas": [{
				"Time": 5.094891328050818e-7,
				"TimeDiff": 0.0,
				"PhiDegree": 34.64422548168077,
				"Power": -54.75037980486995
			}, {
				"Time": 5.319705372419016e-7,
				"TimeDiff": 2.2481404436819852e-8,
				"PhiDegree": 150.12460401544755,
				"Power": -59.27133850462741
			}, {
				"Time": 4.616270431697219e-7,
				"TimeDiff": -4.786208963535985e-8,
				"PhiDegree": 335.22989227290714,
				"Power": -59.906465626317996
			}]
	}
}