{
	"SensorDataCollection": {
		"SensorId": 0,
		"SensorDatas": [{
				"Time": 5.233003211231551e-7,
				"TimeDiff": 0.0,
				"PhiDegree": 33.6057664720747,
				"Power": -55.73646091580483
			}, {
				"Time": 5.175710670060901e-7,
				"TimeDiff": -5.729254117065068e-9,
				"PhiDegree": 149.2046187557149,
				"Power": -58.092595869752856
			}, {
				"Time": 4.7682656870894186e-7,
				"TimeDiff": -4.647375241421327e-8,
				"PhiDegree": 336.0698336345632,
				"Power": -61.082863482014105
			}, {
				"Time": 4.793193863579141e-7,
				"TimeDiff": -4.398093476524101e-8,
				"PhiDegree": 158.0565352754593,
				"Power": -63.467003754812595
			}]
	}
}