{
	"SensorDataCollection": {
		"SensorId": 0,
		"SensorDatas": [{
				"Time": 4.639452726791326e-7,
				"TimeDiff": 0.0,
				"PhiDegree": 38.62969072147568,
				"Power": -51.75448769958902
			}, {
				"Time": 6.014148321172724e-7,
				"TimeDiff": 1.3746955943813982e-7,
				"PhiDegree": 61.502078557355624,
				"Power": -61.88162294355426
			}, {
				"Time": 5.818420123878871e-7,
				"TimeDiff": 1.178967397087545e-7,
				"PhiDegree": 152.90801202611598,
				"Power": -63.34567225366605
			}]
	}
}