{
	"SensorDataCollection": {
		"SensorId": 0,
		"SensorDatas": [{
				"Time": 4.744447395725705e-7,
				"TimeDiff": 0.0,
				"PhiDegree": 37.62342789139534,
				"Power": -52.39672414771178
			}, {
				"Time": 5.699922877199003e-7,
				"TimeDiff": 9.554754814732982e-8,
				"PhiDegree": 152.29700818552965,
				"Power": -62.3826862575186
			}, {
				"Time": 5.951624190330135e-7,
				"TimeDiff": 1.2071767946044302e-7,
				"PhiDegree": 62.63133315163896,
				"Power": -63.18376286368547
			}]
	}
}