{
	"SensorDataCollection": {
		"SensorId": 0,
		"SensorDatas": [{
				"Time": 5.390509549461053e-8,
				"TimeDiff": 0.0,
				"PhiDegree": 338.1985905136481,
				"Power": -31.577315103844192
			}, {
				"Time": 7.070068522644174e-8,
				"TimeDiff": 1.679558973183121e-8,
				"PhiDegree": 315.06500886563083,
				"Power": -34.11287387749992
			}, {
				"Time": 3.264526452878342e-7,
				"TimeDiff": 2.725475497932237e-7,
				"PhiDegree": 81.18363992061799,
				"Power": -68.12769404750446
			}]
	}
}