{
	"SensorDataCollection": {
		"SensorId": 0,
		"SensorDatas": [{
				"Time": 1.4820849892278282e-7,
				"TimeDiff": 0.0,
				"PhiDegree": 121.1849746587384,
				"Power": -40.536640567972874
			}, {
				"Time": 1.997166783458118e-7,
				"TimeDiff": 5.150817942302898e-8,
				"PhiDegree": 140.59030468077484,
				"Power": -43.46559304620513
			}, {
				"Time": 2.5004075804275063e-7,
				"TimeDiff": 1.0183225911996781e-7,
				"PhiDegree": 231.89353197274977,
				"Power": -46.10113420041034
			}, {
				"Time": 2.1118567239766397e-7,
				"TimeDiff": 6.297717347488115e-8,
				"PhiDegree": 248.69146696741223,
				"Power": -50.39192453335053
			}]
	}
}