{
	"SensorDataCollection": {
		"SensorId": 0,
		"SensorDatas": [{
				"Time": 1.499633905129679e-7,
				"TimeDiff": 0.0,
				"PhiDegree": 122.27564431457762,
				"Power": -40.63907833881348
			}, {
				"Time": 1.971500822626871e-7,
				"TimeDiff": 4.7186691749719187e-8,
				"PhiDegree": 139.97467093020745,
				"Power": -43.28360705502787
			}, {
				"Time": 2.479955322365571e-7,
				"TimeDiff": 9.803214172358917e-8,
				"PhiDegree": 232.50012425713822,
				"Power": -46.21859966160959
			}, {
				"Time": 2.124209207381746e-7,
				"TimeDiff": 6.245753022520669e-8,
				"PhiDegree": 247.85297830078238,
				"Power": -49.905865481966885
			}]
	}
}