{
	"SensorDataCollection": {
		"SensorId": 0,
		"SensorDatas": [{
				"Time": 4.5616835337203847e-7,
				"TimeDiff": 0.0,
				"PhiDegree": 39.41460898644539,
				"Power": -51.30529547366656
			}, {
				"Time": 6.062546646943262e-7,
				"TimeDiff": 1.5008631132228778e-7,
				"PhiDegree": 60.67065818714245,
				"Power": -60.99966052596061
			}, {
				"Time": 5.907712024092502e-7,
				"TimeDiff": 1.346028490372117e-7,
				"PhiDegree": 153.35014300370258,
				"Power": -64.06788392049381
			}]
	}
}