{
	"SensorDataCollection": {
		"SensorId": 0,
		"SensorDatas": [{
				"Time": 4.797475445180904e-7,
				"TimeDiff": 0.0,
				"PhiDegree": 37.13688814810857,
				"Power": -52.734397098487875
			}, {
				"Time": 5.64092498204083e-7,
				"TimeDiff": 8.43449536859926e-8,
				"PhiDegree": 151.98189784516455,
				"Power": -61.901588067851606
			}]
	}
}