{
	"SensorDataCollection": {
		"SensorId": 0,
		"SensorDatas": [{
				"Time": 4.920157235276448e-7,
				"TimeDiff": 0.0,
				"PhiDegree": 147.4139551287239,
				"Power": -56.019589092891906
			}, {
				"Time": 4.3255628928624366e-7,
				"TimeDiff": -5.94594342414011e-8,
				"PhiDegree": 163.41666287098826,
				"Power": -60.323588964470645
			}, {
				"Time": 4.5160462457235386e-7,
				"TimeDiff": -4.0411098955290893e-8,
				"PhiDegree": 156.63265232316397,
				"Power": -61.2407702899404
			}, {
				"Time": 5.044220914494928e-7,
				"TimeDiff": 1.2406367921848079e-8,
				"PhiDegree": 337.45354426903907,
				"Power": -63.16590377738305
			}]
	}
}