{
	"SensorDataCollection": {
		"SensorId": 0,
		"SensorDatas": [{
				"Time": 5.260825363768084e-7,
				"TimeDiff": 0.0,
				"PhiDegree": 33.40463616892714,
				"Power": -55.93774734818071
			}, {
				"Time": 5.14707722740133e-7,
				"TimeDiff": -1.1374813636675403e-8,
				"PhiDegree": 149.01445843744304,
				"Power": -57.85877729590233
			}, {
				"Time": 4.798783029266921e-7,
				"TimeDiff": -4.620423345011636e-8,
				"PhiDegree": 336.2314272181683,
				"Power": -61.31660950353144
			}, {
				"Time": 4.762261065765279e-7,
				"TimeDiff": -4.98564298002805e-8,
				"PhiDegree": 157.90652094285392,
				"Power": -63.22261321542
			}]
	}
}