{
	"SensorDataCollection": {
		"SensorId": 0,
		"SensorDatas": [{
				"Time": 5.012862883833317e-7,
				"TimeDiff": 0.0,
				"PhiDegree": 35.2946416588739,
				"Power": -54.17730528962511
			}, {
				"Time": 5.406732419934823e-7,
				"TimeDiff": 3.9386953610150544e-8,
				"PhiDegree": 150.6529941828778,
				"Power": -59.98479203379692
			}]
	}
}