{
	"SensorDataCollection": {
		"SensorId": 0,
		"SensorDatas": [{
				"Time": 4.948303860034902e-7,
				"TimeDiff": 0.0,
				"PhiDegree": 147.62202796428852,
				"Power": -56.245928698181686
			}, {
				"Time": 4.357551859875173e-7,
				"TimeDiff": -5.90752000159729e-8,
				"PhiDegree": 163.54187852867548,
				"Power": -60.50432509889734
			}, {
				"Time": 4.546695235542712e-7,
				"TimeDiff": -4.0160862449219014e-8,
				"PhiDegree": 156.7994219052531,
				"Power": -61.49099607627437
			}, {
				"Time": 5.013421052631269e-7,
				"TimeDiff": 6.51171925963668e-9,
				"PhiDegree": 337.3073308308774,
				"Power": -62.93685569973357
			}]
	}
}