{
	"SensorDataCollection": {
		"SensorId": 0,
		"SensorDatas": [{
				"Time": 5.205246232883543e-7,
				"TimeDiff": 0.0,
				"PhiDegree": 33.8090443574113,
				"Power": -55.536451009228415
			}, {
				"Time": 5.204400496793613e-7,
				"TimeDiff": -8.45736089929225e-11,
				"PhiDegree": 149.39268456751591,
				"Power": -58.32711724017207
			}, {
				"Time": 4.7377867616496757e-7,
				"TimeDiff": -4.674594712338669e-8,
				"PhiDegree": 335.90615962129607,
				"Power": -60.848585579162545
			}, {
				"Time": 4.824159098194844e-7,
				"TimeDiff": -3.810871346886985e-8,
				"PhiDegree": 158.20462479326338,
				"Power": -63.71062109802017
			}]
	}
}