{
	"SensorDataCollection": {
		"SensorId": 0,
		"SensorDatas": [{
				"Time": 4.770918418000233e-7,
				"TimeDiff": 0.0,
				"PhiDegree": 37.37880606957209,
				"Power": -52.564268067584266
			}, {
				"Time": 5.670402491161204e-7,
				"TimeDiff": 8.994840731609716e-8,
				"PhiDegree": 152.1402726583717,
				"Power": -62.142083856128664
			}]
	}
}