{
	"SensorDataCollection": {
		"SensorId": 0,
		"SensorDatas": [{
				"Time": 4.718063825966906e-7,
				"TimeDiff": 0.0,
				"PhiDegree": 37.8707901311013,
				"Power": -52.231867169473716
			}, {
				"Time": 5.729485477401997e-7,
				"TimeDiff": 1.0114216514350912e-7,
				"PhiDegree": 152.45212743740868,
				"Power": -62.623370133423265
			}, {
				"Time": 5.96703677977743e-7,
				"TimeDiff": 1.2489729538105238e-7,
				"PhiDegree": 62.34680780445085,
				"Power": -62.844081642961555
			}]
	}
}