{
	"SensorDataCollection": {
		"SensorId": 0,
		"SensorDatas": [{
				"Time": 1.517713549728341e-7,
				"TimeDiff": 0.0,
				"PhiDegree": 123.34070734647702,
				"Power": -40.743359119520555
			}, {
				"Time": 1.9460684627686877e-7,
				"TimeDiff": 4.2835491304034675e-8,
				"PhiDegree": 139.3428717105446,
				"Power": -43.10796081827833
			}, {
				"Time": 2.459785634784823e-7,
				"TimeDiff": 9.420720850564821e-8,
				"PhiDegree": 233.11673444798964,
				"Power": -46.35670402003615
			}, {
				"Time": 2.1370113070220046e-7,
				"TimeDiff": 6.192977572936636e-8,
				"PhiDegree": 247.02436010703363,
				"Power": -49.45766151167409
			}]
	}
}