{
	"SensorDataCollection": {
		"SensorId": 0,
		"SensorDatas": [{
				"Time": 4.613434005293498e-7,
				"TimeDiff": 0.0,
				"PhiDegree": 38.888388031047455,
				"Power": -51.60146631467771
			}, {
				"Time": 6.030139633485806e-7,
				"TimeDiff": 1.4167056281923073e-7,
				"PhiDegree": 61.22345771527504,
				"Power": -61.578959370129695
			}, {
				"Time": 5.848145202513384e-7,
				"TimeDiff": 1.234711197219886e-7,
				"PhiDegree": 153.0568888305773,
				"Power": -63.586447816855156
			}]
	}
}