{
	"SensorDataCollection": {
		"SensorId": 0,
		"SensorDatas": [{
				"Time": 5.1223769254596e-7,
				"TimeDiff": 0.0,
				"PhiDegree": 34.432059359968676,
				"Power": -54.944677096530185
			}, {
				"Time": 5.29079909999638e-7,
				"TimeDiff": 1.6842217453677973e-8,
				"PhiDegree": 149.94461680883245,
				"Power": -59.0344482039593
			}, {
				"Time": 4.646588040745117e-7,
				"TimeDiff": -4.757888847144832e-8,
				"PhiDegree": 335.40227364732414,
				"Power": -60.14271357007553
			}]
	}
}