{
	"SensorDataCollection": {
		"SensorId": 0,
		"SensorDatas": [{
				"Time": 4.985666767069179e-7,
				"TimeDiff": 0.0,
				"PhiDegree": 35.51619255543554,
				"Power": -53.989790406908426
			}, {
				"Time": 5.435841437677647e-7,
				"TimeDiff": 4.5017467060846756e-8,
				"PhiDegree": 150.82535905905738,
				"Power": -60.22341375785538
			}]
	}
}