{
	"SensorDataCollection": {
		"SensorId": 0,
		"SensorDatas": [{
				"Time": 5.149932011571506e-7,
				"TimeDiff": 0.0,
				"PhiDegree": 34.222160806227656,
				"Power": -55.140497488562545
			}, {
				"Time": 5.261945611577122e-7,
				"TimeDiff": 1.120136000056164e-8,
				"PhiDegree": 149.76265389711926,
				"Power": -58.798086844630674
			}, {
				"Time": 4.6769471643074546e-7,
				"TimeDiff": -4.7298484726405145e-8,
				"PhiDegree": 335.57241861214675,
				"Power": -60.37849444151675
			}]
	}
}