{
	"SensorDataCollection": {
		"SensorId": 0,
		"SensorDatas": [{
				"Time": 4.587510400398e-7,
				"TimeDiff": 0.0,
				"PhiDegree": 39.15001447467843,
				"Power": -51.45169423883284
			}, {
				"Time": 6.04627278619667e-7,
				"TimeDiff": 1.4587623857986705e-7,
				"PhiDegree": 60.94631722576939,
				"Power": -61.28503645066874
			}, {
				"Time": 5.877909366168935e-7,
				"TimeDiff": 1.2903989657709354e-7,
				"PhiDegree": 153.204258876875,
				"Power": -63.82719179752975
			}]
	}
}