{
	"SensorDataCollection": {
		"SensorId": 0,
		"SensorDatas": [{
				"Time": 4.6086490275317143e-7,
				"TimeDiff": 0.0,
				"PhiDegree": 39.4717064100582,
				"Power": -51.37386198403671
			}, {
				"Time": 6.017126847650188e-7,
				"TimeDiff": 1.408477820118474e-7,
				"PhiDegree": 60.792023574131285,
				"Power": -61.06944491184663
			}, {
				"Time": 5.893026583944156e-7,
				"TimeDiff": 1.284377556412442e-7,
				"PhiDegree": 152.91468329697759,
				"Power": -63.46509873074001
			}]
	}
}