{
	"SensorDataCollection": {
		"SensorId": 0,
		"SensorDatas": [{
				"Time": 5.141316908311541e-7,
				"TimeDiff": 0.0,
				"PhiDegree": 34.73875464582893,
				"Power": -54.76447533094279
			}, {
				"Time": 5.307588804598427e-7,
				"TimeDiff": 1.6627189628688637e-8,
				"PhiDegree": 149.63285345614463,
				"Power": -58.74008074144126
			}]
	}
}