{
	"SensorDataCollection": {
		"SensorId": 0,
		"SensorDatas": [{
				"Time": 4.634454391447563e-7,
				"TimeDiff": 0.0,
				"PhiDegree": 39.20947462354573,
				"Power": -51.51784295656046
			}, {
				"Time": 6.000915338091895e-7,
				"TimeDiff": 1.366460946644332e-7,
				"PhiDegree": 61.07009610239429,
				"Power": -61.36043017712666
			}, {
				"Time": 5.863339160568522e-7,
				"TimeDiff": 1.2288847691209592e-7,
				"PhiDegree": 152.76622608480625,
				"Power": -63.22730685620169
			}]
	}
}