{
	"SensorDataCollection": {
		"SensorId": 0,
		"SensorDatas": [{
				"Time": 5.032215066680168e-7,
				"TimeDiff": 0.0,
				"PhiDegree": 35.60471702168793,
				"Power": -54.015440221162336
			}, {
				"Time": 5.423163215592014e-7,
				"TimeDiff": 3.909481489118465e-8,
				"PhiDegree": 150.34571548615162,
				"Power": -59.675292606315566
			}]
	}
}