{
	"SensorDataCollection": {
		"SensorId": 0,
		"SensorDatas": [{
				"Time": 4.6863515348048954e-7,
				"TimeDiff": 0.0,
				"PhiDegree": 38.69370180453279,
				"Power": -51.815658615641325
			}, {
				"Time": 5.968919800926946e-7,
				"TimeDiff": 1.2825682661220507e-7,
				"PhiDegree": 61.63073952321266,
				"Power": -61.96882958545433
			}, {
				"Time": 5.80408421750645e-7,
				"TimeDiff": 1.1177326827015544e-7,
				"PhiDegree": 152.4647606605175,
				"Power": -62.75177395066112
			}]
	}
}