{
	"SensorDataCollection": {
		"SensorId": 0,
		"SensorDatas": [{
				"Time": 4.817692895185714e-7,
				"TimeDiff": 0.0,
				"PhiDegree": 37.45323249661877,
				"Power": -52.61230749648827
			}, {
				"Time": 5.65667556566473e-7,
				"TimeDiff": 8.389826704790153e-8,
				"PhiDegree": 151.6835418063089,
				"Power": -61.56430723948381
			}]
	}
}