{
	"SensorDataCollection": {
		"SensorId": 0,
		"SensorDatas": [{
				"Time": 5.251544229459456e-7,
				"TimeDiff": 0.0,
				"PhiDegree": 33.908961511680275,
				"Power": -55.53888718714889
			}, {
				"Time": 5.192872494328963e-7,
				"TimeDiff": -5.867173513049287e-9,
				"PhiDegree": 148.88837606209674,
				"Power": -57.81426258319361
			}, {
				"Time": 4.781897127029606e-7,
				"TimeDiff": -4.6964710242984984e-8,
				"PhiDegree": 335.70440686147293,
				"Power": -60.711761338562866
			}, {
				"Time": 4.623205261665346e-7,
				"TimeDiff": -6.283389677941096e-8,
				"PhiDegree": 164.0825498772847,
				"Power": -61.53550182211072
			}]
	}
}