{
	"SensorDataCollection": {
		"SensorId": 0,
		"SensorDatas": [{
				"Time": 5.701655743664202e-8,
				"TimeDiff": 0.0,
				"PhiDegree": 339.44395478041656,
				"Power": -32.094808646693956
			}, {
				"Time": 7.310072087969594e-8,
				"TimeDiff": 1.6084163443053926e-8,
				"PhiDegree": 316.91247923462544,
				"Power": -34.441501027071055
			}, {
				"Time": 3.2698082224660713e-7,
				"TimeDiff": 2.699642648099651e-7,
				"PhiDegree": 80.60683535856542,
				"Power": -67.07234112673181
			}]
	}
}