{
	"SensorDataCollection": {
		"SensorId": 0,
		"SensorDatas": [{
				"Time": 5.196294343264302e-7,
				"TimeDiff": 0.0,
				"PhiDegree": 34.31945758347015,
				"Power": -55.14877119773759
			}, {
				"Time": 5.250119861445021e-7,
				"TimeDiff": 5.38255181807194e-9,
				"PhiDegree": 149.2646814805128,
				"Power": -58.27582879760563
			}, {
				"Time": 4.7211543335677634e-7,
				"TimeDiff": -4.751400096965387e-8,
				"PhiDegree": 335.371189631377,
				"Power": -60.24848480989081
			}]
	}
}