{
	"SensorDataCollection": {
		"SensorId": 0,
		"SensorDatas": [{
				"Time": 5.059381018728771e-7,
				"TimeDiff": 0.0,
				"PhiDegree": 35.384728231211746,
				"Power": -54.200081294434256
			}, {
				"Time": 5.394192175260877e-7,
				"TimeDiff": 3.348111565321061e-8,
				"PhiDegree": 150.17036546623402,
				"Power": -59.440750314824584
			}]
	}
}