{
	"SensorDataCollection": {
		"SensorId": 0,
		"SensorDatas": [{
				"Time": 5.005124104102438e-7,
				"TimeDiff": 0.0,
				"PhiDegree": 35.82709056274889,
				"Power": -53.83266631672896
			}, {
				"Time": 5.452184510611268e-7,
				"TimeDiff": 4.470604065088295e-8,
				"PhiDegree": 150.51920038422995,
				"Power": -59.910265574425964
			}]
	}
}