{
	"SensorDataCollection": {
		"SensorId": 0,
		"SensorDatas": [{
				"Time": 5.22388576924855e-7,
				"TimeDiff": 0.0,
				"PhiDegree": 34.11312415761136,
				"Power": -55.343132632005165
			}, {
				"Time": 5.221468024722709e-7,
				"TimeDiff": -2.4177445258403433e-10,
				"PhiDegree": 149.07756020803944,
				"Power": -58.04468759348195
			}, {
				"Time": 4.7515056423919564e-7,
				"TimeDiff": -4.7238012685659333e-8,
				"PhiDegree": 335.53886319922026,
				"Power": -60.480355606982044
			}, {
				"Time": 4.655301330991743e-7,
				"TimeDiff": -5.685844382568069e-8,
				"PhiDegree": 164.19517484192477,
				"Power": -61.706077685617316
			}]
	}
}