{
	"SensorDataCollection": {
		"SensorId": 0,
		"SensorDatas": [{
				"Time": 4.924313512649975e-7,
				"TimeDiff": 0.0,
				"PhiDegree": 36.50884350822824,
				"Power": -53.29632826087381
			}, {
				"Time": 5.539542018534889e-7,
				"TimeDiff": 6.152285058849144e-8,
				"PhiDegree": 151.0287269179614,
				"Power": -60.61742032605096
			}]
	}
}