{
	"SensorDataCollection": {
		"SensorId": 0,
		"SensorDatas": [{
				"Time": 4.7386200998926547e-7,
				"TimeDiff": 0.0,
				"PhiDegree": 38.18926714804821,
				"Power": -52.12582691463834
			}, {
				"Time": 5.744993267005318e-7,
				"TimeDiff": 1.0063731671126631e-7,
				"PhiDegree": 152.157085040179,
				"Power": -62.2764574523855
			}, {
				"Time": 5.937501901206167e-7,
				"TimeDiff": 1.1988818013135126e-7,
				"PhiDegree": 62.19737089649744,
				"Power": -62.613830879879856
			}]
	}
}