{
	"SensorDataCollection": {
		"SensorId": 0,
		"SensorDatas": [{
				"Time": 5.11393310768303e-7,
				"TimeDiff": 0.0,
				"PhiDegree": 34.95177821102117,
				"Power": -54.57466975644283
			}, {
				"Time": 5.336404131202938e-7,
				"TimeDiff": 2.224710235199084e-8,
				"PhiDegree": 149.8139620145286,
				"Power": -58.9731057460899
			}]
	}
}