{
	"SensorDataCollection": {
		"SensorId": 0,
		"SensorDatas": [{
				"Time": 4.764889849305817e-7,
				"TimeDiff": 0.0,
				"PhiDegree": 37.94120947541417,
				"Power": -52.28526272082158
			}, {
				"Time": 5.715510879019706e-7,
				"TimeDiff": 9.506210297138893e-8,
				"PhiDegree": 152.00086376092602,
				"Power": -62.03893911544276
			}, {
				"Time": 5.922012444982963e-7,
				"TimeDiff": 1.1571225956771463e-7,
				"PhiDegree": 62.48292721079526,
				"Power": -62.950591980578025
			}]
	}
}