{
	"SensorDataCollection": {
		"SensorId": 0,
		"SensorDatas": [{
				"Time": 5.242671394514553e-7,
				"TimeDiff": 0.0,
				"PhiDegree": 34.41503324358558,
				"Power": -55.15828331414613
			}, {
				"Time": 5.238692467674752e-7,
				"TimeDiff": -3.978926839801703e-10,
				"PhiDegree": 148.76449864253698,
				"Power": -57.77249322334809
			}, {
				"Time": 4.664499538950624e-7,
				"TimeDiff": -5.7817185556392944e-8,
				"PhiDegree": 163.80081408096655,
				"Power": -61.34056071194273
			}]
	}
}