{
	"SensorDataCollection": {
		"SensorId": 0,
		"SensorDatas": [{
				"Time": 1.5279487281815378e-7,
				"TimeDiff": 0.0,
				"PhiDegree": 121.60750224624891,
				"Power": -40.80184106127817
			}, {
				"Time": 1.9931234181945472e-7,
				"TimeDiff": 4.6517469001300936e-8,
				"PhiDegree": 139.24015250058162,
				"Power": -43.30607968600145
			}, {
				"Time": 2.5065090279596965e-7,
				"TimeDiff": 9.785602997781587e-8,
				"PhiDegree": 232.96444018207572,
				"Power": -46.46689978179279
			}, {
				"Time": 2.155150543010749e-7,
				"TimeDiff": 6.272018148292111e-8,
				"PhiDegree": 248.18738931490952,
				"Power": -50.24176411064957
			}]
	}
}