{
	"SensorDataCollection": {
		"SensorId": 0,
		"SensorDatas": [{
				"Time": 6.015216270852956e-8,
				"TimeDiff": 0.0,
				"PhiDegree": 340.5599651718238,
				"Power": -32.58426927772955
			}, {
				"Time": 7.557188795920566e-8,
				"TimeDiff": 1.5419725250676102e-8,
				"PhiDegree": 318.64082822409216,
				"Power": -34.83217813354128
			}, {
				"Time": 3.275421392334959e-7,
				"TimeDiff": 2.673899765249664e-7,
				"PhiDegree": 80.03220316469596,
				"Power": -66.08842533230391
			}]
	}
}