{
	"SensorDataCollection": {
		"SensorId": 0,
		"SensorDatas": [{
				"Time": 8.700896896985562e-8,
				"TimeDiff": 0.0,
				"PhiDegree": 184.39870535499549,
				"Power": -35.881525233078236
			}, {
				"Time": 1.0738125461869386e-7,
				"TimeDiff": 2.0372285648838243e-8,
				"PhiDegree": 216.1093127024951,
				"Power": -38.59313604657041
			}, {
				"Time": 4.001773796253223e-7,
				"TimeDiff": 3.1316841065546665e-7,
				"PhiDegree": 50.60363732156338,
				"Power": -50.174408601535276
			}, {
				"Time": 3.2118452730472294e-7,
				"TimeDiff": 2.341755583348673e-7,
				"PhiDegree": 105.67035498646892,
				"Power": -58.615408482294924
			}]
	}
}