{
	"SensorDataCollection": {
		"SensorId": 0,
		"SensorDatas": [{
				"Time": 5.32555030478342e-7,
				"TimeDiff": 0.0,
				"PhiDegree": 33.80635666950204,
				"Power": -55.736928914388315
			}, {
				"Time": 5.153364716845249e-7,
				"TimeDiff": -1.7218558793817045e-8,
				"PhiDegree": 148.1873783560538,
				"Power": -57.09601433771624
			}, {
				"Time": 4.856449080749673e-7,
				"TimeDiff": -4.691012240337467e-8,
				"PhiDegree": 335.66955031586554,
				"Power": -60.808899126103825
			}, {
				"Time": 4.5684598151700884e-7,
				"TimeDiff": -7.570904896133313e-8,
				"PhiDegree": 163.4505823688125,
				"Power": -60.82964525117035
			}]
	}
}