{
	"SensorDataCollection": {
		"SensorId": 0,
		"SensorDatas": [{
				"Time": 1.4940555823683295e-7,
				"TimeDiff": 0.0,
				"PhiDegree": 119.42745640318975,
				"Power": -40.60664765390227
			}, {
				"Time": 2.0441347632458133e-7,
				"TimeDiff": 5.5007918087748384e-8,
				"PhiDegree": 140.4614614510837,
				"Power": -43.65223507015635
			}, {
				"Time": 2.5472599940716625e-7,
				"TimeDiff": 1.053204411703333e-7,
				"PhiDegree": 231.7661390939065,
				"Power": -46.224836234508444
			}, {
				"Time": 2.1312551771887654e-7,
				"TimeDiff": 6.371995948204359e-8,
				"PhiDegree": 249.85319738935024,
				"Power": -51.26910284153735
			}]
	}
}