{
	"SensorDataCollection": {
		"SensorId": 0,
		"SensorDatas": [{
				"Time": 7.7032354194598e-8,
				"TimeDiff": 0.0,
				"PhiDegree": 184.9697407281103,
				"Power": -34.80494225857826
			}, {
				"Time": 9.946937596591962e-8,
				"TimeDiff": 2.2437021771321623e-8,
				"PhiDegree": 219.5092883810777,
				"Power": -37.399104234725044
			}, {
				"Time": 4.066040808651724e-7,
				"TimeDiff": 3.295717266705744e-7,
				"PhiDegree": 49.5135523614374,
				"Power": -49.95892011377205
			}, {
				"Time": 3.1862662081427385e-7,
				"TimeDiff": 2.4159426661967586e-7,
				"PhiDegree": 103.93699809409651,
				"Power": -60.397982376304725
			}]
	}
}