{
	"SensorDataCollection": {
		"SensorId": 0,
		"SensorDatas": [{
				"Time": 5.270231267664881e-7,
				"TimeDiff": 0.0,
				"PhiDegree": 34.21001481106276,
				"Power": -55.34979468844179
			}, {
				"Time": 5.210191472492045e-7,
				"TimeDiff": -6.003979517283612e-9,
				"PhiDegree": 148.57422626881302,
				"Power": -57.54616141143252
			}, {
				"Time": 4.795721972738634e-7,
				"TimeDiff": -4.7450929492624674e-8,
				"PhiDegree": 335.3410722440168,
				"Power": -60.353170416008
			}, {
				"Time": 4.6324671998868193e-7,
				"TimeDiff": -6.377640677780615e-8,
				"PhiDegree": 163.68568388169106,
				"Power": -61.17117684434429
			}]
	}
}