{
	"SensorDataCollection": {
		"SensorId": 0,
		"SensorDatas": [{
				"Time": 5.160403121113098e-7,
				"TimeDiff": 0.0,
				"PhiDegree": 35.043189921214534,
				"Power": -54.59270109283868
			}, {
				"Time": 5.324534661016779e-7,
				"TimeDiff": 1.6413153990368103e-8,
				"PhiDegree": 149.32306541493378,
				"Power": -58.455954382414234
			}, {
				"Time": 4.76070651630275e-7,
				"TimeDiff": -3.9969660481034766e-8,
				"PhiDegree": 164.1369025814842,
				"Power": -61.84326445740845
			}]
	}
}