{
	"SensorDataCollection": {
		"SensorId": 0,
		"SensorDatas": [{
				"Time": 7.370882312522903e-8,
				"TimeDiff": 0.0,
				"PhiDegree": 185.1944289077348,
				"Power": -34.41287963972825
			}, {
				"Time": 9.691833556553558e-8,
				"TimeDiff": 2.3209512440306557e-8,
				"PhiDegree": 220.76432645339196,
				"Power": -37.04298574186977
			}, {
				"Time": 4.0877833327722803e-7,
				"TimeDiff": 3.35069510151999e-7,
				"PhiDegree": 49.15785524090497,
				"Power": -49.90656228164926
			}, {
				"Time": 3.1783947285582275e-7,
				"TimeDiff": 2.4413064973059374e-7,
				"PhiDegree": 103.3532106010327,
				"Power": -61.062768850891985
			}]
	}
}