{
	"SensorDataCollection": {
		"SensorId": 0,
		"SensorDatas": [{
				"Time": 1.5456972166521127e-7,
				"TimeDiff": 0.0,
				"PhiDegree": 122.66091272167381,
				"Power": -40.902324033986474
			}, {
				"Time": 1.9679705100229452e-7,
				"TimeDiff": 4.222732933708325e-8,
				"PhiDegree": 138.60589959824682,
				"Power": -43.142757514211894
			}, {
				"Time": 2.4865547400787137e-7,
				"TimeDiff": 9.40857523426601e-8,
				"PhiDegree": 233.57818502065695,
				"Power": -46.61856650288968
			}, {
				"Time": 2.1677699215216635e-7,
				"TimeDiff": 6.220727048695508e-8,
				"PhiDegree": 247.368602522187,
				"Power": -49.786164387154756
			}]
	}
}