{
	"SensorDataCollection": {
		"SensorId": 0,
		"SensorDatas": [{
				"Time": 4.582941287756683e-7,
				"TimeDiff": 0.0,
				"PhiDegree": 39.73688575105131,
				"Power": -51.23333056200596
			}, {
				"Time": 6.033479323074976e-7,
				"TimeDiff": 1.4505380353182925e-7,
				"PhiDegree": 60.515451874771784,
				"Power": -60.7870083818153
			}, {
				"Time": 5.922753174139807e-7,
				"TimeDiff": 1.3398118863831244e-7,
				"PhiDegree": 153.06165125947024,
				"Power": -63.70287937150292
			}]
	}
}