{
	"SensorDataCollection": {
		"SensorId": 0,
		"SensorDatas": [{
				"Time": 8.035697190637787e-8,
				"TimeDiff": 0.0,
				"PhiDegree": 184.7636416907262,
				"Power": -35.17937898592964
			}, {
				"Time": 1.0206574399008644e-7,
				"TimeDiff": 2.1708772083708567e-8,
				"PhiDegree": 218.31755411501373,
				"Power": -37.77880998355013
			}, {
				"Time": 4.0444566724154617e-7,
				"TimeDiff": 3.240886953351683e-7,
				"PhiDegree": 49.873059973899714,
				"Power": -50.0207969141465
			}, {
				"Time": 3.1944668230038546e-7,
				"TimeDiff": 2.390897103940076e-7,
				"PhiDegree": 104.51784831765568,
				"Power": -59.770275617091485
			}]
	}
}