{
	"SensorDataCollection": {
		"SensorId": 0,
		"SensorDatas": [{
				"Time": 5.187756232681119e-7,
				"TimeDiff": 0.0,
				"PhiDegree": 34.83159166231783,
				"Power": -54.77967334257943
			}, {
				"Time": 5.295864977417976e-7,
				"TimeDiff": 1.0810874473685728e-8,
				"PhiDegree": 149.1388891286582,
				"Power": -58.22743500129643
			}, {
				"Time": 4.728619569921089e-7,
				"TimeDiff": -4.591366627600296e-8,
				"PhiDegree": 164.0263927653647,
				"Power": -61.67659782702978
			}]
	}
}