{
	"SensorDataCollection": {
		"SensorId": 0,
		"SensorDatas": [{
				"Time": 5.133121141231744e-7,
				"TimeDiff": 0.0,
				"PhiDegree": 35.257040366122,
				"Power": -54.40737161916029
			}, {
				"Time": 5.353258772858855e-7,
				"TimeDiff": 2.2013763162711127e-8,
				"PhiDegree": 149.50526708866525,
				"Power": -58.68511489641361
			}, {
				"Time": 4.792810935890201e-7,
				"TimeDiff": -3.403102053415432e-8,
				"PhiDegree": 164.24593230903665,
				"Power": -62.009038759316866
			}]
	}
}