{
	"SensorDataCollection": {
		"SensorId": 0,
		"SensorDatas": [{
				"Time": 5.078775158773683e-7,
				"TimeDiff": 0.0,
				"PhiDegree": 35.69161858147157,
				"Power": -54.04191661564565
			}, {
				"Time": 5.410866812380082e-7,
				"TimeDiff": 3.32091653606399e-8,
				"PhiDegree": 149.8638579980453,
				"Power": -59.14519441584439
			}]
	}
}