{
	"SensorDataCollection": {
		"SensorId": 0,
		"SensorDatas": [{
				"Time": 4.7072828179823505e-7,
				"TimeDiff": 0.0,
				"PhiDegree": 39.01068522425419,
				"Power": -51.728689009921595
			}, {
				"Time": 5.939581729465678e-7,
				"TimeDiff": 1.2322989114833278e-7,
				"PhiDegree": 61.47780356812044,
				"Power": -61.74460079192758
			}, {
				"Time": 5.819584524824601e-7,
				"TimeDiff": 1.1123017068422501e-7,
				"PhiDegree": 152.17346644527865,
				"Power": -62.408857976991214
			}]
	}
}