{
	"SensorDataCollection": {
		"SensorId": 0,
		"SensorDatas": [{
				"Time": 7.038653262659904e-8,
				"TimeDiff": 0.0,
				"PhiDegree": 185.4403320310055,
				"Power": -34.00134035902837
			}, {
				"Time": 9.441629699094726e-8,
				"TimeDiff": 2.402976436434822e-8,
				"PhiDegree": 222.08654470644382,
				"Power": -36.71524339356273
			}, {
				"Time": 4.1096817308953506e-7,
				"TimeDiff": 3.4058164046293603e-7,
				"PhiDegree": 48.80593533419432,
				"Power": -49.863411866297554
			}, {
				"Time": 3.170854835434071e-7,
				"TimeDiff": 2.466989509168081e-7,
				"PhiDegree": 102.76658561437966,
				"Power": -61.76775987981722
			}]
	}
}