{
	"SensorDataCollection": {
		"SensorId": 0,
		"SensorDatas": [{
				"Time": 4.6814032735969596e-7,
				"TimeDiff": 0.0,
				"PhiDegree": 39.26774220560431,
				"Power": -51.583783350492126
			}, {
				"Time": 5.95558632342607e-7,
				"TimeDiff": 1.27418304982911e-7,
				"PhiDegree": 61.195759778557154,
				"Power": -61.43890122955159
			}, {
				"Time": 5.849113349714228e-7,
				"TimeDiff": 1.1677100761172688e-7,
				"PhiDegree": 152.32603675271116,
				"Power": -62.64356769240959
			}]
	}
}