{
	"SensorDataCollection": {
		"SensorId": 0,
		"SensorDatas": [{
				"Time": 1.556463754150136e-7,
				"TimeDiff": 0.0,
				"PhiDegree": 120.96375653207352,
				"Power": -40.96271441128225
			}, {
				"Time": 2.0150665155738835e-7,
				"TimeDiff": 4.5860276142374734e-8,
				"PhiDegree": 138.52151518495606,
				"Power": -43.34177394969993
			}, {
				"Time": 2.533223884510027e-7,
				"TimeDiff": 9.767601303598911e-8,
				"PhiDegree": 233.41899227747487,
				"Power": -46.72106234063649
			}, {
				"Time": 2.1861632155097974e-7,
				"TimeDiff": 6.296994613596613e-8,
				"PhiDegree": 248.51232330193494,
				"Power": -50.5749587849285
			}]
	}
}