{
	"SensorDataCollection": {
		"SensorId": 0,
		"SensorDatas": [{
				"Time": 5.105911433252757e-7,
				"TimeDiff": 0.0,
				"PhiDegree": 35.4731730924256,
				"Power": -54.223753276368456
			}, {
				"Time": 5.382036441488111e-7,
				"TimeDiff": 2.761250082353539e-8,
				"PhiDegree": 149.68552210976614,
				"Power": -58.91487496702382
			}]
	}
}