{
	"SensorDataCollection": {
		"SensorId": 0,
		"SensorDatas": [{
				"Time": 6.706566706466866e-8,
				"TimeDiff": 0.0,
				"PhiDegree": 185.71059313749964,
				"Power": -33.56815464281557
			}, {
				"Time": 9.196725972386286e-8,
				"TimeDiff": 2.4901592659194202e-8,
				"PhiDegree": 223.47995852186236,
				"Power": -36.42146488355769
			}, {
				"Time": 4.1317335246012214e-7,
				"TimeDiff": 3.4610768539545346e-7,
				"PhiDegree": 48.45775892612154,
				"Power": -49.829167789923346
			}, {
				"Time": 3.163648899571348e-7,
				"TimeDiff": 2.492992228924661e-7,
				"PhiDegree": 102.17722626105089,
				"Power": -62.516526443849585
			}]
	}
}