{
	"SensorDataCollection": {
		"SensorId": 0,
		"SensorDatas": [{
				"Time": 4.838055978699148e-7,
				"TimeDiff": 0.0,
				"PhiDegree": 37.766923392728735,
				"Power": -52.49838853440468
			}, {
				"Time": 5.672578681063746e-7,
				"TimeDiff": 8.345227023645983e-8,
				"PhiDegree": 151.38685064641498,
				"Power": -61.23724676410751
			}]
	}
}