{
	"SensorDataCollection": {
		"SensorId": 0,
		"SensorDatas": [{
				"Time": 4.811722930211867e-7,
				"TimeDiff": 0.0,
				"PhiDegree": 38.010258122363474,
				"Power": -52.338787601494715
			}, {
				"Time": 5.701892549988449e-7,
				"TimeDiff": 8.901696197765816e-8,
				"PhiDegree": 151.54741625773912,
				"Power": -61.47122642491749
			}, {
				"Time": 5.877022046652414e-7,
				"TimeDiff": 1.0652991164405467e-7,
				"PhiDegree": 62.62113147840484,
				"Power": -63.06108187133336
			}]
	}
}