{
	"SensorDataCollection": {
		"SensorId": 0,
		"SensorDatas": [{
				"Time": 4.733256076148201e-7,
				"TimeDiff": 0.0,
				"PhiDegree": 38.756444319755296,
				"Power": -51.87675431634405
			}, {
				"Time": 5.923721838651761e-7,
				"TimeDiff": 1.1904657625035601e-7,
				"PhiDegree": 61.76136452095757,
				"Power": -62.05945249359428
			}, {
				"Time": 5.790097386127908e-7,
				"TimeDiff": 1.056841309979707e-7,
				"PhiDegree": 152.01934105082154,
				"Power": -62.17424458162154
			}]
	}
}