{
	"SensorDataCollection": {
		"SensorId": 0,
		"SensorDatas": [{
				"Time": 4.785477624722665e-7,
				"TimeDiff": 0.0,
				"PhiDegree": 38.25626640284268,
				"Power": -52.181912106002414
			}, {
				"Time": 5.731250740097062e-7,
				"TimeDiff": 9.457731153743974e-8,
				"PhiDegree": 151.70633811977746,
				"Power": -61.705403537211396
			}, {
				"Time": 5.89244082954066e-7,
				"TimeDiff": 1.1069632048179948e-7,
				"PhiDegree": 62.333030685228984,
				"Power": -62.71747022074115
			}]
	}
}