{
	"SensorDataCollection": {
		"SensorId": 0,
		"SensorDatas": [{
				"Time": 4.7593215138095404e-7,
				"TimeDiff": 0.0,
				"PhiDegree": 38.50498331791159,
				"Power": -52.027865427367416
			}, {
				"Time": 5.760652573763405e-7,
				"TimeDiff": 1.0013310599538645e-7,
				"PhiDegree": 151.86363893700272,
				"Power": -61.93975149132771
			}, {
				"Time": 5.908007816339749e-7,
				"TimeDiff": 1.1486863025302089e-7,
				"PhiDegree": 62.04644090892175,
				"Power": -62.38366917367995
			}]
	}
}