{
	"SensorDataCollection": {
		"SensorId": 0,
		"SensorDatas": [{
				"Time": 4.944237493443331e-7,
				"TimeDiff": 0.0,
				"PhiDegree": 36.81963141945894,
				"Power": -53.16209094862188
			}, {
				"Time": 5.555780432377086e-7,
				"TimeDiff": 6.115429389337544e-8,
				"PhiDegree": 150.72768358816683,
				"Power": -60.303868208968424
			}]
	}
}