{
	"SensorDataCollection": {
		"SensorId": 0,
		"SensorDatas": [{
				"Time": 1.5738907165358227e-7,
				"TimeDiff": 0.0,
				"PhiDegree": 122.00538320808346,
				"Power": -41.059578455539196
			}, {
				"Time": 1.9901909532382884e-7,
				"TimeDiff": 4.163002367024657e-8,
				"PhiDegree": 137.88526701313705,
				"Power": -43.19054832790029
			}, {
				"Time": 2.513481692238185e-7,
				"TimeDiff": 9.395909757023625e-8,
				"PhiDegree": 234.02977731775263,
				"Power": -46.885941097327446
			}, {
				"Time": 2.1986045971166907e-7,
				"TimeDiff": 6.24713880580868e-8,
				"PhiDegree": 247.70320097158182,
				"Power": -50.11225675736692
			}]
	}
}