{
	"SensorDataCollection": {
		"SensorId": 0,
		"SensorDatas": [{
				"Time": 4.6299316063709485e-7,
				"TimeDiff": 0.0,
				"PhiDegree": 39.79045085021688,
				"Power": -51.30392511537427
			}, {
				"Time": 5.988024969204571e-7,
				"TimeDiff": 1.3580933628336224e-7,
				"PhiDegree": 60.636229045246886,
				"Power": -60.85413824248204
			}, {
				"Time": 5.908293557089309e-7,
				"TimeDiff": 1.2783619507183604e-7,
				"PhiDegree": 152.62659691086503,
				"Power": -63.11318420958665
			}]
	}
}