{
	"SensorDataCollection": {
		"SensorId": 0,
		"SensorDatas": [{
				"Time": 4.655619005794102e-7,
				"TimeDiff": 0.0,
				"PhiDegree": 39.52765179026778,
				"Power": -51.442154909444696
			}, {
				"Time": 5.971734457094631e-7,
				"TimeDiff": 1.3161154513005295e-7,
				"PhiDegree": 60.915234567870634,
				"Power": -61.14214723559911
			}, {
				"Time": 5.878683232623349e-7,
				"TimeDiff": 1.223064226829247e-7,
				"PhiDegree": 152.4770732593498,
				"Power": -62.878350561423446
			}]
	}
}