{
	"SensorDataCollection": {
		"SensorId": 0,
		"SensorDatas": [{
				"Time": 6.33083240186125e-8,
				"TimeDiff": 0.0,
				"PhiDegree": 341.56505117707803,
				"Power": -33.0483994195796
			}, {
				"Time": 7.810743537750389e-8,
				"TimeDiff": 1.4799111358891385e-8,
				"PhiDegree": 320.25835897484666,
				"Power": -35.27241988319764
			}, {
				"Time": 3.2813642617848305e-7,
				"TimeDiff": 2.6482810215987055e-7,
				"PhiDegree": 79.45989041648521,
				"Power": -65.16804117659423
			}]
	}
}