{
	"SensorDataCollection": {
		"SensorId": 0,
		"SensorDatas": [{
				"Time": 1.5232052341157198e-7,
				"TimeDiff": 0.0,
				"PhiDegree": 118.81079374297306,
				"Power": -40.7747867953198
			}, {
				"Time": 2.065536015745446e-7,
				"TimeDiff": 5.423307816297263e-8,
				"PhiDegree": 139.7476627581726,
				"Power": -43.66473498421726
			}, {
				"Time": 2.573551868373081e-7,
				"TimeDiff": 1.050346634257361e-7,
				"PhiDegree": 232.22587166092714,
				"Power": -46.45296202166294
			}, {
				"Time": 2.1626105456375005e-7,
				"TimeDiff": 6.394053115217807e-8,
				"PhiDegree": 250.15767314830612,
				"Power": -51.616086661518125
			}]
	}
}