{
	"SensorDataCollection": {
		"SensorId": 0,
		"SensorDatas": [{
				"Time": 1.5395627573642767e-7,
				"TimeDiff": 0.0,
				"PhiDegree": 119.89890183861458,
				"Power": -40.867725756249946
			}, {
				"Time": 2.0401844841869297e-7,
				"TimeDiff": 5.0062172682265296e-8,
				"PhiDegree": 139.14217184886752,
				"Power": -43.50002848451069
			}, {
				"Time": 2.5532494818137314e-7,
				"TimeDiff": 1.0136867244494547e-7,
				"PhiDegree": 232.81772078840905,
				"Power": -46.57708823684007
			}, {
				"Time": 2.174162751665132e-7,
				"TimeDiff": 6.345999943008552e-8,
				"PhiDegree": 249.33054236616672,
				"Power": -51.075247967600205
			}]
	}
}