{
	"SensorDataCollection": {
		"SensorId": 0,
		"SensorDatas": [{
				"Time": 6.004456700907917e-7,
				"TimeDiff": 0.0,
				"PhiDegree": 60.358744019608345,
				"Power": -60.57467943597403
			}, {
				"Time": 5.937943718110983e-7,
				"TimeDiff": -6.6512982796934756e-9,
				"PhiDegree": 152.77462831785647,
				"Power": -63.3480470287935
			}]
	}
}