{
	"SensorDataCollection": {
		"SensorId": 0,
		"SensorDatas": [{
				"Time": 1.5074088768832513e-7,
				"TimeDiff": 0.0,
				"PhiDegree": 117.69947280805502,
				"Power": -40.68407756825085
			}, {
				"Time": 2.0911126154897848e-7,
				"TimeDiff": 5.837037386065336e-8,
				"PhiDegree": 140.3384066726572,
				"Power": -43.835357198550454
			}, {
				"Time": 2.59412454549228e-7,
				"TimeDiff": 1.0867156686090287e-7,
				"PhiDegree": 231.64334849702283,
				"Power": -46.347684263586075
			}, {
				"Time": 2.1515138179829165e-7,
				"TimeDiff": 6.441049410996653e-8,
				"PhiDegree": 250.99351173059435,
				"Power": -52.20081019917811
			}]
	}
}