{
	"SensorDataCollection": {
		"SensorId": 0,
		"SensorDatas": [{
				"Time": 5.098313894767051e-7,
				"TimeDiff": 0.0,
				"PhiDegree": 35.99616536537438,
				"Power": -53.891916648949945
			}, {
				"Time": 5.427695342821036e-7,
				"TimeDiff": 3.2938144805398545e-8,
				"PhiDegree": 149.5592425056347,
				"Power": -58.85963048598174
			}, {
				"Time": 4.866116412638127e-7,
				"TimeDiff": -2.321974821289242e-8,
				"PhiDegree": 164.08115485483302,
				"Power": -61.978925774788706
			}]
	}
}