{
	"SensorDataCollection": {
		"SensorId": 0,
		"SensorDatas": [{
				"Time": 5.427361782887219e-7,
				"TimeDiff": 0.0,
				"PhiDegree": 33.51109023686414,
				"Power": -56.12590817248129
			}, {
				"Time": 5.086538492078288e-7,
				"TimeDiff": -3.4082329080893105e-8,
				"PhiDegree": 147.27358086155147,
				"Power": -56.19107198908057
			}, {
				"Time": 4.482419663335757e-7,
				"TimeDiff": -9.449421195514624e-8,
				"PhiDegree": 162.6772701260201,
				"Power": -59.96578566507317
			}, {
				"Time": 4.961416716331211e-7,
				"TimeDiff": -4.659450665560084e-8,
				"PhiDegree": 335.79470822197067,
				"Power": -61.12875827133699
			}]
	}
}