{
	"SensorDataCollection": {
		"SensorId": 0,
		"SensorDatas": [{
				"Time": 4.858562864595321e-7,
				"TimeDiff": 0.0,
				"PhiDegree": 38.077975511864274,
				"Power": -52.39242009915057
			}, {
				"Time": 5.688633048986714e-7,
				"TimeDiff": 8.300701843913929e-8,
				"PhiDegree": 151.09182624666303,
				"Power": -60.92016385424435
			}, {
				"Time": 5.832066370175573e-7,
				"TimeDiff": 9.735035055802521e-8,
				"PhiDegree": 62.76146722999863,
				"Power": -63.17570078277407
			}]
	}
}