{
	"SensorDataCollection": {
		"SensorId": 0,
		"SensorDatas": [{
				"Time": 5.31659157451243e-7,
				"TimeDiff": 0.0,
				"PhiDegree": 34.30521597336843,
				"Power": -55.35770229940128
			}, {
				"Time": 5.19931873401169e-7,
				"TimeDiff": -1.1727284050074054e-8,
				"PhiDegree": 148.06874805281728,
				"Power": -57.0666746068255
			}, {
				"Time": 4.61000298315629e-7,
				"TimeDiff": -7.065885913561401e-8,
				"PhiDegree": 163.17118647869674,
				"Power": -60.6511091923724
			}]
	}
}