{
	"SensorDataCollection": {
		"SensorId": 0,
		"SensorDatas": [{
				"Time": 5.958967796390294e-7,
				"TimeDiff": 0.0,
				"PhiDegree": 60.47891397036189,
				"Power": -60.63914197624163
			}, {
				"Time": 5.923709127726315e-7,
				"TimeDiff": -3.5258668663979914e-9,
				"PhiDegree": 152.3400027143378,
				"Power": -62.771211046228274
			}]
	}
}