{
	"SensorDataCollection": {
		"SensorId": 0,
		"SensorDatas": [{
				"Time": 4.964305777021489e-7,
				"TimeDiff": 0.0,
				"PhiDegree": 37.127915610471845,
				"Power": -53.035911068836526
			}, {
				"Time": 5.572171325968817e-7,
				"TimeDiff": 6.078655489473281e-8,
				"PhiDegree": 150.4284031124527,
				"Power": -60.00030414218155
			}]
	}
}