{
	"SensorDataCollection": {
		"SensorId": 0,
		"SensorDatas": [{
				"Time": 2.4291117842423295e-8,
				"TimeDiff": 0.0,
				"PhiDegree": 195.94539590092288,
				"Power": -23.69533727103308
			}, {
				"Time": 6.745540429292498e-8,
				"TimeDiff": 4.316428645050169e-8,
				"PhiDegree": 249.7418285846138,
				"Power": -41.197390868751754
			}, {
				"Time": 4.431302247203692e-7,
				"TimeDiff": 4.1883910687794594e-7,
				"PhiDegree": 44.25624187029368,
				"Power": -50.074243675676925
			}]
	}
}