{
	"SensorDataCollection": {
		"SensorId": 0,
		"SensorDatas": [{
				"Time": 1.7968365164870175e-8,
				"TimeDiff": 0.0,
				"PhiDegree": 201.80140948635187,
				"Power": -20.914468518367435
			}, {
				"Time": 6.544490284953892e-8,
				"TimeDiff": 4.7476537684668745e-8,
				"PhiDegree": 255.23116097102744,
				"Power": -45.72845435708905
			}, {
				"Time": 4.4793401314847007e-7,
				"TimeDiff": 4.299656479835999e-7,
				"PhiDegree": 43.66053917203574,
				"Power": -50.20732578095787
			}]
	}
}