{
	"SensorDataCollection": {
		"SensorId": 0,
		"SensorDatas": [{
				"Time": 5.017672869967498e-7,
				"TimeDiff": 0.0,
				"PhiDegree": 36.66796495925003,
				"Power": -53.37194070175855
			}, {
				"Time": 5.514229480070495e-7,
				"TimeDiff": 4.965566101029973e-8,
				"PhiDegree": 150.08620581301042,
				"Power": -59.542611652813065
			}]
	}
}