{
	"SensorDataCollection": {
		"SensorId": 0,
		"SensorDatas": [{
				"Time": 2.1102774672870835e-8,
				"TimeDiff": 0.0,
				"PhiDegree": 198.43494882292197,
				"Power": -22.339842489084283
			}, {
				"Time": 6.637394263701249e-8,
				"TimeDiff": 4.527116796414165e-8,
				"PhiDegree": 252.44494198320916,
				"Power": -43.17336724639365
			}, {
				"Time": 4.455260990340937e-7,
				"TimeDiff": 4.2442332436122284e-7,
				"PhiDegree": 43.956784769646326,
				"Power": -50.13807944945977
			}]
	}
}