{
	"SensorDataCollection": {
		"SensorId": 0,
		"SensorDatas": [{
				"Time": 5.289062778117754e-7,
				"TimeDiff": 0.0,
				"PhiDegree": 34.50893253630295,
				"Power": -55.1689756980865
			}, {
				"Time": 5.227666042623017e-7,
				"TimeDiff": -6.13967354947372e-9,
				"PhiDegree": 148.26216736931585,
				"Power": -57.28803609257204
			}, {
				"Time": 4.641950501681248e-7,
				"TimeDiff": -6.471122764365065e-8,
				"PhiDegree": 163.29042054571144,
				"Power": -60.820174356317196
			}]
	}
}