{
	"SensorDataCollection": {
		"SensorId": 0,
		"SensorDatas": [{
				"Time": 4.780166182049372e-7,
				"TimeDiff": 0.0,
				"PhiDegree": 38.81795546163375,
				"Power": -51.937760338621445
			}, {
				"Time": 5.776462165441052e-7,
				"TimeDiff": 9.962959833916795e-8,
				"PhiDegree": 151.57179147767405,
				"Power": -61.613011647885486
			}, {
				"Time": 5.878555139192858e-7,
				"TimeDiff": 1.0983889571434857e-7,
				"PhiDegree": 61.89399747888667,
				"Power": -62.15361903112834
			}]
	}
}