{
	"SensorDataCollection": {
		"SensorId": 0,
		"SensorDatas": [{
				"Time": 6.648211380907305e-8,
				"TimeDiff": 0.0,
				"PhiDegree": 342.4744316262771,
				"Power": -33.48959052371188
			}, {
				"Time": 8.070129508085888e-8,
				"TimeDiff": 1.4219181271785832e-8,
				"PhiDegree": 321.77305404211756,
				"Power": -35.751964213931245
			}, {
				"Time": 3.287635042879059e-7,
				"TimeDiff": 2.6228139047883286e-7,
				"PhiDegree": 78.8900441996347,
				"Power": -64.30454411935666
			}]
	}
}