{
	"SensorDataCollection": {
		"SensorId": 0,
		"SensorDatas": [{
				"Time": 4.702593334134099e-7,
				"TimeDiff": 0.0,
				"PhiDegree": 39.58247954213945,
				"Power": -51.51016697971269
			}, {
				"Time": 5.926370105079404e-7,
				"TimeDiff": 1.2237767709453052e-7,
				"PhiDegree": 61.04033242420502,
				"Power": -61.21787575981787
			}, {
				"Time": 5.864684480086731e-7,
				"TimeDiff": 1.1620911459526322e-7,
				"PhiDegree": 152.03734835397304,
				"Power": -62.30756272487524
			}]
	}
}