{
	"SensorDataCollection": {
		"SensorId": 0,
		"SensorDatas": [{
				"Time": 5.152453794723288e-7,
				"TimeDiff": 0.0,
				"PhiDegree": 35.560020304161036,
				"Power": -54.24827382992237
			}, {
				"Time": 5.370267829666905e-7,
				"TimeDiff": 2.1781403494361708e-8,
				"PhiDegree": 149.19851874208106,
				"Power": -58.407114238091395
			}, {
				"Time": 4.80197758941254e-7,
				"TimeDiff": -3.5047620531074764e-8,
				"PhiDegree": 163.86276614640093,
				"Power": -61.65220433878453
			}]
	}
}