{
	"SensorDataCollection": {
		"SensorId": 0,
		"SensorDatas": [{
				"Time": 4.676925890294756e-7,
				"TimeDiff": 0.0,
				"PhiDegree": 39.842939538061,
				"Power": -51.374176935280474
			}, {
				"Time": 5.942597630047864e-7,
				"TimeDiff": 1.265671739753108e-7,
				"PhiDegree": 60.758853295239724,
				"Power": -60.92413549761841
			}, {
				"Time": 5.894176246320761e-7,
				"TimeDiff": 1.2172503560260053e-7,
				"PhiDegree": 152.18943323317316,
				"Power": -62.53934108397486
			}]
	}
}