{
	"SensorDataCollection": {
		"SensorId": 0,
		"SensorDatas": [{
				"Time": 1.5525246931252178e-7,
				"TimeDiff": 0.0,
				"PhiDegree": 118.21735585472929,
				"Power": -40.940668803934614
			}, {
				"Time": 2.0872512474226957e-7,
				"TimeDiff": 5.347265542974779e-8,
				"PhiDegree": 139.0486097904851,
				"Power": -43.68996665497771
			}, {
				"Time": 2.6000060762447565e-7,
				"TimeDiff": 1.0474813831195387e-7,
				"PhiDegree": 232.67627748188144,
				"Power": -46.68715814738371
			}, {
				"Time": 2.1940252390083408e-7,
				"TimeDiff": 6.41500545883123e-8,
				"PhiDegree": 250.4534379160971,
				"Power": -51.95978856874618
			}]
	}
}