{
	"SensorDataCollection": {
		"SensorId": 0,
		"SensorDatas": [{
				"Time": 5.975479431784297e-7,
				"TimeDiff": 0.0,
				"PhiDegree": 60.20051510464331,
				"Power": -60.36269979171536
			}, {
				"Time": 5.953282512414364e-7,
				"TimeDiff": -2.219691936993266e-9,
				"PhiDegree": 152.48907728576424,
				"Power": -63.00315035437367
			}]
	}
}