{
	"SensorDataCollection": {
		"SensorId": 0,
		"SensorDatas": [{
				"Time": 5.37184769658185e-7,
				"TimeDiff": 0.0,
				"PhiDegree": 33.9040593195953,
				"Power": -55.73925731298016
			}, {
				"Time": 5.142804808043035e-7,
				"TimeDiff": -2.2904288853881437e-8,
				"PhiDegree": 147.67552386960347,
				"Power": -56.6267979992883
			}, {
				"Time": 4.5461691016168254e-7,
				"TimeDiff": -8.256785949650244e-8,
				"PhiDegree": 162.9276935987156,
				"Power": -60.310271686478856
			}, {
				"Time": 4.900627264546628e-7,
				"TimeDiff": -4.712204320352218e-8,
				"PhiDegree": 335.47481551365877,
				"Power": -60.68120965911446
			}]
	}
}