{
	"SensorDataCollection": {
		"SensorId": 0,
		"SensorDatas": [{
				"Time": 1.5370296872970446e-7,
				"TimeDiff": 0.0,
				"PhiDegree": 117.12130340415865,
				"Power": -40.853398777227966
			}, {
				"Time": 2.1125649595187727e-7,
				"TimeDiff": 5.7553527222172816e-8,
				"PhiDegree": 139.6417379959732,
				"Power": -43.84965827487595
			}, {
				"Time": 2.620371068155922e-7,
				"TimeDiff": 1.0833413808588776e-7,
				"PhiDegree": 232.09609382558276,
				"Power": -46.56937688426055
			}, {
				"Time": 2.1830881993805262e-7,
				"TimeDiff": 6.460585120834817e-8,
				"PhiDegree": 251.27871035796485,
				"Power": -52.55089591831921
			}]
	}
}