{
	"SensorDataCollection": {
		"SensorId": 0,
		"SensorDatas": [{
				"Time": 1.6199042966276284e-7,
				"TimeDiff": 0.0,
				"PhiDegree": 122.38067770656924,
				"Power": -41.31024031822665
			}, {
				"Time": 1.988374303680391e-7,
				"TimeDiff": 3.684700070527625e-8,
				"PhiDegree": 136.52714485628638,
				"Power": -43.11903682248341
			}, {
				"Time": 2.5213183452667244e-7,
				"TimeDiff": 9.01414048639096e-8,
				"PhiDegree": 235.08885633131683,
				"Power": -47.35827309601281
			}, {
				"Time": 2.2422095702397462e-7,
				"TimeDiff": 6.223052736121178e-8,
				"PhiDegree": 247.23781279417196,
				"Power": -50.00119606484347
			}]
	}
}