{
	"SensorDataCollection": {
		"SensorId": 0,
		"SensorDatas": [{
				"Time": 4.990949120271731e-7,
				"TimeDiff": 0.0,
				"PhiDegree": 36.89671075102606,
				"Power": -53.202809028374844
			}, {
				"Time": 5.54317568769623e-7,
				"TimeDiff": 5.5222656742449935e-8,
				"PhiDegree": 150.25819869353174,
				"Power": -59.77124422559112
			}]
	}
}