{
	"SensorDataCollection": {
		"SensorId": 0,
		"SensorDatas": [{
				"Time": 5.234208935335155e-7,
				"TimeDiff": 0.0,
				"PhiDegree": 34.922781089629765,
				"Power": -54.79591990626474
			}, {
				"Time": 5.284536504782135e-7,
				"TimeDiff": 5.0327569446980475e-9,
				"PhiDegree": 148.64276996739534,
				"Power": -57.73335415689448
			}, {
				"Time": 4.7059046183746615e-7,
				"TimeDiff": -5.283043169604933e-8,
				"PhiDegree": 163.5240294160191,
				"Power": -61.155627314728605
			}]
	}
}