{
	"SensorDataCollection": {
		"SensorId": 0,
		"SensorDatas": [{
				"Time": 3.402720172339025e-8,
				"TimeDiff": 0.0,
				"PhiDegree": 191.30993247402023,
				"Power": -27.11413582490593
			}, {
				"Time": 7.154036356779128e-8,
				"TimeDiff": 3.7513161844401025e-8,
				"PhiDegree": 242.1991429175096,
				"Power": -37.554688080676456
			}, {
				"Time": 4.3601682033031375e-7,
				"TimeDiff": 4.019896186069235e-7,
				"PhiDegree": 45.17424123560193,
				"Power": -49.91706617682776
			}, {
				"Time": 4.853735375460927e-7,
				"TimeDiff": 4.513463358227025e-7,
				"PhiDegree": 140.42176910521707,
				"Power": -51.786579154940796
			}]
	}
}