{
	"SensorDataCollection": {
		"SensorId": 0,
		"SensorDatas": [{
				"Time": 1.5221084823348894e-7,
				"TimeDiff": 0.0,
				"PhiDegree": 116.00334584451144,
				"Power": -40.7685194575341
			}, {
				"Time": 2.1380996894438713e-7,
				"TimeDiff": 6.159912071089819e-8,
				"PhiDegree": 140.22075989735325,
				"Power": -44.01506792644618
			}, {
				"Time": 2.641000588534965e-7,
				"TimeDiff": 1.1188921062000755e-7,
				"PhiDegree": 231.524916278661,
				"Power": -46.46963342687711
			}, {
				"Time": 2.1726085838544122e-7,
				"TimeDiff": 6.505001015195228e-8,
				"PhiDegree": 252.11211855698784,
				"Power": -53.189494214940595
			}]
	}
}