{
	"SensorDataCollection": {
		"SensorId": 0,
		"SensorDatas": [{
				"Time": 1.6022829728620573e-7,
				"TimeDiff": 0.0,
				"PhiDegree": 121.37300514010848,
				"Power": -41.21510332155562
			}, {
				"Time": 2.0127192471573262e-7,
				"TimeDiff": 4.104362742952689e-8,
				"PhiDegree": 137.18065705135,
				"Power": -43.25042902787226
			}, {
				"Time": 2.5405614722969425e-7,
				"TimeDiff": 9.382784994348853e-8,
				"PhiDegree": 234.47176956636181,
				"Power": -47.15839479943659
			}, {
				"Time": 2.2295121779810328e-7,
				"TimeDiff": 6.272292051189756e-8,
				"PhiDegree": 248.02853322872926,
				"Power": -50.435900582124646
			}]
	}
}