{
	"SensorDataCollection": {
		"SensorId": 0,
		"SensorDatas": [{
				"Time": 4.806208854483897e-7,
				"TimeDiff": 0.0,
				"PhiDegree": 38.56861475710486,
				"Power": -52.08645067836186
			}, {
				"Time": 5.747141212727256e-7,
				"TimeDiff": 9.409323582433596e-8,
				"PhiDegree": 151.41343346293223,
				"Power": -61.38183820367273
			}, {
				"Time": 5.862909951230447e-7,
				"TimeDiff": 1.0567010967465506e-7,
				"PhiDegree": 62.18162308767652,
				"Power": -62.48441945022526
			}]
	}
}