{
	"SensorDataCollection": {
		"SensorId": 0,
		"SensorDatas": [{
				"Time": 5.125346721971047e-7,
				"TimeDiff": 0.0,
				"PhiDegree": 35.77694106912859,
				"Power": -54.069174415818935
			}, {
				"Time": 5.398954836880097e-7,
				"TimeDiff": 2.7360811490905017e-8,
				"PhiDegree": 149.3798398574082,
				"Power": -58.63306590144401
			}, {
				"Time": 4.834038222597746e-7,
				"TimeDiff": -2.9130849937330107e-8,
				"PhiDegree": 163.97268490460598,
				"Power": -61.81599392098357
			}]
	}
}