{
	"SensorDataCollection": {
		"SensorId": 0,
		"SensorDatas": [{
				"Time": 1.568576495230348e-7,
				"TimeDiff": 0.0,
				"PhiDegree": 119.29136217098429,
				"Power": -41.03015531769664
			}, {
				"Time": 2.0621666923513033e-7,
				"TimeDiff": 4.935901971209552e-8,
				"PhiDegree": 138.44098530727044,
				"Power": -43.53649703464782
			}, {
				"Time": 2.5799118771161876e-7,
				"TimeDiff": 1.0113353818858395e-7,
				"PhiDegree": 233.26556012443731,
				"Power": -46.82391702196506
			}, {
				"Time": 2.205412897402928e-7,
				"TimeDiff": 6.368364021725799e-8,
				"PhiDegree": 249.63652001546546,
				"Power": -51.41240565738693
			}]
	}
}