{
	"SensorDataCollection": {
		"SensorId": 0,
		"SensorDatas": [{
				"Time": 5.206886035426541e-7,
				"TimeDiff": 0.0,
				"PhiDegree": 35.132969755263005,
				"Power": -54.611714609977426
			}, {
				"Time": 5.313057776102881e-7,
				"TimeDiff": 1.0617174067633984e-8,
				"PhiDegree": 148.83001169055262,
				"Power": -57.95721519911453
			}, {
				"Time": 4.737910419063689e-7,
				"TimeDiff": -4.689756163628519e-8,
				"PhiDegree": 163.63846789557167,
				"Power": -61.32202719971005
			}]
	}
}