{
	"SensorDataCollection": {
		"SensorId": 0,
		"SensorDatas": [{
				"Time": 5.071356500407428e-7,
				"TimeDiff": 0.0,
				"PhiDegree": 36.21772355926863,
				"Power": -53.716574096293186
			}, {
				"Time": 5.456488502121654e-7,
				"TimeDiff": 3.851320017142259e-8,
				"PhiDegree": 149.73675351144263,
				"Power": -59.08676832572304
			}, {
				"Time": 4.898211814596302e-7,
				"TimeDiff": -1.7314468581112667e-8,
				"PhiDegree": 164.1882036916524,
				"Power": -62.141006122689646
			}]
	}
}