{
	"SensorDataCollection": {
		"SensorId": 0,
		"SensorDatas": [{
				"Time": 4.911265540317269e-7,
				"TimeDiff": 0.0,
				"PhiDegree": 37.59783175957567,
				"Power": -52.70916340876974
			}, {
				"Time": 5.630307838386598e-7,
				"TimeDiff": 7.190422980693292e-8,
				"PhiDegree": 150.76354535208714,
				"Power": -60.45957314058714
			}]
	}
}