{
	"SensorDataCollection": {
		"SensorId": 0,
		"SensorDatas": [{
				"Time": 4.83234156629318e-7,
				"TimeDiff": 0.0,
				"PhiDegree": 38.32196623144797,
				"Power": -52.2380386279882
			}, {
				"Time": 5.717864612316277e-7,
				"TimeDiff": 8.855230460230975e-8,
				"PhiDegree": 151.25345256678207,
				"Power": -61.150879831265
			}, {
				"Time": 5.847413300207001e-7,
				"TimeDiff": 1.0150717339138214e-7,
				"PhiDegree": 62.470780530421344,
				"Power": -62.825035345836454
			}]
	}
}