{
	"SensorDataCollection": {
		"SensorId": 0,
		"SensorDatas": [{
				"Time": 4.754215028644792e-7,
				"TimeDiff": 0.0,
				"PhiDegree": 39.070023064352135,
				"Power": -51.792075059190495
			}, {
				"Time": 5.894347681323099e-7,
				"TimeDiff": 1.1401326526783069e-7,
				"PhiDegree": 61.607905945128834,
				"Power": -61.83240720103362
			}, {
				"Time": 5.805826798485312e-7,
				"TimeDiff": 1.0516117698405202e-7,
				"PhiDegree": 151.72854879772012,
				"Power": -61.84437375536854
			}]
	}
}