{
	"SensorDataCollection": {
		"SensorId": 0,
		"SensorDatas": [{
				"Time": 1.5851681789353338e-7,
				"TimeDiff": 0.0,
				"PhiDegree": 120.34324888423959,
				"Power": -41.12168846767017
			}, {
				"Time": 2.0373197588285201e-7,
				"TimeDiff": 4.521515798931864e-8,
				"PhiDegree": 137.81846832893578,
				"Power": -43.389790678849806
			}, {
				"Time": 2.560094847140464e-7,
				"TimeDiff": 9.749266682051302e-8,
				"PhiDegree": 233.86402986542726,
				"Power": -46.9806461468452
			}, {
				"Time": 2.2172442315070337e-7,
				"TimeDiff": 6.320760525716999e-8,
				"PhiDegree": 248.8281574537725,
				"Power": -50.90542584480718
			}]
	}
}