{
	"SensorDataCollection": {
		"SensorId": 0,
		"SensorDatas": [{
				"Time": 2.7514651880765816e-8,
				"TimeDiff": 0.0,
				"PhiDegree": 194.03624346792654,
				"Power": -24.94867809585152
			}, {
				"Time": 6.868208813371357e-8,
				"TimeDiff": 4.116743625294775e-8,
				"PhiDegree": 247.12962070603953,
				"Power": -39.660367150753586
			}, {
				"Time": 4.4074658655043227e-7,
				"TimeDiff": 4.1323193466966645e-7,
				"PhiDegree": 44.55894635217944,
				"Power": -50.01600208780289
			}]
	}
}