{
	"SensorDataCollection": {
		"SensorId": 0,
		"SensorDatas": [{
				"Time": 5.344186889039053e-7,
				"TimeDiff": 0.0,
				"PhiDegree": 34.10360071063851,
				"Power": -55.5478152692464
			}, {
				"Time": 5.171031326340085e-7,
				"TimeDiff": -1.7315556269896803e-8,
				"PhiDegree": 147.87321034064092,
				"Power": -56.84624458623972
			}, {
				"Time": 4.870290896417066e-7,
				"TimeDiff": -4.738959926219876e-8,
				"PhiDegree": 335.3118771021905,
				"Power": -60.45678430759763
			}, {
				"Time": 4.578075707636941e-7,
				"TimeDiff": -7.661111814021124e-8,
				"PhiDegree": 163.0502888169349,
				"Power": -60.481143601836834
			}]
	}
}