{
	"SensorDataCollection": {
		"SensorId": 0,
		"SensorDatas": [{
				"Time": 5.044475748218938e-7,
				"TimeDiff": 0.0,
				"PhiDegree": 36.44164638796688,
				"Power": -53.54322266943316
			}, {
				"Time": 5.485333485631019e-7,
				"TimeDiff": 4.4085773741208025e-8,
				"PhiDegree": 149.91239928208276,
				"Power": -59.31444107253944
			}]
	}
}