{
	"SensorDataCollection": {
		"SensorId": 0,
		"SensorDatas": [{
				"Time": 4.728356901151814e-7,
				"TimeDiff": 0.0,
				"PhiDegree": 39.32485262585495,
				"Power": -51.64950576626826
			}, {
				"Time": 5.910286396411065e-7,
				"TimeDiff": 1.1819294952592507e-7,
				"PhiDegree": 61.32335039766284,
				"Power": -61.520563932529356
			}, {
				"Time": 5.835234452422881e-7,
				"TimeDiff": 1.1068775512710667e-7,
				"PhiDegree": 151.88372725938157,
				"Power": -62.07589900307333
			}]
	}
}