{
	"SensorDataCollection": {
		"SensorId": 0,
		"SensorDatas": [{
				"Time": 3.07623159913174e-8,
				"TimeDiff": 0.0,
				"PhiDegree": 192.5288077091515,
				"Power": -26.08744135886207
			}, {
				"Time": 7.004636498375293e-8,
				"TimeDiff": 3.9284048992435535e-8,
				"PhiDegree": 244.61409969683362,
				"Power": -38.46845613022069
			}, {
				"Time": 4.3837538412408034e-7,
				"TimeDiff": 4.0761306813276293e-7,
				"PhiDegree": 44.86493415065067,
				"Power": -49.96354431000678
			}, {
				"Time": 4.828064833979355e-7,
				"TimeDiff": 4.520441674066181e-7,
				"PhiDegree": 140.1694852979381,
				"Power": -51.65469884220289
			}]
	}
}