{
	"SensorDataCollection": {
		"SensorId": 0,
		"SensorDatas": [{
				"Time": 4.879211739709326e-7,
				"TimeDiff": 0.0,
				"PhiDegree": 38.38640390578746,
				"Power": -52.29418844891612
			}, {
				"Time": 5.704837392483975e-7,
				"TimeDiff": 8.256256527746481e-8,
				"PhiDegree": 150.7984701136326,
				"Power": -60.61282317831241
			}, {
				"Time": 5.802420094083724e-7,
				"TimeDiff": 9.232083543743972e-8,
				"PhiDegree": 62.61066747817145,
				"Power": -62.93667444876128
			}]
	}
}