{
	"SensorDataCollection": {
		"SensorId": 0,
		"SensorDatas": [{
				"Time": 5.011052505495603e-7,
				"TimeDiff": 0.0,
				"PhiDegree": 37.201811153448126,
				"Power": -53.07961026296435
			}, {
				"Time": 5.559803990549129e-7,
				"TimeDiff": 5.4875148505352616e-8,
				"PhiDegree": 149.95964023187418,
				"Power": -59.48093024719992
			}, {
				"Time": 5.003617456306744e-7,
				"TimeDiff": -7.435049188859024e-10,
				"PhiDegree": 164.1329072291895,
				"Power": -62.27160009789418
			}]
	}
}