{
	"SensorDataCollection": {
		"SensorId": 0,
		"SensorDatas": [{
				"Time": 5.064366659915297e-7,
				"TimeDiff": 0.0,
				"PhiDegree": 36.74532538700615,
				"Power": -53.41047984923122
			}, {
				"Time": 5.502136599289807e-7,
				"TimeDiff": 4.3776993937450945e-8,
				"PhiDegree": 149.61175744540668,
				"Power": -59.03127573029141
			}, {
				"Time": 4.939460941537642e-7,
				"TimeDiff": -1.2490571837765541e-8,
				"PhiDegree": 163.92126956974644,
				"Power": -61.95369319576976
			}]
	}
}