{
	"SensorDataCollection": {
		"SensorId": 0,
		"SensorDatas": [{
				"Time": 4.984516620441899e-7,
				"TimeDiff": 0.0,
				"PhiDegree": 37.4337085796853,
				"Power": -52.91757780814655
			}, {
				"Time": 5.588713357706635e-7,
				"TimeDiff": 6.041967372647357e-8,
				"PhiDegree": 150.13088623951765,
				"Power": -59.70648978151908
			}, {
				"Time": 5.035720825298012e-7,
				"TimeDiff": 5.120420485611318e-9,
				"PhiDegree": 164.23670310901036,
				"Power": -62.42933923082697
			}]
	}
}