{
	"SensorDataCollection": {
		"SensorId": 0,
		"SensorDatas": [{
				"Time": 1.6140518977187995e-7,
				"TimeDiff": 0.0,
				"PhiDegree": 119.74488129694224,
				"Power": -41.27875928719882
			}, {
				"Time": 2.0598730962691843e-7,
				"TimeDiff": 4.458211985503847e-8,
				"PhiDegree": 137.13071496629004,
				"Power": -43.449290499279016
			}, {
				"Time": 2.5871170516914587e-7,
				"TimeDiff": 9.730651539726592e-8,
				"PhiDegree": 234.29979653442294,
				"Power": -47.245236866356805
			}, {
				"Time": 2.2483907567299703e-7,
				"TimeDiff": 6.343388590111708e-8,
				"PhiDegree": 249.13525034321069,
				"Power": -51.23314818986741
			}]
	}
}