{
	"SensorDataCollection": {
		"SensorId": 0,
		"SensorDatas": [{
				"Time": 5.362966305755566e-7,
				"TimeDiff": 0.0,
				"PhiDegree": 34.39877094011286,
				"Power": -55.36679819558566
			}, {
				"Time": 5.188852347740294e-7,
				"TimeDiff": -1.7411395801527134e-8,
				"PhiDegree": 147.56119100636545,
				"Power": -56.60619015375853
			}, {
				"Time": 4.587914114538491e-7,
				"TimeDiff": -7.750521912170744e-8,
				"PhiDegree": 162.65169267183066,
				"Power": -60.145417447525745
			}]
	}
}