{
	"SensorDataCollection": {
		"SensorId": 0,
		"SensorDatas": [{
				"Time": 4.853102008511404e-7,
				"TimeDiff": 0.0,
				"PhiDegree": 38.631016593001384,
				"Power": -52.14499574436513
			}, {
				"Time": 5.733986347510624e-7,
				"TimeDiff": 8.808843389992203e-8,
				"PhiDegree": 150.96113423957266,
				"Power": -60.84027269651648
			}, {
				"Time": 5.817845228736441e-7,
				"TimeDiff": 9.647432202250373e-8,
				"PhiDegree": 62.31890026856693,
				"Power": -62.589040961045185
			}]
	}
}