{
	"SensorDataCollection": {
		"SensorId": 0,
		"SensorDatas": [{
				"Time": 2.7514651880765816e-8,
				"TimeDiff": 0.0,
				"PhiDegree": 345.96375653207355,
				"Power": -24.94867809585152
			}, {
				"Time": 6.868208813371357e-8,
				"TimeDiff": 4.116743625294775e-8,
				"PhiDegree": 292.87037929396047,
				"Power": -39.660367150753586
			}]
	}
}