{
	"SensorDataCollection": {
		"SensorId": 0,
		"SensorDatas": [{
				"Time": 1.5668010826690627e-7,
				"TimeDiff": 0.0,
				"PhiDegree": 116.56505117707799,
				"Power": -41.02030307517542
			}, {
				"Time": 2.1343233309897195e-7,
				"TimeDiff": 5.6752224832065686e-8,
				"PhiDegree": 138.95917448809666,
				"Power": -43.876045668931425
			}, {
				"Time": 2.646777955859947e-7,
				"TimeDiff": 1.0799768731908844e-7,
				"PhiDegree": 232.5398323286974,
				"Power": -46.797012213181404
			}, {
				"Time": 2.214715128198671e-7,
				"TimeDiff": 6.479140455296084e-8,
				"PhiDegree": 251.55577020972046,
				"Power": -52.897451071696906
			}]
	}
}