{
	"SensorDataCollection": {
		"SensorId": 0,
		"SensorDatas": [{
				"Time": 5.253381508174993e-7,
				"TimeDiff": 0.0,
				"PhiDegree": 35.221160595479724,
				"Power": -54.63166113025379
			}, {
				"Time": 5.301976025882657e-7,
				"TimeDiff": 4.859451770766338e-9,
				"PhiDegree": 148.33486008882664,
				"Power": -57.4768452670979
			}, {
				"Time": 4.715476329573291e-7,
				"TimeDiff": -5.3790517860170246e-8,
				"PhiDegree": 163.1352521718018,
				"Power": -60.81491525574239
			}]
	}
}