{
	"SensorDataCollection": {
		"SensorId": 0,
		"SensorDatas": [{
				"Time": 4.82708169027747e-7,
				"TimeDiff": 0.0,
				"PhiDegree": 38.87827099026471,
				"Power": -51.998663269852756
			}, {
				"Time": 5.763181051093881e-7,
				"TimeDiff": 9.360993608164104e-8,
				"PhiDegree": 151.12215162818833,
				"Power": -61.06800922215885
			}, {
				"Time": 5.833420428730529e-7,
				"TimeDiff": 1.0063387384530584e-7,
				"PhiDegree": 62.02868360016002,
				"Power": -62.251462303573874
			}]
	}
}