{
	"SensorDataCollection": {
		"SensorId": 0,
		"SensorDatas": [{
				"Time": 4.775315134133516e-7,
				"TimeDiff": 0.0,
				"PhiDegree": 39.3808399060834,
				"Power": -51.71500138333178
			}, {
				"Time": 5.821704949812354e-7,
				"TimeDiff": 1.0463898156788379e-7,
				"PhiDegree": 151.43933534550519,
				"Power": -61.524232129403686
			}, {
				"Time": 5.865016231044263e-7,
				"TimeDiff": 1.0897010969107473e-7,
				"PhiDegree": 61.452911329083285,
				"Power": -61.60553771475361
			}]
	}
}