{
	"SensorDataCollection": {
		"SensorId": 0,
		"SensorDatas": [{
				"Time": 1.7968365164870175e-8,
				"TimeDiff": 0.0,
				"PhiDegree": 338.19859051364824,
				"Power": -20.914468518367435
			}, {
				"Time": 6.544490284953892e-8,
				"TimeDiff": 4.7476537684668745e-8,
				"PhiDegree": 284.7688390289726,
				"Power": -45.72845435708905
			}]
	}
}