{
	"SensorDataCollection": {
		"SensorId": 0,
		"SensorDatas": [{
				"Time": 5.048845077816799e-7,
				"TimeDiff": 0.0,
				"PhiDegree": 146.54559609955504,
				"Power": -55.54181832874039
			}, {
				"Time": 5.501431159533694e-7,
				"TimeDiff": 4.525860817168956e-8,
				"PhiDegree": 33.417119642447425,
				"Power": -56.31646047244578
			}, {
				"Time": 4.4289506494796785e-7,
				"TimeDiff": -6.1989442833712e-8,
				"PhiDegree": 162.00813327318096,
				"Power": -59.28870754674152
			}, {
				"Time": 5.035963959307568e-7,
				"TimeDiff": -1.2881118509230093e-9,
				"PhiDegree": 335.7597574380816,
				"Power": -61.22072352927407
			}]
	}
}