{
	"SensorDataCollection": {
		"SensorId": 0,
		"SensorDatas": [{
				"Time": 1.2030432541705912e-8,
				"TimeDiff": 0.0,
				"PhiDegree": 326.3099324740203,
				"Power": -17.94964855850597
			}, {
				"Time": 6.406952840023098e-8,
				"TimeDiff": 5.203909585852507e-8,
				"PhiDegree": 278.9884492927658,
				"Power": -53.67999902621034
			}]
	}
}