{
	"SensorDataCollection": {
		"SensorId": 0,
		"SensorDatas": [{
				"Time": 1.6308636050093731e-7,
				"TimeDiff": 0.0,
				"PhiDegree": 120.76271953423893,
				"Power": -41.36888592899326
			}, {
				"Time": 2.035545170439126e-7,
				"TimeDiff": 4.0468156542975276e-8,
				"PhiDegree": 136.49174735078395,
				"Power": -43.32155634713048
			}, {
				"Time": 2.567789245112838e-7,
				"TimeDiff": 9.36925640103465e-8,
				"PhiDegree": 234.90441370409613,
				"Power": -47.435521481331406
			}, {
				"Time": 2.260489673624562e-7,
				"TimeDiff": 6.296260686151888e-8,
				"PhiDegree": 248.3449588231172,
				"Power": -50.75706518365425
			}]
	}
}