{
	"SensorDataCollection": {
		"SensorId": 0,
		"SensorDatas": [{
				"Time": 5.171929446391454e-7,
				"TimeDiff": 0.0,
				"PhiDegree": 35.86072676836737,
				"Power": -54.097170795876025
			}, {
				"Time": 5.387429839080481e-7,
				"TimeDiff": 2.1550039268902746e-8,
				"PhiDegree": 148.8937160388881,
				"Power": -58.138859715299986
			}, {
				"Time": 4.811358176933649e-7,
				"TimeDiff": -3.605712694578044e-8,
				"PhiDegree": 163.4810770678339,
				"Power": -61.30800347984599
			}]
	}
}