{
	"SensorDataCollection": {
		"SensorId": 0,
		"SensorDatas": [{
				"Time": 5.076716829032027e-7,
				"TimeDiff": 0.0,
				"PhiDegree": 146.75319119591336,
				"Power": -55.7522647490628
			}, {
				"Time": 5.47361161307738e-7,
				"TimeDiff": 3.968947840453528e-8,
				"PhiDegree": 33.60947217079318,
				"Power": -56.12408887374934
			}, {
				"Time": 4.4606973667699687e-7,
				"TimeDiff": -6.16019462262058e-8,
				"PhiDegree": 162.140513282333,
				"Power": -59.461839769446954
			}, {
				"Time": 5.005558139425821e-7,
				"TimeDiff": -7.115868960620562e-9,
				"PhiDegree": 335.60295217120034,
				"Power": -61.00068466837065
			}]
	}
}