{
	"SensorDataCollection": {
		"SensorId": 0,
		"SensorDatas": [{
				"Time": 5.308037223170473e-7,
				"TimeDiff": 0.0,
				"PhiDegree": 34.80572123132297,
				"Power": -54.99622831838772
			}, {
				"Time": 5.24529464966967e-7,
				"TimeDiff": -6.274257350080358e-9,
				"PhiDegree": 147.95219688749626,
				"Power": -57.03963814986113
			}, {
				"Time": 4.651653813170625e-7,
				"TimeDiff": -6.563834099998482e-8,
				"PhiDegree": 162.89678757274748,
				"Power": -60.481905454989885
			}]
	}
}