{
	"SensorDataCollection": {
		"SensorId": 0,
		"SensorDatas": [{
				"Time": 1.5977601805057036e-7,
				"TimeDiff": 0.0,
				"PhiDegree": 118.7059525434011,
				"Power": -41.19051522136057
			}, {
				"Time": 2.0844512083672312e-7,
				"TimeDiff": 4.866910278615277e-8,
				"PhiDegree": 137.7546903264622,
				"Power": -43.58466676298741
			}, {
				"Time": 2.6067286599265986e-7,
				"TimeDiff": 1.0089684794208951e-7,
				"PhiDegree": 233.70421148749926,
				"Power": -47.07607562992702
			}, {
				"Time": 2.236724180767206e-7,
				"TimeDiff": 6.389640002615024e-8,
				"PhiDegree": 249.93393935722216,
				"Power": -51.74655437820515
			}]
	}
}