{
	"SensorDataCollection": {
		"SensorId": 0,
		"SensorDatas": [{
				"Time": 1.582004518256521e-7,
				"TimeDiff": 0.0,
				"PhiDegree": 117.64597536373867,
				"Power": -41.10430974584348
			}, {
				"Time": 2.1092707609238073e-7,
				"TimeDiff": 5.2726624266728616e-8,
				"PhiDegree": 138.36405205698887,
				"Power": -43.72710024424123
			}, {
				"Time": 2.626617712821416e-7,
				"TimeDiff": 1.044613194564895e-7,
				"PhiDegree": 233.1175835230532,
				"Power": -46.926996007705725
			}, {
				"Time": 2.225496745044386e-7,
				"TimeDiff": 6.43492226787865e-8,
				"PhiDegree": 250.74084514282308,
				"Power": -52.30021928178263
			}]
	}
}