{
	"SensorDataCollection": {
		"SensorId": 0,
		"SensorDatas": [{
				"Time": 4.7495718834819833e-7,
				"TimeDiff": 0.0,
				"PhiDegree": 39.63622272750327,
				"Power": -51.577891649718495
			}, {
				"Time": 5.881034440444585e-7,
				"TimeDiff": 1.1314625569626013e-7,
				"PhiDegree": 61.167359600324275,
				"Power": -61.29674355837116
			}, {
				"Time": 5.85103279972027e-7,
				"TimeDiff": 1.1014609162382867e-7,
				"PhiDegree": 151.5955453839497,
				"Power": -61.75266521210848
			}]
	}
}