{
	"SensorDataCollection": {
		"SensorId": 0,
		"SensorDatas": [{
				"Time": 6.967112298466382e-8,
				"TimeDiff": 0.0,
				"PhiDegree": 343.30075576600643,
				"Power": -33.90994662646941
			}, {
				"Time": 8.334802306683385e-8,
				"TimeDiff": 1.3676900082170036e-8,
				"PhiDegree": 323.1924910468019,
				"Power": -36.262364950025585
			}, {
				"Time": 3.294231863015801e-7,
				"TimeDiff": 2.597520633169163e-7,
				"PhiDegree": 78.32281107764167,
				"Power": -63.49229221619343
			}]
	}
}