{
	"SensorDataCollection": {
		"SensorId": 0,
		"SensorDatas": [{
				"Time": 5.445854387884177e-7,
				"TimeDiff": 0.0,
				"PhiDegree": 33.80378772873206,
				"Power": -55.932884768992324
			}, {
				"Time": 5.104654497618181e-7,
				"TimeDiff": -3.411998902659959e-8,
				"PhiDegree": 146.95851663587152,
				"Power": -55.96398458197069
			}, {
				"Time": 4.492467559792177e-7,
				"TimeDiff": -9.53386828092e-8,
				"PhiDegree": 162.2710216288179,
				"Power": -59.63407202245128
			}, {
				"Time": 4.975190268762981e-7,
				"TimeDiff": -4.7066411912119556e-8,
				"PhiDegree": 335.44423146822925,
				"Power": -60.78021900045485
			}]
	}
}