{
	"SensorDataCollection": {
		"SensorId": 0,
		"SensorDatas": [{
				"Time": 5.199007782287359e-7,
				"TimeDiff": 0.0,
				"PhiDegree": 35.64531237985859,
				"Power": -54.273597986734615
			}, {
				"Time": 5.358888890263868e-7,
				"TimeDiff": 1.5988110797650926e-8,
				"PhiDegree": 148.7094117277487,
				"Power": -57.917422250621684
			}, {
				"Time": 4.779378345969804e-7,
				"TimeDiff": -4.196294363175552e-8,
				"PhiDegree": 163.36734398632686,
				"Power": -61.144490226059304
			}]
	}
}