{
	"SensorDataCollection": {
		"SensorId": 0,
		"SensorDatas": [{
				"Time": 5.037669612201703e-7,
				"TimeDiff": 0.0,
				"PhiDegree": 36.972360514947894,
				"Power": -53.243938986159165
			}, {
				"Time": 5.530944807854983e-7,
				"TimeDiff": 4.932751956532798e-8,
				"PhiDegree": 149.7866056214163,
				"Power": -59.255847089095425
			}, {
				"Time": 4.971530720338507e-7,
				"TimeDiff": -6.613889186319564e-9,
				"PhiDegree": 164.02777118348706,
				"Power": -62.113053347948835
			}]
	}
}