{
	"SensorDataCollection": {
		"SensorId": 0,
		"SensorDatas": [{
				"Time": 4.7239240211856766e-7,
				"TimeDiff": 0.0,
				"PhiDegree": 39.89438385265989,
				"Power": -51.44408173202048
			}, {
				"Time": 5.897197929904721e-7,
				"TimeDiff": 1.1732739087190444e-7,
				"PhiDegree": 60.88336617354477,
				"Power": -60.997107166654644
			}, {
				"Time": 5.880403707198141e-7,
				"TimeDiff": 1.1564796860124648e-7,
				"PhiDegree": 151.75019611490714,
				"Power": -61.98127864618459
			}]
	}
}