{
	"SensorDataCollection": {
		"SensorId": 0,
		"SensorDatas": [{
				"Time": 1.6481793904952057e-7,
				"TimeDiff": 0.0,
				"PhiDegree": 121.75948008481281,
				"Power": -41.460743781350445
			}, {
				"Time": 2.0114765085769645e-7,
				"TimeDiff": 3.6329711808175885e-8,
				"PhiDegree": 135.83740536684596,
				"Power": -43.202091855656604
			}, {
				"Time": 2.548751696610731e-7,
				"TimeDiff": 9.005723061155256e-8,
				"PhiDegree": 235.51813228330798,
				"Power": -47.648031390962274
			}, {
				"Time": 2.2730140276012939e-7,
				"TimeDiff": 6.248346371060882e-8,
				"PhiDegree": 247.5632289643747,
				"Power": -50.315684369230695
			}]
	}
}