{
	"SensorDataCollection": {
		"SensorId": 0,
		"SensorDatas": [{
				"Time": 5.335468120218615e-7,
				"TimeDiff": 0.0,
				"PhiDegree": 34.601198691250104,
				"Power": -55.18079306064257
			}, {
				"Time": 5.21704312867973e-7,
				"TimeDiff": -1.1842499153888567e-8,
				"PhiDegree": 147.75775150140333,
				"Power": -56.822418905018196
			}, {
				"Time": 4.619773397282157e-7,
				"TimeDiff": -7.156947229364582e-8,
				"PhiDegree": 162.77508552431786,
				"Power": -60.314098893047486
			}]
	}
}