{
	"SensorDataCollection": {
		"SensorId": 0,
		"SensorDatas": [{
				"Time": 5.091142391047148e-7,
				"TimeDiff": 0.0,
				"PhiDegree": 36.52067484405472,
				"Power": -53.57915130562816
			}, {
				"Time": 5.473380169734721e-7,
				"TimeDiff": 3.82237778687573e-8,
				"PhiDegree": 149.43507035022733,
				"Power": -58.80725279693624
			}, {
				"Time": 4.907408452348024e-7,
				"TimeDiff": -1.8373393869912417e-8,
				"PhiDegree": 163.81337635938124,
				"Power": -61.793513871036524
			}]
	}
}