{
	"SensorDataCollection": {
		"SensorId": 0,
		"SensorDatas": [{
				"Time": 5.226158845424861e-7,
				"TimeDiff": 0.0,
				"PhiDegree": 35.4321332557889,
				"Power": -54.45178399256346
			}, {
				"Time": 5.330403984771392e-7,
				"TimeDiff": 1.0424513934653128e-8,
				"PhiDegree": 148.52313568094726,
				"Power": -57.6967358529845
			}, {
				"Time": 4.7474176008223976e-7,
				"TimeDiff": -4.7874124460246306e-8,
				"PhiDegree": 163.25207908918628,
				"Power": -60.98012934255971
			}]
	}
}