{
	"SensorDataCollection": {
		"SensorId": 0,
		"SensorDatas": [{
				"Time": 4.958063261151855e-7,
				"TimeDiff": 0.0,
				"PhiDegree": 37.66808442076154,
				"Power": -52.757928417032744
			}, {
				"Time": 5.617672134557655e-7,
				"TimeDiff": 6.596088734057996e-8,
				"PhiDegree": 150.30036822152076,
				"Power": -59.932491433013496
			}]
	}
}