{
	"SensorDataCollection": {
		"SensorId": 0,
		"SensorDatas": [{
				"Time": 5.117995570657265e-7,
				"TimeDiff": 0.0,
				"PhiDegree": 36.298378313435094,
				"Power": -53.749874308749185
			}, {
				"Time": 5.44467633961291e-7,
				"TimeDiff": 3.266807689556449e-8,
				"PhiDegree": 149.25651858607029,
				"Power": -58.583816158634136
			}, {
				"Time": 4.875373593774345e-7,
				"TimeDiff": -2.4262197688291994e-8,
				"PhiDegree": 163.7040648786218,
				"Power": -61.632509622893934
			}]
	}
}