{
	"SensorDataCollection": {
		"SensorId": 0,
		"SensorDatas": [{
				"Time": 5.390530750024928e-7,
				"TimeDiff": 0.0,
				"PhiDegree": 34.19841093527168,
				"Power": -55.554185729600135
			}, {
				"Time": 5.160723302240686e-7,
				"TimeDiff": -2.298074477842419e-8,
				"PhiDegree": 147.36248540560106,
				"Power": -56.391004764478566
			}, {
				"Time": 4.556076408272973e-7,
				"TimeDiff": -8.344543417519551e-8,
				"PhiDegree": 162.52657470218745,
				"Power": -59.975855891340956
			}]
	}
}