{
	"SensorDataCollection": {
		"SensorId": 0,
		"SensorDatas": [{
				"Time": 1.5521661009751233e-7,
				"TimeDiff": 0.0,
				"PhiDegree": 115.46334506187162,
				"Power": -40.93865908914673
			}, {
				"Time": 2.1596008091822144e-7,
				"TimeDiff": 6.074347082070911e-8,
				"PhiDegree": 139.54042695750195,
				"Power": -44.03099458653517
			}, {
				"Time": 2.66720323962003e-7,
				"TimeDiff": 1.1150371386449068e-7,
				"PhiDegree": 231.9708727828218,
				"Power": -46.68519065937966
			}, {
				"Time": 2.2043858717192476e-7,
				"TimeDiff": 6.522197707441242e-8,
				"PhiDegree": 252.37850015188297,
				"Power": -53.54200298912217
			}]
	}
}