{
	"SensorDataCollection": {
		"SensorId": 0,
		"SensorDatas": [{
				"Time": 5.144924986052951e-7,
				"TimeDiff": 0.0,
				"PhiDegree": 36.07840557633286,
				"Power": -53.922572232725756
			}, {
				"Time": 5.416025945223163e-7,
				"TimeDiff": 2.7110095917021172e-8,
				"PhiDegree": 149.07607600164184,
				"Power": -58.36100497026722
			}, {
				"Time": 4.843356715653101e-7,
				"TimeDiff": -3.015682703998507e-8,
				"PhiDegree": 163.59330778911232,
				"Power": -61.47067472482428
			}]
	}
}