{
	"SensorDataCollection": {
		"SensorId": 0,
		"SensorDatas": [{
				"Time": 1.6271046687059148e-7,
				"TimeDiff": 0.0,
				"PhiDegree": 118.14160123226176,
				"Power": -41.34881581185979
			}, {
				"Time": 2.1070284403819938e-7,
				"TimeDiff": 4.7992377167607903e-8,
				"PhiDegree": 137.08300825630786,
				"Power": -43.64375710287749
			}, {
				"Time": 2.6336951142405877e-7,
				"TimeDiff": 1.0065904455346729e-7,
				"PhiDegree": 234.133904889912,
				"Power": -47.33316739880709
			}, {
				"Time": 2.2680940697247873e-7,
				"TimeDiff": 6.409894010188726e-8,
				"PhiDegree": 250.2231391309138,
				"Power": -52.077695897735225
			}]
	}
}