{
	"SensorDataCollection": {
		"SensorId": 0,
		"SensorDatas": [{
				"Time": 4.978523077055165e-7,
				"TimeDiff": 0.0,
				"PhiDegree": 37.972046756524826,
				"Power": -52.65213941867745
			}, {
				"Time": 5.634278175200396e-7,
				"TimeDiff": 6.557550981452303e-8,
				"PhiDegree": 150.00563234553886,
				"Power": -59.644742975654566
			}, {
				"Time": 5.076949164620185e-7,
				"TimeDiff": 9.842608756501932e-9,
				"PhiDegree": 163.97660440047943,
				"Power": -62.24564474005717
			}]
	}
}