{
	"SensorDataCollection": {
		"SensorId": 0,
		"SensorDatas": [{
				"Time": 1.611635909347708e-7,
				"TimeDiff": 0.0,
				"PhiDegree": 117.09555249375181,
				"Power": -41.26572980098685
			}, {
				"Time": 2.1315851264735034e-7,
				"TimeDiff": 5.199492171257953e-8,
				"PhiDegree": 137.6937327880165,
				"Power": -43.775359207867055
			}, {
				"Time": 2.6533820413953265e-7,
				"TimeDiff": 1.0417461320476184e-7,
				"PhiDegree": 233.5500119931268,
				"Power": -47.17207209272652
			}, {
				"Time": 2.2570226871910653e-7,
				"TimeDiff": 6.453867778433571e-8,
				"PhiDegree": 251.02023026700647,
				"Power": -52.63739374573892
			}]
	}
}