{
	"SensorDataCollection": {
		"SensorId": 0,
		"SensorDatas": [{
				"Time": 5.327153075494487e-7,
				"TimeDiff": 0.0,
				"PhiDegree": 35.1003878041664,
				"Power": -54.831356259079
			}, {
				"Time": 5.263075745798002e-7,
				"TimeDiff": -6.407732969648531e-9,
				"PhiDegree": 147.64431189129184,
				"Power": -56.8007265631649
			}, {
				"Time": 4.661575760470413e-7,
				"TimeDiff": -6.655773150240744e-8,
				"PhiDegree": 162.50481182260611,
				"Power": -60.155821763800475
			}]
	}
}