{
	"SensorDataCollection": {
		"SensorId": 0,
		"SensorDatas": [{
				"Time": 5.122923763263265e-7,
				"TimeDiff": 0.0,
				"PhiDegree": 146.64569015803664,
				"Power": -55.746343282206496
			}, {
				"Time": 5.464488149975661e-7,
				"TimeDiff": 3.41564386712396e-8,
				"PhiDegree": 34.09449658272557,
				"Power": -55.74779702997033
			}, {
				"Time": 4.5027402932886957e-7,
				"TimeDiff": -6.20183469974569e-8,
				"PhiDegree": 161.86660654021802,
				"Power": -59.31464698351414
			}]
	}
}