{
	"SensorDataCollection": {
		"SensorId": 0,
		"SensorDatas": [{
				"Time": 5.164644599514958e-7,
				"TimeDiff": 0.0,
				"PhiDegree": 36.377576213525515,
				"Power": -53.78374617112917
			}, {
				"Time": 5.433248327058537e-7,
				"TimeDiff": 2.6860372754357845e-8,
				"PhiDegree": 148.7742294555321,
				"Power": -58.09845627948462
			}, {
				"Time": 4.852886733489922e-7,
				"TimeDiff": -3.1175786602503593e-8,
				"PhiDegree": 163.21540418783442,
				"Power": -61.13742501252949
			}]
	}
}