{
	"SensorDataCollection": {
		"SensorId": 0,
		"SensorDatas": [{
				"Time": 4.848094303104992e-7,
				"TimeDiff": 0.0,
				"PhiDegree": 39.18525190110546,
				"Power": -51.91834093967725
			}, {
				"Time": 5.779369011565319e-7,
				"TimeDiff": 9.312747084603273e-8,
				"PhiDegree": 150.83249409750866,
				"Power": -60.76368979809777
			}, {
				"Time": 5.803972892417642e-7,
				"TimeDiff": 9.558785893126496e-8,
				"PhiDegree": 61.87419106863848,
				"Power": -62.01862220941342
			}]
	}
}