{
	"SensorDataCollection": {
		"SensorId": 0,
		"SensorDatas": [{
				"Time": 4.926087967088968e-7,
				"TimeDiff": 0.0,
				"PhiDegree": 38.449615292135356,
				"Power": -52.35034471932374
			}, {
				"Time": 5.69217154481283e-7,
				"TimeDiff": 7.660835777238623e-8,
				"PhiDegree": 150.34143393772058,
				"Power": -60.09117648920224
			}, {
				"Time": 5.141122363859373e-7,
				"TimeDiff": 2.1503439677040537e-8,
				"PhiDegree": 164.18189129470284,
				"Power": -62.55519898675158
			}, {
				"Time": 5.757462015854239e-7,
				"TimeDiff": 8.31374048765271e-8,
				"PhiDegree": 62.7527399438061,
				"Power": -63.052542538984284
			}]
	}
}