{
	"SensorDataCollection": {
		"SensorId": 0,
		"SensorDatas": [{
				"Time": 5.191546486899456e-7,
				"TimeDiff": 0.0,
				"PhiDegree": 36.15916887223542,
				"Power": -53.95386267565313
			}, {
				"Time": 5.404743344060723e-7,
				"TimeDiff": 2.131968571612671e-8,
				"PhiDegree": 148.59085761454352,
				"Power": -57.880114605869394
			}, {
				"Time": 4.820951449638005e-7,
				"TimeDiff": -3.7059503726145026e-8,
				"PhiDegree": 163.10089022835882,
				"Power": -60.975890774698456
			}]
	}
}