{
	"SensorDataCollection": {
		"SensorId": 0,
		"SensorDatas": [{
				"Time": 1.568576495230348e-7,
				"TimeDiff": 0.0,
				"PhiDegree": 113.83874018317175,
				"Power": -41.03015531769664
			}, {
				"Time": 2.206643123126922e-7,
				"TimeDiff": 6.38066627896574e-8,
				"PhiDegree": 139.44343522452232,
				"Power": -44.208867297064444
			}, {
				"Time": 2.71404771126808e-7,
				"TimeDiff": 1.1454712160377317e-7,
				"PhiDegree": 231.8499738102311,
				"Power": -46.80034757595182
			}, {
				"Time": 2.2264800308076613e-7,
				"TimeDiff": 6.579035355773132e-8,
				"PhiDegree": 253.45685360491998,
				"Power": -54.59246034829232
			}]
	}
}