{
	"SensorDataCollection": {
		"SensorId": 0,
		"SensorDatas": [{
				"Time": 4.8222778380023e-7,
				"TimeDiff": 0.0,
				"PhiDegree": 39.435736751539615,
				"Power": -51.78026215545016
			}, {
				"Time": 5.808527283364114e-7,
				"TimeDiff": 9.862494453618134e-8,
				"PhiDegree": 150.9929001099685,
				"Power": -60.98850463874007
			}, {
				"Time": 5.819776521844508e-7,
				"TimeDiff": 9.974986838422074e-8,
				"PhiDegree": 61.5844872114324,
				"Power": -61.6939473835499
			}]
	}
}