{
	"SensorDataCollection": {
		"SensorId": 0,
		"SensorDatas": [{
				"Time": 1.6596228808555075e-7,
				"TimeDiff": 0.0,
				"PhiDegree": 120.1735200296443,
				"Power": -41.5209191478258
			}, {
				"Time": 2.0586588229750496e-7,
				"TimeDiff": 3.990359421195421e-8,
				"PhiDegree": 135.8182115886332,
				"Power": -43.4031434261654
			}, {
				"Time": 2.595160352581162e-7,
				"TimeDiff": 9.355374717256544e-8,
				"PhiDegree": 235.32795539066174,
				"Power": -47.71694018610721
			}, {
				"Time": 2.2915342486760475e-7,
				"TimeDiff": 6.3191136782054e-8,
				"PhiDegree": 248.6528200409986,
				"Power": -51.07572648365387
			}]
	}
}