{
	"SensorDataCollection": {
		"SensorId": 0,
		"SensorDatas": [{
				"Time": 1.6941467328338368e-7,
				"TimeDiff": 0.0,
				"PhiDegree": 122.12499844038753,
				"Power": -41.69996766773623
			}, {
				"Time": 2.0113403471877492e-7,
				"TimeDiff": 3.171936143539125e-8,
				"PhiDegree": 134.49323263013113,
				"Power": -43.19677960664728
			}, {
				"Time": 2.557786366845656e-7,
				"TimeDiff": 8.63639634011819e-8,
				"PhiDegree": 236.55744770675167,
				"Power": -48.19001965642329
			}, {
				"Time": 2.3166601517200847e-7,
				"TimeDiff": 6.225134188862479e-8,
				"PhiDegree": 247.11542884951285,
				"Power": -50.21236185383083
			}]
	}
}