{
	"SensorDataCollection": {
		"SensorId": 0,
		"SensorDatas": [{
				"Time": 5.436889119702614e-7,
				"TimeDiff": 0.0,
				"PhiDegree": 34.29160458709309,
				"Power": -55.56175101285089
			}, {
				"Time": 5.150826952789081e-7,
				"TimeDiff": -2.8606216691353295e-8,
				"PhiDegree": 146.84975707336247,
				"Power": -55.95490189859407
			}, {
				"Time": 4.5344614412492885e-7,
				"TimeDiff": -9.024276784533255e-8,
				"PhiDegree": 161.99782315299154,
				"Power": -59.4845979726488
			}]
	}
}