{
	"SensorDataCollection": {
		"SensorId": 0,
		"SensorDatas": [{
				"Time": 4.718723868240007e-8,
				"TimeDiff": 0.0,
				"PhiDegree": 351.86989764584405,
				"Power": -30.32869612075617
			}, {
				"Time": 7.865626902388175e-8,
				"TimeDiff": 3.1469030341481675e-8,
				"PhiDegree": 306.4333723753963,
				"Power": -35.82769139510776
			}, {
				"Time": 3.127548167386568e-7,
				"TimeDiff": 2.6556757805625677e-7,
				"PhiDegree": 81.4101746985932,
				"Power": -68.21419099595055
			}]
	}
}