{
	"SensorDataCollection": {
		"SensorId": 0,
		"SensorDatas": [{
				"Time": 3.402720172339025e-8,
				"TimeDiff": 0.0,
				"PhiDegree": 348.6900675259798,
				"Power": -27.11413582490593
			}, {
				"Time": 7.15403635677913e-8,
				"TimeDiff": 3.751316184440105e-8,
				"PhiDegree": 297.8008570824904,
				"Power": -37.55468808067647
			}]
	}
}