{
	"SensorDataCollection": {
		"SensorId": 0,
		"SensorDatas": [{
				"Time": 5.049255035317501e-8,
				"TimeDiff": 0.0,
				"PhiDegree": 352.40535663140855,
				"Power": -30.967788299878677
			}, {
				"Time": 8.068253096832907e-8,
				"TimeDiff": 3.018998061515406e-8,
				"PhiDegree": 308.3400831383915,
				"Power": -35.73375553213117
			}, {
				"Time": 3.1327055006803457e-7,
				"TimeDiff": 2.6277799971485957e-7,
				"PhiDegree": 80.80675204089181,
				"Power": -67.0872163909235
			}]
	}
}