{
	"SensorDataCollection": {
		"SensorId": 0,
		"SensorDatas": [{
				"Time": 1.5967146398677233e-7,
				"TimeDiff": 0.0,
				"PhiDegree": 116.02959219151346,
				"Power": -41.18482119349341
			}, {
				"Time": 2.156378466253551e-7,
				"TimeDiff": 5.596638263858277e-8,
				"PhiDegree": 138.29048000798485,
				"Power": -43.913747331310404
			}, {
				"Time": 2.673340456417435e-7,
				"TimeDiff": 1.0766258165497118e-7,
				"PhiDegree": 232.9747784563124,
				"Power": -47.03018052614425
			}, {
				"Time": 2.246392384995123e-7,
				"TimeDiff": 6.496777451273996e-8,
				"PhiDegree": 251.82502235193186,
				"Power": -53.24050388184342
			}]
	}
}