{
	"SensorDataCollection": {
		"SensorId": 0,
		"SensorDatas": [{
				"Time": 5.409355090410629e-7,
				"TimeDiff": 0.0,
				"PhiDegree": 34.49072155753737,
				"Power": -55.37702787314285
			}, {
				"Time": 5.178794777401779e-7,
				"TimeDiff": -2.3056031300885053e-8,
				"PhiDegree": 147.05162241989976,
				"Power": -56.164676017538966
			}, {
				"Time": 4.5662060412383986e-7,
				"TimeDiff": -8.431490491722307e-8,
				"PhiDegree": 162.1272159814997,
				"Power": -59.65368657075854
			}]
	}
}