{
	"SensorDataCollection": {
		"SensorId": 0,
		"SensorDatas": [{
				"Time": 5.084398724849252e-7,
				"TimeDiff": 0.0,
				"PhiDegree": 37.046619859883535,
				"Power": -53.285450806192614
			}, {
				"Time": 5.519090278424364e-7,
				"TimeDiff": 4.346915535751123e-8,
				"PhiDegree": 149.31295446186823,
				"Power": -58.757627945639925
			}, {
				"Time": 4.948805892939875e-7,
				"TimeDiff": -1.3559283190937707e-8,
				"PhiDegree": 163.55007220022472,
				"Power": -61.61716010850553
			}]
	}
}