{
	"SensorDataCollection": {
		"SensorId": 0,
		"SensorDatas": [{
				"Time": 4.388666884962188e-8,
				"TimeDiff": 0.0,
				"PhiDegree": 351.25383773744477,
				"Power": -29.634242242627327
			}, {
				"Time": 7.672165838277896e-8,
				"TimeDiff": 3.283498953315708e-8,
				"PhiDegree": 304.4281855423886,
				"Power": -36.033566815122896
			}, {
				"Time": 3.122738855579784e-7,
				"TimeDiff": 2.683872167083565e-7,
				"PhiDegree": 82.01552333319623,
				"Power": -69.43474615580848
			}]
	}
}