{
	"SensorDataCollection": {
		"SensorId": 0,
		"SensorDatas": [{
				"Time": 5.004868296633649e-7,
				"TimeDiff": 0.0,
				"PhiDegree": 37.73702319204276,
				"Power": -52.80688634172529
			}, {
				"Time": 5.605405189525775e-7,
				"TimeDiff": 6.005368928921262e-8,
				"PhiDegree": 149.83513332884894,
				"Power": -59.42219397634278
			}, {
				"Time": 5.044887471823389e-7,
				"TimeDiff": 4.001917518974071e-9,
				"PhiDegree": 163.87200312077272,
				"Power": -62.08970363038907
			}]
	}
}