{
	"SensorDataCollection": {
		"SensorId": 0,
		"SensorDatas": [{
				"Time": 5.031296844752934e-7,
				"TimeDiff": 0.0,
				"PhiDegree": 37.504464826465174,
				"Power": -52.96407841373484
			}, {
				"Time": 5.576582354586002e-7,
				"TimeDiff": 5.452855098330687e-8,
				"PhiDegree": 149.66287030877035,
				"Power": -59.2001349394415
			}, {
				"Time": 5.012842808434958e-7,
				"TimeDiff": -1.8454036317976207e-9,
				"PhiDegree": 163.7660641541,
				"Power": -61.932979378077505
			}]
	}
}