{
	"SensorDataCollection": {
		"SensorId": 0,
		"SensorDatas": [{
				"Time": 4.900000808990175e-7,
				"TimeDiff": 0.0,
				"PhiDegree": 38.69222398166619,
				"Power": -52.20348598581705
			}, {
				"Time": 5.721190437211234e-7,
				"TimeDiff": 8.211896282210592e-8,
				"PhiDegree": 150.50678338705941,
				"Power": -60.31499653239584
			}, {
				"Time": 5.772814425028289e-7,
				"TimeDiff": 8.728136160381139e-8,
				"PhiDegree": 62.458319919864415,
				"Power": -62.69768059392932
			}]
	}
}