{
	"SensorDataCollection": {
		"SensorId": 0,
		"SensorDatas": [{
				"Time": 5.245573086403391e-7,
				"TimeDiff": 0.0,
				"PhiDegree": 35.72909035151919,
				"Power": -54.299683075295746
			}, {
				"Time": 5.347902110643076e-7,
				"TimeDiff": 1.0232902423968523e-8,
				"PhiDegree": 148.21825914541074,
				"Power": -57.44575855266845
			}, {
				"Time": 4.7571398181700304e-7,
				"TimeDiff": -4.8843326823336037e-8,
				"PhiDegree": 162.86725217435907,
				"Power": -60.65035771439669
			}]
	}
}