{
	"SensorDataCollection": {
		"SensorId": 0,
		"SensorDatas": [{
				"Time": 5.272695515352849e-7,
				"TimeDiff": 0.0,
				"PhiDegree": 35.51736214332433,
				"Power": -54.47524810737224
			}, {
				"Time": 5.319567663183577e-7,
				"TimeDiff": 4.687214783072778e-9,
				"PhiDegree": 148.02897792063382,
				"Power": -57.22983383609882
			}, {
				"Time": 4.725264266449707e-7,
				"TimeDiff": -5.474312489031419e-8,
				"PhiDegree": 162.74806779202763,
				"Power": -60.486348835125185
			}]
	}
}