{
	"SensorDataCollection": {
		"SensorId": 0,
		"SensorDatas": [{
				"Time": 5.380172992395999e-8,
				"TimeDiff": 0.0,
				"PhiDegree": 352.87498365109815,
				"Power": -31.559528366857972
			}, {
				"Time": 8.279371537199063e-8,
				"TimeDiff": 2.8991985448030644e-8,
				"PhiDegree": 310.1514773420789,
				"Power": -35.73436866417744
			}, {
				"Time": 3.1382091396459187e-7,
				"TimeDiff": 2.600191840406319e-7,
				"PhiDegree": 80.20537937685675,
				"Power": -66.04229671211274
			}]
	}
}