{
	"SensorDataCollection": {
		"SensorId": 0,
		"SensorDatas": [{
				"Time": 5.868070454762848e-7,
				"TimeDiff": 0.0,
				"PhiDegree": 60.7248404493179,
				"Power": -60.776621448530534
			}, {
				"Time": 5.896269846588059e-7,
				"TimeDiff": 2.8199391825211065e-9,
				"PhiDegree": 151.46458211684407,
				"Power": -61.66449135484501
			}]
	}
}