{
	"SensorDataCollection": {
		"SensorId": 0,
		"SensorDatas": [{
				"Time": 4.952262515899934e-7,
				"TimeDiff": 0.0,
				"PhiDegree": 38.20956689070866,
				"Power": -52.49992785959786
			}, {
				"Time": 5.663200544551724e-7,
				"TimeDiff": 7.109380286517905e-8,
				"PhiDegree": 150.1743913426468,
				"Power": -59.86774806927002
			}, {
				"Time": 5.109027566221292e-7,
				"TimeDiff": 1.5676505032135814e-8,
				"PhiDegree": 164.07989248639703,
				"Power": -62.40080806703054
			}]
	}
}