{
	"SensorDataCollection": {
		"SensorId": 0,
		"SensorDatas": [{
				"Time": 5.218523033145643e-7,
				"TimeDiff": 0.0,
				"PhiDegree": 35.943016479612794,
				"Power": -54.12586514257386
			}, {
				"Time": 5.376294307638621e-7,
				"TimeDiff": 1.577712744929778e-8,
				"PhiDegree": 148.40554320884,
				"Power": -57.66253399937747
			}, {
				"Time": 4.789035680274845e-7,
				"TimeDiff": -4.294873528707981e-8,
				"PhiDegree": 162.98484947991363,
				"Power": -60.813536695522785
			}]
	}
}