{
	"SensorDataCollection": {
		"SensorId": 0,
		"SensorDatas": [{
				"Time": 5.095086270744679e-7,
				"TimeDiff": 0.0,
				"PhiDegree": 146.43939072350923,
				"Power": -55.53905950585815
			}, {
				"Time": 5.492151201305607e-7,
				"TimeDiff": 3.970649305609281e-8,
				"PhiDegree": 33.89937188882194,
				"Power": -55.93511238771208
			}, {
				"Time": 4.471043096518868e-7,
				"TimeDiff": -6.240431742258105e-8,
				"PhiDegree": 161.73352871629916,
				"Power": -59.14382942869844
			}, {
				"Time": 5.019432368303175e-7,
				"TimeDiff": -7.565390244150326e-9,
				"PhiDegree": 335.25608920071306,
				"Power": -60.660854272734866
			}]
	}
}