{
	"SensorDataCollection": {
		"SensorId": 0,
		"SensorDatas": [{
				"Time": 5.111069513624749e-7,
				"TimeDiff": 0.0,
				"PhiDegree": 36.821272175492446,
				"Power": -53.44946410003662
			}, {
				"Time": 5.490422645534604e-7,
				"TimeDiff": 3.793531319098547e-8,
				"PhiDegree": 149.13525179107486,
				"Power": -58.537253559655966
			}, {
				"Time": 4.916814323441279e-7,
				"TimeDiff": -1.9425519018347058e-8,
				"PhiDegree": 163.4399671867587,
				"Power": -61.45805448775238
			}]
	}
}