{
	"SensorDataCollection": {
		"SensorId": 0,
		"SensorDatas": [{
				"Time": 3.730478768259674e-8,
				"TimeDiff": 0.0,
				"PhiDegree": 349.695153531234,
				"Power": -28.038972944491718
			}, {
				"Time": 7.31561367646699e-8,
				"TimeDiff": 3.585134908207316e-8,
				"PhiDegree": 300.11310019831683,
				"Power": -36.86891945873843
			}]
	}
}