{
	"SensorDataCollection": {
		"SensorId": 0,
		"SensorDatas": [{
				"Time": 5.7114105082704815e-8,
				"TimeDiff": 0.0,
				"PhiDegree": 353.290163192243,
				"Power": -32.11049844566659
			}, {
				"Time": 8.498349346600027e-8,
				"TimeDiff": 2.786938838329546e-8,
				"PhiDegree": 311.87116972276755,
				"Power": -35.81490847726376
			}, {
				"Time": 3.144057265670574e-7,
				"TimeDiff": 2.572916214843526e-7,
				"PhiDegree": 79.60617807610053,
				"Power": -65.0699934582462
			}]
	}
}