{
	"SensorDataCollection": {
		"SensorId": 0,
		"SensorDatas": [{
				"Time": 5.354486043408484e-7,
				"TimeDiff": 0.0,
				"PhiDegree": 34.89508667837296,
				"Power": -55.01177271094059
			}, {
				"Time": 5.234920185700858e-7,
				"TimeDiff": -1.1956585770762616e-8,
				"PhiDegree": 147.4488699844,
				"Power": -56.587642992052196
			}, {
				"Time": 4.6297636673221687e-7,
				"TimeDiff": -7.247223760863153e-8,
				"PhiDegree": 162.38067522853865,
				"Power": -59.98929396963345
			}]
	}
}