{
	"SensorDataCollection": {
		"SensorId": 0,
		"SensorDatas": [{
				"Time": 5.381887059745548e-7,
				"TimeDiff": 0.0,
				"PhiDegree": 34.691873481185475,
				"Power": -55.193682804702206
			}, {
				"Time": 5.206826195563271e-7,
				"TimeDiff": -1.7506086418227698e-8,
				"PhiDegree": 147.25131670250175,
				"Power": -56.375608230040186
			}, {
				"Time": 4.597973607514728e-7,
				"TimeDiff": -7.839134522308202e-8,
				"PhiDegree": 162.25482149385041,
				"Power": -59.82191709016588
			}]
	}
}