{
	"SensorDataCollection": {
		"SensorId": 0,
		"SensorDatas": [{
				"Time": 4.874002444829556e-7,
				"TimeDiff": 0.0,
				"PhiDegree": 38.9374252995715,
				"Power": -52.05945067677308
			}, {
				"Time": 5.7502564966784e-7,
				"TimeDiff": 8.762540518488448e-8,
				"PhiDegree": 150.67046259071938,
				"Power": -60.53917752671961
			}, {
				"Time": 5.788318455572353e-7,
				"TimeDiff": 9.143160107427976e-8,
				"PhiDegree": 62.16546940753728,
				"Power": -62.35312147177362
			}]
	}
}