{
	"SensorDataCollection": {
		"SensorId": 0,
		"SensorDatas": [{
				"Time": 1.5553904541115814e-7,
				"TimeDiff": 0.0,
				"PhiDegree": 112.71441235316723,
				"Power": -40.956713079337845
			}, {
				"Time": 2.2320991728966035e-7,
				"TimeDiff": 6.767087187850221e-8,
				"PhiDegree": 140.00032785471143,
				"Power": -44.364674187618945
			}, {
				"Time": 2.734784785653501e-7,
				"TimeDiff": 1.1793943315419196e-7,
				"PhiDegree": 231.3002342525844,
				"Power": -46.71069304667209
			}, {
				"Time": 2.2172100872352155e-7,
				"TimeDiff": 6.618196331236341e-8,
				"PhiDegree": 254.2834250017268,
				"Power": -55.35051309347642
			}]
	}
}