{
	"SensorDataCollection": {
		"SensorId": 0,
		"SensorDatas": [{
				"Time": 4.869244883396256e-7,
				"TimeDiff": 0.0,
				"PhiDegree": 39.48957461380952,
				"Power": -51.84528075568244
			}, {
				"Time": 5.795703852983682e-7,
				"TimeDiff": 9.264589695874253e-8,
				"PhiDegree": 150.54446200427492,
				"Power": -60.468659926099534
			}, {
				"Time": 5.774567984620269e-7,
				"TimeDiff": 9.053231012240126e-8,
				"PhiDegree": 61.71812399760602,
				"Power": -61.78592341693599
			}, {
				"Time": 5.24652841838816e-7,
				"TimeDiff": 3.772835349919041e-8,
				"PhiDegree": 164.1292818414693,
				"Power": -62.679804430091195
			}]
	}
}