{
	"SensorDataCollection": {
		"SensorId": 0,
		"SensorDatas": [{
				"Time": 5.872071143232258e-7,
				"TimeDiff": 0.0,
				"PhiDegree": 59.99764434643903,
				"Power": -59.99628344618688
			}, {
				"Time": 5.97083585960708e-7,
				"TimeDiff": 9.876471637482174e-9,
				"PhiDegree": 151.48919831077265,
				"Power": -61.802676122731285
			}]
	}
}