{
	"SensorDataCollection": {
		"SensorId": 0,
		"SensorDatas": [{
				"Time": 6.374644913567636e-8,
				"TimeDiff": 0.0,
				"PhiDegree": 353.9909940425055,
				"Power": -33.11075821237551
			}, {
				"Time": 8.957557111006795e-8,
				"TimeDiff": 2.5829121974391592e-8,
				"PhiDegree": 315.05131054055397,
				"Power": -36.16817647168705
			}, {
				"Time": 3.156779207929633e-7,
				"TimeDiff": 2.519314716572869e-7,
				"PhiDegree": 78.41476105474456,
				"Power": -63.31317753914233
			}]
	}
}