{
	"SensorDataCollection": {
		"SensorId": 0,
		"SensorDatas": [{
				"Time": 5.184503949461372e-7,
				"TimeDiff": 0.0,
				"PhiDegree": 36.67446293499546,
				"Power": -53.65250124957902
			}, {
				"Time": 5.450620548445174e-7,
				"TimeDiff": 2.6611659898380224e-8,
				"PhiDegree": 148.4742987201254,
				"Power": -57.84519093782356
			}, {
				"Time": 4.862627032438069e-7,
				"TimeDiff": -3.21876917023303e-8,
				"PhiDegree": 162.83899821881116,
				"Power": -60.815736634696535
			}]
	}
}