{
	"SensorDataCollection": {
		"SensorId": 0,
		"SensorDatas": [{
				"Time": 3.426341574031816e-7,
				"TimeDiff": 0.0,
				"PhiDegree": 56.28393452049286,
				"Power": -50.58995643978619
			}, {
				"Time": 5.085937862734586e-7,
				"TimeDiff": 1.6595962887027697e-7,
				"PhiDegree": 145.91835433607298,
				"Power": -55.13358978658535
			}, {
				"Time": 5.53846304428917e-7,
				"TimeDiff": 2.112121470257354e-7,
				"PhiDegree": 33.99335778445185,
				"Power": -55.9385985056947
			}, {
				"Time": 4.450015869304505e-7,
				"TimeDiff": 1.0236742952726893e-7,
				"PhiDegree": 161.19090814527212,
				"Power": -58.6673901004506
			}]
	}
}