{
	"SensorDataCollection": {
		"SensorId": 0,
		"SensorDatas": [{
				"Time": 4.999121862032608e-7,
				"TimeDiff": 0.0,
				"PhiDegree": 38.273512577056444,
				"Power": -52.5537662038229
			}, {
				"Time": 5.651032430909231e-7,
				"TimeDiff": 6.519105688766224e-8,
				"PhiDegree": 149.71263642809572,
				"Power": -59.36628900473097
			}, {
				"Time": 5.08626039725185e-7,
				"TimeDiff": 8.71385352192421e-9,
				"PhiDegree": 163.615338281792,
				"Power": -61.916453619197696
			}]
	}
}