{
	"SensorDataCollection": {
		"SensorId": 0,
		"SensorDatas": [{
				"Time": 5.373643843030329e-7,
				"TimeDiff": 0.0,
				"PhiDegree": 35.18688679290687,
				"Power": -54.8504510386167
			}, {
				"Time": 5.252948346434286e-7,
				"TimeDiff": -1.2069549659604283e-8,
				"PhiDegree": 147.1420997701812,
				"Power": -56.36211213181619
			}, {
				"Time": 4.6399723731689806e-7,
				"TimeDiff": -7.336714698613487e-8,
				"PhiDegree": 161.98798192769644,
				"Power": -59.67618209894046
			}]
	}
}