{
	"SensorDataCollection": {
		"SensorId": 0,
		"SensorDatas": [{
				"Time": 7.60871361375986e-8,
				"TimeDiff": 0.0,
				"PhiDegree": 344.7448812969422,
				"Power": -34.695321510324256
			}, {
				"Time": 8.878107825897802e-8,
				"TimeDiff": 1.269394212137942e-8,
				"PhiDegree": 325.77361396430365,
				"Power": -37.349125133807675
			}]
	}
}