{
	"SensorDataCollection": {
		"SensorId": 0,
		"SensorDatas": [{
				"Time": 5.238178119361076e-7,
				"TimeDiff": 0.0,
				"PhiDegree": 36.238494371430214,
				"Power": -53.985751448216746
			}, {
				"Time": 5.393849966581925e-7,
				"TimeDiff": 1.5567184722084975e-8,
				"PhiDegree": 148.10364427921985,
				"Power": -57.41692125766906
			}, {
				"Time": 4.798905578927399e-7,
				"TimeDiff": -4.392725404336765e-8,
				"PhiDegree": 162.6039114053764,
				"Power": -60.49418097985472
			}]
	}
}