{
	"SensorDataCollection": {
		"SensorId": 0,
		"SensorDatas": [{
				"Time": 3.444974328332627e-7,
				"TimeDiff": 0.0,
				"PhiDegree": 55.82233106988017,
				"Power": -50.409654836915834
			}, {
				"Time": 5.113607443476602e-7,
				"TimeDiff": 1.6686331151439754e-7,
				"PhiDegree": 146.12785409455944,
				"Power": -55.335050769806486
			}, {
				"Time": 5.510830443833684e-7,
				"TimeDiff": 2.0658561155010572e-7,
				"PhiDegree": 34.187313676953195,
				"Power": -55.75389462838581
			}, {
				"Time": 4.4816133679116047e-7,
				"TimeDiff": 1.036639039578978e-7,
				"PhiDegree": 161.32844360725082,
				"Power": -58.837613241576975
			}]
	}
}