{
	"SensorDataCollection": {
		"SensorId": 0,
		"SensorDatas": [{
				"Time": 9.033614496552194e-8,
				"TimeDiff": 0.0,
				"PhiDegree": 355.7636052009412,
				"Power": -36.21181361397906
			}, {
				"Time": 1.1009446965910348e-7,
				"TimeDiff": 1.975832469358154e-8,
				"PhiDegree": 324.9140901578542,
				"Power": -39.02120511085985
			}, {
				"Time": 1.949196944003438e-7,
				"TimeDiff": 1.0458354943482186e-7,
				"PhiDegree": 297.5283128245886,
				"Power": -49.8295612454569
			}, {
				"Time": 4.969150119925518e-7,
				"TimeDiff": 4.065788670270299e-7,
				"PhiDegree": 229.7394684502214,
				"Power": -51.76821753378036
			}]
	}
}