{
	"SensorDataCollection": {
		"SensorId": 0,
		"SensorDatas": [{
				"Time": 5.157781184883282e-7,
				"TimeDiff": 0.0,
				"PhiDegree": 36.89584346219648,
				"Power": -53.48886303083728
			}, {
				"Time": 5.479090049172668e-7,
				"TimeDiff": 3.2130886428938644e-8,
				"PhiDegree": 148.65674177723446,
				"Power": -58.06050298675355
			}, {
				"Time": 4.894517857808636e-7,
				"TimeDiff": -2.6326332707464556e-8,
				"PhiDegree": 162.95424522052005,
				"Power": -60.97532286584598
			}]
	}
}