{
	"SensorDataCollection": {
		"SensorId": 0,
		"SensorDatas": [{
				"Time": 5.292149408350409e-7,
				"TimeDiff": 0.0,
				"PhiDegree": 35.81139383307726,
				"Power": -54.32648858978854
			}, {
				"Time": 5.33730991257176e-7,
				"TimeDiff": 4.516050422135077e-9,
				"PhiDegree": 147.72512076273873,
				"Power": -56.99208768971525
			}, {
				"Time": 4.7352670881695216e-7,
				"TimeDiff": -5.568823201808874e-8,
				"PhiDegree": 162.36250165011882,
				"Power": -60.16941762730693
			}]
	}
}