{
	"SensorDataCollection": {
		"SensorId": 0,
		"SensorDatas": [{
				"Time": 5.211303319546812e-7,
				"TimeDiff": 0.0,
				"PhiDegree": 36.45535608401724,
				"Power": -53.81815517171192
			}, {
				"Time": 5.422206893398395e-7,
				"TimeDiff": 2.1090357385158332e-8,
				"PhiDegree": 148.2899416872735,
				"Power": -57.63064921246293
			}, {
				"Time": 4.830756140427889e-7,
				"TimeDiff": -3.8054717911892336e-8,
				"PhiDegree": 162.7222300563056,
				"Power": -60.65535753027471
			}]
	}
}