{
	"SensorDataCollection": {
		"SensorId": 0,
		"SensorDatas": [{
				"Time": 5.455757570000908e-7,
				"TimeDiff": 0.0,
				"PhiDegree": 34.581108281942676,
				"Power": -55.388339441575326
			}, {
				"Time": 5.169148409286279e-7,
				"TimeDiff": -2.8660916071462933e-8,
				"PhiDegree": 146.54011139078787,
				"Power": -55.74210471603101
			}, {
				"Time": 4.5448842197234833e-7,
				"TimeDiff": -9.108733502774247e-8,
				"PhiDegree": 161.5977735285487,
				"Power": -59.17553985882091
			}]
	}
}