{
	"SensorDataCollection": {
		"SensorId": 0,
		"SensorDatas": [{
				"Time": 4.843541153904825e-7,
				"TimeDiff": 0.0,
				"PhiDegree": 39.74058127010498,
				"Power": -51.71245591640229
			}, {
				"Time": 5.824780354763062e-7,
				"TimeDiff": 9.812392008582372e-8,
				"PhiDegree": 150.70585914232706,
				"Power": -60.690292036720805
			}, {
				"Time": 5.790451868144243e-7,
				"TimeDiff": 9.469107142394182e-8,
				"PhiDegree": 61.42737800425819,
				"Power": -61.46437488952432
			}, {
				"Time": 5.278630833341009e-7,
				"TimeDiff": 4.350896794361843e-8,
				"PhiDegree": 164.22832332035335,
				"Power": -62.83025131475412
			}]
	}
}