{
	"SensorDataCollection": {
		"SensorId": 0,
		"SensorDatas": [{
				"Time": 4.895041082042727e-7,
				"TimeDiff": 0.0,
				"PhiDegree": 39.24120877419833,
				"Power": -51.981201119024234
			}, {
				"Time": 5.76667380360989e-7,
				"TimeDiff": 8.71632721567163e-8,
				"PhiDegree": 150.38143858102626,
				"Power": -60.24737363168893
			}, {
				"Time": 5.758833615950553e-7,
				"TimeDiff": 8.637925339078262e-8,
				"PhiDegree": 62.01046631415284,
				"Power": -62.1173004424724
			}, {
				"Time": 5.214441873365282e-7,
				"TimeDiff": 3.194007913225549e-8,
				"PhiDegree": 164.02902117630836,
				"Power": -62.528623125683836
			}]
	}
}