{
	"SensorDataCollection": {
		"SensorId": 0,
		"SensorDatas": [{
				"Time": 9.36639944066608e-8,
				"TimeDiff": 0.0,
				"PhiDegree": 355.91438322002506,
				"Power": -36.529699987531494
			}, {
				"Time": 1.1284111400769867e-7,
				"TimeDiff": 1.9177119601037872e-8,
				"PhiDegree": 325.887970398494,
				"Power": -39.45960390757179
			}, {
				"Time": 1.9648412665175425e-7,
				"TimeDiff": 1.0282013224509345e-7,
				"PhiDegree": 298.3911687436559,
				"Power": -49.190917892791305
			}, {
				"Time": 4.990778595760762e-7,
				"TimeDiff": 4.0541386516941534e-7,
				"PhiDegree": 229.44715080941623,
				"Power": -51.719935935944164
			}]
	}
}