{
	"SensorDataCollection": {
		"SensorId": 0,
		"SensorDatas": [{
				"Time": 4.946905095327811e-7,
				"TimeDiff": 0.0,
				"PhiDegree": 38.75227075697693,
				"Power": -52.26190777302844
			}, {
				"Time": 5.708755895571755e-7,
				"TimeDiff": 7.618508002439443e-8,
				"PhiDegree": 150.05042444041027,
				"Power": -59.80595697918778
			}, {
				"Time": 5.150317579401289e-7,
				"TimeDiff": 2.0341248407347842e-8,
				"PhiDegree": 163.82475366590378,
				"Power": -62.224037210462185
			}, {
				"Time": 5.72781834009136e-7,
				"TimeDiff": 7.809132447635494e-8,
				"PhiDegree": 62.599930901619175,
				"Power": -62.81049201718582
			}]
	}
}