{
	"SensorDataCollection": {
		"SensorId": 0,
		"SensorDatas": [{
				"Time": 8.368254674726087e-8,
				"TimeDiff": 0.0,
				"PhiDegree": 355.4260787400991,
				"Power": -35.537780758789744
			}, {
				"Time": 1.0470406769746325e-7,
				"TimeDiff": 2.1021520950202375e-8,
				"PhiDegree": 322.8145913016291,
				"Power": -38.17799556934138
			}, {
				"Time": 1.9192664434100633e-7,
				"TimeDiff": 1.0824409759374546e-7,
				"PhiDegree": 295.76140904054313,
				"Power": -51.29381328329927
			}, {
				"Time": 4.926286295551978e-7,
				"TimeDiff": 4.0894608280793697e-7,
				"PhiDegree": 230.33176544335237,
				"Power": -51.884353314472435
			}]
	}
}