{
	"SensorDataCollection": {
		"SensorId": 0,
		"SensorDatas": [{
				"Time": 5.346408818303358e-7,
				"TimeDiff": 0.0,
				"PhiDegree": 35.39293951347558,
				"Power": -54.67416863202769
			}, {
				"Time": 5.281007790720971e-7,
				"TimeDiff": -6.540102758238752e-9,
				"PhiDegree": 147.33850900621036,
				"Power": -56.57106745952035
			}, {
				"Time": 4.6717149505422815e-7,
				"TimeDiff": -6.746938677610765e-8,
				"PhiDegree": 162.11451930899446,
				"Power": -59.84141161152462
			}]
	}
}