{
	"SensorDataCollection": {
		"SensorId": 0,
		"SensorDatas": [{
				"Time": 5.855458044031645e-7,
				"TimeDiff": 0.0,
				"PhiDegree": 60.28038835443796,
				"Power": -60.27198941620259
			}, {
				"Time": 5.941537229972868e-7,
				"TimeDiff": 8.60791859412229e-9,
				"PhiDegree": 151.33561375031508,
				"Power": -61.579723542600945
			}]
	}
}