{
	"SensorDataCollection": {
		"SensorId": 0,
		"SensorDatas": [{
				"Time": 4.92092829563548e-7,
				"TimeDiff": 0.0,
				"PhiDegree": 38.99545148168284,
				"Power": -52.12011103953884
			}, {
				"Time": 5.737690911724478e-7,
				"TimeDiff": 8.167626160889976e-8,
				"PhiDegree": 150.21676684762426,
				"Power": -60.026462531453916
			}, {
				"Time": 5.182371493047402e-7,
				"TimeDiff": 2.614431974119215e-8,
				"PhiDegree": 163.9275192989522,
				"Power": -62.3767023866713
			}, {
				"Time": 5.743249990980482e-7,
				"TimeDiff": 8.223216953450018e-8,
				"PhiDegree": 62.30440278991754,
				"Power": -62.458742085175615
			}]
	}
}