{
	"SensorDataCollection": {
		"SensorId": 0,
		"SensorDatas": [{
				"Time": 5.131136222688488e-7,
				"TimeDiff": 0.0,
				"PhiDegree": 37.119526527215704,
				"Power": -53.32731613271264
			}, {
				"Time": 5.507614529562467e-7,
				"TimeDiff": 3.764783068739798e-8,
				"PhiDegree": 148.83729686802053,
				"Power": -58.276543304838015
			}, {
				"Time": 4.926428229428729e-7,
				"TimeDiff": -2.0470799325975876e-8,
				"PhiDegree": 163.06799967914483,
				"Power": -61.1341208633812
			}]
	}
}