{
	"SensorDataCollection": {
		"SensorId": 0,
		"SensorDatas": [{
				"Time": 5.428319247873408e-7,
				"TimeDiff": 0.0,
				"PhiDegree": 34.78099728213869,
				"Power": -55.2075948760652
			}, {
				"Time": 5.197017637654536e-7,
				"TimeDiff": -2.3130161021887197e-8,
				"PhiDegree": 146.74293042452592,
				"Power": -55.94757526962415
			}, {
				"Time": 4.5765565242392695e-7,
				"TimeDiff": -8.517627236341388e-8,
				"PhiDegree": 161.72964442206177,
				"Power": -59.34325003584263
			}]
	}
}