{
	"SensorDataCollection": {
		"SensorId": 0,
		"SensorDatas": [{
				"Time": 5.025359094565297e-7,
				"TimeDiff": 0.0,
				"PhiDegree": 38.03787266045889,
				"Power": -52.70363762075738
			}, {
				"Time": 5.622245487206235e-7,
				"TimeDiff": 5.968863926409387e-8,
				"PhiDegree": 149.5411443596905,
				"Power": -59.14719246090495
			}, {
				"Time": 5.054257770620287e-7,
				"TimeDiff": 2.889867605499056e-9,
				"PhiDegree": 163.50864072053503,
				"Power": -61.761525293769836
			}]
	}
}