{
	"SensorDataCollection": {
		"SensorId": 0,
		"SensorDatas": [{
				"Time": 5.10457028122155e-7,
				"TimeDiff": 0.0,
				"PhiDegree": 37.345541314355664,
				"Power": -53.167938513350165
			}, {
				"Time": 5.536193139788994e-7,
				"TimeDiff": 4.3162285856744446e-8,
				"PhiDegree": 149.01598961638953,
				"Power": -58.49327118557201
			}, {
				"Time": 4.958357769918523e-7,
				"TimeDiff": -1.4621251130302618e-8,
				"PhiDegree": 163.1802895230048,
				"Power": -61.292135327285024
			}]
	}
}