{
	"SensorDataCollection": {
		"SensorId": 0,
		"SensorDatas": [{
				"Time": 5.400947665598892e-7,
				"TimeDiff": 0.0,
				"PhiDegree": 34.982914804512326,
				"Power": -55.02827955857032
			}, {
				"Time": 5.224951292639222e-7,
				"TimeDiff": -1.7599637295966976e-8,
				"PhiDegree": 146.9435833264157,
				"Power": -56.15426320693223
			}, {
				"Time": 4.608252738719629e-7,
				"TimeDiff": -7.926949268792628e-8,
				"PhiDegree": 161.85970194331708,
				"Power": -59.51012953425423
			}]
	}
}