{
	"SensorDataCollection": {
		"SensorId": 0,
		"SensorDatas": [{
				"Time": 5.078084600670716e-7,
				"TimeDiff": 0.0,
				"PhiDegree": 37.57391732923651,
				"Power": -53.01081054702503
			}, {
				"Time": 5.564825045887812e-7,
				"TimeDiff": 4.8674044521709645e-8,
				"PhiDegree": 149.19284526530797,
				"Power": -58.7106472271946
			}, {
				"Time": 4.990306111332749e-7,
				"TimeDiff": -8.777848933796681e-9,
				"PhiDegree": 163.2911420108724,
				"Power": -61.449371011642896
			}]
	}
}