{
	"SensorDataCollection": {
		"SensorId": 0,
		"SensorDatas": [{
				"Time": 8.035697190637787e-8,
				"TimeDiff": 0.0,
				"PhiDegree": 355.23635830927384,
				"Power": -35.17937898592964
			}, {
				"Time": 1.0206574399008644e-7,
				"TimeDiff": 2.1708772083708567e-8,
				"PhiDegree": 321.68244588498624,
				"Power": -37.77880998355013
			}, {
				"Time": 4.905054382438453e-7,
				"TimeDiff": 4.101484663374674e-7,
				"PhiDegree": 230.6317798238046,
				"Power": -51.95256893637432
			}]
	}
}