{
	"SensorDataCollection": {
		"SensorId": 0,
		"SensorDatas": [{
				"Time": 5.319243648172221e-7,
				"TimeDiff": 0.0,
				"PhiDegree": 35.60109955567872,
				"Power": -54.49949347662343
			}, {
				"Time": 5.309128636273466e-7,
				"TimeDiff": -1.011501189875431e-9,
				"PhiDegree": 147.53283986533407,
				"Power": -56.78107635774096
			}, {
				"Time": 4.7034800063318675e-7,
				"TimeDiff": -6.157636418403532e-8,
				"PhiDegree": 162.23934814632415,
				"Power": -60.00582207972198
			}]
	}
}