{
	"SensorDataCollection": {
		"SensorId": 0,
		"SensorDatas": [{
				"Time": 5.051680443446752e-7,
				"TimeDiff": 0.0,
				"PhiDegree": 37.80468439705298,
				"Power": -52.85601510194702
			}, {
				"Time": 5.59350942943054e-7,
				"TimeDiff": 5.418289859837875e-8,
				"PhiDegree": 149.3678886814186,
				"Power": -58.92863329097578
			}, {
				"Time": 5.022272894874694e-7,
				"TimeDiff": -2.9407548572058467e-9,
				"PhiDegree": 163.4005837511692,
				"Power": -61.605832718784626
			}]
	}
}