{
	"SensorDataCollection": {
		"SensorId": 0,
		"SensorDatas": [{
				"Time": 7.038653262659904e-8,
				"TimeDiff": 0.0,
				"PhiDegree": 354.55966796899446,
				"Power": -34.00134035902837
			}, {
				"Time": 9.441629699094726e-8,
				"TimeDiff": 2.402976436434822e-8,
				"PhiDegree": 317.9134552935562,
				"Power": -36.71524339356273
			}]
	}
}