{
	"SensorDataCollection": {
		"SensorId": 0,
		"SensorDatas": [{
				"Time": 1.5991531713374295e-7,
				"TimeDiff": 0.0,
				"PhiDegree": 113.355564859286,
				"Power": -41.19809564845291
			}, {
				"Time": 2.2284821105076817e-7,
				"TimeDiff": 6.293289391702522e-8,
				"PhiDegree": 138.79163970215683,
				"Power": -44.23719470199566
			}, {
				"Time": 2.74036443978278e-7,
				"TimeDiff": 1.1412112684453505e-7,
				"PhiDegree": 232.28091851834654,
				"Power": -47.01574344276753
			}, {
				"Time": 2.2584852471007587e-7,
				"TimeDiff": 6.593320757633291e-8,
				"PhiDegree": 253.69787776830876,
				"Power": -54.94282976947058
			}]
	}
}