{
	"SensorDataCollection": {
		"SensorId": 0,
		"SensorDatas": [{
				"Time": 5.284819615242996e-7,
				"TimeDiff": 0.0,
				"PhiDegree": 36.316419833800836,
				"Power": -54.01820390902972
			}, {
				"Time": 5.383348175607067e-7,
				"TimeDiff": 9.852856036407047e-9,
				"PhiDegree": 147.61449455341958,
				"Power": -56.97139151394629
			}, {
				"Time": 4.777224079122015e-7,
				"TimeDiff": -5.075955361209812e-8,
				"PhiDegree": 162.10238346991804,
				"Power": -60.02518715177905
			}]
	}
}