{
	"SensorDataCollection": {
		"SensorId": 0,
		"SensorDatas": [{
				"Time": 3.435886390968733e-7,
				"TimeDiff": 0.0,
				"PhiDegree": 57.055626928344964,
				"Power": -51.01799101436639
			}, {
				"Time": 5.077211542948797e-7,
				"TimeDiff": 1.6413251519800638e-7,
				"PhiDegree": 145.39548354768363,
				"Power": -54.74755571583091
			}, {
				"Time": 5.584789542937139e-7,
				"TimeDiff": 2.1489031519684058e-7,
				"PhiDegree": 34.08578467681812,
				"Power": -55.943288543372944
			}, {
				"Time": 4.4293915354350607e-7,
				"TimeDiff": 9.935051444663276e-8,
				"PhiDegree": 160.6431849142152,
				"Power": -58.20441919588194
			}]
	}
}