{
	"SensorDataCollection": {
		"SensorId": 0,
		"SensorDatas": [{
				"Time": 5.159915549599501e-7,
				"TimeDiff": 0.0,
				"PhiDegree": 146.02672878235978,
				"Power": -55.338452902755606
			}, {
				"Time": 5.502173398038448e-7,
				"TimeDiff": 3.422578484389465e-8,
				"PhiDegree": 34.66997023623098,
				"Power": -55.40068348117377
			}, {
				"Time": 4.523954111320093e-7,
				"TimeDiff": -6.359614382794082e-8,
				"PhiDegree": 161.06338615119313,
				"Power": -58.71063547296596
			}]
	}
}