{
	"SensorDataCollection": {
		"SensorId": 0,
		"SensorDatas": [{
				"Time": 1.6566014146239346e-7,
				"TimeDiff": 0.0,
				"PhiDegree": 117.59729586864374,
				"Power": -41.50507143664192
			}, {
				"Time": 2.129889079879047e-7,
				"TimeDiff": 4.732876652551124e-8,
				"PhiDegree": 136.42565611424814,
				"Power": -43.71303783563994
			}, {
				"Time": 2.660806689438605e-7,
				"TimeDiff": 1.0042052748146705e-7,
				"PhiDegree": 234.55486507805182,
				"Power": -47.594819281774335
			}, {
				"Time": 2.2995201657970382e-7,
				"TimeDiff": 6.429187511731036e-8,
				"PhiDegree": 250.5044412862686,
				"Power": -52.40583644253188
			}]
	}
}