{
	"SensorDataCollection": {
		"SensorId": 0,
		"SensorDatas": [{
				"Time": 1.0698086951214568e-7,
				"TimeDiff": 0.0,
				"PhiDegree": 356.4236656250026,
				"Power": -37.69435668111923
			}, {
				"Time": 1.241172010797142e-7,
				"TimeDiff": 1.713633156756852e-8,
				"PhiDegree": 329.3453076909267,
				"Power": -41.276326260432256
			}, {
				"Time": 2.0316981719602535e-7,
				"TimeDiff": 9.618894768387967e-8,
				"PhiDegree": 301.70416102695845,
				"Power": -47.167202686539554
			}, {
				"Time": 2.5308625717263815e-7,
				"TimeDiff": 1.4610538766049247e-7,
				"PhiDegree": 294.95346223204353,
				"Power": -59.1528028024899
			}]
	}
}