{
	"SensorDataCollection": {
		"SensorId": 0,
		"SensorDatas": [{
				"Time": 3.4541453642083e-7,
				"TimeDiff": 0.0,
				"PhiDegree": 56.59115307042539,
				"Power": -50.81736090183074
			}, {
				"Time": 5.104710330541795e-7,
				"TimeDiff": 1.6505649663334948e-7,
				"PhiDegree": 145.60817035905373,
				"Power": -54.943018954375106
			}, {
				"Time": 5.55718695844695e-7,
				"TimeDiff": 2.10304159423865e-7,
				"PhiDegree": 34.27858249838661,
				"Power": -55.761139340491894
			}, {
				"Time": 4.4608855489769477e-7,
				"TimeDiff": 1.0067401847686476e-7,
				"PhiDegree": 160.785231151384,
				"Power": -58.37397063507731
			}]
	}
}