{
	"SensorDataCollection": {
		"SensorId": 0,
		"SensorDatas": [{
				"Time": 5.447421762174189e-7,
				"TimeDiff": 0.0,
				"PhiDegree": 35.069244538087744,
				"Power": -55.045703003088974
			}, {
				"Time": 5.215390296155716e-7,
				"TimeDiff": -2.3203146601847322e-8,
				"PhiDegree": 146.43640448983442,
				"Power": -55.7394729703467
			}, {
				"Time": 4.5871263622846113e-7,
				"TimeDiff": -8.602953998895777e-8,
				"PhiDegree": 161.33388608000348,
				"Power": -59.04406592165289
			}]
	}
}