{
	"SensorDataCollection": {
		"SensorId": 0,
		"SensorDatas": [{
				"Time": 5.420146647897466e-7,
				"TimeDiff": 0.0,
				"PhiDegree": 35.27190171554183,
				"Power": -54.8704040757504
			}, {
				"Time": 5.243226070426026e-7,
				"TimeDiff": -1.7692057747143985e-8,
				"PhiDegree": 146.6379863378938,
				"Power": -55.94192638617628
			}, {
				"Time": 4.6187500417241026e-7,
				"TimeDiff": -8.013966061733636e-8,
				"PhiDegree": 161.46635977942128,
				"Power": -59.2095751085952
			}]
	}
}