{
	"SensorDataCollection": {
		"SensorId": 0,
		"SensorDatas": [{
				"Time": 1.0032144553884512e-7,
				"TimeDiff": 0.0,
				"PhiDegree": 356.18592516570965,
				"Power": -37.13188410978032
			}, {
				"Time": 1.1842535875939295e-7,
				"TimeDiff": 1.8103913220547835e-8,
				"PhiDegree": 327.69892576057885,
				"Power": -40.3587779197148
			}, {
				"Time": 1.9974348703498467e-7,
				"TimeDiff": 9.942204149613955e-8,
				"PhiDegree": 300.0753836320135,
				"Power": -48.079954043572485
			}, {
				"Time": 5.034420230124132e-7,
				"TimeDiff": 4.03120577473568e-7,
				"PhiDegree": 228.87008793833496,
				"Power": -51.64207909650041
			}]
	}
}