{
	"SensorDataCollection": {
		"SensorId": 0,
		"SensorDatas": [{
				"Time": 5.25797147275726e-7,
				"TimeDiff": 0.0,
				"PhiDegree": 36.53175539234864,
				"Power": -53.85306860726163
			}, {
				"Time": 5.411554404895021e-7,
				"TimeDiff": 1.5358293213776083e-8,
				"PhiDegree": 147.80371245228022,
				"Power": -57.18036026883796
			}, {
				"Time": 4.808986733135158e-7,
				"TimeDiff": -4.4898473962210216e-8,
				"PhiDegree": 162.224553752532,
				"Power": -60.18594715619503
			}]
	}
}