{
	"SensorDataCollection": {
		"SensorId": 0,
		"SensorDatas": [{
				"Time": 3.472628937564983e-7,
				"TimeDiff": 0.0,
				"PhiDegree": 56.13159373709572,
				"Power": -50.63029780274121
			}, {
				"Time": 5.132278704544618e-7,
				"TimeDiff": 1.6596497669796344e-7,
				"PhiDegree": 145.8185751213344,
				"Power": -55.14000639068655
			}, {
				"Time": 5.52964792539816e-7,
				"TimeDiff": 2.057018987833177e-7,
				"PhiDegree": 34.47330290609633,
				"Power": -55.5802537805761
			}, {
				"Time": 4.4924065959631736e-7,
				"TimeDiff": 1.0197776583981904e-7,
				"PhiDegree": 160.92528489967268,
				"Power": -58.54270862928681
			}]
	}
}