{
	"SensorDataCollection": {
		"SensorId": 0,
		"SensorDatas": [{
				"Time": 3.2059075692286995e-7,
				"TimeDiff": 0.0,
				"PhiDegree": 64.23212967594422,
				"Power": -54.495218729205995
			}, {
				"Time": 3.9916712044802376e-7,
				"TimeDiff": 7.85763635251538e-8,
				"PhiDegree": 158.42022000997082,
				"Power": -55.74465044184984
			}, {
				"Time": 4.025445073369572e-7,
				"TimeDiff": 8.195375041408726e-8,
				"PhiDegree": 157.23568687467565,
				"Power": -60.94493769636874
			}, {
				"Time": 5.534608106067448e-7,
				"TimeDiff": 2.328700536838749e-7,
				"PhiDegree": 336.71299657783,
				"Power": -61.99414182455139
			}]
	}
}