{
	"SensorDataCollection": {
		"SensorId": 0,
		"SensorDatas": [{
				"Time": 1.1364191950123336e-7,
				"TimeDiff": 0.0,
				"PhiDegree": 356.63353933657015,
				"Power": -38.22215646332086
			}, {
				"Time": 1.2990249816771144e-7,
				"TimeDiff": 1.6260578666478074e-8,
				"PhiDegree": 330.8461936674363,
				"Power": -42.20169467047735
			}, {
				"Time": 2.0675481625784786e-7,
				"TimeDiff": 9.31128967566145e-8,
				"PhiDegree": 303.27769029202113,
				"Power": -46.428212627349836
			}, {
				"Time": 2.55973109908062e-7,
				"TimeDiff": 1.4233119040682866e-7,
				"PhiDegree": 296.3078665325572,
				"Power": -57.2739969036829
			}]
	}
}