{
	"SensorDataCollection": {
		"SensorId": 0,
		"SensorDatas": [{
				"Time": 1.1031120966283265e-7,
				"TimeDiff": 0.0,
				"PhiDegree": 356.53177074108294,
				"Power": -37.96231487934336
			}, {
				"Time": 1.269989611751407e-7,
				"TimeDiff": 1.6687751512308033e-8,
				"PhiDegree": 330.1128429905216,
				"Power": -41.73857354786277
			}, {
				"Time": 2.049429948916748e-7,
				"TimeDiff": 9.463178522884215e-8,
				"PhiDegree": 302.49780674815344,
				"Power": -46.77736818857994
			}, {
				"Time": 2.5451190562595967e-7,
				"TimeDiff": 1.4420069596312703e-7,
				"PhiDegree": 295.6345049440197,
				"Power": -58.18338956205132
			}]
	}
}