{
	"SensorDataCollection": {
		"SensorId": 0,
		"SensorDatas": [{
				"Time": 5.888826432528096e-7,
				"TimeDiff": 0.0,
				"PhiDegree": 59.71650248921651,
				"Power": -59.72913033105439
			}, {
				"Time": 6.000176972813422e-7,
				"TimeDiff": 1.1135054028532607e-8,
				"PhiDegree": 151.6412818854383,
				"Power": -62.02581709125366
			}]
	}
}