{
	"SensorDataCollection": {
		"SensorId": 0,
		"SensorDatas": [{
				"Time": 5.311741650200957e-7,
				"TimeDiff": 0.0,
				"PhiDegree": 36.10326410357426,
				"Power": -54.18519559045467
			}, {
				"Time": 5.355201277074432e-7,
				"TimeDiff": 4.345962687347516e-9,
				"PhiDegree": 147.4232854950735,
				"Power": -56.76338145816736
			}, {
				"Time": 4.7454834358904767e-7,
				"TimeDiff": -5.662582143104806e-8,
				"PhiDegree": 161.97857832167423,
				"Power": -59.863644534442756
			}]
	}
}