{
	"SensorDataCollection": {
		"SensorId": 0,
		"SensorDatas": [{
				"Time": 5.365802945562567e-7,
				"TimeDiff": 0.0,
				"PhiDegree": 35.68338395517304,
				"Power": -54.52447975637763
			}, {
				"Time": 5.299089252012883e-7,
				"TimeDiff": -6.671369354968409e-9,
				"PhiDegree": 147.0347844287569,
				"Power": -56.3504338214064
			}, {
				"Time": 4.682069972045454e-7,
				"TimeDiff": -6.837329735171129e-8,
				"PhiDegree": 161.7259351979286,
				"Power": -59.53819665259181
			}]
	}
}