{
	"SensorDataCollection": {
		"SensorId": 0,
		"SensorDatas": [{
				"Time": 1.672319999597583e-7,
				"TimeDiff": 0.0,
				"PhiDegree": 118.61045966596521,
				"Power": -41.58720065501571
			}, {
				"Time": 2.1058413580462316e-7,
				"TimeDiff": 4.335213584486485e-8,
				"PhiDegree": 135.79987790277647,
				"Power": -43.5996545708757
			}, {
				"Time": 2.6415965950975955e-7,
				"TimeDiff": 9.692765955000124e-8,
				"PhiDegree": 235.14446271913764,
				"Power": -47.787906048514614
			}, {
				"Time": 2.3108697338939896e-7,
				"TimeDiff": 6.385497342964065e-8,
				"PhiDegree": 249.7245597906472,
				"Power": -51.88031891143865
			}]
	}
}