{
	"SensorDataCollection": {
		"SensorId": 0,
		"SensorDatas": [{
				"Time": 1.688551672489939e-7,
				"TimeDiff": 0.0,
				"PhiDegree": 119.6044507460049,
				"Power": -41.67120071876066
			}, {
				"Time": 2.0820506222045736e-7,
				"TimeDiff": 3.934989497146347e-8,
				"PhiDegree": 135.1597208400379,
				"Power": -43.49445567279395
			}, {
				"Time": 2.6226703070335906e-7,
				"TimeDiff": 9.341186345436517e-8,
				"PhiDegree": 235.74263403879297,
				"Power": -48.00229353691397
			}, {
				"Time": 2.3226432133760425e-7,
				"TimeDiff": 6.340915408861035e-8,
				"PhiDegree": 248.95244286860267,
				"Power": -51.39186631646204
			}]
	}
}