{
	"SensorDataCollection": {
		"SensorId": 0,
		"SensorDatas": [{
				"Time": 3.929692569556819e-7,
				"TimeDiff": 0.0,
				"PhiDegree": 158.06235937875275,
				"Power": -55.380183542296095
			}, {
				"Time": 3.177303767645037e-7,
				"TimeDiff": -7.523888019117824e-8,
				"PhiDegree": 65.29488012649912,
				"Power": -55.61436477836437
			}, {
				"Time": 3.963994541528624e-7,
				"TimeDiff": 3.4301971971804804e-9,
				"PhiDegree": 156.86245619727669,
				"Power": -60.37269627814845
			}, {
				"Time": 5.596070700376326e-7,
				"TimeDiff": 1.6663781308195073e-7,
				"PhiDegree": 336.9880050581427,
				"Power": -62.443059661568945
			}]
	}
}