{
	"SensorDataCollection": {
		"SensorId": 0,
		"SensorDatas": [{
				"Time": 1.6414106580342564e-7,
				"TimeDiff": 0.0,
				"PhiDegree": 116.56505117707799,
				"Power": -41.42495258652231
			}, {
				"Time": 2.1541851813185646e-7,
				"TimeDiff": 5.127745232843082e-8,
				"PhiDegree": 137.0373901876834,
				"Power": -43.834016425485956
			}, {
				"Time": 2.680294487810195e-7,
				"TimeDiff": 1.0388838297759386e-7,
				"PhiDegree": 233.97378029791963,
				"Power": -47.422006474695834
			}, {
				"Time": 2.2886008158439665e-7,
				"TimeDiff": 6.471901578097101e-8,
				"PhiDegree": 251.29191178794744,
				"Power": -52.9713305925587
			}]
	}
}