{
	"SensorDataCollection": {
		"SensorId": 0,
		"SensorDatas": [{
				"Time": 3.417855617445107e-7,
				"TimeDiff": 0.0,
				"PhiDegree": 57.525032537547744,
				"Power": -51.23271366912259
			}, {
				"Time": 5.049783478572065e-7,
				"TimeDiff": 1.631927861126958e-7,
				"PhiDegree": 145.18048331602702,
				"Power": -54.55368394119034
			}, {
				"Time": 5.612454741212766e-7,
				"TimeDiff": 2.194599123767659e-7,
				"PhiDegree": 33.89488540913325,
				"Power": -56.126651288750224
			}, {
				"Time": 4.397925136105734e-7,
				"TimeDiff": 9.800695186606267e-8,
				"PhiDegree": 160.49910514801158,
				"Power": -58.03405224227029
			}]
	}
}