{
	"SensorDataCollection": {
		"SensorId": 0,
		"SensorDatas": [{
				"Time": 1.1697296744768375e-7,
				"TimeDiff": 0.0,
				"PhiDegree": 356.7295120768165,
				"Power": -38.4743688175414
			}, {
				"Time": 1.3282638395968003e-7,
				"TimeDiff": 1.585341651199628e-8,
				"PhiDegree": 331.547368788817,
				"Power": -42.664801476012144
			}, {
				"Time": 2.086042743843196e-7,
				"TimeDiff": 9.163130693663584e-8,
				"PhiDegree": 304.04388503026394,
				"Power": -46.11722705159616
			}, {
				"Time": 2.5746926465424345e-7,
				"TimeDiff": 1.404962972065597e-7,
				"PhiDegree": 296.9734933645257,
				"Power": -56.42135545821651
			}]
	}
}