{
	"SensorDataCollection": {
		"SensorId": 0,
		"SensorDatas": [{
				"Time": 1.586221330316443e-7,
				"TimeDiff": 0.0,
				"PhiDegree": 112.24902365721236,
				"Power": -41.12746593370317
			}, {
				"Time": 2.2536914965574003e-7,
				"TimeDiff": 6.674701662409572e-8,
				"PhiDegree": 139.3504928598873,
				"Power": -44.383394571967145
			}, {
				"Time": 2.7609038570055925e-7,
				"TimeDiff": 1.1746825266891493e-7,
				"PhiDegree": 231.7331779592725,
				"Power": -46.91479997774661
			}, {
				"Time": 2.2493472063521194e-7,
				"TimeDiff": 6.631258760356762e-8,
				"PhiDegree": 254.51364979667133,
				"Power": -55.706002216313024
			}]
	}
}