{
	"SensorDataCollection": {
		"SensorId": 0,
		"SensorDatas": [{
				"Time": 1.6267625165270281e-7,
				"TimeDiff": 0.0,
				"PhiDegree": 115.51387042753426,
				"Power": -41.34698664232558
			}, {
				"Time": 2.1787213529342052e-7,
				"TimeDiff": 5.5195883640717704e-8,
				"PhiDegree": 137.63541279566334,
				"Power": -43.96203974041745
			}, {
				"Time": 2.7000539771835424e-7,
				"TimeDiff": 1.0732914606565143e-7,
				"PhiDegree": 233.40114229949847,
				"Power": -47.268495618554
			}, {
				"Time": 2.27811787033739e-7,
				"TimeDiff": 6.513553538103617e-8,
				"PhiDegree": 252.08678083245218,
				"Power": -53.580085460506695
			}]
	}
}