{
	"SensorDataCollection": {
		"SensorId": 0,
		"SensorDatas": [{
				"Time": 5.338736459762415e-7,
				"TimeDiff": 0.0,
				"PhiDegree": 35.89226108057961,
				"Power": -54.353976067393646
			}, {
				"Time": 5.327114649755703e-7,
				"TimeDiff": -1.1621810006711832e-9,
				"PhiDegree": 147.230058008219,
				"Power": -56.55637879702587
			}, {
				"Time": 4.713765248076431e-7,
				"TimeDiff": -6.249712116859838e-8,
				"PhiDegree": 161.85310645011117,
				"Power": -59.70131557315513
			}]
	}
}