{
	"SensorDataCollection": {
		"SensorId": 0,
		"SensorDatas": [{
				"Time": 3.788554712323767e-7,
				"TimeDiff": 0.0,
				"PhiDegree": 156.57823732302052,
				"Power": -53.06576984836151
			}, {
				"Time": 3.1418617613312646e-7,
				"TimeDiff": -6.466929509925023e-8,
				"PhiDegree": 68.20610830148217,
				"Power": -59.130019958802514
			}, {
				"Time": 5.762902334215092e-7,
				"TimeDiff": 1.9743476218913256e-7,
				"PhiDegree": 337.5020588543266,
				"Power": -63.39702907935096
			}, {
				"Time": 3.8002074914206177e-7,
				"TimeDiff": 1.1652779096850856e-9,
				"PhiDegree": 287.8969208268316,
				"Power": -76.67589304637369
			}]
	}
}