{
	"SensorDataCollection": {
		"SensorId": 0,
		"SensorDatas": [{
				"Time": 5.231198360461552e-7,
				"TimeDiff": 0.0,
				"PhiDegree": 36.74929821150035,
				"Power": -53.689859333050265
			}, {
				"Time": 5.439819042023361e-7,
				"TimeDiff": 2.0862068156180832e-8,
				"PhiDegree": 147.99096606945227,
				"Power": -57.39024057158872
			}, {
				"Time": 4.840770964659575e-7,
				"TimeDiff": -3.9042739580197763e-8,
				"PhiDegree": 162.34512025084027,
				"Power": -60.345928385439834
			}]
	}
}