{
	"SensorDataCollection": {
		"SensorId": 0,
		"SensorDatas": [{
				"Time": 5.843199484850579e-7,
				"TimeDiff": 0.0,
				"PhiDegree": 59.83404445732723,
				"Power": -59.7828009993065
			}, {
				"Time": 5.98683426173739e-7,
				"TimeDiff": 1.4363477688681082e-8,
				"PhiDegree": 151.2085963253785,
				"Power": -61.49823869677297
			}]
	}
}