{
	"SensorDataCollection": {
		"SensorId": 0,
		"SensorDatas": [{
				"Time": 4.00406347154745e-7,
				"TimeDiff": 0.0,
				"PhiDegree": 157.91530484468439,
				"Power": -54.50749938730973
			}, {
				"Time": 3.2359501839606873e-7,
				"TimeDiff": -7.681132875867625e-8,
				"PhiDegree": 64.38208041417408,
				"Power": -54.63674678771166
			}, {
				"Time": 5.547761332918755e-7,
				"TimeDiff": 1.543697861371305e-7,
				"PhiDegree": 336.57476595908037,
				"Power": -61.86274859590954
			}]
	}
}