{
	"SensorDataCollection": {
		"SensorId": 0,
		"SensorDatas": [{
				"Time": 5.870219711528255e-7,
				"TimeDiff": 0.0,
				"PhiDegree": 150.58118406142358,
				"Power": -60.61996169692236
			}, {
				"Time": 5.777284622524709e-7,
				"TimeDiff": -9.293508900354643e-9,
				"PhiDegree": 60.978500836783276,
				"Power": -60.92623571431206
			}, {
				"Time": 5.31986012823139e-7,
				"TimeDiff": -5.50359583296865e-8,
				"PhiDegree": 163.98016595894268,
				"Power": -62.655043173148314
			}]
	}
}