{
	"SensorDataCollection": {
		"SensorId": 0,
		"SensorDatas": [{
				"Time": 5.151340886988735e-7,
				"TimeDiff": 0.0,
				"PhiDegree": 37.415449210380885,
				"Power": -53.21251649601129
			}, {
				"Time": 5.524954427087202e-7,
				"TimeDiff": 3.7361354009846705e-8,
				"PhiDegree": 148.54120422389215,
				"Power": -58.02490139340556
			}, {
				"Time": 4.936248954795708e-7,
				"TimeDiff": -2.1509193219302676e-8,
				"PhiDegree": 162.69749667472271,
				"Power": -60.82123922562923
			}]
	}
}