{
	"SensorDataCollection": {
		"SensorId": 0,
		"SensorDatas": [{
				"Time": 3.849913734978039e-7,
				"TimeDiff": 0.0,
				"PhiDegree": 156.9755963485097,
				"Power": -53.48404149823291
			}, {
				"Time": 3.1672721832702383e-7,
				"TimeDiff": -6.82641551707801e-8,
				"PhiDegree": 67.09026050378314,
				"Power": -57.70006854225983
			}, {
				"Time": 5.70128551845057e-7,
				"TimeDiff": 1.8513717834725308e-7,
				"PhiDegree": 337.2442863776696,
				"Power": -62.96228262627905
			}, {
				"Time": 3.8212425640688135e-7,
				"TimeDiff": -2.8671170909225773e-9,
				"PhiDegree": 288.8491401651599,
				"Power": -74.40312997200488
			}]
	}
}