{
	"SensorDataCollection": {
		"SensorId": 0,
		"SensorDatas": [{
				"Time": 1.501859432802518e-7,
				"TimeDiff": 0.0,
				"PhiDegree": 88.72697004746668,
				"Power": -40.651967555733506
			}, {
				"Time": 1.839985242342463e-7,
				"TimeDiff": 3.381258095399449e-8,
				"PhiDegree": 54.86274421763111,
				"Power": -41.01579202155896
			}, {
				"Time": 3.215320174120065e-7,
				"TimeDiff": 1.713460741317547e-7,
				"PhiDegree": 223.34656681560972,
				"Power": -44.35108169330475
			}, {
				"Time": 2.783547275753228e-7,
				"TimeDiff": 1.2816878429507102e-7,
				"PhiDegree": 147.19320604959836,
				"Power": -45.357156165497145
			}]
	}
}