{
	"SensorDataCollection": {
		"SensorId": 0,
		"SensorDatas": [{
				"Time": 5.841178801952271e-7,
				"TimeDiff": 0.0,
				"PhiDegree": 150.42042271403676,
				"Power": -60.401154079815115
			}, {
				"Time": 5.761171195674732e-7,
				"TimeDiff": -8.000760627753875e-9,
				"PhiDegree": 61.26867060472897,
				"Power": -61.23501203522474
			}, {
				"Time": 5.287797473306616e-7,
				"TimeDiff": -5.533813286456554e-8,
				"PhiDegree": 163.88039144201943,
				"Power": -62.50623277079312
			}]
	}
}