{
	"SensorDataCollection": {
		"SensorId": 0,
		"SensorDatas": [{
				"Time": 1.686242428133608e-7,
				"TimeDiff": 0.0,
				"PhiDegree": 117.07208023799276,
				"Power": -41.6592998348549
			}, {
				"Time": 2.1530240992826622e-7,
				"TimeDiff": 4.6678167114905406e-8,
				"PhiDegree": 135.78234776732467,
				"Power": -43.791825495380166
			}, {
				"Time": 2.68805899448695e-7,
				"TimeDiff": 1.0018165663533417e-7,
				"PhiDegree": 234.96731152870103,
				"Power": -47.86068040759051
			}, {
				"Time": 2.331000195664556e-7,
				"TimeDiff": 6.447577675309478e-8,
				"PhiDegree": 250.77815195135898,
				"Power": -52.730986167708494
			}]
	}
}