{
	"SensorDataCollection": {
		"SensorId": 0,
		"SensorDatas": [{
				"Time": 1.920220272519987e-7,
				"TimeDiff": 0.0,
				"PhiDegree": 51.632313601417145,
				"Power": -40.53342948037307
			}, {
				"Time": 1.5048216830826767e-7,
				"TimeDiff": -4.1539858943731024e-8,
				"PhiDegree": 93.81405874032237,
				"Power": -40.66789843943921
			}, {
				"Time": 3.1193665956859165e-7,
				"TimeDiff": 1.1991463231659295e-7,
				"PhiDegree": 225.0252043794927,
				"Power": -44.01957540605784
			}, {
				"Time": 2.6721338986904975e-7,
				"TimeDiff": 7.519136261705105e-8,
				"PhiDegree": 145.63720273313854,
				"Power": -44.44358807354039
			}]
	}
}