{
	"SensorDataCollection": {
		"SensorId": 0,
		"SensorDatas": [{
				"Time": 1.7684200722630427e-7,
				"TimeDiff": 0.0,
				"PhiDegree": 121.89079180184571,
				"Power": -42.07305476092034
			}, {
				"Time": 2.0367819692805957e-7,
				"TimeDiff": 2.6836189701755296e-8,
				"PhiDegree": 132.50767946120627,
				"Power": -43.36903528253268
			}, {
				"Time": 2.5958869729124984e-7,
				"TimeDiff": 8.274669006494557e-8,
				"PhiDegree": 237.98384394458782,
				"Power": -49.10850673994406
			}, {
				"Time": 2.391120644746537e-7,
				"TimeDiff": 6.227005724834943e-8,
				"PhiDegree": 247.00066658212987,
				"Power": -50.41966802881163
			}]
	}
}