{
	"SensorDataCollection": {
		"SensorId": 0,
		"SensorDatas": [{
				"Time": 5.809952292723265e-7,
				"TimeDiff": 0.0,
				"PhiDegree": 60.40302668965069,
				"Power": -60.33660695741091
			}, {
				"Time": 5.928438133148969e-7,
				"TimeDiff": 1.1848584042570383e-8,
				"PhiDegree": 150.8979755352648,
				"Power": -61.058544115914216
			}, {
				"Time": 5.384032969894045e-7,
				"TimeDiff": -4.259193228292201e-8,
				"PhiDegree": 164.17614848861695,
				"Power": -62.95054310941731
			}]
	}
}