{
	"SensorDataCollection": {
		"SensorId": 0,
		"SensorDatas": [{
				"Time": 5.793545400611196e-7,
				"TimeDiff": 0.0,
				"PhiDegree": 60.68995254489871,
				"Power": -60.626839377698104
			}, {
				"Time": 5.899306379765981e-7,
				"TimeDiff": 1.057609791547846e-8,
				"PhiDegree": 150.740361376504,
				"Power": -60.83910079543476
			}, {
				"Time": 5.351938722059405e-7,
				"TimeDiff": -4.416066785517916e-8,
				"PhiDegree": 164.07874470947274,
				"Power": -62.803145060884844
			}]
	}
}