{
	"SensorDataCollection": {
		"SensorId": 0,
		"SensorDatas": [{
				"Time": 4.993814712946916e-7,
				"TimeDiff": 0.0,
				"PhiDegree": 38.8111894919537,
				"Power": -52.32024841998235
			}, {
				"Time": 5.696685088944465e-7,
				"TimeDiff": 7.028703759975489e-8,
				"PhiDegree": 149.59210233926464,
				"Power": -59.31310662507151
			}, {
				"Time": 5.127733741618558e-7,
				"TimeDiff": 1.3391902867164174e-8,
				"PhiDegree": 163.3628202773342,
				"Power": -61.75139048271639
			}, {
				"Time": 5.682857798621055e-7,
				"TimeDiff": 6.890430856741387e-8,
				"PhiDegree": 62.743783514819036,
				"Power": -62.927636059329075
			}]
	}
}