{
	"SensorDataCollection": {
		"SensorId": 0,
		"SensorDatas": [{
				"Time": 1.605059895175738e-7,
				"TimeDiff": 0.0,
				"PhiDegree": 69.34730202414164,
				"Power": -40.51973976108039
			}, {
				"Time": 3.622966872124009e-7,
				"TimeDiff": 2.0179069769482708e-7,
				"PhiDegree": 217.54486089017794,
				"Power": -46.77872220048367
			}, {
				"Time": 3.2458805539880477e-7,
				"TimeDiff": 1.6408206588123097e-7,
				"PhiDegree": 152.33075092204166,
				"Power": -49.087139572628864
			}, {
				"Time": 2.272964067655233e-7,
				"TimeDiff": 6.67904172479495e-8,
				"PhiDegree": 284.4444451181279,
				"Power": -56.676189970261134
			}]
	}
}