{
	"SensorDataCollection": {
		"SensorId": 0,
		"SensorDatas": [{
				"Time": 3.250539278579813e-7,
				"TimeDiff": 0.0,
				"PhiDegree": 63.85463733503488,
				"Power": -54.10284250889276
			}, {
				"Time": 4.0350144849982434e-7,
				"TimeDiff": 7.844752064184305e-8,
				"PhiDegree": 158.09457111679424,
				"Power": -54.70838505131304
			}, {
				"Time": 5.517149224222482e-7,
				"TimeDiff": 2.2666099456426693e-7,
				"PhiDegree": 336.4363818702827,
				"Power": -61.64070904419151
			}]
	}
}