{
	"SensorDataCollection": {
		"SensorId": 0,
		"SensorDatas": [{
				"Time": 1.5048216830826767e-7,
				"TimeDiff": 0.0,
				"PhiDegree": 86.18594125967766,
				"Power": -40.66789843943921
			}, {
				"Time": 3.2642857667461475e-7,
				"TimeDiff": 1.7594640836634707e-7,
				"PhiDegree": 222.5440636712191,
				"Power": -44.56774385387624
			}, {
				"Time": 2.8399671091812334e-7,
				"TimeDiff": 1.3351454260985567e-7,
				"PhiDegree": 147.92561042673668,
				"Power": -45.82117318546878
			}, {
				"Time": 2.4162375274951354e-7,
				"TimeDiff": 9.114158444124586e-8,
				"PhiDegree": 294.31484585415456,
				"Power": -53.60670948941642
			}]
	}
}