{
	"SensorDataCollection": {
		"SensorId": 0,
		"SensorDatas": [{
				"Time": 1.7176414148979049e-7,
				"TimeDiff": 0.0,
				"PhiDegree": 119.05460409907717,
				"Power": -41.81973262714153
			}, {
				"Time": 2.105711298570238e-7,
				"TimeDiff": 3.8806988367233325e-8,
				"PhiDegree": 134.51594480506037,
				"Power": -43.5948069880389
			}, {
				"Time": 2.650314784827763e-7,
				"TimeDiff": 9.326733699298579e-8,
				"PhiDegree": 236.14868286207957,
				"Power": -48.291246251971174
			}, {
				"Time": 2.353814014726471e-7,
				"TimeDiff": 6.36172599828566e-8,
				"PhiDegree": 249.2441378807973,
				"Power": -51.70547181048259
			}]
	}
}