{
	"SensorDataCollection": {
		"SensorId": 0,
		"SensorDatas": [{
				"Time": 1.6713211025450364e-7,
				"TimeDiff": 0.0,
				"PhiDegree": 116.05349531049097,
				"Power": -41.5820045679568
			}, {
				"Time": 2.1770620282657096e-7,
				"TimeDiff": 5.0574092572067315e-8,
				"PhiDegree": 136.39475858531281,
				"Power": -43.90239068389691
			}, {
				"Time": 2.707350634968931e-7,
				"TimeDiff": 1.0360295324238948e-7,
				"PhiDegree": 234.38910101422502,
				"Power": -47.6764413927698
			}, {
				"Time": 2.3202290002417056e-7,
				"TimeDiff": 6.489078976966691e-8,
				"PhiDegree": 251.5561922675476,
				"Power": -53.302051660495835
			}]
	}
}