{
	"SensorDataCollection": {
		"SensorId": 0,
		"SensorDatas": [{
				"Time": 1.94119487287407e-7,
				"TimeDiff": 0.0,
				"PhiDegree": 50.86616903800643,
				"Power": -40.473734282944974
			}, {
				"Time": 1.5074088768832513e-7,
				"TimeDiff": -4.3378599599081875e-8,
				"PhiDegree": 95.07954119768293,
				"Power": -40.68023859781179
			}, {
				"Time": 3.095812588168369e-7,
				"TimeDiff": 1.1546177152942992e-7,
				"PhiDegree": 225.46075800687953,
				"Power": -43.960356546262645
			}, {
				"Time": 2.644599628547102e-7,
				"TimeDiff": 7.034047556730318e-8,
				"PhiDegree": 145.2280436524364,
				"Power": -44.219496288595266
			}]
	}
}