{
	"SensorDataCollection": {
		"SensorId": 0,
		"SensorDatas": [{
				"Time": 1.6431054552415755e-7,
				"TimeDiff": 0.0,
				"PhiDegree": 66.10789763683258,
				"Power": -40.34834107032144
			}, {
				"Time": 3.702975024328582e-7,
				"TimeDiff": 2.0598695690870065e-7,
				"PhiDegree": 216.60025225048867,
				"Power": -47.36661819159867
			}, {
				"Time": 3.334947622534872e-7,
				"TimeDiff": 1.6918421672932962e-7,
				"PhiDegree": 153.13433603473652,
				"Power": -49.774279682935486
			}, {
				"Time": 2.299987809270931e-7,
				"TimeDiff": 6.568823540293554e-8,
				"PhiDegree": 286.8535374768579,
				"Power": -54.214465172801056
			}]
	}
}