{
	"SensorDataCollection": {
		"SensorId": 0,
		"SensorDatas": [{
				"Time": 5.019857905322458e-7,
				"TimeDiff": 0.0,
				"PhiDegree": 38.57249602622795,
				"Power": -52.462614668020564
			}, {
				"Time": 5.667933587325344e-7,
				"TimeDiff": 6.480756820028859e-8,
				"PhiDegree": 149.4213802952483,
				"Power": -59.096912566755734
			}, {
				"Time": 5.095773098624192e-7,
				"TimeDiff": 7.591519330173425e-9,
				"PhiDegree": 163.2554067082399,
				"Power": -61.59823176513319
			}]
	}
}