{
	"SensorDataCollection": {
		"SensorId": 0,
		"SensorDatas": [{
				"Time": 5.072201622656415e-7,
				"TimeDiff": 0.0,
				"PhiDegree": 38.102482824554386,
				"Power": -52.75522748777182
			}, {
				"Time": 5.610583869105889e-7,
				"TimeDiff": 5.383822464494748e-8,
				"PhiDegree": 149.07469473073888,
				"Power": -58.66620690267257
			}, {
				"Time": 5.031906564573956e-7,
				"TimeDiff": -4.0295058082459005e-9,
				"PhiDegree": 163.03648801688263,
				"Power": -61.28968780291211
			}]
	}
}