{
	"SensorDataCollection": {
		"SensorId": 0,
		"SensorDatas": [{
				"Time": 5.177881878655788e-7,
				"TimeDiff": 0.0,
				"PhiDegree": 37.19111691330875,
				"Power": -53.369508171141035
			}, {
				"Time": 5.4965199337477e-7,
				"TimeDiff": 3.1863805509191164e-8,
				"PhiDegree": 148.35968603755512,
				"Power": -57.81255464247269
			}, {
				"Time": 4.904402481894922e-7,
				"TimeDiff": -2.7347939676086642e-8,
				"PhiDegree": 162.58156247217457,
				"Power": -60.663570352594405
			}]
	}
}