{
	"SensorDataCollection": {
		"SensorId": 0,
		"SensorDatas": [{
				"Time": 1.5827081004653125e-7,
				"TimeDiff": 0.0,
				"PhiDegree": 71.59259934733244,
				"Power": -40.61575689018244
			}, {
				"Time": 3.570191229862188e-7,
				"TimeDiff": 1.9874831293968757e-7,
				"PhiDegree": 218.19775366940917,
				"Power": -46.40447067582055
			}, {
				"Time": 3.186866334196433e-7,
				"TimeDiff": 1.6041582337311202e-7,
				"PhiDegree": 151.77018720022315,
				"Power": -48.62499452644086
			}, {
				"Time": 2.2572357690389346e-7,
				"TimeDiff": 6.745276685736221e-8,
				"PhiDegree": 282.80673620718096,
				"Power": -58.62389081746421
			}]
	}
}