{
	"SensorDataCollection": {
		"SensorId": 0,
		"SensorDatas": [{
				"Time": 4.941992441208497e-7,
				"TimeDiff": 0.0,
				"PhiDegree": 39.296102463184056,
				"Power": -52.04386766126608
			}, {
				"Time": 5.754337547765906e-7,
				"TimeDiff": 8.123451065574093e-8,
				"PhiDegree": 149.92842092476465,
				"Power": -59.74700631858052
			}, {
				"Time": 5.191708094255665e-7,
				"TimeDiff": 2.4971565304716877e-8,
				"PhiDegree": 163.57367808397066,
				"Power": -62.0555039330154
			}, {
				"Time": 5.713727432024945e-7,
				"TimeDiff": 7.717349908164485e-8,
				"PhiDegree": 62.14889396300822,
				"Power": -62.21988261481749
			}]
	}
}