{
	"SensorDataCollection": {
		"SensorId": 0,
		"SensorDatas": [{
				"Time": 5.04598731939609e-7,
				"TimeDiff": 0.0,
				"PhiDegree": 38.3362705276991,
				"Power": -52.607638170207935
			}, {
				"Time": 5.639232920668709e-7,
				"TimeDiff": 5.9324560127261885e-8,
				"PhiDegree": 149.24891894001502,
				"Power": -58.88126756368344
			}, {
				"Time": 5.06383059115182e-7,
				"TimeDiff": 1.7843271755729162e-9,
				"PhiDegree": 163.14663762901566,
				"Power": -61.44433236146941
			}]
	}
}