{
	"SensorDataCollection": {
		"SensorId": 0,
		"SensorDatas": [{
				"Time": 1.751021723418903e-7,
				"TimeDiff": 0.0,
				"PhiDegree": 120.96375653207352,
				"Power": -41.987090644080205
			}, {
				"Time": 2.0594741842855613e-7,
				"TimeDiff": 3.084524608666582e-8,
				"PhiDegree": 133.1920065156007,
				"Power": -43.43407647721128
			}, {
				"Time": 2.613729576962572e-7,
				"TimeDiff": 8.627078535436691e-8,
				"PhiDegree": 237.36365507975674,
				"Power": -48.81168736138342
			}, {
				"Time": 2.3782820399681738e-7,
				"TimeDiff": 6.272603165492707e-8,
				"PhiDegree": 247.74062811339766,
				"Power": -50.81763133666861
			}]
	}
}