{
	"SensorDataCollection": {
		"SensorId": 0,
		"SensorDatas": [{
				"Time": 4.890531641105763e-7,
				"TimeDiff": 0.0,
				"PhiDegree": 39.79125655723942,
				"Power": -51.779285586041965
			}, {
				"Time": 5.812184336945343e-7,
				"TimeDiff": 9.216526958395801e-8,
				"PhiDegree": 150.25805614057236,
				"Power": -60.18270609912675
			}, {
				"Time": 5.745206359877639e-7,
				"TimeDiff": 8.546747187718766e-8,
				"PhiDegree": 61.56046054463949,
				"Power": -61.553391023307526
			}, {
				"Time": 5.25575104899043e-7,
				"TimeDiff": 3.6521940788466715e-8,
				"PhiDegree": 163.77939988514578,
				"Power": -62.35670919114959
			}]
	}
}