{
	"SensorDataCollection": {
		"SensorId": 0,
		"SensorDatas": [{
				"Time": 1.734090895911012e-7,
				"TimeDiff": 0.0,
				"PhiDegree": 120.01836742760909,
				"Power": -41.902609237786095
			}, {
				"Time": 2.082453763372739e-7,
				"TimeDiff": 3.48362867461727e-8,
				"PhiDegree": 133.86132440984102,
				"Power": -43.5095740977855
			}, {
				"Time": 2.63187424895939e-7,
				"TimeDiff": 8.977833530483778e-8,
				"PhiDegree": 236.7519467727658,
				"Power": -48.53967001449685
			}, {
				"Time": 2.365844378024837e-7,
				"TimeDiff": 6.31753482113825e-8,
				"PhiDegree": 248.48849571061615,
				"Power": -51.24553554305159
			}]
	}
}