{
	"SensorDataCollection": {
		"SensorId": 0,
		"SensorDatas": [{
				"Time": 1.6298393003306995e-7,
				"TimeDiff": 0.0,
				"PhiDegree": 112.89055165624833,
				"Power": -41.36342146424443
			}, {
				"Time": 2.2506038737096052e-7,
				"TimeDiff": 6.207645733789057e-8,
				"PhiDegree": 138.15257614957287,
				"Power": -44.27578341084015
			}, {
				"Time": 2.7668332407477956e-7,
				"TimeDiff": 1.1369939404170961e-7,
				"PhiDegree": 232.70364153061598,
				"Power": -47.23645905971878
			}, {
				"Time": 2.290529312332137e-7,
				"TimeDiff": 6.606900120014376e-8,
				"PhiDegree": 253.9321622180038,
				"Power": -55.28932980852062
			}]
	}
}