{
	"SensorDataCollection": {
		"SensorId": 0,
		"SensorDatas": [{
				"Time": 1.5014887406006967e-7,
				"TimeDiff": 0.0,
				"PhiDegree": 89.99999999999999,
				"Power": -40.64983488089596
			}, {
				"Time": 1.859470566999117e-7,
				"TimeDiff": 3.579818263984203e-8,
				"PhiDegree": 54.029806507671275,
				"Power": -40.85588584191676
			}, {
				"Time": 3.191078955918547e-7,
				"TimeDiff": 1.6895902153178501e-7,
				"PhiDegree": 223.75688009107378,
				"Power": -44.25487351381428
			}, {
				"Time": 2.755510209953128e-7,
				"TimeDiff": 1.2540214693524312e-7,
				"PhiDegree": 146.81589498447107,
				"Power": -45.126646881854214
			}]
	}
}