{
	"SensorDataCollection": {
		"SensorId": 0,
		"SensorDatas": [{
				"Time": 1.501859432802518e-7,
				"TimeDiff": 0.0,
				"PhiDegree": 91.27302995253332,
				"Power": -40.651967555733506
			}, {
				"Time": 1.879346301916827e-7,
				"TimeDiff": 3.7748686911430905e-8,
				"PhiDegree": 53.213899561915376,
				"Power": -40.723139244784065
			}, {
				"Time": 3.1670037289531853e-7,
				"TimeDiff": 1.6651442961506673e-7,
				"PhiDegree": 224.1733607088484,
				"Power": -44.167273800285415
			}, {
				"Time": 2.727593120949881e-7,
				"TimeDiff": 1.2257336881473628e-7,
				"PhiDegree": 146.43092321686566,
				"Power": -44.89740240465928
			}]
	}
}