{
	"SensorDataCollection": {
		"SensorId": 0,
		"SensorDatas": [{
				"Time": 4.967859098279285e-7,
				"TimeDiff": 0.0,
				"PhiDegree": 39.05238138771885,
				"Power": -52.180633690546415
			}, {
				"Time": 5.725486659696984e-7,
				"TimeDiff": 7.576275614176989e-8,
				"PhiDegree": 149.76110826596553,
				"Power": -59.52981557052942
			}, {
				"Time": 5.15971218312605e-7,
				"TimeDiff": 1.9185308484676516e-8,
				"PhiDegree": 163.4689027773836,
				"Power": -61.903813023600776
			}, {
				"Time": 5.698215830035224e-7,
				"TimeDiff": 7.303567317559385e-8,
				"PhiDegree": 62.44553305076309,
				"Power": -62.56847643698052
			}]
	}
}