{
	"SensorDataCollection": {
		"SensorId": 0,
		"SensorDatas": [{
				"Time": 1.6298393003306995e-7,
				"TimeDiff": 0.0,
				"PhiDegree": 67.17015986398154,
				"Power": -40.40721080931262
			}, {
				"Time": 3.6761962729442307e-7,
				"TimeDiff": 2.0463569726135312e-7,
				"PhiDegree": 216.91059709871354,
				"Power": -47.16738044910862
			}, {
				"Time": 3.3051884441675605e-7,
				"TimeDiff": 1.675349143836861e-7,
				"PhiDegree": 152.8712829195281,
				"Power": -49.54611583945494
			}, {
				"Time": 2.290529312332137e-7,
				"TimeDiff": 6.606900120014376e-8,
				"PhiDegree": 286.05718882007073,
				"Power": -54.98237944226641
			}]
	}
}