{
	"SensorDataCollection": {
		"SensorId": 0,
		"SensorDatas": [{
				"Time": 1.701687239347456e-7,
				"TimeDiff": 0.0,
				"PhiDegree": 118.072486935853,
				"Power": -41.73858649765667
			}, {
				"Time": 2.1292376816038888e-7,
				"TimeDiff": 4.2755044225643266e-8,
				"PhiDegree": 135.15618118088668,
				"Power": -43.68910096253664
			}, {
				"Time": 2.669045052169816e-7,
				"TimeDiff": 9.673578128223598e-8,
				"PhiDegree": 235.553820688756,
				"Power": -48.06527558849348
			}, {
				"Time": 2.3421972261763606e-7,
				"TimeDiff": 6.405099868289044e-8,
				"PhiDegree": 250.0074095694328,
				"Power": -52.199759804061785
			}]
	}
}