{
	"SensorDataCollection": {
		"SensorId": 0,
		"SensorDatas": [{
				"Time": 1.617152864838316e-7,
				"TimeDiff": 0.0,
				"PhiDegree": 68.2500424391681,
				"Power": -40.46483931425345
			}, {
				"Time": 3.6495260896603137e-7,
				"TimeDiff": 2.0323732248219978e-7,
				"PhiDegree": 217.2254404276286,
				"Power": -46.971351331177836
			}, {
				"Time": 3.2754987854311644e-7,
				"TimeDiff": 1.6583459205928485e-7,
				"PhiDegree": 152.60346024548298,
				"Power": -49.317052209887095
			}, {
				"Time": 2.2815196194652904e-7,
				"TimeDiff": 6.643667546269745e-8,
				"PhiDegree": 285.25407469602624,
				"Power": -55.801076075591205
			}]
	}
}