{
	"SensorDataCollection": {
		"SensorId": 0,
		"SensorDatas": [{
				"Time": 5.124879681915103e-7,
				"TimeDiff": 0.0,
				"PhiDegree": 37.642101594359836,
				"Power": -53.05775141534414
			}, {
				"Time": 5.553443805080735e-7,
				"TimeDiff": 4.285641231656322e-8,
				"PhiDegree": 148.7208618076399,
				"Power": -58.23798556713618
			}, {
				"Time": 4.968115378946109e-7,
				"TimeDiff": -1.5676430296899407e-8,
				"PhiDegree": 162.81194409340287,
				"Power": -60.978145579070315
			}]
	}
}