{
	"SensorDataCollection": {
		"SensorId": 0,
		"SensorDatas": [{
				"Time": 5.860037325906606e-7,
				"TimeDiff": 0.0,
				"PhiDegree": 59.55198834920305,
				"Power": -59.51882595164123
			}, {
				"Time": 6.016097349629851e-7,
				"TimeDiff": 1.5606002372324524e-8,
				"PhiDegree": 151.3616431595086,
				"Power": -61.71843967010736
			}]
	}
}