{
	"SensorDataCollection": {
		"SensorId": 0,
		"SensorDatas": [{
				"Time": 1.5074088768832513e-7,
				"TimeDiff": 0.0,
				"PhiDegree": 84.92045880231709,
				"Power": -40.68023859781179
			}, {
				"Time": 3.289002948107858e-7,
				"TimeDiff": 1.7815940712246068e-7,
				"PhiDegree": 222.1516855753719,
				"Power": -44.6874461318685
			}, {
				"Time": 2.86834307691948e-7,
				"TimeDiff": 1.3609342000362285e-7,
				"PhiDegree": 148.281073488592,
				"Power": -46.05431535279542
			}, {
				"Time": 2.4026648951240055e-7,
				"TimeDiff": 8.952560182407543e-8,
				"PhiDegree": 293.59454946309955,
				"Power": -54.437164606189924
			}]
	}
}