{
	"SensorDataCollection": {
		"SensorId": 0,
		"SensorDatas": [{
				"Time": 3.880659763399161e-7,
				"TimeDiff": 0.0,
				"PhiDegree": 157.16953735465756,
				"Power": -53.69127446599498
			}, {
				"Time": 3.1804263729820943e-7,
				"TimeDiff": -7.002333904170666e-8,
				"PhiDegree": 66.53924936162448,
				"Power": -57.03139187210287
			}, {
				"Time": 5.67052053525354e-7,
				"TimeDiff": 1.7898607718543796e-7,
				"PhiDegree": 337.1132933435487,
				"Power": -62.74381500684278
			}, {
				"Time": 3.8321526019319506e-7,
				"TimeDiff": -4.8507161467210325e-9,
				"PhiDegree": 289.3212645571993,
				"Power": -73.33522462774943
			}]
	}
}