{
	"SensorDataCollection": {
		"SensorId": 0,
		"SensorDatas": [{
				"Time": 1.5935739020964166e-7,
				"TimeDiff": 0.0,
				"PhiDegree": 70.46162150782162,
				"Power": -40.57047972106771
			}, {
				"Time": 3.596521078681345e-7,
				"TimeDiff": 2.0029471765849282e-7,
				"PhiDegree": 217.8689383099863,
				"Power": -46.589692619870114
			}, {
				"Time": 3.2163357230937427e-7,
				"TimeDiff": 1.622761820997326e-7,
				"PhiDegree": 152.0530345247698,
				"Power": -48.856433470956034
			}, {
				"Time": 2.264867803469569e-7,
				"TimeDiff": 6.712939013731524e-8,
				"PhiDegree": 283.62856958679004,
				"Power": -57.614440719828295
			}]
	}
}