{
	"SensorDataCollection": {
		"SensorId": 0,
		"SensorDatas": [{
				"Time": 3.819211694810115e-7,
				"TimeDiff": 0.0,
				"PhiDegree": 156.77852003718434,
				"Power": -53.275539056801406
			}, {
				"Time": 3.154416092935311e-7,
				"TimeDiff": -6.647956018748041e-8,
				"PhiDegree": 67.64589354971422,
				"Power": -58.399151031248174
			}, {
				"Time": 5.732079606962096e-7,
				"TimeDiff": 1.9128679121519806e-7,
				"PhiDegree": 337.3738677982476,
				"Power": -63.18002186414479
			}, {
				"Time": 3.8105934626909565e-7,
				"TimeDiff": -8.618232119158556e-10,
				"PhiDegree": 288.3743445808386,
				"Power": -75.51592918127164
			}]
	}
}