{
	"SensorDataCollection": {
		"SensorId": 0,
		"SensorDatas": [{
				"Time": 1.6431054552415755e-7,
				"TimeDiff": 0.0,
				"PhiDegree": 113.96248897457819,
				"Power": -41.43392810991944
			}, {
				"Time": 2.2258597410997809e-7,
				"TimeDiff": 5.8275428585820534e-8,
				"PhiDegree": 137.5795629035067,
				"Power": -44.144870007106164
			}, {
				"Time": 2.74674352148122e-7,
				"TimeDiff": 1.1036380662396444e-7,
				"PhiDegree": 233.2573326795641,
				"Power": -47.36522181939368
			}, {
				"Time": 2.299987809270931e-7,
				"TimeDiff": 6.568823540293554e-8,
				"PhiDegree": 253.13340536991552,
				"Power": -54.57723734101873
			}]
	}
}