{
	"SensorDataCollection": {
		"SensorId": 0,
		"SensorDatas": [{
				"Time": 5.814375939327419e-7,
				"TimeDiff": 0.0,
				"PhiDegree": 59.668821185913515,
				"Power": -59.56976951299356
			}, {
				"Time": 6.002975489550996e-7,
				"TimeDiff": 1.8859955022357693e-8,
				"PhiDegree": 150.9294966808672,
				"Power": -61.202660647491996
			}, {
				"Time": 5.457353028652979e-7,
				"TimeDiff": -3.570229106744403e-8,
				"PhiDegree": 164.03015989276642,
				"Power": -62.92521507570365
			}]
	}
}