{
	"SensorDataCollection": {
		"SensorId": 0,
		"SensorDatas": [{
				"Time": 3.4820468761518745e-7,
				"TimeDiff": 0.0,
				"PhiDegree": 56.89345673470378,
				"Power": -51.04654670407206
			}, {
				"Time": 5.123631310835846e-7,
				"TimeDiff": 1.6415844346839717e-7,
				"PhiDegree": 145.30026836055677,
				"Power": -54.76117315919787
			}, {
				"Time": 5.576047661633045e-7,
				"TimeDiff": 2.09400078548117e-7,
				"PhiDegree": 34.56188467685512,
				"Power": -55.591091336368635
			}, {
				"Time": 4.471977768345374e-7,
				"TimeDiff": 9.899308921934998e-8,
				"PhiDegree": 160.38154647173252,
				"Power": -58.0914298560395
			}]
	}
}