{
	"SensorDataCollection": {
		"SensorId": 0,
		"SensorDatas": [{
				"Time": 4.937525881120272e-7,
				"TimeDiff": 0.0,
				"PhiDegree": 39.840967251102015,
				"Power": -51.84580791326792
			}, {
				"Time": 5.799944881032987e-7,
				"TimeDiff": 8.62418999912715e-8,
				"PhiDegree": 149.80833559859545,
				"Power": -59.69078919612316
			}, {
				"Time": 5.699992339367723e-7,
				"TimeDiff": 7.624664582474509e-8,
				"PhiDegree": 61.69565512401003,
				"Power": -61.64605223454612
			}, {
				"Time": 5.233196726114792e-7,
				"TimeDiff": 2.9567084499451948e-8,
				"PhiDegree": 163.3265788593446,
				"Power": -61.89477973832271
			}]
	}
}