{
	"SensorDataCollection": {
		"SensorId": 0,
		"SensorDatas": [{
				"Time": 5.251230038778163e-7,
				"TimeDiff": 0.0,
				"PhiDegree": 37.04100538707675,
				"Power": -53.56879136761525
			}, {
				"Time": 5.457578351301727e-7,
				"TimeDiff": 2.0634831252356415e-8,
				"PhiDegree": 147.6939281789255,
				"Power": -57.15867217917716
			}, {
				"Time": 4.850994620878804e-7,
				"TimeDiff": -4.002354178993593e-8,
				"PhiDegree": 161.9695837802359,
				"Power": -60.04715831012456
			}]
	}
}