{
	"SensorDataCollection": {
		"SensorId": 0,
		"SensorDatas": [{
				"Time": 3.5189402048170015e-7,
				"TimeDiff": 0.0,
				"PhiDegree": 55.983261711755155,
				"Power": -50.672262617156036
			}, {
				"Time": 5.178634832621051e-7,
				"TimeDiff": 1.6596946278040492e-7,
				"PhiDegree": 145.72058194485948,
				"Power": -55.14774799129667
			}, {
				"Time": 5.52122203282502e-7,
				"TimeDiff": 2.002281828008019e-7,
				"PhiDegree": 34.95474677815298,
				"Power": -55.23829767002337
			}, {
				"Time": 4.534892069369886e-7,
				"TimeDiff": 1.0159518645528843e-7,
				"PhiDegree": 160.66463316131143,
				"Power": -58.425115695241445
			}]
	}
}