{
	"SensorDataCollection": {
		"SensorId": 0,
		"SensorDatas": [{
				"Time": 5.816796155028347e-7,
				"TimeDiff": 0.0,
				"PhiDegree": 149.5242568464227,
				"Power": -59.42559875980656
			}, {
				"Time": 5.670637234775007e-7,
				"TimeDiff": -1.4615892025333996e-8,
				"PhiDegree": 61.535801969998104,
				"Power": -61.410676483587025
			}, {
				"Time": 5.242867525430807e-7,
				"TimeDiff": -5.739286295975399e-8,
				"PhiDegree": 162.97726852999483,
				"Power": -61.593147245675056
			}]
	}
}