{
	"SensorDataCollection": {
		"SensorId": 0,
		"SensorDatas": [{
				"Time": 4.984523767803435e-7,
				"TimeDiff": 0.0,
				"PhiDegree": 39.889740560533724,
				"Power": -51.91201925135681
			}, {
				"Time": 5.788064248986676e-7,
				"TimeDiff": 8.035404811832412e-8,
				"PhiDegree": 149.35674093727155,
				"Power": -59.21449884189994
			}, {
				"Time": 5.210972090739124e-7,
				"TimeDiff": 2.2644832293568915e-8,
				"PhiDegree": 162.8698665669823,
				"Power": -61.44414161140969
			}, {
				"Time": 5.654810561912035e-7,
				"TimeDiff": 6.702867941086001e-8,
				"PhiDegree": 61.833010880130274,
				"Power": -61.7424998555571
			}]
	}
}