{
	"SensorDataCollection": {
		"SensorId": 0,
		"SensorDatas": [{
				"Time": 3.389178711896423e-7,
				"TimeDiff": 0.0,
				"PhiDegree": 60.511471443397866,
				"Power": -53.090592349372685
			}, {
				"Time": 4.953199016058201e-7,
				"TimeDiff": 1.5640203041617784e-7,
				"PhiDegree": 143.44458712661293,
				"Power": -53.32133400073967
			}, {
				"Time": 4.264589414321655e-7,
				"TimeDiff": 8.754107024252323e-8,
				"PhiDegree": 158.9055214370796,
				"Power": -56.63831762186203
			}, {
				"Time": 5.788273108080014e-7,
				"TimeDiff": 2.399094396183591e-7,
				"PhiDegree": 33.522249890226654,
				"Power": -56.676509823584524
			}]
	}
}