{
	"SensorDataCollection": {
		"SensorId": 0,
		"SensorDatas": [{
				"Time": 1.7968365164870176e-7,
				"TimeDiff": 0.0,
				"PhiDegree": 121.32869286780415,
				"Power": -42.2116493404054
			}, {
				"Time": 2.0615025358667198e-7,
				"TimeDiff": 2.6466601937970222e-8,
				"PhiDegree": 131.8810600495236,
				"Power": -43.51114609329487
			}, {
				"Time": 2.624237933365083e-7,
				"TimeDiff": 8.274014168780652e-8,
				"PhiDegree": 238.37006674018255,
				"Power": -49.434904896255105
			}, {
				"Time": 2.421869833931734e-7,
				"TimeDiff": 6.250333174447165e-8,
				"PhiDegree": 247.30909160555976,
				"Power": -50.71323305796463
			}]
	}
}