{
	"SensorDataCollection": {
		"SensorId": 0,
		"SensorDatas": [{
				"Time": 5.06173500812358e-7,
				"TimeDiff": 0.0,
				"PhiDegree": 39.16307391239903,
				"Power": -52.301227111284334
			}, {
				"Time": 5.702171365988564e-7,
				"TimeDiff": 6.40436357864984e-8,
				"PhiDegree": 148.8440849082771,
				"Power": -58.584555731798844
			}, {
				"Time": 5.115398387922908e-7,
				"TimeDiff": 5.366337979932789e-9,
				"PhiDegree": 162.53963008726663,
				"Power": -60.99295923830525
			}, {
				"Time": 5.608253723946902e-7,
				"TimeDiff": 5.4651871582332174e-8,
				"PhiDegree": 62.73458879891635,
				"Power": -62.800931544971064
			}]
	}
}