{
	"SensorDataCollection": {
		"SensorId": 0,
		"SensorDatas": [{
				"Time": 5.113650086162898e-7,
				"TimeDiff": 0.0,
				"PhiDegree": 38.690869646241964,
				"Power": -52.574734546019386
			}, {
				"Time": 5.645169482756064e-7,
				"TimeDiff": 5.315193965931659e-8,
				"PhiDegree": 148.49366555731132,
				"Power": -58.167737742690434
			}, {
				"Time": 5.051779970377248e-7,
				"TimeDiff": -6.1870115785650486e-9,
				"PhiDegree": 162.31253547018585,
				"Power": -60.688662957150854
			}]
	}
}