{
	"SensorDataCollection": {
		"SensorId": 0,
		"SensorDatas": [{
				"Time": 5.040729513006909e-7,
				"TimeDiff": 0.0,
				"PhiDegree": 38.869011556720395,
				"Power": -52.37849612281384
			}, {
				"Time": 5.684980334263969e-7,
				"TimeDiff": 6.442508212570604e-8,
				"PhiDegree": 149.1318634154633,
				"Power": -58.83640301113985
			}, {
				"Time": 5.105486142588764e-7,
				"TimeDiff": 6.475662958185563e-9,
				"PhiDegree": 162.89683054788344,
				"Power": -61.29053810569485
			}]
	}
}