{
	"SensorDataCollection": {
		"SensorId": 0,
		"SensorDatas": [{
				"Time": 3.4225208781843556e-7,
				"TimeDiff": 0.0,
				"PhiDegree": 59.538986468796686,
				"Power": -52.49319955742527
			}, {
				"Time": 5.00696200465072e-7,
				"TimeDiff": 1.5844411264663646e-7,
				"PhiDegree": 143.8994150409367,
				"Power": -53.67350702081495
			}, {
				"Time": 5.732758314088322e-7,
				"TimeDiff": 2.3102374359039661e-7,
				"PhiDegree": 33.890587229538035,
				"Power": -56.31406004356134
			}, {
				"Time": 4.3269170197821386e-7,
				"TimeDiff": 9.04396141597783e-8,
				"PhiDegree": 159.22355725282583,
				"Power": -56.97951018283257
			}]
	}
}