{
	"SensorDataCollection": {
		"SensorId": 0,
		"SensorDatas": [{
				"Time": 3.474337945345877e-7,
				"TimeDiff": 0.0,
				"PhiDegree": 58.11593578443405,
				"Power": -51.71909292265771
			}, {
				"Time": 5.08818241784122e-7,
				"TimeDiff": 1.6138444724953428e-7,
				"PhiDegree": 144.56356574834703,
				"Power": -54.21667123892493
			}, {
				"Time": 5.64994124969429e-7,
				"TimeDiff": 2.1756033043484123e-7,
				"PhiDegree": 34.45662597680529,
				"Power": -55.77887074564913
			}, {
				"Time": 4.420649578658426e-7,
				"TimeDiff": 9.463116333125487e-8,
				"PhiDegree": 159.6837723530201,
				"Power": -57.485666050984065
			}]
	}
}