{
	"SensorDataCollection": {
		"SensorId": 0,
		"SensorDatas": [{
				"Time": 1.763060733576649e-7,
				"TimeDiff": 0.0,
				"PhiDegree": 119.47588900324575,
				"Power": -42.046665433902206
			}, {
				"Time": 2.106638457729199e-7,
				"TimeDiff": 3.4357772415255006e-8,
				"PhiDegree": 133.23249759703498,
				"Power": -43.62921598059242
			}, {
				"Time": 2.6598416526385523e-7,
				"TimeDiff": 8.967809190619034e-8,
				"PhiDegree": 237.14601390642446,
				"Power": -48.84324759011031
			}, {
				"Time": 2.3969178491986657e-7,
				"TimeDiff": 6.338571156220167e-8,
				"PhiDegree": 248.78096325257846,
				"Power": -51.55086698683748
			}]
	}
}