{
	"SensorDataCollection": {
		"SensorId": 0,
		"SensorDatas": [{
				"Time": 5.80260620623666e-7,
				"TimeDiff": 0.0,
				"PhiDegree": 59.21806964616927,
				"Power": -59.09972716417501
			}, {
				"Time": 6.04836461012334e-7,
				"TimeDiff": 2.4575840388668026e-8,
				"PhiDegree": 150.80681503189533,
				"Power": -61.13005806019471
			}, {
				"Time": 5.498659549113479e-7,
				"TimeDiff": -3.039466571231805e-8,
				"PhiDegree": 163.7915573796713,
				"Power": -62.7607538571491
			}]
	}
}