{
	"SensorDataCollection": {
		"SensorId": 0,
		"SensorDatas": [{
				"Time": 5.192157628269515e-7,
				"TimeDiff": 0.0,
				"PhiDegree": 38.000346407102654,
				"Power": -53.00422465179983
			}, {
				"Time": 5.560072711589265e-7,
				"TimeDiff": 3.6791508331974994e-8,
				"PhiDegree": 147.95459844917167,
				"Power": -57.54797176486676
			}, {
				"Time": 4.956505920325729e-7,
				"TimeDiff": -2.3565170794378674e-8,
				"PhiDegree": 161.96097218003192,
				"Power": -60.22688582350442
			}]
	}
}