{
	"SensorDataCollection": {
		"SensorId": 0,
		"SensorDatas": [{
				"Time": 5.780962981008603e-7,
				"TimeDiff": 0.0,
				"PhiDegree": 60.2396959046478,
				"Power": -60.117134591456576
			}, {
				"Time": 5.944737920986271e-7,
				"TimeDiff": 1.6377493997766858e-8,
				"PhiDegree": 150.61698549963887,
				"Power": -60.7689684966132
			}, {
				"Time": 5.393226891241457e-7,
				"TimeDiff": -3.877360897671457e-8,
				"PhiDegree": 163.8351061118988,
				"Power": -62.634245727548475
			}]
	}
}