{
	"SensorDataCollection": {
		"SensorId": 0,
		"SensorDatas": [{
				"Time": 5.277901537732551e-7,
				"TimeDiff": 0.0,
				"PhiDegree": 36.82280920444991,
				"Power": -53.72763345348409
			}, {
				"Time": 5.429406167139832e-7,
				"TimeDiff": 1.5150462940728087e-8,
				"PhiDegree": 147.50574484248017,
				"Power": -56.952633758266415
			}, {
				"Time": 4.819277817160354e-7,
				"TimeDiff": -4.5862372057219766e-8,
				"PhiDegree": 161.84679975836667,
				"Power": -59.88838963178395
			}]
	}
}