{
	"SensorDataCollection": {
		"SensorId": 0,
		"SensorDatas": [{
				"Time": 3.4920770937098867e-7,
				"TimeDiff": 0.0,
				"PhiDegree": 57.65107649936544,
				"Power": -51.49117307136959
			}, {
				"Time": 5.115404596766677e-7,
				"TimeDiff": 1.6233275030567907e-7,
				"PhiDegree": 144.78025182223618,
				"Power": -54.4013949312386
			}, {
				"Time": 5.622460506018292e-7,
				"TimeDiff": 2.1303834123084048e-7,
				"PhiDegree": 34.64900418583007,
				"Power": -55.6029235930413
			}, {
				"Time": 4.451955364633168e-7,
				"TimeDiff": 9.598782709232813e-8,
				"PhiDegree": 159.83286739266896,
				"Power": -57.6528803060055
			}]
	}
}