{
	"SensorDataCollection": {
		"SensorId": 0,
		"SensorDatas": [{
				"Time": 5.304648810178448e-7,
				"TimeDiff": 0.0,
				"PhiDegree": 36.60681030724492,
				"Power": -53.888455479007334
			}, {
				"Time": 5.401293162794377e-7,
				"TimeDiff": 9.664435261592933e-9,
				"PhiDegree": 147.3156004991185,
				"Power": -56.74755916333545
			}, {
				"Time": 4.787583438609409e-7,
				"TimeDiff": -5.170653715690392e-8,
				"PhiDegree": 161.72238946883093,
				"Power": -59.72886554347039
			}]
	}
}