{
	"SensorDataCollection": {
		"SensorId": 0,
		"SensorDatas": [{
				"Time": 3.4639349795112324e-7,
				"TimeDiff": 0.0,
				"PhiDegree": 57.355766494984096,
				"Power": -51.25382465976
			}, {
				"Time": 5.09623462003957e-7,
				"TimeDiff": 1.6322996405283372e-7,
				"PhiDegree": 145.0867149973745,
				"Power": -54.57023049442202
			}, {
				"Time": 5.603557340883602e-7,
				"TimeDiff": 2.1396223613723692e-7,
				"PhiDegree": 34.36834101465575,
				"Power": -55.76948074351316
			}, {
				"Time": 4.440562425378983e-7,
				"TimeDiff": 9.766274458677508e-8,
				"PhiDegree": 160.23699679544504,
				"Power": -57.923413717662655
			}]
	}
}