{
	"SensorDataCollection": {
		"SensorId": 0,
		"SensorDatas": [{
				"Time": 3.528234526612828e-7,
				"TimeDiff": 0.0,
				"PhiDegree": 56.73553120035683,
				"Power": -51.07720722158531
			}, {
				"Time": 5.170064974242713e-7,
				"TimeDiff": 1.6418304476298855e-7,
				"PhiDegree": 145.20676322249133,
				"Power": -54.77591560369575
			}, {
				"Time": 5.5676919887594e-7,
				"TimeDiff": 2.0394574621465726e-7,
				"PhiDegree": 35.03944674300202,
				"Power": -55.25499978597736
			}, {
				"Time": 4.51465549272098e-7,
				"TimeDiff": 9.864209661081523e-8,
				"PhiDegree": 160.1248493763178,
				"Power": -57.98505280724345
			}]
	}
}