{
	"SensorDataCollection": {
		"SensorId": 0,
		"SensorDatas": [{
				"Time": 5.035908387776779e-7,
				"TimeDiff": 0.0,
				"PhiDegree": 39.40281885128841,
				"Power": -52.16858869894148
			}, {
				"Time": 5.7307510973145e-7,
				"TimeDiff": 6.948427095377206e-8,
				"PhiDegree": 149.01667723099294,
				"Power": -58.79394345978223
			}, {
				"Time": 5.147237173419905e-7,
				"TimeDiff": 1.1132878564312545e-8,
				"PhiDegree": 162.6510714021763,
				"Power": -61.14405133257465
			}, {
				"Time": 5.623617526377989e-7,
				"TimeDiff": 5.8770913860121e-8,
				"PhiDegree": 62.432406940730566,
				"Power": -62.43736939419371
			}]
	}
}