{
	"SensorDataCollection": {
		"SensorId": 0,
		"SensorDatas": [{
				"Time": 3.428398407112249e-7,
				"TimeDiff": 0.0,
				"PhiDegree": 58.29488656154448,
				"Power": -51.71126638255113
			}, {
				"Time": 5.041657088219909e-7,
				"TimeDiff": 1.6132586811076604e-7,
				"PhiDegree": 144.65266063328687,
				"Power": -54.193375171806096
			}, {
				"Time": 5.658765720065484e-7,
				"TimeDiff": 2.230367312953235e-7,
				"PhiDegree": 33.986909919062654,
				"Power": -56.129991221768506
			}, {
				"Time": 4.3778183546597594e-7,
				"TimeDiff": 9.494199475475105e-8,
				"PhiDegree": 159.9416784140539,
				"Power": -57.58502869838655
			}]
	}
}