{
	"SensorDataCollection": {
		"SensorId": 0,
		"SensorDatas": [{
				"Time": 5.297966771428882e-7,
				"TimeDiff": 0.0,
				"PhiDegree": 37.11166578058379,
				"Power": -53.60926777289056
			}, {
				"Time": 5.447403804924677e-7,
				"TimeDiff": 1.4943703349579483e-8,
				"PhiDegree": 147.20973817697097,
				"Power": -56.73353067420726
			}, {
				"Time": 4.829777489074651e-7,
				"TimeDiff": -4.681892823542314e-8,
				"PhiDegree": 161.4706719062298,
				"Power": -59.60109047516943
			}]
	}
}