{
	"SensorDataCollection": {
		"SensorId": 0,
		"SensorDatas": [{
				"Time": 4.988948251287715e-7,
				"TimeDiff": 0.0,
				"PhiDegree": 39.34996288579474,
				"Power": -52.10633261750404
			}, {
				"Time": 5.74236255743274e-7,
				"TimeDiff": 7.534143061450248e-8,
				"PhiDegree": 149.47348530274917,
				"Power": -59.26254298691326
			}, {
				"Time": 5.16930508794009e-7,
				"TimeDiff": 1.8035683665237474e-8,
				"PhiDegree": 163.11435899070202,
				"Power": -61.59408620961604
			}, {
				"Time": 5.668655130605103e-7,
				"TimeDiff": 6.797068793173878e-8,
				"PhiDegree": 62.28952376039577,
				"Power": -62.326519609861094
			}]
	}
}