{
	"SensorDataCollection": {
		"SensorId": 0,
		"SensorDatas": [{
				"Time": 5.405000384222314e-7,
				"TimeDiff": 0.0,
				"PhiDegree": 36.25798302739885,
				"Power": -54.24688047075435
			}, {
				"Time": 5.335694335095255e-7,
				"TimeDiff": -6.93060491270589e-9,
				"PhiDegree": 146.4335529175288,
				"Power": -55.9353675125399
			}, {
				"Time": 4.7034217775606714e-7,
				"TimeDiff": -7.015786066616426e-8,
				"PhiDegree": 160.95398860572413,
				"Power": -58.963587905301154
			}]
	}
}