{
	"SensorDataCollection": {
		"SensorId": 0,
		"SensorDatas": [{
				"Time": 5.493908016564228e-7,
				"TimeDiff": 0.0,
				"PhiDegree": 35.154113517637526,
				"Power": -55.06399939290591
			}, {
				"Time": 5.206239443495379e-7,
				"TimeDiff": -2.87668573068849e-8,
				"PhiDegree": 145.92740274379932,
				"Power": -55.343250360769346
			}, {
				"Time": 4.566389875405393e-7,
				"TimeDiff": -9.275181411588347e-8,
				"PhiDegree": 160.8032496068154,
				"Power": -58.59078865614853
			}]
	}
}