{
	"SensorDataCollection": {
		"SensorId": 0,
		"SensorDatas": [{
				"Time": 5.218491032103766e-7,
				"TimeDiff": 0.0,
				"PhiDegree": 37.77480114004177,
				"Power": -53.152174637741695
			}, {
				"Time": 5.531818735176973e-7,
				"TimeDiff": 3.13327703073207e-8,
				"PhiDegree": 147.77122985422716,
				"Power": -57.342999237153336
			}, {
				"Time": 4.924790442132473e-7,
				"TimeDiff": -2.9370058997129306e-8,
				"PhiDegree": 161.84076330570545,
				"Power": -60.071524621231376
			}]
	}
}