{
	"SensorDataCollection": {
		"SensorId": 0,
		"SensorDatas": [{
				"Time": 5.78560122574963e-7,
				"TimeDiff": 0.0,
				"PhiDegree": 59.501953037986695,
				"Power": -59.357219870811335
			}, {
				"Time": 6.019258394045054e-7,
				"TimeDiff": 2.3365716829542353e-8,
				"PhiDegree": 150.65190048316103,
				"Power": -60.91574432438725
			}, {
				"Time": 5.466627296089081e-7,
				"TimeDiff": -3.1897392966054977e-8,
				"PhiDegree": 163.69394081728012,
				"Power": -62.61714211446309
			}]
	}
}