{
	"SensorDataCollection": {
		"SensorId": 0,
		"SensorDatas": [{
				"Time": 5.874406943100361e-7,
				"TimeDiff": 0.0,
				"PhiDegree": 149.85436568538245,
				"Power": -59.849281508177484
			}, {
				"Time": 5.702744503264177e-7,
				"TimeDiff": -1.716624398361835e-8,
				"PhiDegree": 60.94637272556293,
				"Power": -60.777022828335106
			}, {
				"Time": 5.306712665408795e-7,
				"TimeDiff": -5.6769427769156616e-8,
				"PhiDegree": 163.1881974434103,
				"Power": -61.889098508738925
			}]
	}
}