{
	"SensorDataCollection": {
		"SensorId": 0,
		"SensorDatas": [{
				"Time": 3.4395562977028704e-7,
				"TimeDiff": 0.0,
				"PhiDegree": 59.05988317064984,
				"Power": -52.21952422896453
			}, {
				"Time": 5.033959920472716e-7,
				"TimeDiff": 1.5944036227698458e-7,
				"PhiDegree": 144.12317876564893,
				"Power": -53.85265270342566
			}, {
				"Time": 5.705091059571594e-7,
				"TimeDiff": 2.2655347618687234e-7,
				"PhiDegree": 34.07744018133458,
				"Power": -56.13448661871112
			}, {
				"Time": 4.358129743478281e-7,
				"TimeDiff": 9.185734457754108e-8,
				"PhiDegree": 159.37916148623387,
				"Power": -57.14898068834745
			}]
	}
}