{
	"SensorDataCollection": {
		"SensorId": 0,
		"SensorDatas": [{
				"Time": 5.768739111593583e-7,
				"TimeDiff": 0.0,
				"PhiDegree": 59.787503065247556,
				"Power": -59.62326376860392
			}, {
				"Time": 5.990196608381538e-7,
				"TimeDiff": 2.2145749678795483e-8,
				"PhiDegree": 150.49548162787246,
				"Power": -60.70173559917541
			}, {
				"Time": 5.434611098057528e-7,
				"TimeDiff": -3.3412801353605473e-8,
				"PhiDegree": 163.5951738145607,
				"Power": -62.472870066373176
			}]
	}
}