{
	"SensorDataCollection": {
		"SensorId": 0,
		"SensorDatas": [{
				"Time": 5.014794713736104e-7,
				"TimeDiff": 0.0,
				"PhiDegree": 39.10824568521514,
				"Power": -52.24100875762835
			}, {
				"Time": 5.713646055999576e-7,
				"TimeDiff": 6.988513422634724e-8,
				"PhiDegree": 149.3035320861227,
				"Power": -59.04919297663152
			}, {
				"Time": 5.137386359272326e-7,
				"TimeDiff": 1.225916455362218e-8,
				"PhiDegree": 163.00627032815166,
				"Power": -61.4426710459027
			}, {
				"Time": 5.653216792536766e-7,
				"TimeDiff": 6.38422078800662e-8,
				"PhiDegree": 62.58891095849047,
				"Power": -62.682483942843845
			}]
	}
}