{
	"SensorDataCollection": {
		"SensorId": 0,
		"SensorDatas": [{
				"Time": 5.412373119398207e-7,
				"TimeDiff": 0.0,
				"PhiDegree": 35.76425250480281,
				"Power": -54.55016860262364
			}, {
				"Time": 5.289451785968647e-7,
				"TimeDiff": -1.2292133342955932e-8,
				"PhiDegree": 146.53487617058383,
				"Power": -55.93788076072431
			}, {
				"Time": 4.661039320504036e-7,
				"TimeDiff": -7.513337988941709e-8,
				"PhiDegree": 161.2078472859998,
				"Power": -59.083151850233534
			}]
	}
}