{
	"SensorDataCollection": {
		"SensorId": 0,
		"SensorDatas": [{
				"Time": 1.7797159860166682e-7,
				"TimeDiff": 0.0,
				"PhiDegree": 120.41108126712535,
				"Power": -42.128413783447826
			}, {
				"Time": 2.083925581861563e-7,
				"TimeDiff": 3.042095958448949e-8,
				"PhiDegree": 132.5640963789347,
				"Power": -43.56483956844207
			}, {
				"Time": 2.641889069636418e-7,
				"TimeDiff": 8.621730836197497e-8,
				"PhiDegree": 237.75391637983134,
				"Power": -49.12665484692113
			}, {
				"Time": 2.409195097207905e-7,
				"TimeDiff": 6.294791111912368e-8,
				"PhiDegree": 248.041216497662,
				"Power": -51.11712680890898
			}]
	}
}