{
	"SensorDataCollection": {
		"SensorId": 0,
		"SensorDatas": [{
				"Time": 5.385333962186411e-7,
				"TimeDiff": 0.0,
				"PhiDegree": 35.971729049354565,
				"Power": -54.3821089734476
			}, {
				"Time": 5.317318605409666e-7,
				"TimeDiff": -6.801535677674577e-9,
				"PhiDegree": 146.73313393975178,
				"Power": -56.13860521146829
			}, {
				"Time": 4.6926393961856487e-7,
				"TimeDiff": -6.926945660007628e-8,
				"PhiDegree": 161.33908380703522,
				"Power": -59.24572886927041
			}]
	}
}