{
	"SensorDataCollection": {
		"SensorId": 0,
		"SensorDatas": [{
				"Time": 5.244904489406076e-7,
				"TimeDiff": 0.0,
				"PhiDegree": 37.551524144106395,
				"Power": -53.30238304019514
			}, {
				"Time": 5.503621999651211e-7,
				"TimeDiff": 2.587175102451351e-8,
				"PhiDegree": 147.58598043904837,
				"Power": -57.13890514197763
			}, {
				"Time": 4.893096922717675e-7,
				"TimeDiff": -3.5180756668840155e-8,
				"PhiDegree": 161.7189966581022,
				"Power": -59.91544034065254
			}]
	}
}