{
	"SensorDataCollection": {
		"SensorId": 0,
		"SensorDatas": [{
				"Time": 5.735448511893443e-7,
				"TimeDiff": 0.0,
				"PhiDegree": 60.36360433545809,
				"Power": -60.18180744794128
			}, {
				"Time": 5.932208939266784e-7,
				"TimeDiff": 1.9676042737334045e-8,
				"PhiDegree": 150.17805209554064,
				"Power": -60.27473762746787
			}, {
				"Time": 5.370628015342446e-7,
				"TimeDiff": -3.6482049655099716e-8,
				"PhiDegree": 163.39410860123556,
				"Power": -62.18232894357875
			}]
	}
}