{
	"SensorDataCollection": {
		"SensorId": 0,
		"SensorDatas": [{
				"Time": 5.224635473774899e-7,
				"TimeDiff": 0.0,
				"PhiDegree": 37.26142612851267,
				"Power": -53.41200159581311
			}, {
				"Time": 5.485808803532345e-7,
				"TimeDiff": 2.6117332975744614e-8,
				"PhiDegree": 147.88017669148962,
				"Power": -57.365628021656974
			}, {
				"Time": 4.882733412762856e-7,
				"TimeDiff": -3.419020610120421e-8,
				"PhiDegree": 162.09077210881716,
				"Power": -60.20517495127707
			}]
	}
}