{
	"SensorDataCollection": {
		"SensorId": 0,
		"SensorDatas": [{
				"Time": 5.087649352141082e-7,
				"TimeDiff": 0.0,
				"PhiDegree": 38.92576717331021,
				"Power": -52.43663990260539
			}, {
				"Time": 5.673643897031509e-7,
				"TimeDiff": 5.859945448904272e-8,
				"PhiDegree": 148.669755378436,
				"Power": -58.37580828070544
			}, {
				"Time": 5.083579196824544e-7,
				"TimeDiff": -4.070155316537419e-10,
				"PhiDegree": 162.42679327177436,
				"Power": -60.84116430394286
			}]
	}
}