{
	"SensorDataCollection": {
		"SensorId": 0,
		"SensorDatas": [{
				"Time": 5.066751292611136e-7,
				"TimeDiff": 0.0,
				"PhiDegree": 38.63223064869698,
				"Power": -52.518699896231
			}, {
				"Time": 5.656366164260504e-7,
				"TimeDiff": 5.896148716493673e-8,
				"PhiDegree": 148.95845631549116,
				"Power": -58.624207933421985
			}, {
				"Time": 5.073604787070915e-7,
				"TimeDiff": 6.853494459778332e-10,
				"PhiDegree": 162.78601497068394,
				"Power": -61.13768331495301
			}]
	}
}