{
	"SensorDataCollection": {
		"SensorId": 0,
		"SensorDatas": [{
				"Time": 1.7160202333994498e-7,
				"TimeDiff": 0.0,
				"PhiDegree": 116.56505117707799,
				"Power": -41.81152160149112
			}, {
				"Time": 2.1764247487772911e-7,
				"TimeDiff": 4.604045153778413e-8,
				"PhiDegree": 135.15279500843027,
				"Power": -43.879480087457324
			}, {
				"Time": 2.7154477922835524e-7,
				"TimeDiff": 9.994275588841026e-8,
				"PhiDegree": 235.37145846182557,
				"Power": -48.13042073381243
			}, {
				"Time": 2.36253200337342e-7,
				"TimeDiff": 6.465117699739701e-8,
				"PhiDegree": 251.04456233948173,
				"Power": -53.05315868257878
			}]
	}
}