{
	"SensorDataCollection": {
		"SensorId": 0,
		"SensorDatas": [{
				"Time": 5.903284390776375e-7,
				"TimeDiff": 0.0,
				"PhiDegree": 150.01700123310167,
				"Power": -60.061802708474204
			}, {
				"Time": 5.719022550514906e-7,
				"TimeDiff": -1.8426184026146863e-8,
				"PhiDegree": 60.654155399493085,
				"Power": -60.47472325740493
			}, {
				"Time": 5.338661721672239e-7,
				"TimeDiff": -5.6462266910413595e-8,
				"PhiDegree": 163.29176932268578,
				"Power": -62.03605187216354
			}]
	}
}