{
	"SensorDataCollection": {
		"SensorId": 0,
		"SensorDatas": [{
				"Time": 3.565274444293213e-7,
				"TimeDiff": 0.0,
				"PhiDegree": 55.83878417935248,
				"Power": -50.715719718659784
			}, {
				"Time": 5.513187151152557e-7,
				"TimeDiff": 1.947912706859344e-7,
				"PhiDegree": 35.43762813564812,
				"Power": -54.9127193320933
			}, {
				"Time": 5.225005840105719e-7,
				"TimeDiff": 1.6597313958125058e-7,
				"PhiDegree": 145.6243278353756,
				"Power": -55.156752181602
			}, {
				"Time": 4.5774696513688935e-7,
				"TimeDiff": 1.0121952070756803e-7,
				"PhiDegree": 160.40882514309845,
				"Power": -58.314221729869644
			}]
	}
}