{
	"SensorDataCollection": {
		"SensorId": 0,
		"SensorDatas": [{
				"Time": 5.165905502130452e-7,
				"TimeDiff": 0.0,
				"PhiDegree": 38.228187589100216,
				"Power": -52.85861280826474
			}, {
				"Time": 5.588383060685687e-7,
				"TimeDiff": 4.2247755855523506e-8,
				"PhiDegree": 148.13611102321426,
				"Power": -57.75377984470721
			}, {
				"Time": 4.988242938452688e-7,
				"TimeDiff": -1.7766256367776363e-8,
				"PhiDegree": 162.07965194596716,
				"Power": -60.38152709888959
			}]
	}
}