{
	"SensorDataCollection": {
		"SensorId": 0,
		"SensorDatas": [{
				"Time": 3.446050967751117e-7,
				"TimeDiff": 0.0,
				"PhiDegree": 57.82290544286965,
				"Power": -51.47521576584714
			}, {
				"Time": 5.068909491310406e-7,
				"TimeDiff": 1.622858523559289e-7,
				"PhiDegree": 144.87085619085906,
				"Power": -54.38094106312761
			}, {
				"Time": 5.631130335539404e-7,
				"TimeDiff": 2.1850793677882868e-7,
				"PhiDegree": 34.176690567806205,
				"Power": -55.949130442990665
			}, {
				"Time": 4.4091757486285965e-7,
				"TimeDiff": 9.631247808774794e-8,
				"PhiDegree": 160.09038822384207,
				"Power": -57.754613664577164
			}]
	}
}