{
	"SensorDataCollection": {
		"SensorId": 0,
		"SensorDatas": [{
				"Time": 5.458953891319248e-7,
				"TimeDiff": 0.0,
				"PhiDegree": 35.843741122140614,
				"Power": -54.57652356050056
			}, {
				"Time": 5.280218438887194e-7,
				"TimeDiff": -1.787354524320543e-8,
				"PhiDegree": 146.03318125981193,
				"Power": -55.54339546874316
			}, {
				"Time": 4.6403932098938217e-7,
				"TimeDiff": -8.185606814254262e-8,
				"PhiDegree": 160.68510614272566,
				"Power": -58.64039593764056
			}]
	}
}