{
	"SensorDataCollection": {
		"SensorId": 0,
		"SensorDatas": [{
				"Time": 5.845577294280002e-7,
				"TimeDiff": 0.0,
				"PhiDegree": 149.69012460747268,
				"Power": -59.63720341537609
			}, {
				"Time": 5.686615640362554e-7,
				"TimeDiff": -1.5896165391744786e-8,
				"PhiDegree": 61.240255355574995,
				"Power": -61.088930232335755
			}, {
				"Time": 5.274781159770166e-7,
				"TimeDiff": -5.707961345098364e-8,
				"PhiDegree": 163.0833712491247,
				"Power": -61.74146492912706
			}]
	}
}