{
	"SensorDataCollection": {
		"SensorId": 0,
		"SensorDatas": [{
				"Time": 5.171681889640193e-7,
				"TimeDiff": 0.0,
				"PhiDegree": 37.709051857579446,
				"Power": -53.104879531956925
			}, {
				"Time": 5.542440948898581e-7,
				"TimeDiff": 3.7075905925838755e-8,
				"PhiDegree": 148.2469721205644,
				"Power": -57.7821135821122
			}, {
				"Time": 4.946275267635802e-7,
				"TimeDiff": -2.2540662200439132e-8,
				"PhiDegree": 162.32848034234522,
				"Power": -60.51896613692031
			}]
	}
}