{
	"SensorDataCollection": {
		"SensorId": 0,
		"SensorDatas": [{
				"Time": 1.7013600861695128e-7,
				"TimeDiff": 0.0,
				"PhiDegree": 115.55996517182383,
				"Power": -41.736914547353486
			}, {
				"Time": 2.2002070334208965e-7,
				"TimeDiff": 4.988469472513837e-8,
				"PhiDegree": 135.76556948980922,
				"Power": -43.979843470593096
			}, {
				"Time": 2.734546217463165e-7,
				"TimeDiff": 1.033186131293652e-7,
				"PhiDegree": 234.7961818806954,
				"Power": -47.935039927711244
			}, {
				"Time": 2.351905220951315e-7,
				"TimeDiff": 6.505451347818022e-8,
				"PhiDegree": 251.81335926642754,
				"Power": -53.62958156623286
			}]
	}
}