{
	"SensorDataCollection": {
		"SensorId": 0,
		"SensorDatas": [{
				"Time": 5.886680704119443e-7,
				"TimeDiff": 0.0,
				"PhiDegree": 150.29830041604484,
				"Power": -60.33654877643096
			}, {
				"Time": 5.748130561646283e-7,
				"TimeDiff": -1.3855014247316003e-8,
				"PhiDegree": 60.817149994563444,
				"Power": -60.70032539029211
			}, {
				"Time": 5.32916476227279e-7,
				"TimeDiff": -5.575159418466527e-8,
				"PhiDegree": 163.63536046893975,
				"Power": -62.34054106126942
			}]
	}
}