{
	"SensorDataCollection": {
		"SensorId": 0,
		"SensorDatas": [{
				"Time": 5.764473579869605e-7,
				"TimeDiff": 0.0,
				"PhiDegree": 60.52760070910356,
				"Power": -60.404147339275426
			}, {
				"Time": 5.915686436330526e-7,
				"TimeDiff": 1.5121285646092057e-8,
				"PhiDegree": 150.45842485971244,
				"Power": -60.55258618960292
			}, {
				"Time": 5.361187682238215e-7,
				"TimeDiff": -4.0328589763139e-8,
				"PhiDegree": 163.73582999237314,
				"Power": -62.48773747923677
			}]
	}
}