{
	"SensorDataCollection": {
		"SensorId": 0,
		"SensorDatas": [{
				"Time": 4.846640493366669e-7,
				"TimeDiff": 0.0,
				"PhiDegree": 142.50480862019825,
				"Power": -52.643815930347955
			}, {
				"Time": 3.3255102354727005e-7,
				"TimeDiff": -1.5211302578939687e-7,
				"PhiDegree": 62.51349064228526,
				"Power": -54.5050932334518
			}, {
				"Time": 5.90000004844092e-7,
				"TimeDiff": 1.053359555074251e-7,
				"PhiDegree": 32.80644334369385,
				"Power": -57.413424747382294
			}, {
				"Time": 5.439129543963058e-7,
				"TimeDiff": 5.9248905059638904e-8,
				"PhiDegree": 335.7996826350717,
				"Power": -60.797742306963286
			}]
	}
}