{
	"SensorDataCollection": {
		"SensorId": 0,
		"SensorDatas": [{
				"Time": 1.6736509349452175e-7,
				"TimeDiff": 0.0,
				"PhiDegree": 113.49856567595211,
				"Power": -41.59411910353295
			}, {
				"Time": 2.2485025021216144e-7,
				"TimeDiff": 5.748515671763969e-8,
				"PhiDegree": 136.95189453587872,
				"Power": -44.20260651563359
			}, {
				"Time": 2.773552870881404e-7,
				"TimeDiff": 1.0999019359361864e-7,
				"PhiDegree": 233.66967880336085,
				"Power": -47.601784623744635
			}, {
				"Time": 2.3319389952505888e-7,
				"TimeDiff": 6.582880603053714e-8,
				"PhiDegree": 253.3712702303127,
				"Power": -54.91503551581499
			}]
	}
}