{
	"SensorDataCollection": {
		"SensorId": 0,
		"SensorDatas": [{
				"Time": 5.145325294651128e-7,
				"TimeDiff": 0.0,
				"PhiDegree": 37.936312863532386,
				"Power": -52.95470323821954
			}, {
				"Time": 5.570840901230883e-7,
				"TimeDiff": 4.255156065797547e-8,
				"PhiDegree": 148.4275695579536,
				"Power": -57.991557583369826
			}, {
				"Time": 4.978077510246775e-7,
				"TimeDiff": -1.6724778440435296e-8,
				"PhiDegree": 162.44505781659333,
				"Power": -60.67474792697416
			}]
	}
}