{
	"SensorDataCollection": {
		"SensorId": 0,
		"SensorDatas": [{
				"Time": 3.456829837296249e-7,
				"TimeDiff": 0.0,
				"PhiDegree": 58.58553507124871,
				"Power": -51.961687148959896
			}, {
				"Time": 5.061033795711097e-7,
				"TimeDiff": 1.6042039584148484e-7,
				"PhiDegree": 144.34455179976516,
				"Power": -54.03373269835697
			}, {
				"Time": 5.677485072085453e-7,
				"TimeDiff": 2.220655234789204e-7,
				"PhiDegree": 34.266112249419955,
				"Power": -55.95607453540069
			}, {
				"Time": 4.3893741537255916e-7,
				"TimeDiff": 9.325443164293427e-8,
				"PhiDegree": 159.53255159582974,
				"Power": -57.317699466227026
			}]
	}
}