{
	"SensorDataCollection": {
		"SensorId": 0,
		"SensorDatas": [{
				"Time": 5.752021120211388e-7,
				"TimeDiff": 0.0,
				"PhiDegree": 60.07472013787181,
				"Power": -59.898057972821334
			}, {
				"Time": 5.961179902950756e-7,
				"TimeDiff": 2.091587827393679e-8,
				"PhiDegree": 150.33753881354525,
				"Power": -60.488057788499475
			}, {
				"Time": 5.402611240447379e-7,
				"TimeDiff": -3.4940987976400925e-8,
				"PhiDegree": 163.49523651103033,
				"Power": -62.32793367976063
			}]
	}
}