{
	"SensorDataCollection": {
		"SensorId": 0,
		"SensorDatas": [{
				"Time": 3.4057271519666134e-7,
				"TimeDiff": 0.0,
				"PhiDegree": 60.02284882073354,
				"Power": -52.78333728670823
			}, {
				"Time": 4.980041283624133e-7,
				"TimeDiff": 1.5743141316575195e-7,
				"PhiDegree": 143.67322862599653,
				"Power": -53.49637386911354
			}, {
				"Time": 5.76048595285053e-7,
				"TimeDiff": 2.3547588008839167e-7,
				"PhiDegree": 33.705531128836235,
				"Power": -56.494749208611694
			}, {
				"Time": 4.295736673338474e-7,
				"TimeDiff": 8.900095213718607e-8,
				"PhiDegree": 159.06569295298942,
				"Power": -56.80928876494997
			}]
	}
}