{
	"SensorDataCollection": {
		"SensorId": 0,
		"SensorDatas": [{
				"Time": 1.7468840674672294e-7,
				"TimeDiff": 0.0,
				"PhiDegree": 118.52311860631204,
				"Power": -41.96652054552773
			}, {
				"Time": 2.129631890239422e-7,
				"TimeDiff": 3.8274782277219266e-8,
				"PhiDegree": 133.88655291151952,
				"Power": -43.703556315317215
			}, {
				"Time": 2.678089620130749e-7,
				"TimeDiff": 9.312055526635198e-8,
				"PhiDegree": 236.54632893744304,
				"Power": -48.583483757996376
			}, {
				"Time": 2.385044228247807e-7,
				"TimeDiff": 6.381601607805774e-8,
				"PhiDegree": 249.52820107815174,
				"Power": -52.01653483086214
			}]
	}
}