{
	"SensorDataCollection": {
		"SensorId": 0,
		"SensorDatas": [{
				"Time": 8.578479066374569e-8,
				"TimeDiff": 0.0,
				"PhiDegree": 346.5042667192041,
				"Power": -35.75665613229585
			}, {
				"Time": 9.722066591228423e-8,
				"TimeDiff": 1.1435875248538545e-8,
				"PhiDegree": 329.0935736264131,
				"Power": -39.07219155343236
			}]
	}
}