{
	"SensorDataCollection": {
		"SensorId": 0,
		"SensorDatas": [{
				"Time": 1.6872324912944365e-7,
				"TimeDiff": 0.0,
				"PhiDegree": 114.53772847657777,
				"Power": -41.66440421190141
			}, {
				"Time": 2.2242355828989284e-7,
				"TimeDiff": 5.370030916044918e-8,
				"PhiDegree": 136.36517165229372,
				"Power": -44.08772498968975
			}, {
				"Time": 2.7539164754511083e-7,
				"TimeDiff": 1.0666839841566718e-7,
				"PhiDegree": 234.2289414404226,
				"Power": -47.75913066668731
			}, {
				"Time": 2.341705682874548e-7,
				"TimeDiff": 6.544731915801115e-8,
				"PhiDegree": 252.58899402322993,
				"Power": -54.24897130207067
			}]
	}
}