{
	"SensorDataCollection": {
		"SensorId": 0,
		"SensorDatas": [{
				"Time": 5.139735899108095e-7,
				"TimeDiff": 0.0,
				"PhiDegree": 38.45835260502472,
				"Power": -52.71542123670916
			}, {
				"Time": 5.61674893005307e-7,
				"TimeDiff": 4.770130309449748e-8,
				"PhiDegree": 148.31579202523446,
				"Power": -57.96038192525867
			}, {
				"Time": 5.020001087979633e-7,
				"TimeDiff": -1.1973481112846277e-8,
				"PhiDegree": 162.19683059624984,
				"Power": -60.53545169675441
			}]
	}
}