{
	"SensorDataCollection": {
		"SensorId": 0,
		"SensorDatas": [{
				"Time": 5.439482541417392e-7,
				"TimeDiff": 0.0,
				"PhiDegree": 35.55884134209579,
				"Power": -54.71987694707792
			}, {
				"Time": 5.261648969309192e-7,
				"TimeDiff": -1.778335721081998e-8,
				"PhiDegree": 146.33452077333774,
				"Power": -55.73837570362997
			}, {
				"Time": 4.629464032415665e-7,
				"TimeDiff": -8.100185090017271e-8,
				"PhiDegree": 161.0748198600787,
				"Power": -58.91980446987378
			}]
	}
}