{
	"SensorDataCollection": {
		"SensorId": 0,
		"SensorDatas": [{
				"Time": 3.3938020383451963e-7,
				"TimeDiff": 0.0,
				"PhiDegree": 59.25341534275485,
				"Power": -52.2296601847154
			}, {
				"Time": 4.987375224492755e-7,
				"TimeDiff": 1.593573186147559e-7,
				"PhiDegree": 144.2091319811542,
				"Power": -53.823706783648774
			}, {
				"Time": 5.714220035891497e-7,
				"TimeDiff": 2.3204179975463004e-7,
				"PhiDegree": 33.6128657981245,
				"Power": -56.49515627712222
			}, {
				"Time": 4.315193967955783e-7,
				"TimeDiff": 9.213919296105868e-8,
				"PhiDegree": 159.63778012814572,
				"Power": -57.24350147122216
			}]
	}
}