{
	"SensorDataCollection": {
		"SensorId": 0,
		"SensorDatas": [{
				"Time": 3.5003831202671287e-7,
				"TimeDiff": 0.0,
				"PhiDegree": 56.435960930679,
				"Power": -50.852859383326376
			}, {
				"Time": 5.151098421866885e-7,
				"TimeDiff": 1.650715301599756e-7,
				"PhiDegree": 145.51154717919937,
				"Power": -54.953700970936936
			}, {
				"Time": 5.548602239531202e-7,
				"TimeDiff": 2.0482191192640735e-7,
				"PhiDegree": 34.75734526374506,
				"Power": -55.414012909303906
			}, {
				"Time": 4.5034211776112316e-7,
				"TimeDiff": 1.0030380573441029e-7,
				"PhiDegree": 160.5240785194651,
				"Power": -58.25866334407738
			}]
	}
}