{
	"SensorDataCollection": {
		"SensorId": 0,
		"SensorDatas": [{
				"Time": 5.198119023549045e-7,
				"TimeDiff": 0.0,
				"PhiDegree": 37.48409899767859,
				"Power": -53.25733870665259
			}, {
				"Time": 5.51409662888883e-7,
				"TimeDiff": 3.159776053397843e-8,
				"PhiDegree": 148.06451619114554,
				"Power": -57.57345633617173
			}, {
				"Time": 4.914493766800501e-7,
				"TimeDiff": -2.8362525674854467e-8,
				"PhiDegree": 162.21039458606558,
				"Power": -60.362443034393294
			}]
	}
}