{
	"SensorDataCollection": {
		"SensorId": 0,
		"SensorDatas": [{
				"Time": 5.271396796801686e-7,
				"TimeDiff": 0.0,
				"PhiDegree": 37.330488053108276,
				"Power": -53.454772463785474
			}, {
				"Time": 5.475483389320899e-7,
				"TimeDiff": 2.0408659251921377e-8,
				"PhiDegree": 147.39882505026694,
				"Power": -56.93573373156076
			}, {
				"Time": 4.861425791554723e-7,
				"TimeDiff": -4.0997100524696225e-8,
				"PhiDegree": 161.59564288086813,
				"Power": -59.75862993597917
			}]
	}
}