{
	"SensorDataCollection": {
		"SensorId": 0,
		"SensorDatas": [{
				"Time": 3.546645887484304e-7,
				"TimeDiff": 0.0,
				"PhiDegree": 56.28481638641729,
				"Power": -50.89014442784199
			}, {
				"Time": 5.197500900987691e-7,
				"TimeDiff": 1.650855013503387e-7,
				"PhiDegree": 145.41664900688627,
				"Power": -54.96557698534329
			}, {
				"Time": 5.540406122742031e-7,
				"TimeDiff": 1.9937602352577273e-7,
				"PhiDegree": 35.23755814430632,
				"Power": -55.08312716314798
			}, {
				"Time": 4.546048613447974e-7,
				"TimeDiff": 9.994027259636701e-8,
				"PhiDegree": 160.26781820393722,
				"Power": -58.15001225203818
			}]
	}
}