{
	"SensorDataCollection": {
		"SensorId": 0,
		"SensorDatas": [{
				"Time": 5.828809228073097e-7,
				"TimeDiff": 0.0,
				"PhiDegree": 149.97327696449614,
				"Power": -59.9056210344732
			}, {
				"Time": 5.715888685204605e-7,
				"TimeDiff": -1.1292054286849273e-8,
				"PhiDegree": 61.401178514897715,
				"Power": -61.32105100203614
			}, {
				"Time": 5.265168978149507e-7,
				"TimeDiff": -5.6364024992359074e-8,
				"PhiDegree": 163.43075664996948,
				"Power": -62.04406647178428
			}]
	}
}