{
	"SensorDataCollection": {
		"SensorId": 0,
		"SensorDatas": [{
				"Time": 5.119050482600807e-7,
				"TimeDiff": 0.0,
				"PhiDegree": 38.165910461055795,
				"Power": -52.806891400450496
			}, {
				"Time": 5.599295639374698e-7,
				"TimeDiff": 4.802451567738908e-8,
				"PhiDegree": 148.6063332209624,
				"Power": -58.201747485386505
			}, {
				"Time": 5.009900099634554e-7,
				"TimeDiff": -1.0915038296625321e-8,
				"PhiDegree": 162.5601547758397,
				"Power": -60.82979215613477
			}]
	}
}