{
	"SensorDataCollection": {
		"SensorId": 0,
		"SensorDatas": [{
				"Time": 5.358366133483883e-7,
				"TimeDiff": 0.0,
				"PhiDegree": 36.18129675980655,
				"Power": -54.21576042335366
			}, {
				"Time": 5.345248426619585e-7,
				"TimeDiff": -1.311770686429801e-9,
				"PhiDegree": 146.92932217723833,
				"Power": -56.340494630291786
			}, {
				"Time": 4.7242637620561543e-7,
				"TimeDiff": -6.341023714277288e-8,
				"PhiDegree": 161.46856399726602,
				"Power": -59.407538229376826
			}]
	}
}