{
	"SensorDataCollection": {
		"SensorId": 0,
		"SensorDatas": [{
				"Time": 5.092858719280248e-7,
				"TimeDiff": 0.0,
				"PhiDegree": 38.39787338339946,
				"Power": -52.66152807853942
			}, {
				"Time": 5.627804332322557e-7,
				"TimeDiff": 5.34945613042309e-8,
				"PhiDegree": 148.78328747064754,
				"Power": -58.41264371362672
			}, {
				"Time": 5.041742650523367e-7,
				"TimeDiff": -5.111606875688098e-9,
				"PhiDegree": 162.67379833410257,
				"Power": -60.984102652639436
			}]
	}
}