{
	"SensorDataCollection": {
		"SensorId": 0,
		"SensorDatas": [{
				"Time": 5.351335091480912e-7,
				"TimeDiff": 0.0,
				"PhiDegree": 36.680555754084786,
				"Power": -53.924286395340914
			}, {
				"Time": 5.39142540101862e-7,
				"TimeDiff": 4.009030953770768e-9,
				"PhiDegree": 146.8256661250387,
				"Power": -56.332219648586914
			}, {
				"Time": 4.766551188733125e-7,
				"TimeDiff": -5.847839027477867e-8,
				"PhiDegree": 161.2157544122644,
				"Power": -59.28381327768035
			}]
	}
}