{
	"SensorDataCollection": {
		"SensorId": 0,
		"SensorDatas": [{
				"Time": 5.43194164666275e-7,
				"TimeDiff": 0.0,
				"PhiDegree": 36.049833448343264,
				"Power": -54.41085259388947
			}, {
				"Time": 5.307923989868235e-7,
				"TimeDiff": -1.240176567945153e-8,
				"PhiDegree": 146.23441321006274,
				"Power": -55.738744102015715
			}, {
				"Time": 4.6718946330459014e-7,
				"TimeDiff": -7.600470136168487e-8,
				"PhiDegree": 160.8204542472547,
				"Power": -58.802363793144565
			}]
	}
}