{
	"SensorDataCollection": {
		"SensorId": 0,
		"SensorDatas": [{
				"Time": 1.792183500864986e-7,
				"TimeDiff": 0.0,
				"PhiDegree": 118.9509952074668,
				"Power": -42.189106621891604
			}, {
				"Time": 2.1310711255320655e-7,
				"TimeDiff": 3.388876246670796e-8,
				"PhiDegree": 132.61801713165298,
				"Power": -43.75639924507381
			}, {
				"Time": 2.6879322549835375e-7,
				"TimeDiff": 8.957487541185516e-8,
				"PhiDegree": 237.5318624716204,
				"Power": -49.149513458559966
			}, {
				"Time": 2.4280521753201796e-7,
				"TimeDiff": 6.358686744551936e-8,
				"PhiDegree": 249.0659375809471,
				"Power": -51.85386154601753
			}]
	}
}