{
	"SensorDataCollection": {
		"SensorId": 0,
		"SensorDatas": [{
				"Time": 3.400110374013403e-7,
				"TimeDiff": 0.0,
				"PhiDegree": 62.53370958633137,
				"Power": -54.71498813853901
			}, {
				"Time": 5.90857692796703e-7,
				"TimeDiff": 2.508466553953627e-7,
				"PhiDegree": 33.52566681427682,
				"Power": -56.85255511778172
			}, {
				"Time": 5.550370996848531e-7,
				"TimeDiff": 2.1502606228351283e-7,
				"PhiDegree": 335.50627402650497,
				"Power": -66.68895520625587
			}]
	}
}