{
	"SensorDataCollection": {
		"SensorId": 0,
		"SensorDatas": [{
				"Time": 3.602345170851393e-7,
				"TimeDiff": 0.0,
				"PhiDegree": 56.873969629216745,
				"Power": -51.33115287827245
			}, {
				"Time": 5.235667034343846e-7,
				"TimeDiff": 1.633321863492453e-7,
				"PhiDegree": 144.81539640804925,
				"Power": -54.625995139069715
			}, {
				"Time": 5.579175068926471e-7,
				"TimeDiff": 1.976829898075078e-7,
				"PhiDegree": 35.797312167083106,
				"Power": -54.793763432398165
			}, {
				"Time": 4.569011023439581e-7,
				"TimeDiff": 9.666658525881878e-8,
				"PhiDegree": 159.4800961788757,
				"Power": -57.629483426072994
			}]
	}
}