{
	"SensorDataCollection": {
		"SensorId": 0,
		"SensorDatas": [{
				"Time": 5.338496638191119e-7,
				"TimeDiff": 0.0,
				"PhiDegree": 37.682828586519314,
				"Power": -53.39305572775467
			}, {
				"Time": 5.483830950408198e-7,
				"TimeDiff": 1.4533431221707873e-8,
				"PhiDegree": 146.62359272002678,
				"Power": -56.32038023717776
			}, {
				"Time": 4.851397152414178e-7,
				"TimeDiff": -4.8709948577694086e-8,
				"PhiDegree": 160.72338079353838,
				"Power": -59.05571981755713
			}]
	}
}