{
	"SensorDataCollection": {
		"SensorId": 0,
		"SensorDatas": [{
				"Time": 5.238996331054913e-7,
				"TimeDiff": 0.0,
				"PhiDegree": 38.06323505755933,
				"Power": -53.05384083241796
			}, {
				"Time": 5.549684859564662e-7,
				"TimeDiff": 3.1068852850974924e-8,
				"PhiDegree": 147.47982427853478,
				"Power": -57.12098042787977
			}, {
				"Time": 4.935291222350733e-7,
				"TimeDiff": -3.037051087041796e-8,
				"PhiDegree": 161.47268968339486,
				"Power": -59.790424104411386
			}]
	}
}