{
	"SensorDataCollection": {
		"SensorId": 0,
		"SensorDatas": [{
				"Time": 1.854164287074196e-7,
				"TimeDiff": 0.0,
				"PhiDegree": 120.25643716352924,
				"Power": -42.48467948401918
			}, {
				"Time": 2.1116572737698413e-7,
				"TimeDiff": 2.5749298669564533e-8,
				"PhiDegree": 130.67219307389382,
				"Power": -43.815746938474135
			}, {
				"Time": 2.681286211307273e-7,
				"TimeDiff": 8.27121924233077e-8,
				"PhiDegree": 239.11792543252022,
				"Power": -50.09363919280382
			}, {
				"Time": 2.4835709187665233e-7,
				"TimeDiff": 6.294066316923274e-8,
				"PhiDegree": 247.90298733839776,
				"Power": -51.29458738943029
			}]
	}
}