{
	"SensorDataCollection": {
		"SensorId": 0,
		"SensorDatas": [{
				"Time": 5.862487307024908e-7,
				"TimeDiff": 0.0,
				"PhiDegree": 149.40859888158735,
				"Power": -59.377257647181935
			}, {
				"Time": 5.657387918136471e-7,
				"TimeDiff": -2.0509938888843767e-8,
				"PhiDegree": 61.07766815031177,
				"Power": -60.85705652952227
			}, {
				"Time": 5.284586533869906e-7,
				"TimeDiff": -5.7790077315500296e-8,
				"PhiDegree": 162.73726228826905,
				"Power": -61.44851851137243
			}]
	}
}