{
	"SensorDataCollection": {
		"SensorId": 0,
		"SensorDatas": [{
				"Time": 3.5744482892938323e-7,
				"TimeDiff": 0.0,
				"PhiDegree": 56.581688136057835,
				"Power": -51.10981543625837
			}, {
				"Time": 5.216512162105456e-7,
				"TimeDiff": 1.6420638728116235e-7,
				"PhiDegree": 145.1149229601239,
				"Power": -54.7917280025744
			}, {
				"Time": 5.559724265606777e-7,
				"TimeDiff": 1.9852759763129443e-7,
				"PhiDegree": 35.51841096790449,
				"Power": -54.93500370180389
			}, {
				"Time": 4.557422138262496e-7,
				"TimeDiff": 9.829738489686634e-8,
				"PhiDegree": 159.87296497184155,
				"Power": -57.88492661496471
			}]
	}
}