{
	"SensorDataCollection": {
		"SensorId": 0,
		"SensorDatas": [{
				"Time": 3.434670428915836e-7,
				"TimeDiff": 0.0,
				"PhiDegree": 60.30096017718855,
				"Power": -53.054132525083986
			}, {
				"Time": 4.999879469369935e-7,
				"TimeDiff": 1.5652090404540994e-7,
				"PhiDegree": 143.3651780556109,
				"Power": -53.35916932372544
			}, {
				"Time": 5.779068464523302e-7,
				"TimeDiff": 2.3443980356074656e-7,
				"PhiDegree": 33.98073050374931,
				"Power": -56.317262799142426
			}, {
				"Time": 4.3077711310093933e-7,
				"TimeDiff": 8.731007020935573e-8,
				"PhiDegree": 158.6511916326081,
				"Power": -56.557181611623065
			}]
	}
}