{
	"SensorDataCollection": {
		"SensorId": 0,
		"SensorDatas": [{
				"Time": 5.318165643887374e-7,
				"TimeDiff": 0.0,
				"PhiDegree": 37.39833539037533,
				"Power": -53.49779813427651
			}, {
				"Time": 5.465545877177698e-7,
				"TimeDiff": 1.4738023329032397e-8,
				"PhiDegree": 146.91568880713464,
				"Power": -56.52284594292691
			}, {
				"Time": 4.840484391511359e-7,
				"TimeDiff": -4.7768125237601515e-8,
				"PhiDegree": 161.09619192576184,
				"Power": -59.323657036095625
			}]
	}
}