{
	"SensorDataCollection": {
		"SensorId": 0,
		"SensorDatas": [{
				"Time": 3.5203104905731777e-7,
				"TimeDiff": 0.0,
				"PhiDegree": 57.94165726285648,
				"Power": -51.729915967032554
			}, {
				"Time": 5.134719827823902e-7,
				"TimeDiff": 1.6144093372507242e-7,
				"PhiDegree": 144.47608563906346,
				"Power": -54.24083478849923
			}, {
				"Time": 5.641497677602541e-7,
				"TimeDiff": 2.1211871870293637e-7,
				"PhiDegree": 34.92777981930752,
				"Power": -55.443450540782706
			}, {
				"Time": 4.4635686529030666e-7,
				"TimeDiff": 9.43258162329889e-8,
				"PhiDegree": 159.43082099717023,
				"Power": -57.39241809876603
			}]
	}
}