{
	"SensorDataCollection": {
		"SensorId": 0,
		"SensorDatas": [{
				"Time": 5.833789594318502e-7,
				"TimeDiff": 0.0,
				"PhiDegree": 149.24182618968837,
				"Power": -59.16887930448975
			}, {
				"Time": 5.641326729013062e-7,
				"TimeDiff": -1.9246286530544e-8,
				"PhiDegree": 61.374286457464706,
				"Power": -61.17550210750406
			}, {
				"Time": 5.252732473647387e-7,
				"TimeDiff": -5.810571206711158e-8,
				"PhiDegree": 162.62925735732512,
				"Power": -61.301183867192776
			}]
	}
}