{
	"SensorDataCollection": {
		"SensorId": 0,
		"SensorDatas": [{
				"Time": 1.7176414148979049e-7,
				"TimeDiff": 0.0,
				"PhiDegree": 114.07549825507884,
				"Power": -41.81973262714153
			}, {
				"Time": 2.247390148311276e-7,
				"TimeDiff": 5.2974873341337124e-8,
				"PhiDegree": 135.74949571827477,
				"Power": -44.16388392171899
			}, {
				"Time": 2.781057019198088e-7,
				"TimeDiff": 1.0634156043001833e-7,
				"PhiDegree": 234.63077479217037,
				"Power": -48.01078372875729
			}, {
				"Time": 2.373564344077669e-7,
				"TimeDiff": 6.559229291797643e-8,
				"PhiDegree": 252.83000067028786,
				"Power": -54.5783486285159
			}]
	}
}