{
	"SensorDataCollection": {
		"SensorId": 0,
		"SensorDatas": [{
				"Time": 5.444733565405809e-7,
				"TimeDiff": 0.0,
				"PhiDegree": 36.824252041230004,
				"Power": -53.99717029052634
			}, {
				"Time": 5.372878903931729e-7,
				"TimeDiff": -7.1854661474079965e-9,
				"PhiDegree": 145.84057885259338,
				"Power": -55.55383851878406
			}, {
				"Time": 4.725619552409203e-7,
				"TimeDiff": -7.191140129966063e-8,
				"PhiDegree": 160.1891564153507,
				"Power": -58.42872930335507
			}]
	}
}