{
	"SensorDataCollection": {
		"SensorId": 0,
		"SensorDatas": [{
				"Time": 1.8214518623230186e-7,
				"TimeDiff": 0.0,
				"PhiDegree": 118.44292862436335,
				"Power": -42.32993834750485
			}, {
				"Time": 2.1557433353866177e-7,
				"TimeDiff": 3.342914730635991e-8,
				"PhiDegree": 132.01753420728878,
				"Power": -43.89056558731373
			}, {
				"Time": 2.7161422335999366e-7,
				"TimeDiff": 8.94690371276918e-8,
				"PhiDegree": 237.9097129959274,
				"Power": -49.45819902188944
			}, {
				"Time": 2.45924504509848e-7,
				"TimeDiff": 6.377931827754611e-8,
				"PhiDegree": 249.34368945225742,
				"Power": -52.15450954517107
			}]
	}
}