{
	"SensorDataCollection": {
		"SensorId": 0,
		"SensorDatas": [{
				"Time": 1.8254205042877236e-7,
				"TimeDiff": 0.0,
				"PhiDegree": 120.78414652632647,
				"Power": -42.34885936822202
			}, {
				"Time": 2.086463816095971e-7,
				"TimeDiff": 2.6104331180824742e-8,
				"PhiDegree": 131.2693619638947,
				"Power": -43.66023395449761
			}, {
				"Time": 2.652705585092726e-7,
				"TimeDiff": 8.272850808050023e-8,
				"PhiDegree": 238.74801686309678,
				"Power": -49.763365794076776
			}, {
				"Time": 2.452687440906082e-7,
				"TimeDiff": 6.272669366183584e-8,
				"PhiDegree": 247.60977454298327,
				"Power": -51.00488229164479
			}]
	}
}