{
	"SensorDataCollection": {
		"SensorId": 0,
		"SensorDatas": [{
				"Time": 5.01986104044203e-7,
				"TimeDiff": 0.0,
				"PhiDegree": 143.0595711017905,
				"Power": -53.22993107944022
			}, {
				"Time": 3.463693276314986e-7,
				"TimeDiff": -1.5561677641270438e-7,
				"PhiDegree": 60.57441720670576,
				"Power": -53.32551796364908
			}, {
				"Time": 5.797783443506801e-7,
				"TimeDiff": 7.77922403064771e-8,
				"PhiDegree": 34.25415949099825,
				"Power": -56.146750375365926
			}, {
				"Time": 5.672095555000512e-7,
				"TimeDiff": 6.522345145584822e-8,
				"PhiDegree": 336.06523068092366,
				"Power": -67.77932136462488
			}]
	}
}