{
	"SensorDataCollection": {
		"SensorId": 0,
		"SensorDatas": [{
				"Time": 5.160554138582399e-7,
				"TimeDiff": 0.0,
				"PhiDegree": 38.74844276857751,
				"Power": -52.630706632802855
			}, {
				"Time": 5.634345753046983e-7,
				"TimeDiff": 4.737916144645843e-8,
				"PhiDegree": 148.027058242267,
				"Power": -57.72746951818951
			}, {
				"Time": 5.030303119475957e-7,
				"TimeDiff": -1.302510191064419e-8,
				"PhiDegree": 161.83498008713806,
				"Power": -60.25088278623113
			}]
	}
}