{
	"SensorDataCollection": {
		"SensorId": 0,
		"SensorDatas": [{
				"Time": 1.761797343422589e-7,
				"TimeDiff": 0.0,
				"PhiDegree": 114.62356478616361,
				"Power": -42.040432785235915
			}, {
				"Time": 2.2472682809123925e-7,
				"TimeDiff": 4.8547093748980345e-8,
				"PhiDegree": 134.54643643471283,
				"Power": -44.1596267264098
			}, {
				"Time": 2.789339353946803e-7,
				"TimeDiff": 1.027542010524214e-7,
				"PhiDegree": 235.5864308775576,
				"Power": -48.46347700813371
			}, {
				"Time": 2.415394208896826e-7,
				"TimeDiff": 6.535968654742368e-8,
				"PhiDegree": 252.3074332507188,
				"Power": -54.27517800544729
			}]
	}
}