{
	"SensorDataCollection": {
		"SensorId": 0,
		"SensorDatas": [{
				"Time": 4.993232837694128e-7,
				"TimeDiff": 0.0,
				"PhiDegree": 142.8294721137096,
				"Power": -53.064585963523996
			}, {
				"Time": 3.4474230984778936e-7,
				"TimeDiff": -1.545809739216234e-7,
				"PhiDegree": 61.057429500644005,
				"Power": -53.6454703934881
			}, {
				"Time": 5.825392692217029e-7,
				"TimeDiff": 8.321598545229015e-8,
				"PhiDegree": 34.06944033418837,
				"Power": -56.32157542644859
			}, {
				"Time": 5.641614625815473e-7,
				"TimeDiff": 6.483817881213455e-8,
				"PhiDegree": 335.9277536120658,
				"Power": -67.50738826752587
			}]
	}
}