{
	"SensorDataCollection": {
		"SensorId": 0,
		"SensorDatas": [{
				"Time": 5.47855925332646e-7,
				"TimeDiff": 0.0,
				"PhiDegree": 36.12660879175475,
				"Power": -54.4401739344778
			}, {
				"Time": 5.298932938242431e-7,
				"TimeDiff": -1.7962631508402885e-8,
				"PhiDegree": 145.73396202893426,
				"Power": -55.356776118227486
			}, {
				"Time": 4.6515360573601415e-7,
				"TimeDiff": -8.270231959663186e-8,
				"PhiDegree": 160.29724168602456,
				"Power": -58.37095311787681
			}]
	}
}