{
	"SensorDataCollection": {
		"SensorId": 0,
		"SensorDatas": [{
				"Time": 3.58421993654545e-7,
				"TimeDiff": 0.0,
				"PhiDegree": 57.32066502802922,
				"Power": -51.530763317281924
			}, {
				"Time": 5.208432155326432e-7,
				"TimeDiff": 1.6242122187809823e-7,
				"PhiDegree": 144.6038970712734,
				"Power": -54.445060378839386
			}, {
				"Time": 5.606272248696893e-7,
				"TimeDiff": 2.0220523121514432e-7,
				"PhiDegree": 35.59785250199581,
				"Power": -54.957990417464345
			}, {
				"Time": 4.5377767633981153e-7,
				"TimeDiff": 9.535568268526652e-8,
				"PhiDegree": 159.33241738046829,
				"Power": -57.46756201998666
			}]
	}
}