{
	"SensorDataCollection": {
		"SensorId": 0,
		"SensorDatas": [{
				"Time": 4.919916923378692e-7,
				"TimeDiff": 0.0,
				"PhiDegree": 142.66955875733092,
				"Power": -52.85543704316903
			}, {
				"Time": 3.386193376690134e-7,
				"TimeDiff": -1.5337235466885583e-7,
				"PhiDegree": 61.77235480933213,
				"Power": -54.049280489800424
			}, {
				"Time": 5.862340292607811e-7,
				"TimeDiff": 9.424233692291188e-8,
				"PhiDegree": 33.43392352228052,
				"Power": -56.85529798778194
			}, {
				"Time": 5.567076599908707e-7,
				"TimeDiff": 6.471596765300152e-8,
				"PhiDegree": 335.9611514723633,
				"Power": -67.44635612865164
			}]
	}
}