{
	"SensorDataCollection": {
		"SensorId": 0,
		"SensorDatas": [{
				"Time": 3.496961710372949e-7,
				"TimeDiff": 0.0,
				"PhiDegree": 59.62204492850796,
				"Power": -52.73630386164095
			}, {
				"Time": 5.073356498381786e-7,
				"TimeDiff": 1.5763947880088372e-7,
				"PhiDegree": 143.51250465842523,
				"Power": -53.56719756924542
			}, {
				"Time": 5.742748335319688e-7,
				"TimeDiff": 2.245786624946739e-7,
				"PhiDegree": 34.62891644424174,
				"Power": -55.80061510547685
			}, {
				"Time": 4.382076973019783e-7,
				"TimeDiff": 8.851152626468342e-8,
				"PhiDegree": 158.56250208509607,
				"Power": -56.64762303760409
			}]
	}
}