{
	"SensorDataCollection": {
		"SensorId": 0,
		"SensorDatas": [{
				"Time": 1.7762720781636177e-7,
				"TimeDiff": 0.0,
				"PhiDegree": 118.00917670801384,
				"Power": -42.11157333803732
			}, {
				"Time": 2.1538037372094933e-7,
				"TimeDiff": 3.775316590458756e-8,
				"PhiDegree": 133.2712153013793,
				"Power": -43.820104476759994
			}, {
				"Time": 2.7059907988982436e-7,
				"TimeDiff": 9.297187207346259e-8,
				"PhiDegree": 236.9357932802344,
				"Power": -48.8787108951101
			}, {
				"Time": 2.4163315502985255e-7,
				"TimeDiff": 6.400594721349078e-8,
				"PhiDegree": 249.8049146752612,
				"Power": -52.32505147716856
			}]
	}
}