{
	"SensorDataCollection": {
		"SensorId": 0,
		"SensorDatas": [{
				"Time": 3.415628162060513e-7,
				"TimeDiff": 0.0,
				"PhiDegree": 62.037084227761355,
				"Power": -54.33947086359089
			}, {
				"Time": 5.880790273975678e-7,
				"TimeDiff": 2.465162111915165e-7,
				"PhiDegree": 33.705214787290146,
				"Power": -56.674520014487015
			}, {
				"Time": 5.58075180374611e-7,
				"TimeDiff": 2.1651236416855969e-7,
				"PhiDegree": 335.6482982834256,
				"Power": -66.9621904674932
			}]
	}
}