{
	"SensorDataCollection": {
		"SensorId": 0,
		"SensorDatas": [{
				"Time": 3.370540075173832e-7,
				"TimeDiff": 0.0,
				"PhiDegree": 62.27210303180616,
				"Power": -54.41855365171563
			}, {
				"Time": 5.890213983680935e-7,
				"TimeDiff": 2.5196739085071035e-7,
				"PhiDegree": 33.255096281430184,
				"Power": -57.03667282056398
			}, {
				"Time": 5.422595198202593e-7,
				"TimeDiff": 2.052055123028761e-7,
				"PhiDegree": 335.3909752195582,
				"Power": -60.34403574228125
			}]
	}
}