{
	"SensorDataCollection": {
		"SensorId": 0,
		"SensorDatas": [{
				"Time": 5.47147918734619e-7,
				"TimeDiff": 0.0,
				"PhiDegree": 36.614832133323056,
				"Power": -54.153018048285304
			}, {
				"Time": 5.345301746484077e-7,
				"TimeDiff": -1.261774408621121e-8,
				"PhiDegree": 145.63975806553117,
				"Power": -55.36538460432121
			}, {
				"Time": 4.6942414934431375e-7,
				"TimeDiff": -7.772376939030521e-8,
				"PhiDegree": 160.0511309438835,
				"Power": -58.27026107060762
			}]
	}
}