{
	"SensorDataCollection": {
		"SensorId": 0,
		"SensorDatas": [{
				"Time": 3.4853487695850303e-7,
				"TimeDiff": 0.0,
				"PhiDegree": 58.87143436427569,
				"Power": -52.21322679059212
			}, {
				"Time": 5.080555737609434e-7,
				"TimeDiff": 1.595206968024404e-7,
				"PhiDegree": 144.0388019860657,
				"Power": -53.882329870636084
			}, {
				"Time": 5.696338354453024e-7,
				"TimeDiff": 2.2109895848679938e-7,
				"PhiDegree": 34.543472967035534,
				"Power": -55.789263463268895
			}, {
				"Time": 4.4011525776649806e-7,
				"TimeDiff": 9.158038080799503e-8,
				"PhiDegree": 159.12559394061833,
				"Power": -57.06047771050223
			}]
	}
}