{
	"SensorDataCollection": {
		"SensorId": 0,
		"SensorDatas": [{
				"Time": 4.946489659938642e-7,
				"TimeDiff": 0.0,
				"PhiDegree": 142.90392946892138,
				"Power": -53.02104883429922
			}, {
				"Time": 3.402101909970058e-7,
				"TimeDiff": -1.5443877499685836e-7,
				"PhiDegree": 61.27724294570562,
				"Power": -53.69928458957905
			}, {
				"Time": 5.834524254351002e-7,
				"TimeDiff": 8.880345944123603e-8,
				"PhiDegree": 33.61445765010361,
				"Power": -56.67491043530012
			}]
	}
}