{
	"SensorDataCollection": {
		"SensorId": 0,
		"SensorDatas": [{
				"Time": 5.498297193892201e-7,
				"TimeDiff": 0.0,
				"PhiDegree": 36.40745237329725,
				"Power": -54.31066255940131
			}, {
				"Time": 5.31779093619816e-7,
				"TimeDiff": -1.8050625769404095e-8,
				"PhiDegree": 145.43685693059916,
				"Power": -55.178313982943436
			}, {
				"Time": 4.66289104300206e-7,
				"TimeDiff": -8.354061508901414e-8,
				"PhiDegree": 159.9112486524533,
				"Power": -58.111102778619596
			}]
	}
}