{
	"SensorDataCollection": {
		"SensorId": 0,
		"SensorDatas": [{
				"Time": 3.53813380971906e-7,
				"TimeDiff": 0.0,
				"PhiDegree": 57.483719558306824,
				"Power": -51.50975059229761
			}, {
				"Time": 5.161912263603047e-7,
				"TimeDiff": 1.6237784538839872e-7,
				"PhiDegree": 144.6912798843616,
				"Power": -54.42278406084881
			}, {
				"Time": 5.614173910614785e-7,
				"TimeDiff": 2.0760401008957254e-7,
				"PhiDegree": 35.12274435970514,
				"Power": -55.272546778031
			}, {
				"Time": 4.4948232029821253e-7,
				"TimeDiff": 9.566893932630655e-8,
				"PhiDegree": 159.58025357272632,
				"Power": -57.55730821748389
			}]
	}
}