{
	"SensorDataCollection": {
		"SensorId": 0,
		"SensorDatas": [{
				"Time": 5.920029570872959e-7,
				"TimeDiff": 0.0,
				"PhiDegree": 149.7372866847615,
				"Power": -59.79552912648421
			}, {
				"Time": 5.689961295857687e-7,
				"TimeDiff": -2.3006827501527172e-8,
				"PhiDegree": 60.48949448344084,
				"Power": -60.24945854502124
			}, {
				"Time": 5.348349981904815e-7,
				"TimeDiff": -5.716795889681443e-8,
				"PhiDegree": 162.94941069678316,
				"Power": -61.74119030402025
			}]
	}
}