{
	"SensorDataCollection": {
		"SensorId": 0,
		"SensorDatas": [{
				"Time": 5.344711420942386e-7,
				"TimeDiff": 0.0,
				"PhiDegree": 37.18109029174092,
				"Power": -53.65005268261821
			}, {
				"Time": 5.437619721735546e-7,
				"TimeDiff": 9.290830079315999e-9,
				"PhiDegree": 146.72377092675308,
				"Power": -56.3255375178846
			}, {
				"Time": 4.80892978188893e-7,
				"TimeDiff": -5.357816390534565e-8,
				"PhiDegree": 160.9673958210533,
				"Power": -59.16665473718143
			}]
	}
}