{
	"SensorDataCollection": {
		"SensorId": 0,
		"SensorDatas": [{
				"Time": 5.39803008460414e-7,
				"TimeDiff": 0.0,
				"PhiDegree": 36.75302546748013,
				"Power": -53.96053348074808
			}, {
				"Time": 5.381953283895842e-7,
				"TimeDiff": -1.6076800708297694e-9,
				"PhiDegree": 146.3339711441389,
				"Power": -55.934319166911706
			}, {
				"Time": 4.7458949165534825e-7,
				"TimeDiff": -6.521351680506573e-8,
				"PhiDegree": 160.70466889380054,
				"Power": -58.85051742079605
			}]
	}
}