{
	"SensorDataCollection": {
		"SensorId": 0,
		"SensorDatas": [{
				"Time": 5.259633361457881e-7,
				"TimeDiff": 0.0,
				"PhiDegree": 38.349412745129264,
				"Power": -52.962166863000775
			}, {
				"Time": 5.567693615636728e-7,
				"TimeDiff": 3.0806025417884687e-8,
				"PhiDegree": 147.19029636174145,
				"Power": -56.90720267295245
			}, {
				"Time": 4.945994807457799e-7,
				"TimeDiff": -3.136385540000823e-8,
				"PhiDegree": 161.10619408017547,
				"Power": -59.51877362707822
			}]
	}
}