{
	"SensorDataCollection": {
		"SensorId": 0,
		"SensorDatas": [{
				"Time": 5.057154060807318e-7,
				"TimeDiff": 0.0,
				"PhiDegree": 39.69492461466941,
				"Power": -52.102809323741724
			}, {
				"Time": 5.74799892666984e-7,
				"TimeDiff": 6.90844865862522e-8,
				"PhiDegree": 148.73153677585944,
				"Power": -58.54715992716909
			}, {
				"Time": 5.15728504834943e-7,
				"TimeDiff": 1.0013098754211143e-8,
				"PhiDegree": 162.29724298082638,
				"Power": -60.85514366168245
			}, {
				"Time": 5.594060662707026e-7,
				"TimeDiff": 5.369066018997076e-8,
				"PhiDegree": 62.274247918503605,
				"Power": -62.192317222143316
			}]
	}
}