{
	"SensorDataCollection": {
		"SensorId": 0,
		"SensorDatas": [{
				"Time": 8.903270388072276e-8,
				"TimeDiff": 0.0,
				"PhiDegree": 347.0053832080835,
				"Power": -36.08396239250345
			}, {
				"Time": 1.0009820143997484e-7,
				"TimeDiff": 1.1065497559252077e-8,
				"PhiDegree": 330.0746071778298,
				"Power": -39.657608689003
			}, {
				"Time": 2.0541593099092156e-7,
				"TimeDiff": 1.163832271101988e-7,
				"PhiDegree": 294.9815847180866,
				"Power": -52.65679055656773
			}]
	}
}