{
	"SensorDataCollection": {
		"SensorId": 0,
		"SensorDatas": [{
				"Time": 1.7459278312488028e-7,
				"TimeDiff": 0.0,
				"PhiDegree": 116.07535558394879,
				"Power": -41.96175971811969
			}, {
				"Time": 2.2000825524473256e-7,
				"TimeDiff": 4.541547211985228e-8,
				"PhiDegree": 134.53670853211247,
				"Power": -43.97540208414874
			}, {
				"Time": 2.74296899415351e-7,
				"TimeDiff": 9.970411629047073e-8,
				"PhiDegree": 235.76751486782948,
				"Power": -48.40372978627832
			}, {
				"Time": 2.3941135430955495e-7,
				"TimeDiff": 6.481857118467467e-8,
				"PhiDegree": 251.3039495987899,
				"Power": -53.37237062625418
			}]
	}
}