{
	"SensorDataCollection": {
		"SensorId": 0,
		"SensorDatas": [{
				"Time": 1.7608492059370636e-7,
				"TimeDiff": 0.0,
				"PhiDegree": 117.05059700708615,
				"Power": -42.03575241626102
			}, {
				"Time": 2.1768104121060076e-7,
				"TimeDiff": 4.1596120616894396e-8,
				"PhiDegree": 133.9106878512591,
				"Power": -43.89331503495514
			}, {
				"Time": 2.7243383115093295e-7,
				"TimeDiff": 9.634891055722658e-8,
				"PhiDegree": 236.34768980143116,
				"Power": -48.63047028902676
			}, {
				"Time": 2.405016754900798e-7,
				"TimeDiff": 6.441675489637346e-8,
				"PhiDegree": 250.55097014255333,
				"Power": -52.83036558136003
			}]
	}
}