{
	"SensorDataCollection": {
		"SensorId": 0,
		"SensorDatas": [{
				"Time": 5.739929577328453e-7,
				"TimeDiff": 0.0,
				"PhiDegree": 59.61990300370441,
				"Power": -59.407921004546466
			}, {
				"Time": 6.006699503778423e-7,
				"TimeDiff": 2.6676992644997026e-8,
				"PhiDegree": 150.21848442648184,
				"Power": -60.426273382403
			}, {
				"Time": 5.444128611414585e-7,
				"TimeDiff": -2.9580096591386765e-8,
				"PhiDegree": 163.25830847606895,
				"Power": -62.17525752563995
			}]
	}
}