{
	"SensorDataCollection": {
		"SensorId": 0,
		"SensorDatas": [{
				"Time": 3.6206871643207877e-7,
				"TimeDiff": 0.0,
				"PhiDegree": 56.43177339511989,
				"Power": -51.14422582101312
			}, {
				"Time": 5.552146162381439e-7,
				"TimeDiff": 1.9314589980606515e-7,
				"PhiDegree": 35.99871630823157,
				"Power": -54.631094820846826
			}, {
				"Time": 5.262972516352892e-7,
				"TimeDiff": 1.6422853520321047e-7,
				"PhiDegree": 145.0247039602906,
				"Power": -54.80855806284437
			}, {
				"Time": 4.600275224992894e-7,
				"TimeDiff": 9.79588060672106e-8,
				"PhiDegree": 159.62576863694835,
				"Power": -57.79071412568544
			}]
	}
}