{
	"SensorDataCollection": {
		"SensorId": 0,
		"SensorDatas": [{
				"Time": 5.418061400025407e-7,
				"TimeDiff": 0.0,
				"PhiDegree": 37.035736672629604,
				"Power": -53.84318330677554
			}, {
				"Time": 5.400521392158166e-7,
				"TimeDiff": -1.7540007867240198e-9,
				"PhiDegree": 146.03934626432078,
				"Power": -55.743619105161414
			}, {
				"Time": 4.757024673570183e-7,
				"TimeDiff": -6.610367264552235e-8,
				"PhiDegree": 160.32536022410557,
				"Power": -58.58650823194188
			}]
	}
}