{
	"SensorDataCollection": {
		"SensorId": 0,
		"SensorDatas": [{
				"Time": 3.5929326997254707e-7,
				"TimeDiff": 0.0,
				"PhiDegree": 56.13756515059823,
				"Power": -50.929077599907004
			}, {
				"Time": 5.532600335131128e-7,
				"TimeDiff": 1.9396676354056573e-7,
				"PhiDegree": 35.71915997416064,
				"Power": -54.7684726097138
			}, {
				"Time": 5.243917385959199e-7,
				"TimeDiff": 1.650984686233728e-7,
				"PhiDegree": 145.32343056315057,
				"Power": -54.97858980069431
			}, {
				"Time": 4.5887652979528273e-7,
				"TimeDiff": 9.958325982273566e-8,
				"PhiDegree": 160.01632397505276,
				"Power": -58.04765509586585
			}]
	}
}