{
	"SensorDataCollection": {
		"SensorId": 0,
		"SensorDatas": [{
				"Time": 5.773965656264046e-7,
				"TimeDiff": 0.0,
				"PhiDegree": 59.0486221680043,
				"Power": -58.89099675682971
			}, {
				"Time": 6.064709224572828e-7,
				"TimeDiff": 2.9074356830878236e-8,
				"PhiDegree": 150.5316278324009,
				"Power": -60.84866536538581
			}, {
				"Time": 5.508066392805164e-7,
				"TimeDiff": -2.6589926345888205e-8,
				"PhiDegree": 163.45826839725365,
				"Power": -62.461384398899355
			}]
	}
}