{
	"SensorDataCollection": {
		"SensorId": 0,
		"SensorDatas": [{
				"Time": 5.505544992323992e-7,
				"TimeDiff": 0.0,
				"PhiDegree": 35.92188453060346,
				"Power": -54.603509960455085
			}, {
				"Time": 5.271391334328217e-7,
				"TimeDiff": -2.3415365799577505e-8,
				"PhiDegree": 145.52976743483552,
				"Power": -55.16695964543763
			}, {
				"Time": 4.620136795438159e-7,
				"TimeDiff": -8.854081968858334e-8,
				"PhiDegree": 160.1577369906192,
				"Power": -58.20966368062011
			}]
	}
}