{
	"SensorDataCollection": {
		"SensorId": 0,
		"SensorDatas": [{
				"Time": 5.891234204712286e-7,
				"TimeDiff": 0.0,
				"PhiDegree": 149.57374539149478,
				"Power": -59.586151232383926
			}, {
				"Time": 5.673599869974112e-7,
				"TimeDiff": -2.1763433473817383e-8,
				"PhiDegree": 60.78273711216803,
				"Power": -60.54845258854118
			}, {
				"Time": 5.316459147186495e-7,
				"TimeDiff": -5.747750575257915e-8,
				"PhiDegree": 162.84397259758776,
				"Power": -61.595186154828724
			}]
	}
}