{
	"SensorDataCollection": {
		"SensorId": 0,
		"SensorDatas": [{
				"Time": 5.756876076350446e-7,
				"TimeDiff": 0.0,
				"PhiDegree": 59.33341820086078,
				"Power": -59.14518394946961
			}, {
				"Time": 6.035681828584747e-7,
				"TimeDiff": 2.7880575223430063e-8,
				"PhiDegree": 150.375808543976,
				"Power": -60.63729772049774
			}, {
				"Time": 5.476089165165142e-7,
				"TimeDiff": -2.807869111853039e-8,
				"PhiDegree": 163.35887210992036,
				"Power": -62.318643633823996
			}]
	}
}