{
	"SensorDataCollection": {
		"SensorId": 0,
		"SensorDatas": [{
				"Time": 5.031525198968114e-7,
				"TimeDiff": 0.0,
				"PhiDegree": 39.93760268325546,
				"Power": -51.97791641208019
			}, {
				"Time": 5.776544654788324e-7,
				"TimeDiff": 7.450194558202095e-8,
				"PhiDegree": 148.90331687133965,
				"Power": -58.75379700321491
			}, {
				"Time": 5.18908137898169e-7,
				"TimeDiff": 1.5755618001357545e-8,
				"PhiDegree": 162.40927141905416,
				"Power": -61.00449981133326
			}, {
				"Time": 5.609661806594231e-7,
				"TimeDiff": 5.7813660762611716e-8,
				"PhiDegree": 61.97257843500128,
				"Power": -61.84288184316787
			}]
	}
}