{
	"SensorDataCollection": {
		"SensorId": 0,
		"SensorDatas": [{
				"Time": 4.973144278452638e-7,
				"TimeDiff": 0.0,
				"PhiDegree": 143.1357917068274,
				"Power": -53.18898853891318
			}, {
				"Time": 3.418262111482701e-7,
				"TimeDiff": -1.5548821669699372e-7,
				"PhiDegree": 60.786776132752365,
				"Power": -53.3678084296734
			}, {
				"Time": 4.2767115197587456e-7,
				"TimeDiff": -6.964327586938927e-8,
				"PhiDegree": 158.48845788405302,
				"Power": -56.38798661523211
			}, {
				"Time": 5.806766697429963e-7,
				"TimeDiff": 8.336224189773248e-8,
				"PhiDegree": 33.79671958356103,
				"Power": -56.495551269330306
			}]
	}
}