{
	"SensorDataCollection": {
		"SensorId": 0,
		"SensorDatas": [{
				"Time": 5.364941818259157e-7,
				"TimeDiff": 0.0,
				"PhiDegree": 37.46499971695467,
				"Power": -53.54105719332878
			}, {
				"Time": 5.455998386668394e-7,
				"TimeDiff": 9.105656840923641e-9,
				"PhiDegree": 146.4308270988102,
				"Power": -56.12694237968947
			}, {
				"Time": 4.81991398607129e-7,
				"TimeDiff": -5.4502783218786706e-8,
				"PhiDegree": 160.59243930823428,
				"Power": -58.90000223388449
			}]
	}
}