{
	"SensorDataCollection": {
		"SensorId": 0,
		"SensorDatas": [{
				"Time": 5.186618702160502e-7,
				"TimeDiff": 0.0,
				"PhiDegree": 38.51773852614752,
				"Power": -52.76930387932197
			}, {
				"Time": 5.606068921676312e-7,
				"TimeDiff": 4.194502195158097e-8,
				"PhiDegree": 147.84648400269543,
				"Power": -57.524450834793726
			}, {
				"Time": 4.998610423259244e-7,
				"TimeDiff": -1.880082789012582e-8,
				"PhiDegree": 161.71574708210426,
				"Power": -60.09809310485841
			}]
	}
}