{
	"SensorDataCollection": {
		"SensorId": 0,
		"SensorDatas": [{
				"Time": 4.966686029235253e-7,
				"TimeDiff": 0.0,
				"PhiDegree": 142.59690959500944,
				"Power": -52.90154519629969
			}, {
				"Time": 3.4314002335697687e-7,
				"TimeDiff": -1.5352857956654842e-7,
				"PhiDegree": 61.544987551514794,
				"Power": -53.98321613826572
			}, {
				"Time": 5.853061917899382e-7,
				"TimeDiff": 8.863758886641292e-8,
				"PhiDegree": 33.88646573914815,
				"Power": -56.49751291280974
			}, {
				"Time": 5.611166529596856e-7,
				"TimeDiff": 6.444805003616036e-8,
				"PhiDegree": 335.7887837412899,
				"Power": -67.2350065058919
			}]
	}
}