{
	"SensorDataCollection": {
		"SensorId": 0,
		"SensorDatas": [{
				"Time": 3.4802072984744504e-7,
				"TimeDiff": 0.0,
				"PhiDegree": 60.095955084678444,
				"Power": -53.022678369549766
			}, {
				"Time": 5.046569349049212e-7,
				"TimeDiff": 1.566362050574761e-7,
				"PhiDegree": 143.28723819180794,
				"Power": -53.397495693346485
			}, {
				"Time": 5.770235032696856e-7,
				"TimeDiff": 2.2900277342224058e-7,
				"PhiDegree": 34.440644383884454,
				"Power": -55.97308182148004
			}, {
				"Time": 4.351036041284938e-7,
				"TimeDiff": 8.708287428104877e-8,
				"PhiDegree": 158.40191489909532,
				"Power": -56.48157921131178
			}]
	}
}