{
	"SensorDataCollection": {
		"SensorId": 0,
		"SensorDatas": [{
				"Time": 5.312129387933276e-7,
				"TimeDiff": 0.0,
				"PhiDegree": 37.9028230901287,
				"Power": -53.24719048445114
			}, {
				"Time": 5.511724959164427e-7,
				"TimeDiff": 1.9959557123115136e-8,
				"PhiDegree": 146.81440936748956,
				"Power": -56.51493500327584
			}, {
				"Time": 4.882905330156794e-7,
				"TimeDiff": -4.292240577764814e-8,
				"PhiDegree": 160.8526330807767,
				"Power": -59.21075309466518
			}]
	}
}