{
	"SensorDataCollection": {
		"SensorId": 0,
		"SensorDatas": [{
				"Time": 5.265306924354118e-7,
				"TimeDiff": 0.0,
				"PhiDegree": 37.83938130139264,
				"Power": -53.19961762806196
			}, {
				"Time": 5.521579360714746e-7,
				"TimeDiff": 2.5627243636062825e-8,
				"PhiDegree": 147.29369010061694,
				"Power": -56.92061449764705
			}, {
				"Time": 4.903665572365435e-7,
				"TimeDiff": -3.6164135198868293e-8,
				"PhiDegree": 161.34880821846622,
				"Power": -59.6355394033605
			}]
	}
}