{
	"SensorDataCollection": {
		"SensorId": 0,
		"SensorDatas": [{
				"Time": 5.451644151759049e-7,
				"TimeDiff": 0.0,
				"PhiDegree": 36.33335718674765,
				"Power": -54.27852442984195
			}, {
				"Time": 5.326541148235409e-7,
				"TimeDiff": -1.2510300352363986e-8,
				"PhiDegree": 145.93604242913275,
				"Power": -55.547979694070065
			}, {
				"Time": 4.6829625252371977e-7,
				"TimeDiff": -7.686816265218512e-8,
				"PhiDegree": 160.434874809487,
				"Power": -58.53152438782048
			}]
	}
}