{
	"SensorDataCollection": {
		"SensorId": 0,
		"SensorDatas": [{
				"Time": 1.8057983502182664e-7,
				"TimeDiff": 0.0,
				"PhiDegree": 117.51200262385142,
				"Power": -42.25490262012664
			}, {
				"Time": 2.1782184749021148e-7,
				"TimeDiff": 3.724201246838484e-8,
				"PhiDegree": 132.66960370842324,
				"Power": -43.943891265845195
			}, {
				"Time": 2.734014453050006e-7,
				"TimeDiff": 9.282161028317394e-8,
				"PhiDegree": 237.317290930122,
				"Power": -49.17665070681447
			}, {
				"Time": 2.4476737909150487e-7,
				"TimeDiff": 6.418754406967823e-8,
				"PhiDegree": 250.07454784308658,
				"Power": -52.63102163048693
			}]
	}
}