{
	"SensorDataCollection": {
		"SensorId": 0,
		"SensorDatas": [{
				"Time": 5.212766515148817e-7,
				"TimeDiff": 0.0,
				"PhiDegree": 38.28934508756239,
				"Power": -52.9103761640491
			}, {
				"Time": 5.577848337825786e-7,
				"TimeDiff": 3.650818226769695e-8,
				"PhiDegree": 147.66408074027024,
				"Power": -57.322273728446305
			}, {
				"Time": 4.966939650198787e-7,
				"TimeDiff": -2.4582686495003012e-8,
				"PhiDegree": 161.5949930141023,
				"Power": -59.94460779329516
			}]
	}
}