{
	"SensorDataCollection": {
		"SensorId": 0,
		"SensorDatas": [{
				"Time": 3.468217272128976e-7,
				"TimeDiff": 0.0,
				"PhiDegree": 59.343290244546694,
				"Power": -52.47747768717477
			}, {
				"Time": 5.053586449498213e-7,
				"TimeDiff": 1.5853691773692372e-7,
				"PhiDegree": 143.81665154954513,
				"Power": -53.70592023495212
			}, {
				"Time": 5.72385341379941e-7,
				"TimeDiff": 2.2556361416704336e-7,
				"PhiDegree": 34.35408535093351,
				"Power": -55.96407341488903
			}, {
				"Time": 4.369992381169894e-7,
				"TimeDiff": 9.017751090409178e-8,
				"PhiDegree": 158.9697129871131,
				"Power": -56.89342907188134
			}]
	}
}