{
	"SensorDataCollection": {
		"SensorId": 0,
		"SensorDatas": [{
				"Time": 3.5663147663376344e-7,
				"TimeDiff": 0.0,
				"PhiDegree": 57.771873474069544,
				"Power": -51.74352810873097
			}, {
				"Time": 5.181268992655783e-7,
				"TimeDiff": 1.6149542263181487e-7,
				"PhiDegree": 144.39017719685742,
				"Power": -54.265819897774776
			}, {
				"Time": 5.633436716497452e-7,
				"TimeDiff": 2.0671219501598176e-7,
				"PhiDegree": 35.400314053687524,
				"Power": -55.123720350948304
			}, {
				"Time": 4.5065730674264896e-7,
				"TimeDiff": 9.402583010888552e-8,
				"PhiDegree": 159.18269250779855,
				"Power": -57.3049504142264
			}]
	}
}