{
	"SensorDataCollection": {
		"SensorId": 0,
		"SensorDatas": [{
				"Time": 1.775958664472927e-7,
				"TimeDiff": 0.0,
				"PhiDegree": 115.6021875514418,
				"Power": -42.11003914244766
			}, {
				"Time": 2.2239893038345432e-7,
				"TimeDiff": 4.4803063936161616e-8,
				"PhiDegree": 133.93379881547258,
				"Power": -44.07902966657559
			}, {
				"Time": 2.7706186544979245e-7,
				"TimeDiff": 9.946599900249975e-8,
				"PhiDegree": 236.15568454749624,
				"Power": -48.680315478961205
			}, {
				"Time": 2.4257428723996895e-7,
				"TimeDiff": 6.497842079267625e-8,
				"PhiDegree": 251.55657760841174,
				"Power": -53.688641287866986
			}]
	}
}