{
	"SensorDataCollection": {
		"SensorId": 0,
		"SensorDatas": [{
				"Time": 1.7315209191065457e-7,
				"TimeDiff": 0.0,
				"PhiDegree": 115.08359400619095,
				"Power": -41.88971321915123
			}, {
				"Time": 2.2236118232298612e-7,
				"TimeDiff": 4.9209090412331546e-8,
				"PhiDegree": 135.1495525513094,
				"Power": -44.06577604072328
			}, {
				"Time": 2.7618771163308486e-7,
				"TimeDiff": 1.0303561972243029e-7,
				"PhiDegree": 235.19522580386382,
				"Power": -48.19748476035414
			}, {
				"Time": 2.3836275628981882e-7,
				"TimeDiff": 6.521066437916425e-8,
				"PhiDegree": 252.06368621885773,
				"Power": -53.95394732384078
			}]
	}
}