{
	"SensorDataCollection": {
		"SensorId": 0,
		"SensorDatas": [{
				"Time": 5.706470910084549e-7,
				"TimeDiff": 0.0,
				"PhiDegree": 60.19794103771355,
				"Power": -59.95984961754007
			}, {
				"Time": 5.948872701675758e-7,
				"TimeDiff": 2.4240179159120934e-8,
				"PhiDegree": 149.89924342578834,
				"Power": -60.00536134441538
			}, {
				"Time": 5.38025871400939e-7,
				"TimeDiff": -3.2621219607515864e-8,
				"PhiDegree": 163.05359850061697,
				"Power": -61.88653451208762
			}]
	}
}