{
	"SensorDataCollection": {
		"SensorId": 0,
		"SensorDatas": [{
				"Time": 5.108679852466877e-7,
				"TimeDiff": 0.0,
				"PhiDegree": 39.21689452951682,
				"Power": -52.36128031563314
			}, {
				"Time": 5.691064803000329e-7,
				"TimeDiff": 5.82384950533452e-8,
				"PhiDegree": 148.38281467674489,
				"Power": -58.13586913399379
			}, {
				"Time": 5.093752644257486e-7,
				"TimeDiff": -1.492720820939107e-9,
				"PhiDegree": 162.06899245885276,
				"Power": -60.55438676247539
			}]
	}
}