{
	"SensorDataCollection": {
		"SensorId": 0,
		"SensorDatas": [{
				"Time": 5.285841233692638e-7,
				"TimeDiff": 0.0,
				"PhiDegree": 38.12500910060388,
				"Power": -53.10353546708316
			}, {
				"Time": 5.53967948475287e-7,
				"TimeDiff": 2.5383825106023205e-8,
				"PhiDegree": 147.00330228111088,
				"Power": -56.71055816243161
			}, {
				"Time": 4.914438038228719e-7,
				"TimeDiff": -3.714031954639191e-8,
				"PhiDegree": 160.98022735703296,
				"Power": -59.36510375126616
			}]
	}
}