{
	"SensorDataCollection": {
		"SensorId": 0,
		"SensorDatas": [{
				"Time": 1.7906298087646432e-7,
				"TimeDiff": 0.0,
				"PhiDegree": 116.56505117707799,
				"Power": -42.18156628156191
			}, {
				"Time": 2.2009699580504137e-7,
				"TimeDiff": 4.103401492857704e-8,
				"PhiDegree": 133.30827360112923,
				"Power": -44.00692166529181
			}, {
				"Time": 2.752175150916429e-7,
				"TimeDiff": 9.615453421517859e-8,
				"PhiDegree": 236.73262543503705,
				"Power": -48.91770757484788
			}, {
				"Time": 2.4365045489631115e-7,
				"TimeDiff": 6.458747401984682e-8,
				"PhiDegree": 250.81222789019841,
				"Power": -53.14154633465054
			}]
	}
}