{
	"SensorDataCollection": {
		"SensorId": 0,
		"SensorDatas": [{
				"Time": 1.8354562111727968e-7,
				"TimeDiff": 0.0,
				"PhiDegree": 117.03086025984302,
				"Power": -42.39652236804149
			}, {
				"Time": 2.2028680273422374e-7,
				"TimeDiff": 3.674118161694406e-8,
				"PhiDegree": 132.0813922348766,
				"Power": -44.07439276992507
			}, {
				"Time": 2.762156854841007e-7,
				"TimeDiff": 9.267006436682103e-8,
				"PhiDegree": 237.6910310461197,
				"Power": -49.47704330912933
			}, {
				"Time": 2.479068867133643e-7,
				"TimeDiff": 6.436126559608462e-8,
				"PhiDegree": 250.33735740795348,
				"Power": -52.93444854494322
			}]
	}
}