{
	"SensorDataCollection": {
		"SensorId": 0,
		"SensorDatas": [{
				"Time": 5.41172512991714e-7,
				"TimeDiff": 0.0,
				"PhiDegree": 37.530511530661826,
				"Power": -53.58452938331722
			}, {
				"Time": 5.446842968739876e-7,
				"TimeDiff": 3.51178388227356e-9,
				"PhiDegree": 145.9443004734358,
				"Power": -55.74800400609057
			}, {
				"Time": 4.799719345209168e-7,
				"TimeDiff": -6.120057847079724e-8,
				"PhiDegree": 160.08440809997634,
				"Power": -58.487433781827576
			}]
	}
}