{
	"SensorDataCollection": {
		"SensorId": 0,
		"SensorDatas": [{
				"Time": 5.745376110427553e-7,
				"TimeDiff": 0.0,
				"PhiDegree": 58.87748680658851,
				"Power": -58.68285670732368
			}, {
				"Time": 6.081192986227249e-7,
				"TimeDiff": 3.3581687579969645e-8,
				"PhiDegree": 150.2579261996051,
				"Power": -60.575554896104094
			}, {
				"Time": 5.517658975828156e-7,
				"TimeDiff": -2.2771713459939636e-8,
				"PhiDegree": 163.12612707015128,
				"Power": -62.17121608869715
			}]
	}
}