{
	"SensorDataCollection": {
		"SensorId": 0,
		"SensorDatas": [{
				"Time": 1.8803981400804546e-7,
				"TimeDiff": 0.0,
				"PhiDegree": 117.47443162627714,
				"Power": -42.606808552484885
			}, {
				"Time": 2.2057741512951544e-7,
				"TimeDiff": 3.253760112146998e-8,
				"PhiDegree": 130.85718343292993,
				"Power": -44.177795943110866
			}, {
				"Time": 2.7729057306654696e-7,
				"TimeDiff": 8.92507590585015e-8,
				"PhiDegree": 238.64227083967015,
				"Power": -50.08183838223806
			}, {
				"Time": 2.5217977218352726e-7,
				"TimeDiff": 6.41399581754818e-8,
				"PhiDegree": 249.8785485196652,
				"Power": -52.74874615137908
			}]
	}
}