{
	"SensorDataCollection": {
		"SensorId": 0,
		"SensorDatas": [{
				"Time": 5.332692172795343e-7,
				"TimeDiff": 0.0,
				"PhiDegree": 38.18569776820255,
				"Power": -53.15329319699592
			}, {
				"Time": 5.530058663169073e-7,
				"TimeDiff": 1.9736649037372957e-8,
				"PhiDegree": 146.52508906634773,
				"Power": -56.31668298092458
			}, {
				"Time": 4.893950989206514e-7,
				"TimeDiff": -4.387411835888293e-8,
				"PhiDegree": 160.48360499409756,
				"Power": -58.95068800318134
			}]
	}
}