{
	"SensorDataCollection": {
		"SensorId": 0,
		"SensorDatas": [{
				"Time": 1.8667309792375621e-7,
				"TimeDiff": 0.0,
				"PhiDegree": 118.85566121971651,
				"Power": -42.54339726680077
			}, {
				"Time": 2.158712900943291e-7,
				"TimeDiff": 2.9198192170572877e-8,
				"PhiDegree": 130.76670458307274,
				"Power": -43.99854985507305
			}, {
				"Time": 2.727072484104059e-7,
				"TimeDiff": 8.60341504866497e-8,
				"PhiDegree": 238.87610309009588,
				"Power": -50.08481088436126
			}, {
				"Time": 2.502312429274913e-7,
				"TimeDiff": 6.355814500373506e-8,
				"PhiDegree": 248.8983125152569,
				"Power": -52.00278209220255
			}]
	}
}