{
	"SensorDataCollection": {
		"SensorId": 0,
		"SensorDatas": [{
				"Time": 5.71116965281587e-7,
				"TimeDiff": 0.0,
				"PhiDegree": 59.45061350315693,
				"Power": -59.193080714642804
			}, {
				"Time": 6.023342019660904e-7,
				"TimeDiff": 3.121723668450338e-8,
				"PhiDegree": 149.94301150464798,
				"Power": -60.15909488907238
			}, {
				"Time": 5.453833653826474e-7,
				"TimeDiff": -2.5733599898939694e-8,
				"PhiDegree": 162.9226304651318,
				"Power": -61.88687143263533
			}]
	}
}