{
	"SensorDataCollection": {
		"SensorId": 0,
		"SensorDatas": [{
				"Time": 5.385302952383851e-7,
				"TimeDiff": 0.0,
				"PhiDegree": 37.74676916755236,
				"Power": -53.43864573276409
			}, {
				"Time": 5.474518717471274e-7,
				"TimeDiff": 8.921576508742231e-9,
				"PhiDegree": 146.13985776887452,
				"Power": -55.936363198420196
			}, {
				"Time": 4.831103668377177e-7,
				"TimeDiff": -5.541992840066745e-8,
				"PhiDegree": 160.21920380195976,
				"Power": -58.642512810628574
			}]
	}
}