{
	"SensorDataCollection": {
		"SensorId": 0,
		"SensorDatas": [{
				"Time": 3.5059700855317946e-7,
				"TimeDiff": 0.0,
				"PhiDegree": 61.58520000225144,
				"Power": -54.20178215207871
			}, {
				"Time": 5.863036841546092e-7,
				"TimeDiff": 2.357066756014297e-7,
				"PhiDegree": 34.60965295731473,
				"Power": -55.99395624696008
			}, {
				"Time": 5.669161590943338e-7,
				"TimeDiff": 2.1631915054115438e-7,
				"PhiDegree": 335.31195649327543,
				"Power": -66.56756375171523
			}]
	}
}