{
	"SensorDataCollection": {
		"SensorId": 0,
		"SensorDatas": [{
				"Time": 5.202582698337642e-7,
				"TimeDiff": 0.0,
				"PhiDegree": 39.321621673418754,
				"Power": -52.48086073046903
			}, {
				"Time": 5.669964639626473e-7,
				"TimeDiff": 4.6738194128883124e-8,
				"PhiDegree": 147.45500344131847,
				"Power": -57.286228754411965
			}, {
				"Time": 5.051505367836269e-7,
				"TimeDiff": -1.5107733050137326e-8,
				"PhiDegree": 161.11577840579233,
				"Power": -59.70961545404404
			}]
	}
}