{
	"SensorDataCollection": {
		"SensorId": 0,
		"SensorDatas": [{
				"Time": 5.716838333932582e-7,
				"TimeDiff": 0.0,
				"PhiDegree": 58.70464131557074,
				"Power": -58.47534161410766
			}, {
				"Time": 6.097814766648353e-7,
				"TimeDiff": 3.809764327157711e-8,
				"PhiDegree": 149.9857105268837,
				"Power": -60.31054580065043
			}, {
				"Time": 5.527436331159211e-7,
				"TimeDiff": -1.8940200277337083e-8,
				"PhiDegree": 162.79514968747705,
				"Power": -61.88990974766267
			}]
	}
}