{
	"SensorDataCollection": {
		"SensorId": 0,
		"SensorDatas": [{
				"Time": 5.086743792986618e-7,
				"TimeDiff": 0.0,
				"PhiDegree": 142.6846632375055,
				"Power": -53.1526235984435
			}, {
				"Time": 3.5382118451386904e-7,
				"TimeDiff": -1.548531947847928e-7,
				"PhiDegree": 60.63471162852261,
				"Power": -53.55470860270471
			}, {
				"Time": 5.808236679006227e-7,
				"TimeDiff": 7.214928860196088e-8,
				"PhiDegree": 34.98355329897989,
				"Power": -55.659342760824984
			}, {
				"Time": 5.72986252692023e-7,
				"TimeDiff": 6.431187339336119e-8,
				"PhiDegree": 335.59067176226523,
				"Power": -67.09932058769884
			}]
	}
}