{
	"SensorDataCollection": {
		"SensorId": 0,
		"SensorDatas": [{
				"Time": 5.013462971244742e-7,
				"TimeDiff": 0.0,
				"PhiDegree": 142.52561599182857,
				"Power": -52.947919600817514
			}, {
				"Time": 3.476659720555656e-7,
				"TimeDiff": -1.5368032506890862e-7,
				"PhiDegree": 61.32353665882263,
				"Power": -53.923489558155296
			}, {
				"Time": 5.844149826466116e-7,
				"TimeDiff": 8.306868552213738e-8,
				"PhiDegree": 34.3404165656687,
				"Power": -56.154427401611315
			}, {
				"Time": 5.655306450359158e-7,
				"TimeDiff": 6.418434791144157e-8,
				"PhiDegree": 335.61910517022574,
				"Power": -67.03085691461393
			}]
	}
}