{
	"SensorDataCollection": {
		"SensorId": 0,
		"SensorDatas": [{
				"Time": 5.822360468842916e-7,
				"TimeDiff": 0.0,
				"PhiDegree": 148.79174013270952,
				"Power": -58.715875780639294
			}, {
				"Time": 5.231016523290883e-7,
				"TimeDiff": -5.913439455520334e-8,
				"PhiDegree": 162.171344098671,
				"Power": -60.87153549684015
			}, {
				"Time": 5.596069187986095e-7,
				"TimeDiff": -2.2629128085682145e-8,
				"PhiDegree": 61.5104862358046,
				"Power": -61.26573945819172
			}]
	}
}