{
	"SensorDataCollection": {
		"SensorId": 0,
		"SensorDatas": [{
				"Time": 5.129841164710159e-7,
				"TimeDiff": 0.0,
				"PhiDegree": 39.50562740705219,
				"Power": -52.29244811697764
			}, {
				"Time": 5.708627571410655e-7,
				"TimeDiff": 5.787864067004957e-8,
				"PhiDegree": 148.09763242278945,
				"Power": -57.904196609123204
			}, {
				"Time": 5.104123939214979e-7,
				"TimeDiff": -2.5717225495180265e-9,
				"PhiDegree": 161.71263185792387,
				"Power": -60.27698527721341
			}, {
				"Time": 5.533649797597674e-7,
				"TimeDiff": 4.0380863288751416e-8,
				"PhiDegree": 62.72514615890528,
				"Power": -62.67237705851875
			}]
	}
}