{
	"SensorDataCollection": {
		"SensorId": 0,
		"SensorDatas": [{
				"Time": 5.927070818655087e-7,
				"TimeDiff": 0.0,
				"PhiDegree": 33.79455482177101,
				"Power": -56.67528985393916
			}]
	}
}