{
	"SensorDataCollection": {
		"SensorId": 0,
		"SensorDatas": [{
				"Time": 5.207463307768476e-7,
				"TimeDiff": 0.0,
				"PhiDegree": 38.80497870226014,
				"Power": -52.686604968041706
			}, {
				"Time": 5.623897128478236e-7,
				"TimeDiff": 4.164338207097605e-8,
				"PhiDegree": 147.55868594885018,
				"Power": -57.30337467971788
			}, {
				"Time": 5.009178710078457e-7,
				"TimeDiff": -1.9828459769001845e-8,
				"PhiDegree": 161.35336317234749,
				"Power": -59.82407910666669
			}]
	}
}