{
	"SensorDataCollection": {
		"SensorId": 0,
		"SensorDatas": [{
				"Time": 5.896728277168972e-7,
				"TimeDiff": 0.0,
				"PhiDegree": 148.85042501882248,
				"Power": -58.88202652641661
			}, {
				"Time": 5.599071279496348e-7,
				"TimeDiff": -2.9765699767262346e-8,
				"PhiDegree": 60.74740808494569,
				"Power": -60.39416645624429
			}, {
				"Time": 5.304772553223017e-7,
				"TimeDiff": -5.919557239459552e-8,
				"PhiDegree": 162.0489455627528,
				"Power": -60.890160716393126
			}]
	}
}