{
	"SensorDataCollection": {
		"SensorId": 0,
		"SensorDatas": [{
				"Time": 3.521969808660282e-7,
				"TimeDiff": 0.0,
				"PhiDegree": 61.10778053649996,
				"Power": -53.86969496728396
			}, {
				"Time": 5.835605696463118e-7,
				"TimeDiff": 2.313635887802836e-7,
				"PhiDegree": 34.79572533738294,
				"Power": -55.826029818792605
			}, {
				"Time": 5.699495200723369e-7,
				"TimeDiff": 2.1775253920630874e-7,
				"PhiDegree": 335.45205622248324,
				"Power": -66.83362979402432
			}]
	}
}