{
	"SensorDataCollection": {
		"SensorId": 0,
		"SensorDatas": [{
				"Time": 5.228437747301133e-7,
				"TimeDiff": 0.0,
				"PhiDegree": 39.08992140254883,
				"Power": -52.6103491965938
			}, {
				"Time": 5.641866331660204e-7,
				"TimeDiff": 4.134285843590715e-8,
				"PhiDegree": 147.27271397703961,
				"Power": -57.090360929749295
			}, {
				"Time": 5.01994653068985e-7,
				"TimeDiff": -2.084912166112824e-8,
				"PhiDegree": 160.9925195109633,
				"Power": -59.55913950842418
			}]
	}
}