{
	"SensorDataCollection": {
		"SensorId": 0,
		"SensorDatas": [{
				"Time": 3.6669502017218534e-7,
				"TimeDiff": 0.0,
				"PhiDegree": 56.28564038830259,
				"Power": -51.180303491450985
			}, {
				"Time": 5.544959276523682e-7,
				"TimeDiff": 1.878009074801829e-7,
				"PhiDegree": 36.480300624569246,
				"Power": -54.34326659401185
			}, {
				"Time": 5.309445691347317e-7,
				"TimeDiff": 1.6424954896254633e-7,
				"PhiDegree": 144.93606410398658,
				"Power": -54.8263560893695
			}, {
				"Time": 4.6432123595664547e-7,
				"TimeDiff": 9.762621578446012e-8,
				"PhiDegree": 159.38313964780474,
				"Power": -57.70210045843665
			}]
	}
}