{
	"SensorDataCollection": {
		"SensorId": 0,
		"SensorDatas": [{
				"Time": 5.973365550776828e-7,
				"TimeDiff": 0.0,
				"PhiDegree": 33.88251026244137,
				"Power": -56.677173361777065
			}]
	}
}