{
	"SensorDataCollection": {
		"SensorId": 0,
		"SensorDatas": [{
				"Time": 5.694282644282185e-7,
				"TimeDiff": 0.0,
				"PhiDegree": 59.739744522723875,
				"Power": -59.4612153182286
			}, {
				"Time": 5.994485758936375e-7,
				"TimeDiff": 3.0020311465419e-8,
				"PhiDegree": 149.78327721300857,
				"Power": -59.95146386069982
			}, {
				"Time": 5.421947247243237e-7,
				"TimeDiff": -2.7233539703894795e-8,
				"PhiDegree": 162.81908619694056,
				"Power": -61.743750382324095
			}]
	}
}