{
	"SensorDataCollection": {
		"SensorId": 0,
		"SensorDatas": [{
				"Time": 3.4451346177001697e-7,
				"TimeDiff": 0.0,
				"PhiDegree": 62.29728447958664,
				"Power": -54.62973190408658
			}, {
				"Time": 5.899371273460866e-7,
				"TimeDiff": 2.4542366557606964e-7,
				"PhiDegree": 33.97480311557202,
				"Power": -56.50058677335204
			}, {
				"Time": 5.59459258179488e-7,
				"TimeDiff": 2.1494579640947103e-7,
				"PhiDegree": 335.33698382094184,
				"Power": -66.49164681569209
			}]
	}
}