{
	"SensorDataCollection": {
		"SensorId": 0,
		"SensorDatas": [{
				"Time": 5.306505886499485e-7,
				"TimeDiff": 0.0,
				"PhiDegree": 38.40841930777077,
				"Power": -53.0139711857327
			}, {
				"Time": 5.557920976984741e-7,
				"TimeDiff": 2.5141509048525664e-8,
				"PhiDegree": 146.7148132385441,
				"Power": -56.50854369431403
			}, {
				"Time": 4.925412982996566e-7,
				"TimeDiff": -3.8109290350291885e-8,
				"PhiDegree": 160.61327393054026,
				"Power": -59.10378624033281
			}]
	}
}