{
	"SensorDataCollection": {
		"SensorId": 0,
		"SensorDatas": [{
				"Time": 5.280400578801677e-7,
				"TimeDiff": 0.0,
				"PhiDegree": 38.63334646103866,
				"Power": -52.876986850251015
			}, {
				"Time": 5.585843623859981e-7,
				"TimeDiff": 3.0544304505830344e-8,
				"PhiDegree": 146.90264265780684,
				"Power": -56.701474200564775
			}, {
				"Time": 4.956899883685498e-7,
				"TimeDiff": -3.2350069511617887e-8,
				"PhiDegree": 160.74129616641198,
				"Power": -59.25622657570793
			}]
	}
}