{
	"SensorDataCollection": {
		"SensorId": 0,
		"SensorDatas": [{
				"Time": 1.8652393841298367e-7,
				"TimeDiff": 0.0,
				"PhiDegree": 116.56505117707799,
				"Power": -42.536448572709055
			}, {
				"Time": 2.2277446000075808e-7,
				"TimeDiff": 3.625052158777441e-8,
				"PhiDegree": 131.50625803448074,
				"Power": -44.211118899861475
			}, {
				"Time": 2.790414411426817e-7,
				"TimeDiff": 9.251750272969805e-8,
				"PhiDegree": 238.05721700927654,
				"Power": -49.77964483341398
			}, {
				"Time": 2.5105147967587436e-7,
				"TimeDiff": 6.452754126289069e-8,
				"PhiDegree": 250.5935885097356,
				"Power": -53.2353384791931
			}]
	}
}