{
	"SensorDataCollection": {
		"SensorId": 0,
		"SensorDatas": [{
				"Time": 5.491445317328662e-7,
				"TimeDiff": 0.0,
				"PhiDegree": 36.89426697579944,
				"Power": -54.03417173087868
			}, {
				"Time": 5.364204279628149e-7,
				"TimeDiff": -1.272410377005129e-8,
				"PhiDegree": 145.3455539909635,
				"Power": -55.190761547418646
			}, {
				"Time": 4.7057300199060555e-7,
				"TimeDiff": -7.857152974226062e-8,
				"PhiDegree": 159.66924375430517,
				"Power": -58.018222533580854
			}]
	}
}