{
	"SensorDataCollection": {
		"SensorId": 0,
		"SensorDatas": [{
				"Time": 5.839719019076169e-7,
				"TimeDiff": 0.0,
				"PhiDegree": 148.51174198874932,
				"Power": -58.47879580586812
			}, {
				"Time": 5.241328618625627e-7,
				"TimeDiff": -5.983904004505421e-8,
				"PhiDegree": 161.82411217874298,
				"Power": -60.5988693554782
			}, {
				"Time": 5.56676604886327e-7,
				"TimeDiff": -2.7295297021289987e-8,
				"PhiDegree": 61.346674015023204,
				"Power": -61.0276614820843
			}]
	}
}