{
	"SensorDataCollection": {
		"SensorId": 0,
		"SensorDatas": [{
				"Time": 5.665487509387231e-7,
				"TimeDiff": 0.0,
				"PhiDegree": 59.56969925636558,
				"Power": -59.243513504805534
			}, {
				"Time": 6.011347295465986e-7,
				"TimeDiff": 3.4585978607875434e-8,
				"PhiDegree": 149.5084624262336,
				"Power": -59.69541039508077
			}, {
				"Time": 5.43189688537718e-7,
				"TimeDiff": -2.3359062401005095e-8,
				"PhiDegree": 162.48283962006826,
				"Power": -61.46517752067359
			}]
	}
}