{
	"SensorDataCollection": {
		"SensorId": 0,
		"SensorDatas": [{
				"Time": 3.630334354101777e-7,
				"TimeDiff": 0.0,
				"PhiDegree": 57.161751646759214,
				"Power": -51.5540397123019
			}, {
				"Time": 5.25496394727215e-7,
				"TimeDiff": 1.6246295931703726e-7,
				"PhiDegree": 144.518061580698,
				"Power": -54.46817824731559
			}, {
				"Time": 5.598757150062776e-7,
				"TimeDiff": 1.9684227959609988e-7,
				"PhiDegree": 36.07426893411765,
				"Power": -54.65924675655248
			}, {
				"Time": 4.5808136344752335e-7,
				"TimeDiff": 9.504792803734563e-8,
				"PhiDegree": 159.08923356484252,
				"Power": -57.38332859630232
			}]
	}
}