{
	"SensorDataCollection": {
		"SensorId": 0,
		"SensorDatas": [{
				"Time": 3.5257875710867373e-7,
				"TimeDiff": 0.0,
				"PhiDegree": 59.89624797295504,
				"Power": -52.9959034163942
			}, {
				"Time": 5.093268395862122e-7,
				"TimeDiff": 1.567480824775385e-7,
				"PhiDegree": 143.21072741518688,
				"Power": -53.43628020445837
			}, {
				"Time": 5.761774519925733e-7,
				"TimeDiff": 2.2359869488389952e-7,
				"PhiDegree": 34.90193872358753,
				"Power": -55.64395524769219
			}, {
				"Time": 5.746627545829103e-7,
				"TimeDiff": 2.2208399747423652e-7,
				"PhiDegree": 336.03109321501796,
				"Power": -67.83660561186736
			}]
	}
}