{
	"SensorDataCollection": {
		"SensorId": 0,
		"SensorDatas": [{
				"Time": 5.908201977919572e-7,
				"TimeDiff": 0.0,
				"PhiDegree": 149.2947302640893,
				"Power": -59.33130380546439
			}, {
				"Time": 5.644501991772633e-7,
				"TimeDiff": -2.636999861469391e-8,
				"PhiDegree": 60.61741302821851,
				"Power": -60.32020427606801
			}, {
				"Time": 5.326396816769313e-7,
				"TimeDiff": -5.8180516115025884e-8,
				"PhiDegree": 162.50101987910998,
				"Power": -61.310552581601144
			}]
	}
}