{
	"SensorDataCollection": {
		"SensorId": 0,
		"SensorDatas": [{
				"Time": 5.811292033489586e-7,
				"TimeDiff": 0.0,
				"PhiDegree": 148.33991159782957,
				"Power": -58.2781607519388
			}, {
				"Time": 5.209637469648307e-7,
				"TimeDiff": -6.016545638412788e-8,
				"PhiDegree": 161.70964282228582,
				"Power": -60.452268535242126
			}, {
				"Time": 5.550843784594053e-7,
				"TimeDiff": -2.6044824889553276e-8,
				"PhiDegree": 61.64890617764313,
				"Power": -61.35978716697099
			}]
	}
}