{
	"SensorDataCollection": {
		"SensorId": 0,
		"SensorDatas": [{
				"Time": 5.151131676709812e-7,
				"TimeDiff": 0.0,
				"PhiDegree": 39.79198074148538,
				"Power": -52.22997498395843
			}, {
				"Time": 5.726330896978023e-7,
				"TimeDiff": 5.751992202682102e-8,
				"PhiDegree": 147.8142065022766,
				"Power": -57.68060219136035
			}, {
				"Time": 5.114691878143709e-7,
				"TimeDiff": -3.6439798566103812e-9,
				"PhiDegree": 161.35773019406875,
				"Power": -60.00861567677185
			}, {
				"Time": 5.504014350317612e-7,
				"TimeDiff": 3.5288267360779927e-8,
				"PhiDegree": 62.56597488687488,
				"Power": -62.420777349329796
			}]
	}
}