{
	"SensorDataCollection": {
		"SensorId": 0,
		"SensorDatas": [{
				"Time": 5.936915047154626e-7,
				"TimeDiff": 0.0,
				"PhiDegree": 149.4591566391276,
				"Power": -59.53753912777535
			}, {
				"Time": 5.660947517767096e-7,
				"TimeDiff": -2.759675293875299e-8,
				"PhiDegree": 60.32314432459048,
				"Power": -60.02456147125534
			}, {
				"Time": 5.358228505292449e-7,
				"TimeDiff": -5.786865418621767e-8,
				"PhiDegree": 162.60830228565533,
				"Power": -61.45559421432442
			}]
	}
}