{
	"SensorDataCollection": {
		"SensorId": 0,
		"SensorDatas": [{
				"Time": 5.982619273401825e-7,
				"TimeDiff": 0.0,
				"PhiDegree": 149.34631824294578,
				"Power": -59.49127759237298
			}, {
				"Time": 5.648661025787046e-7,
				"TimeDiff": -3.339582476147792e-8,
				"PhiDegree": 59.86152239057801,
				"Power": -59.51720482025215
			}, {
				"Time": 5.400087113847617e-7,
				"TimeDiff": -5.8253215955420816e-8,
				"PhiDegree": 162.37628168106156,
				"Power": -61.32236208276436
			}]
	}
}