{
	"SensorDataCollection": {
		"SensorId": 0,
		"SensorDatas": [{
				"Time": 5.793848315746996e-7,
				"TimeDiff": 0.0,
				"PhiDegree": 148.6207695120245,
				"Power": -58.51193414611552
			}, {
				"Time": 5.199262519211916e-7,
				"TimeDiff": -5.945857965350806e-8,
				"PhiDegree": 162.05876560242737,
				"Power": -60.723888868105135
			}, {
				"Time": 5.580230536000911e-7,
				"TimeDiff": -2.1361777974608564e-8,
				"PhiDegree": 61.81159521627447,
				"Power": -61.601253000198255
			}]
	}
}