{
	"SensorDataCollection": {
		"SensorId": 0,
		"SensorDatas": [{
				"Time": 5.358958250595562e-7,
				"TimeDiff": 0.0,
				"PhiDegree": 37.96515619136596,
				"Power": -53.294876210758915
			}, {
				"Time": 5.502257598956094e-7,
				"TimeDiff": 1.4329934836053252e-8,
				"PhiDegree": 146.33344554971592,
				"Power": -56.12593975709372
			}, {
				"Time": 4.86251438578172e-7,
				"TimeDiff": -4.9644386481384165e-8,
				"PhiDegree": 160.35225873441146,
				"Power": -58.79693056877329
			}]
	}
}