{
	"SensorDataCollection": {
		"SensorId": 0,
		"SensorDatas": [{
				"Time": 3.474710917786655e-7,
				"TimeDiff": 0.0,
				"PhiDegree": 62.55306034869672,
				"Power": -54.91998741236368
			}, {
				"Time": 5.91808205699094e-7,
				"TimeDiff": 2.443371139204285e-7,
				"PhiDegree": 34.24269266664255,
				"Power": -56.33334830266364
			}]
	}
}