{
	"SensorDataCollection": {
		"SensorId": 0,
		"SensorDatas": [{
				"Time": 1.8508589109496644e-7,
				"TimeDiff": 0.0,
				"PhiDegree": 117.95096902789022,
				"Power": -42.46916881910484
			}, {
				"Time": 2.1806469566497014e-7,
				"TimeDiff": 3.29788045700037e-8,
				"PhiDegree": 131.43070342091065,
				"Power": -44.031193542157126
			}, {
				"Time": 2.7444679073372474e-7,
				"TimeDiff": 8.93608996387583e-8,
				"PhiDegree": 238.27977974327345,
				"Power": -49.76905260349821
			}, {
				"Time": 2.490494258796889e-7,
				"TimeDiff": 6.396353478472243e-8,
				"PhiDegree": 249.61447743025045,
				"Power": -52.45280518629062
			}]
	}
}