{
	"SensorDataCollection": {
		"SensorId": 0,
		"SensorDatas": [{
				"Time": 1.8960229444343444e-7,
				"TimeDiff": 0.0,
				"PhiDegree": 118.36904629327857,
				"Power": -42.678738779231935
			}, {
				"Time": 2.1840924535548522e-7,
				"TimeDiff": 2.8806950912050778e-8,
				"PhiDegree": 130.1951355947278,
				"Power": -44.155196988585914
			}, {
				"Time": 2.7556898283933907e-7,
				"TimeDiff": 8.596668839590463e-8,
				"PhiDegree": 239.23469722325282,
				"Power": -50.40780315555064
			}, {
				"Time": 2.533469871630018e-7,
				"TimeDiff": 6.374469271956737e-8,
				"PhiDegree": 249.16998764242015,
				"Power": -52.2936739494442
			}]
	}
}