{
	"SensorDataCollection": {
		"SensorId": 0,
		"SensorDatas": [{
				"Time": 5.254377456679238e-7,
				"TimeDiff": 0.0,
				"PhiDegree": 38.86050511757277,
				"Power": -52.742419109441784
			}, {
				"Time": 5.613825703521783e-7,
				"TimeDiff": 3.5944824684254515e-8,
				"PhiDegree": 147.08860158982426,
				"Power": -56.89542823670189
			}, {
				"Time": 4.988411219635561e-7,
				"TimeDiff": -2.6596623704367736e-8,
				"PhiDegree": 160.86770161731465,
				"Power": -59.40801046376437
			}]
	}
}