{
	"SensorDataCollection": {
		"SensorId": 0,
		"SensorDatas": [{
				"Time": 5.176813578271432e-7,
				"TimeDiff": 0.0,
				"PhiDegree": 39.55563251621644,
				"Power": -52.35403978875114
			}, {
				"Time": 5.698119774136255e-7,
				"TimeDiff": 5.213061958648233e-8,
				"PhiDegree": 147.63549328670757,
				"Power": -57.48298949211602
			}, {
				"Time": 5.083087292882811e-7,
				"TimeDiff": -9.372628538862126e-9,
				"PhiDegree": 161.23750620900293,
				"Power": -59.85944017684406
			}]
	}
}