{
	"SensorDataCollection": {
		"SensorId": 0,
		"SensorDatas": [{
				"Time": 3.6485356424862455e-7,
				"TimeDiff": 0.0,
				"PhiDegree": 56.72149792718995,
				"Power": -51.36104484291218
			}, {
				"Time": 5.571823236975067e-7,
				"TimeDiff": 1.9232875944888217e-7,
				"PhiDegree": 36.27630468741931,
				"Power": -54.500425837130805
			}, {
				"Time": 5.282169677367541e-7,
				"TimeDiff": 1.633634034881296e-7,
				"PhiDegree": 144.72814068806593,
				"Power": -54.646457540784866
			}, {
				"Time": 4.611997828183053e-7,
				"TimeDiff": 9.634621856968077e-8,
				"PhiDegree": 159.23718071698082,
				"Power": -57.54304545592308
			}]
	}
}