{
	"SensorDataCollection": {
		"SensorId": 0,
		"SensorDatas": [{
				"Time": 2.437150419482506e-7,
				"TimeDiff": 0.0,
				"PhiDegree": 136.80075605057587,
				"Power": -44.89637230413483
			}, {
				"Time": 2.960281870332502e-7,
				"TimeDiff": 5.2313145084999594e-8,
				"PhiDegree": 232.6524143257022,
				"Power": -45.121708406233495
			}, {
				"Time": 2.4838428585463076e-7,
				"TimeDiff": 4.66924390638016e-9,
				"PhiDegree": 137.80397205805224,
				"Power": -45.194448129504835
			}, {
				"Time": 4.501403682486789e-7,
				"TimeDiff": 2.064253263004283e-7,
				"PhiDegree": 246.7537852351273,
				"Power": -66.93220177870204
			}]
	}
}