{
	"SensorDataCollection": {
		"SensorId": 0,
		"SensorDatas": [{
				"Time": 5.754597184726498e-7,
				"TimeDiff": 0.0,
				"PhiDegree": 147.99116576503502,
				"Power": -57.87902712933541
			}, {
				"Time": 5.146318706136088e-7,
				"TimeDiff": -6.082784785904104e-8,
				"PhiDegree": 161.47647701771714,
				"Power": -60.15714406977912
			}, {
				"Time": 5.519466603199002e-7,
				"TimeDiff": -2.3513058152749586e-8,
				"PhiDegree": 62.25855917794265,
				"Power": -62.056076145370056
			}]
	}
}