{
	"SensorDataCollection": {
		"SensorId": 0,
		"SensorDatas": [{
				"Time": 5.879538041559806e-7,
				"TimeDiff": 0.0,
				"PhiDegree": 149.1286992869116,
				"Power": -59.125593627070145
			}, {
				"Time": 5.628206224618237e-7,
				"TimeDiff": -2.5133181694156906e-8,
				"PhiDegree": 60.913393613565574,
				"Power": -60.62545867648092
			}, {
				"Time": 5.294584027092824e-7,
				"TimeDiff": -5.849540144669828e-8,
				"PhiDegree": 162.3924478639998,
				"Power": -61.16486432388963
			}]
	}
}