{
	"SensorDataCollection": {
		"SensorId": 0,
		"SensorDatas": [{
				"Time": 3.5770424794480044e-7,
				"TimeDiff": 0.0,
				"PhiDegree": 58.509021317149575,
				"Power": -52.21113326728977
			}, {
				"Time": 5.17377953337634e-7,
				"TimeDiff": 1.5967370539283355e-7,
				"PhiDegree": 143.87460876842403,
				"Power": -53.94371394085904
			}, {
				"Time": 5.679968640951913e-7,
				"TimeDiff": 2.1029261615039088e-7,
				"PhiDegree": 35.479692389168264,
				"Power": -55.14511209386745
			}, {
				"Time": 4.4874494010125607e-7,
				"TimeDiff": 9.104069215645564e-8,
				"PhiDegree": 158.63306904890777,
				"Power": -56.90021786125618
			}]
	}
}