{
	"SensorDataCollection": {
		"SensorId": 0,
		"SensorDatas": [{
				"Time": 5.104141038145118e-7,
				"TimeDiff": 0.0,
				"PhiDegree": 39.74389942818914,
				"Power": -52.16652897126218
			}, {
				"Time": 5.73698108466874e-7,
				"TimeDiff": 6.328400465236221e-8,
				"PhiDegree": 148.27373779702714,
				"Power": -58.10605835010084
			}, {
				"Time": 5.135815845962979e-7,
				"TimeDiff": 3.167480781786117e-9,
				"PhiDegree": 161.82943449508886,
				"Power": -60.42661656348355
			}, {
				"Time": 5.549019525806313e-7,
				"TimeDiff": 4.4487848766119515e-8,
				"PhiDegree": 62.418927909405845,
				"Power": -62.30430366659908
			}]
	}
}