{
	"SensorDataCollection": {
		"SensorId": 0,
		"SensorDatas": [{
				"Time": 3.542640681099884e-7,
				"TimeDiff": 0.0,
				"PhiDegree": 59.429389186568905,
				"Power": -52.71923574024565
			}, {
				"Time": 5.120028667174834e-7,
				"TimeDiff": 1.5773879860749506e-7,
				"PhiDegree": 143.43433994057403,
				"Power": -53.60341031894592
			}, {
				"Time": 5.734441416931107e-7,
				"TimeDiff": 2.191800735831223e-7,
				"PhiDegree": 35.09269099356181,
				"Power": -55.47631783561097
			}]
	}
}