{
	"SensorDataCollection": {
		"SensorId": 0,
		"SensorDatas": [{
				"Time": 5.677541501230629e-7,
				"TimeDiff": 0.0,
				"PhiDegree": 60.03058808371727,
				"Power": -59.73830476044344
			}, {
				"Time": 5.965676539828804e-7,
				"TimeDiff": 2.881350385981754e-8,
				"PhiDegree": 149.6219988921677,
				"Power": -59.74426902640707
			}, {
				"Time": 5.390078757834741e-7,
				"TimeDiff": -2.8746274339588822e-8,
				"PhiDegree": 162.71431718572418,
				"Power": -61.59999240338125
			}]
	}
}