{
	"SensorDataCollection": {
		"SensorId": 0,
		"SensorDatas": [{
				"Time": 5.945694433831551e-7,
				"TimeDiff": 0.0,
				"PhiDegree": 34.06176421545608,
				"Power": -56.504727556042866
			}]
	}
}