{
	"SensorDataCollection": {
		"SensorId": 0,
		"SensorDatas": [{
				"Time": 3.594584510790234e-7,
				"TimeDiff": 0.0,
				"PhiDegree": 58.05550207558698,
				"Power": -51.97860523701331
			}, {
				"Time": 5.200767747830265e-7,
				"TimeDiff": 1.606183237040031e-7,
				"PhiDegree": 144.0913240997585,
				"Power": -54.11673859379077
			}, {
				"Time": 5.652830831931021e-7,
				"TimeDiff": 2.0582463211407866e-7,
				"PhiDegree": 35.67598557077018,
				"Power": -54.98164503305421
			}, {
				"Time": 4.5185387719411676e-7,
				"TimeDiff": 9.239542611509334e-8,
				"PhiDegree": 158.78721807694745,
				"Power": -57.06191338893842
			}]
	}
}