{
	"SensorDataCollection": {
		"SensorId": 0,
		"SensorDatas": [{
				"Time": 5.155629122476431e-7,
				"TimeDiff": 0.0,
				"PhiDegree": 39.26973496739673,
				"Power": -52.421160582798905
			}, {
				"Time": 5.680328526395933e-7,
				"TimeDiff": 5.2469940391950137e-8,
				"PhiDegree": 147.91977066213522,
				"Power": -57.70310247863628
			}, {
				"Time": 5.072453509455253e-7,
				"TimeDiff": -8.317561302117863e-9,
				"PhiDegree": 161.59437018354302,
				"Power": -60.126686973406976
			}]
	}
}