{
	"SensorDataCollection": {
		"SensorId": 0,
		"SensorDatas": [{
				"Time": 5.233506977315558e-7,
				"TimeDiff": 0.0,
				"PhiDegree": 38.57606040286963,
				"Power": -52.82316311045372
			}, {
				"Time": 5.59576645660866e-7,
				"TimeDiff": 3.6225947929310197e-8,
				"PhiDegree": 147.3754161739411,
				"Power": -57.10482292160988
			}, {
				"Time": 4.977575180216183e-7,
				"TimeDiff": -2.559317970993754e-8,
				"PhiDegree": 161.2305629989317,
				"Power": -59.67176470592352
			}]
	}
}