{
	"SensorDataCollection": {
		"SensorId": 0,
		"SensorDatas": [{
				"Time": 3.554692873447635e-7,
				"TimeDiff": 0.0,
				"PhiDegree": 60.165997699164805,
				"Power": -53.25618216893618
			}, {
				"Time": 5.113320484811959e-7,
				"TimeDiff": 1.5586276113643242e-7,
				"PhiDegree": 142.91130878254395,
				"Power": -53.31296936954749
			}, {
				"Time": 5.780930671579468e-7,
				"TimeDiff": 2.2262377981318335e-7,
				"PhiDegree": 35.17315771083532,
				"Power": -55.49394139562659
			}, {
				"Time": 5.760263036288806e-7,
				"TimeDiff": 2.2055701628411707e-7,
				"PhiDegree": 335.72782497603015,
				"Power": -67.36462142514114
			}]
	}
}