{
	"SensorDataCollection": {
		"SensorId": 0,
		"SensorDatas": [{
				"Time": 5.181503600056051e-7,
				"TimeDiff": 0.0,
				"PhiDegree": 39.036194517951955,
				"Power": -52.552575586484366
			}, {
				"Time": 5.65208476776484e-7,
				"TimeDiff": 4.705811677087891e-8,
				"PhiDegree": 147.7401295871549,
				"Power": -57.50281506063426
			}, {
				"Time": 5.040804961491454e-7,
				"TimeDiff": -1.4069863856459735e-8,
				"PhiDegree": 161.4746229886514,
				"Power": -59.97571907462226
			}]
	}
}