{
	"SensorDataCollection": {
		"SensorId": 0,
		"SensorDatas": [{
				"Time": 3.5597267633671624e-7,
				"TimeDiff": 0.0,
				"PhiDegree": 58.96698162828163,
				"Power": -52.45783203555335
			}, {
				"Time": 5.146866113334478e-7,
				"TimeDiff": 1.5871393499673157e-7,
				"PhiDegree": 143.6556238293502,
				"Power": -53.77258008971319
			}, {
				"Time": 5.707172482539734e-7,
				"TimeDiff": 2.1474457191725715e-7,
				"PhiDegree": 35.285268248087355,
				"Power": -55.31002014608913
			}, {
				"Time": 4.456392964635733e-7,
				"TimeDiff": 8.966662012685706e-8,
				"PhiDegree": 158.47677035869327,
				"Power": -56.73786615329111
			}]
	}
}