{
	"SensorDataCollection": {
		"SensorId": 0,
		"SensorDatas": [{
				"Time": 5.464797413802731e-7,
				"TimeDiff": 0.0,
				"PhiDegree": 37.10428498332617,
				"Power": -53.882359751609954
			}, {
				"Time": 5.391684756078553e-7,
				"TimeDiff": -7.311265772417828e-9,
				"PhiDegree": 145.54717467100778,
				"Power": -55.37514844424943
			}, {
				"Time": 4.7370319795832e-7,
				"TimeDiff": -7.277654342195306e-8,
				"PhiDegree": 159.8094621373021,
				"Power": -58.17528908973992
			}]
	}
}