{
	"SensorDataCollection": {
		"SensorId": 0,
		"SensorDatas": [{
				"Time": 3.6855748350586823e-7,
				"TimeDiff": 0.0,
				"PhiDegree": 55.85416320221636,
				"Power": -51.01138504861021
			}, {
				"Time": 5.518166290355087e-7,
				"TimeDiff": 1.8325914552964047e-7,
				"PhiDegree": 36.68628016378236,
				"Power": -54.18782824653421
			}, {
				"Time": 5.336790911561604e-7,
				"TimeDiff": 1.6512160765029217e-7,
				"PhiDegree": 145.14185944652456,
				"Power": -55.007811067106374
			}, {
				"Time": 4.674456620869492e-7,
				"TimeDiff": 9.888817858108098e-8,
				"PhiDegree": 159.52714831174902,
				"Power": -57.86049294639713
			}]
	}
}