{
	"SensorDataCollection": {
		"SensorId": 0,
		"SensorDatas": [{
				"Time": 3.612349560347819e-7,
				"TimeDiff": 0.0,
				"PhiDegree": 57.60641561933978,
				"Power": -51.75973705006511
			}, {
				"Time": 5.227829598337495e-7,
				"TimeDiff": 1.6154800379896756e-7,
				"PhiDegree": 144.3057988200492,
				"Power": -54.29158299517913
			}, {
				"Time": 5.625760011070262e-7,
				"TimeDiff": 2.013410450722443e-7,
				"PhiDegree": 35.87417019933111,
				"Power": -54.819671799838375
			}, {
				"Time": 4.5496604022627504e-7,
				"TimeDiff": 9.373108419149313e-8,
				"PhiDegree": 158.93925930194385,
				"Power": -57.22295082431454
			}]
	}
}