{
	"SensorDataCollection": {
		"SensorId": 0,
		"SensorDatas": [{
				"Time": 5.765388262564661e-7,
				"TimeDiff": 0.0,
				"PhiDegree": 148.44810939492282,
				"Power": -58.308649784904105
			}, {
				"Time": 5.167528834550988e-7,
				"TimeDiff": -5.978594280136737e-8,
				"PhiDegree": 161.94480397739534,
				"Power": -60.57558350596142
			}, {
				"Time": 5.56454687720403e-7,
				"TimeDiff": -2.00841385360631e-8,
				"PhiDegree": 62.11440994910801,
				"Power": -61.94735315404729
			}]
	}
}