{
	"SensorDataCollection": {
		"SensorId": 0,
		"SensorDatas": [{
				"Time": 5.953939625974237e-7,
				"TimeDiff": 0.0,
				"PhiDegree": 149.1826106671013,
				"Power": -59.287649055934565
			}, {
				"Time": 5.631981949985535e-7,
				"TimeDiff": -3.2195767598870274e-8,
				"PhiDegree": 60.155081642333236,
				"Power": -59.80006327564337
			}, {
				"Time": 5.368296241491367e-7,
				"TimeDiff": -5.856433844828708e-8,
				"PhiDegree": 162.2684613002707,
				"Power": -61.17892270639973
			}]
	}
}