{
	"SensorDataCollection": {
		"SensorId": 0,
		"SensorDatas": [{
				"Time": 1.806106585835467e-7,
				"TimeDiff": 0.0,
				"PhiDegree": 115.14478563067897,
				"Power": -42.256386449799095
			}, {
				"Time": 2.24813706100234e-7,
				"TimeDiff": 4.420304751668729e-8,
				"PhiDegree": 133.3437769098124,
				"Power": -44.18983618650226
			}, {
				"Time": 2.7983929655984207e-7,
				"TimeDiff": 9.922863797629536e-8,
				"PhiDegree": 236.53616616299564,
				"Power": -48.95990300872356
			}, {
				"Time": 2.457418145993216e-7,
				"TimeDiff": 6.513115601577489e-8,
				"PhiDegree": 251.80269772456685,
				"Power": -54.00199226668326
			}]
	}
}