{
	"SensorDataCollection": {
		"SensorId": 0,
		"SensorDatas": [{
				"Time": 5.625195140426385e-7,
				"TimeDiff": 0.0,
				"PhiDegree": 58.9323799365448,
				"Power": -58.551913172802784
			}, {
				"Time": 6.074095765638022e-7,
				"TimeDiff": 4.4890062521163636e-8,
				"PhiDegree": 149.1257378570487,
				"Power": -59.4054670444381
			}, {
				"Time": 5.484063903214384e-7,
				"TimeDiff": -1.4113123721200126e-8,
				"PhiDegree": 161.92288470519279,
				"Power": -61.07376954442719
			}, {
				"Time": 6.141894451261408e-7,
				"TimeDiff": 5.1669931083502255e-8,
				"PhiDegree": 163.9150500331064,
				"Power": -74.79073975113027
			}]
	}
}