{
	"SensorDataCollection": {
		"SensorId": 0,
		"SensorDatas": [{
				"Time": 5.642486240447798e-7,
				"TimeDiff": 0.0,
				"PhiDegree": 58.64216433324071,
				"Power": -58.30285156737547
			}, {
				"Time": 6.102758030379208e-7,
				"TimeDiff": 4.6027178993141025e-8,
				"PhiDegree": 149.28648964640922,
				"Power": -59.60455333099188
			}, {
				"Time": 5.515793061904621e-7,
				"TimeDiff": -1.2669317854317726e-8,
				"PhiDegree": 162.03043255318818,
				"Power": -61.21348802737134
			}, {
				"Time": 6.109841258293624e-7,
				"TimeDiff": 4.673550178458263e-8,
				"PhiDegree": 163.8283578717373,
				"Power": -74.57869801211372
			}]
	}
}