{
	"SensorDataCollection": {
		"SensorId": 0,
		"SensorDatas": [{
				"Time": 5.988401336037865e-7,
				"TimeDiff": 0.0,
				"PhiDegree": 148.6342677825894,
				"Power": -58.81145907485815
			}, {
				"Time": 5.574198450319572e-7,
				"TimeDiff": -4.142028857182924e-8,
				"PhiDegree": 59.813723760462324,
				"Power": -59.35239378819513
			}, {
				"Time": 5.388995090539359e-7,
				"TimeDiff": -5.994062454985052e-8,
				"PhiDegree": 161.59264802843867,
				"Power": -60.65108593425754
			}, {
				"Time": 6.238136661701829e-7,
				"TimeDiff": 2.497353256639642e-8,
				"PhiDegree": 164.16977844760825,
				"Power": -75.42182788142932
			}]
	}
}