{
	"SensorDataCollection": {
		"SensorId": 0,
		"SensorDatas": [{
				"Time": 5.374203203040693e-7,
				"TimeDiff": 0.0,
				"PhiDegree": 38.744919140124956,
				"Power": -52.98448332101722
			}, {
				"Time": 5.56714489750403e-7,
				"TimeDiff": 1.9294169446333733e-8,
				"PhiDegree": 145.9522016173041,
				"Power": -55.943534323706686
			}, {
				"Time": 4.916647214739167e-7,
				"TimeDiff": -4.5755598830152666e-8,
				"PhiDegree": 159.75059901310578,
				"Power": -58.456662146125836
			}]
	}
}