{
	"SensorDataCollection": {
		"SensorId": 0,
		"SensorDatas": [{
				"Time": 3.6170717606299014e-7,
				"TimeDiff": 0.0,
				"PhiDegree": 59.51194486932424,
				"Power": -52.9552024019098
			}, {
				"Time": 5.186693000390963e-7,
				"TimeDiff": 1.5696212397610618e-7,
				"PhiDegree": 143.0618397675336,
				"Power": -53.51510087999735
			}, {
				"Time": 5.745978768081106e-7,
				"TimeDiff": 2.1289070074512048e-7,
				"PhiDegree": 35.82845241899925,
				"Power": -55.030828204862104
			}, {
				"Time": 5.834813641036637e-7,
				"TimeDiff": 2.2177418804067352e-7,
				"PhiDegree": 335.6985138656208,
				"Power": -67.42926184044381
			}]
	}
}