{
	"SensorDataCollection": {
		"SensorId": 0,
		"SensorDatas": [{
				"Time": 3.6688721479303314e-7,
				"TimeDiff": 0.0,
				"PhiDegree": 58.16473702613017,
				"Power": -52.2215306377328
			}, {
				"Time": 5.267044313556456e-7,
				"TimeDiff": 1.5981721656261244e-7,
				"PhiDegree": 143.71622910330575,
				"Power": -54.00755200743953
			}, {
				"Time": 5.665124002167772e-7,
				"TimeDiff": 1.9962518542374406e-7,
				"PhiDegree": 36.42107076378798,
				"Power": -54.56263167628782
			}]
	}
}