{
	"SensorDataCollection": {
		"SensorId": 0,
		"SensorDatas": [{
				"Time": 5.999699725702001e-7,
				"TimeDiff": 0.0,
				"PhiDegree": 149.0722009395855,
				"Power": -59.24620898843473
			}, {
				"Time": 5.619830238164623e-7,
				"TimeDiff": -3.798694875373786e-8,
				"PhiDegree": 59.690720519825845,
				"Power": -59.29658280562512
			}, {
				"Time": 5.410282736985133e-7,
				"TimeDiff": -5.8941698871686836e-8,
				"PhiDegree": 162.03950853946208,
				"Power": -61.05332254272895
			}]
	}
}