{
	"SensorDataCollection": {
		"SensorId": 0,
		"SensorDatas": [{
				"Time": 5.405793346040621e-7,
				"TimeDiff": 0.0,
				"PhiDegree": 38.02640927217824,
				"Power": -53.3426587734355
			}, {
				"Time": 5.493179281258988e-7,
				"TimeDiff": 8.738593521836712e-9,
				"PhiDegree": 145.85085789806132,
				"Power": -55.753610829190706
			}, {
				"Time": 4.842497404396173e-7,
				"TimeDiff": -5.632959416444487e-8,
				"PhiDegree": 159.84770893718974,
				"Power": -58.39385717461818
			}]
	}
}