{
	"SensorDataCollection": {
		"SensorId": 0,
		"SensorDatas": [{
				"Time": 5.914056797400058e-7,
				"TimeDiff": 0.0,
				"PhiDegree": 148.57377497530786,
				"Power": -58.64637658495016
			}, {
				"Time": 5.569983816352142e-7,
				"TimeDiff": -3.4407298104791575e-8,
				"PhiDegree": 60.57968752351546,
				"Power": -60.1632106857229
			}, {
				"Time": 5.315151013697023e-7,
				"TimeDiff": -5.98905783703035e-8,
				"PhiDegree": 161.7067724601239,
				"Power": -60.624085564350025
			}]
	}
}