{
	"SensorDataCollection": {
		"SensorId": 0,
		"SensorDatas": [{
				"Time": 3.5714095849529125e-7,
				"TimeDiff": 0.0,
				"PhiDegree": 59.70164075687246,
				"Power": -52.973505032146335
			}, {
				"Time": 5.139976359945812e-7,
				"TimeDiff": 1.5685667749928993e-7,
				"PhiDegree": 143.1356070432249,
				"Power": -53.475491742985525
			}, {
				"Time": 5.753688571286915e-7,
				"TimeDiff": 2.182278986334003e-7,
				"PhiDegree": 35.36455968264658,
				"Power": -55.32987336636654
			}, {
				"Time": 5.790696206205265e-7,
				"TimeDiff": 2.2192866212523524e-7,
				"PhiDegree": 335.8635373353609,
				"Power": -67.62951822534394
			}]
	}
}