{
	"SensorDataCollection": {
		"SensorId": 0,
		"SensorDatas": [{
				"Time": 5.992031078845023e-7,
				"TimeDiff": 0.0,
				"PhiDegree": 34.14738056186178,
				"Power": -56.5098919331012
			}]
	}
}