{
	"SensorDataCollection": {
		"SensorId": 0,
		"SensorDatas": [{
				"Time": 3.651382107767812e-7,
				"TimeDiff": 0.0,
				"PhiDegree": 58.6095500896763,
				"Power": -52.4522383067397
			}, {
				"Time": 5.240184983241082e-7,
				"TimeDiff": 1.58880287547327e-7,
				"PhiDegree": 143.5003301837182,
				"Power": -53.841446004342146
			}, {
				"Time": 5.692007613505984e-7,
				"TimeDiff": 2.0406255057381715e-7,
				"PhiDegree": 36.221661415453305,
				"Power": -54.717133786332155
			}, {
				"Time": 5.895697415382626e-7,
				"TimeDiff": 2.244315307614814e-7,
				"PhiDegree": 335.96540768676255,
				"Power": -67.95146957525728
			}]
	}
}