{
	"SensorDataCollection": {
		"SensorId": 0,
		"SensorDatas": [{
				"Time": 3.759545195224555e-7,
				"TimeDiff": 0.0,
				"PhiDegree": 56.004168332955274,
				"Power": -51.25696921983294
			}, {
				"Time": 5.531765173160463e-7,
				"TimeDiff": 1.7722199779359082e-7,
				"PhiDegree": 37.44705240156,
				"Power": -53.815833274426126
			}, {
				"Time": 5.402429180035106e-7,
				"TimeDiff": 1.6428839848105511e-7,
				"PhiDegree": 144.76336044332868,
				"Power": -54.86466938390461
			}, {
				"Time": 4.729329611022266e-7,
				"TimeDiff": 9.69784415797711e-8,
				"PhiDegree": 158.9111195057787,
				"Power": -57.540510756781174
			}]
	}
}