{
	"SensorDataCollection": {
		"SensorId": 0,
		"SensorDatas": [{
				"Time": 5.846594614834636e-7,
				"TimeDiff": 0.0,
				"PhiDegree": 147.7832568806392,
				"Power": -57.83416116402732
			}, {
				"Time": 5.230964166825327e-7,
				"TimeDiff": -6.156304480093091e-8,
				"PhiDegree": 161.01561622051557,
				"Power": -59.934724341667874
			}, {
				"Time": 5.492206696724793e-7,
				"TimeDiff": -3.54387918109843e-8,
				"PhiDegree": 61.318311861424085,
				"Power": -60.877459464017235
			}]
	}
}