{
	"SensorDataCollection": {
		"SensorId": 0,
		"SensorDatas": [{
				"Time": 3.7226438553294053e-7,
				"TimeDiff": 0.0,
				"PhiDegree": 56.85574198852378,
				"Power": -51.60675819865722
			}, {
				"Time": 5.584892804350516e-7,
				"TimeDiff": 1.8622489490211105e-7,
				"PhiDegree": 37.030782731249616,
				"Power": -54.10917443783843
			}, {
				"Time": 5.348061989270546e-7,
				"TimeDiff": 1.6254181339411404e-7,
				"PhiDegree": 144.35087249527098,
				"Power": -54.51676743801437
			}, {
				"Time": 4.66712808539445e-7,
				"TimeDiff": 9.444842300650447e-8,
				"PhiDegree": 158.61634185795387,
				"Power": -57.23024822099697
			}]
	}
}