{
	"SensorDataCollection": {
		"SensorId": 0,
		"SensorDatas": [{
				"Time": 5.249540464511743e-7,
				"TimeDiff": 0.0,
				"PhiDegree": 39.37258015505118,
				"Power": -52.54037414238314
			}, {
				"Time": 5.659975188322882e-7,
				"TimeDiff": 4.104347238111384e-8,
				"PhiDegree": 146.9885648751934,
				"Power": -56.885224352742256
			}, {
				"Time": 5.030912603888216e-7,
				"TimeDiff": -2.1862786062352696e-8,
				"PhiDegree": 160.63323473987487,
				"Power": -59.30294824130341
			}]
	}
}