{
	"SensorDataCollection": {
		"SensorId": 0,
		"SensorDatas": [{
				"Time": 3.5673285697681245e-7,
				"TimeDiff": 0.0,
				"PhiDegree": 60.897508195082196,
				"Power": -53.82145631671088
			}, {
				"Time": 5.827431146396375e-7,
				"TimeDiff": 2.2601025766282507e-7,
				"PhiDegree": 35.25234040039833,
				"Power": -55.51231040808172
			}, {
				"Time": 5.743731653694526e-7,
				"TimeDiff": 2.1764030839264015e-7,
				"PhiDegree": 335.2875790136302,
				"Power": -66.6430607619946
			}]
	}
}