{
	"SensorDataCollection": {
		"SensorId": 0,
		"SensorDatas": [{
				"Time": 3.658413720546277e-7,
				"TimeDiff": 0.0,
				"PhiDegree": 57.44512310437845,
				"Power": -51.77836435055903
			}, {
				"Time": 5.27440134188135e-7,
				"TimeDiff": 1.6159876213350735e-7,
				"PhiDegree": 144.2229103491996,
				"Power": -54.31808272565412
			}, {
				"Time": 5.618469136385985e-7,
				"TimeDiff": 1.9600554158397076e-7,
				"PhiDegree": 36.34928872481616,
				"Power": -54.53129818824458
			}, {
				"Time": 4.592828323677084e-7,
				"TimeDiff": 9.344146031308071e-8,
				"PhiDegree": 158.70039790127763,
				"Power": -57.14612759782753
			}]
	}
}