{
	"SensorDataCollection": {
		"SensorId": 0,
		"SensorDatas": [{
				"Time": 5.959936316456896e-7,
				"TimeDiff": 0.0,
				"PhiDegree": 148.467308285231,
				"Power": -58.614641304766366
			}, {
				"Time": 5.557496225797809e-7,
				"TimeDiff": -4.0244009065908725e-8,
				"PhiDegree": 60.11107335438057,
				"Power": -59.63770135512523
			}, {
				"Time": 5.357346210636292e-7,
				"TimeDiff": -6.025901058206034e-8,
				"PhiDegree": 161.4799659835409,
				"Power": -60.50900794461825
			}, {
				"Time": 6.270244237741859e-7,
				"TimeDiff": 3.103079212849627e-8,
				"PhiDegree": 164.2529496060628,
				"Power": -75.63052549844997
			}]
	}
}