{
	"SensorDataCollection": {
		"SensorId": 0,
		"SensorDatas": [{
				"Time": 3.694751305570867e-7,
				"TimeDiff": 0.0,
				"PhiDegree": 56.57283956779284,
				"Power": -51.392749699195406
			}, {
				"Time": 5.564861830220842e-7,
				"TimeDiff": 1.870110524649975e-7,
				"PhiDegree": 36.75652924097241,
				"Power": -54.223028359824454
			}, {
				"Time": 5.32868435708818e-7,
				"TimeDiff": 1.633933051517313e-7,
				"PhiDegree": 144.6424081019435,
				"Power": -54.66777952591677
			}, {
				"Time": 4.655066000929196e-7,
				"TimeDiff": 9.603146953583291e-8,
				"PhiDegree": 158.99875589096504,
				"Power": -57.46187026408036
			}]
	}
}