{
	"SensorDataCollection": {
		"SensorId": 0,
		"SensorDatas": [{
				"Time": 3.622940964647748e-7,
				"TimeDiff": 0.0,
				"PhiDegree": 58.33469755558125,
				"Power": -52.21487569150162
			}, {
				"Time": 5.220406937680355e-7,
				"TimeDiff": 1.5974659730326075e-7,
				"PhiDegree": 143.79471155614686,
				"Power": -53.975344158366426
			}, {
				"Time": 5.672354910050393e-7,
				"TimeDiff": 2.0494139454026446e-7,
				"PhiDegree": 35.94976568303661,
				"Power": -54.84616635563208
			}, {
				"Time": 4.530718606414643e-7,
				"TimeDiff": 9.07777641766895e-8,
				"PhiDegree": 158.3938512794665,
				"Power": -56.82786110811588
			}]
	}
}