{
	"SensorDataCollection": {
		"SensorId": 0,
		"SensorDatas": [{
				"Time": 5.73411915224269e-7,
				"TimeDiff": 0.0,
				"PhiDegree": 147.07226527419292,
				"Power": -57.066252752839205
			}, {
				"Time": 5.104942700610232e-7,
				"TimeDiff": -6.291764516324582e-8,
				"PhiDegree": 160.52830708722612,
				"Power": -59.35080189264336
			}, {
				"Time": 5.429413473594729e-7,
				"TimeDiff": -3.04705678647961e-8,
				"PhiDegree": 62.55403413274755,
				"Power": -62.28696619815422
			}]
	}
}