{
	"SensorDataCollection": {
		"SensorId": 0,
		"SensorDatas": [{
				"Time": 5.484990846395993e-7,
				"TimeDiff": 0.0,
				"PhiDegree": 37.38226259772321,
				"Power": -53.77403347334629
			}, {
				"Time": 5.410631010985643e-7,
				"TimeDiff": -7.435983541034995e-9,
				"PhiDegree": 145.2558177038529,
				"Power": -55.20425129256412
			}, {
				"Time": 4.748651433046038e-7,
				"TimeDiff": -7.36339413349955e-8,
				"PhiDegree": 159.4316094769216,
				"Power": -57.93072692862927
			}]
	}
}