{
	"SensorDataCollection": {
		"SensorId": 0,
		"SensorDatas": [{
				"Time": 1.9100634171903185e-7,
				"TimeDiff": 0.0,
				"PhiDegree": 117.01266534793857,
				"Power": -42.74287005431479
			}, {
				"Time": 2.2311173655799877e-7,
				"TimeDiff": 3.2105394838966926e-8,
				"PhiDegree": 130.2966375372148,
				"Power": -44.32991757531708
			}, {
				"Time": 2.8014522882614255e-7,
				"TimeDiff": 8.91388871071107e-8,
				"PhiDegree": 238.99738840411032,
				"Power": -50.39633539682342
			}, {
				"Time": 2.5531534388088296e-7,
				"TimeDiff": 6.430900216185111e-8,
				"PhiDegree": 250.1361387644275,
				"Power": -53.042333242673735
			}]
	}
}