{
	"SensorDataCollection": {
		"SensorId": 0,
		"SensorDatas": [{
				"Time": 5.790245439545372e-7,
				"TimeDiff": 0.0,
				"PhiDegree": 147.43121380656316,
				"Power": -57.448485748178854
			}, {
				"Time": 5.16790671109427e-7,
				"TimeDiff": -6.223387284511014e-8,
				"PhiDegree": 160.77493245180895,
				"Power": -59.64397423968262
			}, {
				"Time": 5.460492584228221e-7,
				"TimeDiff": -3.297528553171505e-8,
				"PhiDegree": 61.93262050254107,
				"Power": -61.55992813591391
			}]
	}
}