{
	"SensorDataCollection": {
		"SensorId": 0,
		"SensorDatas": [{
				"Time": 5.688353105940677e-7,
				"TimeDiff": 0.0,
				"PhiDegree": 58.53006312628747,
				"Power": -58.26848717449943
			}, {
				"Time": 6.114573440270743e-7,
				"TimeDiff": 4.262203343300664e-8,
				"PhiDegree": 149.71498093502365,
				"Power": -60.053462205386325
			}, {
				"Time": 5.537397480043766e-7,
				"TimeDiff": -1.5095562589691068e-8,
				"PhiDegree": 162.4653521136873,
				"Power": -61.617145726967834
			}, {
				"Time": 6.068544676912425e-7,
				"TimeDiff": 3.801915709717483e-8,
				"PhiDegree": 164.04318021888372,
				"Power": -74.93466557737358
			}]
	}
}