{
	"SensorDataCollection": {
		"SensorId": 0,
		"SensorDatas": [{
				"Time": 5.322319469027505e-7,
				"TimeDiff": 0.0,
				"PhiDegree": 39.19453224428825,
				"Power": -52.725467033423826
			}, {
				"Time": 5.62256191445955e-7,
				"TimeDiff": 3.002424454320455e-8,
				"PhiDegree": 146.33294244727367,
				"Power": -56.31342410352926
			}, {
				"Time": 4.979309189669614e-7,
				"TimeDiff": -3.430102793578903e-8,
				"PhiDegree": 160.0163686430836,
				"Power": -58.75715239818949
			}]
	}
}