{
	"SensorDataCollection": {
		"SensorId": 0,
		"SensorDatas": [{
				"Time": 5.818392570327944e-7,
				"TimeDiff": 0.0,
				"PhiDegree": 147.60808769695507,
				"Power": -57.640912570917834
			}, {
				"Time": 5.199423970676431e-7,
				"TimeDiff": -6.18968599651513e-8,
				"PhiDegree": 160.89600407540922,
				"Power": -59.78965136002864
			}, {
				"Time": 5.476270949581732e-7,
				"TimeDiff": -3.421216207462127e-8,
				"PhiDegree": 61.62457679209406,
				"Power": -61.213261309386965
			}]
	}
}