{
	"SensorDataCollection": {
		"SensorId": 0,
		"SensorDatas": [{
				"Time": 5.903160295318825e-7,
				"TimeDiff": 0.0,
				"PhiDegree": 148.12856603984167,
				"Power": -58.222975115922495
			}, {
				"Time": 5.294111728762992e-7,
				"TimeDiff": -6.090485665558323e-8,
				"PhiDegree": 161.25056235594752,
				"Power": -60.22306428729863
			}, {
				"Time": 5.524544875251158e-7,
				"TimeDiff": -3.786154200676666e-8,
				"PhiDegree": 60.711125862703724,
				"Power": -60.23739422533072
			}]
	}
}