{
	"SensorDataCollection": {
		"SensorId": 0,
		"SensorDatas": [{
				"Time": 3.519729797480443e-7,
				"TimeDiff": 0.0,
				"PhiDegree": 62.32139856889231,
				"Power": -54.835983831574225
			}, {
				"Time": 5.909456425779996e-7,
				"TimeDiff": 2.3897266282995533e-7,
				"PhiDegree": 34.692166309121156,
				"Power": -56.00574151024516
			}]
	}
}