{
	"SensorDataCollection": {
		"SensorId": 0,
		"SensorDatas": [{
				"Time": 5.348220169480105e-7,
				"TimeDiff": 0.0,
				"PhiDegree": 38.968635257159356,
				"Power": -52.853756497214334
			}, {
				"Time": 5.594822524273747e-7,
				"TimeDiff": 2.466023547936423e-8,
				"PhiDegree": 146.14351484513585,
				"Power": -56.127896780659526
			}, {
				"Time": 4.94796489503696e-7,
				"TimeDiff": -4.0025527444314516e-8,
				"PhiDegree": 159.88432526671212,
				"Power": -58.60721317384281
			}]
	}
}