{
	"SensorDataCollection": {
		"SensorId": 0,
		"SensorDatas": [{
				"Time": 5.511541116997468e-7,
				"TimeDiff": 0.0,
				"PhiDegree": 37.17167066463713,
				"Power": -53.92182795869991
			}, {
				"Time": 5.383247252513173e-7,
				"TimeDiff": -1.2829386448429499e-8,
				"PhiDegree": 145.0534237240891,
				"Power": -55.0239186762832
			}, {
				"Time": 4.7174265735908704e-7,
				"TimeDiff": -7.941145434065979e-8,
				"PhiDegree": 159.28923348111556,
				"Power": -57.77507701435427
			}]
	}
}