{
	"SensorDataCollection": {
		"SensorId": 0,
		"SensorDatas": [{
				"Time": 5.275376410115377e-7,
				"TimeDiff": 0.0,
				"PhiDegree": 39.14269224255675,
				"Power": -52.66798220656554
			}, {
				"Time": 5.632024720971273e-7,
				"TimeDiff": 3.566483108558955e-8,
				"PhiDegree": 146.80363349707739,
				"Power": -56.69390380290592
			}, {
				"Time": 4.999446464676084e-7,
				"TimeDiff": -2.759299454392936e-8,
				"PhiDegree": 160.50642768142046,
				"Power": -59.15301849711079
			}]
	}
}