{
	"SensorDataCollection": {
		"SensorId": 0,
		"SensorDatas": [{
				"Time": 3.551219705498197e-7,
				"TimeDiff": 0.0,
				"PhiDegree": 61.36788647141297,
				"Power": -54.142316532092835
			}, {
				"Time": 5.854710436155667e-7,
				"TimeDiff": 2.3034907306574704e-7,
				"PhiDegree": 35.06387234824276,
				"Power": -55.67552262438522
			}]
	}
}