{
	"SensorDataCollection": {
		"SensorId": 0,
		"SensorDatas": [{
				"Time": 5.50531243724506e-7,
				"TimeDiff": 0.0,
				"PhiDegree": 37.65819448681684,
				"Power": -53.672037515482714
			}, {
				"Time": 5.429716198904293e-7,
				"TimeDiff": -7.559623834076736e-9,
				"PhiDegree": 144.96650151009075,
				"Power": -55.040961113351614
			}, {
				"Time": 4.760476396857873e-7,
				"TimeDiff": -7.448360403871874e-8,
				"PhiDegree": 159.055617693936,
				"Power": -57.69472970399025
			}]
	}
}