{
	"SensorDataCollection": {
		"SensorId": 0,
		"SensorDatas": [{
				"Time": 5.828874550598015e-7,
				"TimeDiff": 0.0,
				"PhiDegree": 148.06074139766275,
				"Power": -58.052295293964875
			}, {
				"Time": 5.220205074720712e-7,
				"TimeDiff": -6.08669475877303e-8,
				"PhiDegree": 161.36192067929255,
				"Power": -60.18931547834984
			}, {
				"Time": 5.521502263198877e-7,
				"TimeDiff": -3.07372287399138e-8,
				"PhiDegree": 61.484486727273065,
				"Power": -61.11851281902682
			}]
	}
}