{
	"SensorDataCollection": {
		"SensorId": 0,
		"SensorDatas": [{
				"Time": 5.964446558326496e-7,
				"TimeDiff": 0.0,
				"PhiDegree": 34.32729915026781,
				"Power": -56.34072251588542
			}]
	}
}