{
	"SensorDataCollection": {
		"SensorId": 0,
		"SensorDatas": [{
				"Time": 5.478935185587958e-7,
				"TimeDiff": 0.0,
				"PhiDegree": 37.871372494125865,
				"Power": -53.530244992301675
			}, {
				"Time": 5.457070788572111e-7,
				"TimeDiff": -2.1864397015846796e-9,
				"PhiDegree": 145.1676085184922,
				"Power": -55.2187346293677
			}, {
				"Time": 4.791653067145436e-7,
				"TimeDiff": -6.872821184425217e-8,
				"PhiDegree": 159.19823643775845,
				"Power": -57.848338791586585
			}]
	}
}