{
	"SensorDataCollection": {
		"SensorId": 0,
		"SensorDatas": [{
				"Time": 5.400267381288298e-7,
				"TimeDiff": 0.0,
				"PhiDegree": 38.52335918641114,
				"Power": -53.11756993640603
			}, {
				"Time": 5.539529959931973e-7,
				"TimeDiff": 1.3926257864367524e-8,
				"PhiDegree": 145.75897879805584,
				"Power": -55.76038567707863
			}, {
				"Time": 4.885356660611501e-7,
				"TimeDiff": -5.14910720676797e-8,
				"PhiDegree": 159.61515898899867,
				"Power": -58.30549910185576
			}]
	}
}