{
	"SensorDataCollection": {
		"SensorId": 0,
		"SensorDatas": [{
				"Time": 5.223789864091491e-7,
				"TimeDiff": 0.0,
				"PhiDegree": 39.604738294387005,
				"Power": -52.41539918138483
			}, {
				"Time": 5.68798404030147e-7,
				"TimeDiff": 4.641941762099788e-8,
				"PhiDegree": 147.17167686187346,
				"Power": -57.07752600024361
			}, {
				"Time": 5.062403079393709e-7,
				"TimeDiff": -1.613867846977819e-8,
				"PhiDegree": 160.75846480894495,
				"Power": -59.45224634298941
			}]
	}
}