{
	"SensorDataCollection": {
		"SensorId": 0,
		"SensorDatas": [{
				"Time": 3.704506151460186e-7,
				"TimeDiff": 0.0,
				"PhiDegree": 57.28784305573649,
				"Power": -51.79924429288428
			}, {
				"Time": 5.611565596326523e-7,
				"TimeDiff": 1.9070594448663366e-7,
				"PhiDegree": 36.82560908684046,
				"Power": -54.25859430182422
			}, {
				"Time": 5.320983930836001e-7,
				"TimeDiff": 1.6164777793758146e-7,
				"PhiDegree": 144.14147300572048,
				"Power": -54.34527982470766
			}, {
				"Time": 4.636074580570527e-7,
				"TimeDiff": 9.315684291103407e-8,
				"PhiDegree": 158.46598878617473,
				"Power": -57.0742078101799
			}]
	}
}