{
	"SensorDataCollection": {
		"SensorId": 0,
		"SensorDatas": [{
				"Time": 5.198125877209815e-7,
				"TimeDiff": 0.0,
				"PhiDegree": 39.83919271924974,
				"Power": -52.29314383400771
			}, {
				"Time": 5.716050418646802e-7,
				"TimeDiff": 5.1792454143698634e-8,
				"PhiDegree": 147.35299248908817,
				"Power": -57.27076591252117
			}, {
				"Time": 5.093917439853433e-7,
				"TimeDiff": -1.0420843735638212e-8,
				"PhiDegree": 160.8821459498306,
				"Power": -59.60091419208999
			}, {
				"Time": 5.459046025654447e-7,
				"TimeDiff": 2.6092014844463146e-8,
				"PhiDegree": 62.71544543083478,
				"Power": -62.541918400792156
			}]
	}
}