{
	"SensorDataCollection": {
		"SensorId": 0,
		"SensorDatas": [{
				"Time": 5.245123543904596e-7,
				"TimeDiff": 0.0,
				"PhiDegree": 39.88555866490747,
				"Power": -52.35603239531008
			}, {
				"Time": 5.706141647937632e-7,
				"TimeDiff": 4.610181040330359e-8,
				"PhiDegree": 146.8901465909336,
				"Power": -56.876527202194026
			}, {
				"Time": 5.073496824747762e-7,
				"TimeDiff": -1.716267191568341e-8,
				"PhiDegree": 160.40270003494072,
				"Power": -59.20330414171005
			}]
	}
}