{
	"SensorDataCollection": {
		"SensorId": 0,
		"SensorDatas": [{
				"Time": 5.942554234722443e-7,
				"TimeDiff": 0.0,
				"PhiDegree": 148.74151276156238,
				"Power": -58.84572559669182
			}, {
				"Time": 5.586449421834814e-7,
				"TimeDiff": -3.5610481288762886e-8,
				"PhiDegree": 60.28160518360098,
				"Power": -59.86479655527221
			}, {
				"Time": 5.346841434730256e-7,
				"TimeDiff": -5.957127999921875e-8,
				"PhiDegree": 161.8189999200465,
				"Power": -60.76777622958957
			}]
	}
}