{
	"SensorDataCollection": {
		"SensorId": 0,
		"SensorDatas": [{
				"Time": 5.800586353020122e-7,
				"TimeDiff": 0.0,
				"PhiDegree": 147.88638696339294,
				"Power": -57.85570576814105
			}, {
				"Time": 5.188599477158932e-7,
				"TimeDiff": -6.1198687586119e-8,
				"PhiDegree": 161.24416703342519,
				"Power": -60.0431521254568
			}, {
				"Time": 5.505651310807327e-7,
				"TimeDiff": -2.9493504221279456e-8,
				"PhiDegree": 61.78959935865823,
				"Power": -61.457797026182206
			}]
	}
}