{
	"SensorDataCollection": {
		"SensorId": 0,
		"SensorDatas": [{
				"Time": 5.379548990646807e-7,
				"TimeDiff": 0.0,
				"PhiDegree": 38.245329283799336,
				"Power": -53.203099561065315
			}, {
				"Time": 5.520824405229691e-7,
				"TimeDiff": 1.4127541458288402e-8,
				"PhiDegree": 146.04524258850876,
				"Power": -55.939336022673274
			}, {
				"Time": 4.873834692407042e-7,
				"TimeDiff": -5.05714298239765e-8,
				"PhiDegree": 159.98284522352705,
				"Power": -58.54696057225506
			}]
	}
}