{
	"SensorDataCollection": {
		"SensorId": 0,
		"SensorDatas": [{
				"Time": 5.32729936596363e-7,
				"TimeDiff": 0.0,
				"PhiDegree": 38.689623941013366,
				"Power": -52.93076378508765
			}, {
				"Time": 5.576302450057448e-7,
				"TimeDiff": 2.490030840938174e-8,
				"PhiDegree": 146.42821889460586,
				"Power": -56.314383928398186
			}, {
				"Time": 4.936589056225704e-7,
				"TimeDiff": -3.9071030973792615e-8,
				"PhiDegree": 160.24796708679003,
				"Power": -58.85125925671119
			}]
	}
}