{
	"SensorDataCollection": {
		"SensorId": 0,
		"SensorDatas": [{
				"Time": 5.931522390287167e-7,
				"TimeDiff": 0.0,
				"PhiDegree": 148.29874776425078,
				"Power": -58.41846891591976
			}, {
				"Time": 5.540944582962649e-7,
				"TimeDiff": -3.905778073245176e-8,
				"PhiDegree": 60.41020750206592,
				"Power": -59.93262325063145
			}, {
				"Time": 5.325718298114839e-7,
				"TimeDiff": -6.05804092172328e-8,
				"PhiDegree": 161.36594512060515,
				"Power": -60.36633472152201
			}]
	}
}