{
	"SensorDataCollection": {
		"SensorId": 0,
		"SensorDatas": [{
				"Time": 5.458515395346654e-7,
				"TimeDiff": 0.0,
				"PhiDegree": 37.594900295900764,
				"Power": -53.62819553695569
			}, {
				"Time": 5.438081603643226e-7,
				"TimeDiff": -2.0433791703428377e-9,
				"PhiDegree": 145.45617085583442,
				"Power": -55.38601472876779
			}, {
				"Time": 4.779905231635199e-7,
				"TimeDiff": -6.786101637114554e-8,
				"PhiDegree": 159.5721244569383,
				"Power": -58.085740410517715
			}]
	}
}