{
	"SensorDataCollection": {
		"SensorId": 0,
		"SensorDatas": [{
				"Time": 3.7409912264708234e-7,
				"TimeDiff": 0.0,
				"PhiDegree": 56.42785518791287,
				"Power": -51.42613613178439
			}, {
				"Time": 5.558292315611993e-7,
				"TimeDiff": 1.81730108914117e-7,
				"PhiDegree": 37.23792286463191,
				"Power": -53.96156679942058
			}, {
				"Time": 5.375210761025132e-7,
				"TimeDiff": 1.6342195345543083e-7,
				"PhiDegree": 144.55815948712407,
				"Power": -54.6899180323168
			}, {
				"Time": 4.6982133039952126e-7,
				"TimeDiff": 9.572220775243893e-8,
				"PhiDegree": 158.7647063505944,
				"Power": -57.38568311498108
			}]
	}
}