{
	"SensorDataCollection": {
		"SensorId": 0,
		"SensorDatas": [{
				"Time": 5.874850782230452e-7,
				"TimeDiff": 0.0,
				"PhiDegree": 147.95674265658616,
				"Power": -58.02819411650782
			}, {
				"Time": 5.262526887139961e-7,
				"TimeDiff": -6.123238950904913e-8,
				"PhiDegree": 161.13379409533104,
				"Power": -60.079194756458605
			}, {
				"Time": 5.508298459720481e-7,
				"TimeDiff": -3.665523225099717e-8,
				"PhiDegree": 61.01382769769212,
				"Power": -60.5522563723959
			}]
	}
}