{
	"SensorDataCollection": {
		"SensorId": 0,
		"SensorDatas": [{
				"Time": 5.857216203101062e-7,
				"TimeDiff": 0.0,
				"PhiDegree": 148.23341010015008,
				"Power": -58.24962726057004
			}, {
				"Time": 5.251832455952901e-7,
				"TimeDiff": -6.053837471481615e-8,
				"PhiDegree": 161.4782565487649,
				"Power": -60.33485742263596
			}, {
				"Time": 5.53750889519111e-7,
				"TimeDiff": -3.197073079099525e-8,
				"PhiDegree": 61.18112944159942,
				"Power": -60.78982368099244
			}]
	}
}