{
	"SensorDataCollection": {
		"SensorId": 0,
		"SensorDatas": [{
				"Time": 5.653801660019413e-7,
				"TimeDiff": 0.0,
				"PhiDegree": 59.10687515329621,
				"Power": -58.76504185345506
			}, {
				"Time": 6.057041299721968e-7,
				"TimeDiff": 4.032396397025555e-8,
				"PhiDegree": 149.39663855308325,
				"Power": -59.64886626665637
			}, {
				"Time": 5.473802316677892e-7,
				"TimeDiff": -1.799993433415201e-8,
				"PhiDegree": 162.2549025967086,
				"Power": -61.336438762641194
			}, {
				"Time": 6.132733677403981e-7,
				"TimeDiff": 4.789320173845688e-8,
				"PhiDegree": 164.21457743095502,
				"Power": -75.36207306720885
			}]
	}
}