{
	"SensorDataCollection": {
		"SensorId": 0,
		"SensorDatas": [{
				"Time": 3.588358685798026e-7,
				"TimeDiff": 0.0,
				"PhiDegree": 59.24164048361356,
				"Power": -52.70609479196496
			}, {
				"Time": 5.166710192830681e-7,
				"TimeDiff": 1.578351507032655e-7,
				"PhiDegree": 143.35758752752014,
				"Power": -53.640112109316476
			}, {
				"Time": 5.726511290183715e-7,
				"TimeDiff": 2.138152604385689e-7,
				"PhiDegree": 35.557780565776895,
				"Power": -55.16718767549244
			}, {
				"Time": 5.821161524419282e-7,
				"TimeDiff": 2.2328028386212553e-7,
				"PhiDegree": 335.9978299277459,
				"Power": -67.89399751130858
			}]
	}
}