{
	"SensorDataCollection": {
		"SensorId": 0,
		"SensorDatas": [{
				"Time": 3.640567644510231e-7,
				"TimeDiff": 0.0,
				"PhiDegree": 57.88774340551196,
				"Power": -51.99002743556784
			}, {
				"Time": 5.247367505460548e-7,
				"TimeDiff": 1.6067998609503168e-7,
				"PhiDegree": 144.0099124709527,
				"Power": -54.14581017845197
			}, {
				"Time": 5.645377712190753e-7,
				"TimeDiff": 2.004810067680522e-7,
				"PhiDegree": 36.148573832616,
				"Power": -54.68793589315456
			}, {
				"Time": 4.561757143129598e-7,
				"TimeDiff": 9.211894986193671e-8,
				"PhiDegree": 158.5481680206065,
				"Power": -56.98730887871287
			}]
	}
}