{
	"SensorDataCollection": {
		"SensorId": 0,
		"SensorDatas": [{
				"Time": 5.971102117520342e-7,
				"TimeDiff": 0.0,
				"PhiDegree": 148.9076480492377,
				"Power": -59.045680295030664
			}, {
				"Time": 5.603065340196093e-7,
				"TimeDiff": -3.680367773242495e-8,
				"PhiDegree": 59.985282792146506,
				"Power": -59.57599625295691
			}, {
				"Time": 5.378552127978921e-7,
				"TimeDiff": -5.925499895414209e-8,
				"PhiDegree": 161.92990446726282,
				"Power": -60.91085441020172
			}]
	}
}