{
	"SensorDataCollection": {
		"SensorId": 0,
		"SensorDatas": [{
				"Time": 6.016916723887145e-7,
				"TimeDiff": 0.0,
				"PhiDegree": 148.79964616337827,
				"Power": -59.008889993175586
			}, {
				"Time": 5.591049907023529e-7,
				"TimeDiff": -4.258668168636159e-8,
				"PhiDegree": 59.518158672571,
				"Power": -59.07647282527665
			}, {
				"Time": 5.420664570566055e-7,
				"TimeDiff": -5.962521533210904e-8,
				"PhiDegree": 161.70401384149415,
				"Power": -60.79257075460771
			}, {
				"Time": 6.206042366492222e-7,
				"TimeDiff": 1.891256426050772e-8,
				"PhiDegree": 164.08574687804136,
				"Power": -75.21230052053991
			}]
	}
}