{
	"SensorDataCollection": {
		"SensorId": 0,
		"SensorDatas": [{
				"Time": 5.301296453109553e-7,
				"TimeDiff": 0.0,
				"PhiDegree": 38.9150487129597,
				"Power": -52.798139314509854
			}, {
				"Time": 5.604133511822045e-7,
				"TimeDiff": 3.028370587124922e-8,
				"PhiDegree": 146.61685938724048,
				"Power": -56.503608495589944
			}, {
				"Time": 4.968005124177868e-7,
				"TimeDiff": -3.332913289316847e-8,
				"PhiDegree": 160.37801492298578,
				"Power": -59.002455865732045
			}]
	}
}