{
	"SensorDataCollection": {
		"SensorId": 0,
		"SensorDatas": [{
				"Time": 5.744173480127041e-7,
				"TimeDiff": 0.0,
				"PhiDegree": 147.5325344830601,
				"Power": -57.46490252916672
			}, {
				"Time": 5.125455244690512e-7,
				"TimeDiff": -6.187182354365291e-8,
				"PhiDegree": 161.0043055915992,
				"Power": -59.74895331523406
			}, {
				"Time": 5.474421840710312e-7,
				"TimeDiff": -2.6975163941672915e-8,
				"PhiDegree": 62.40508153091321,
				"Power": -62.169221002823946
			}]
	}
}