{
	"SensorDataCollection": {
		"SensorId": 0,
		"SensorDatas": [{
				"Time": 5.353383941110104e-7,
				"TimeDiff": 0.0,
				"PhiDegree": 38.466392523763425,
				"Power": -53.065776245082944
			}, {
				"Time": 5.548532440763144e-7,
				"TimeDiff": 1.9514849965304007e-8,
				"PhiDegree": 146.23768805492588,
				"Power": -56.12627699380627
			}, {
				"Time": 4.905198746404847e-7,
				"TimeDiff": -4.4818519470525665e-8,
				"PhiDegree": 160.1162541095372,
				"Power": -58.699427743269354
			}]
	}
}