{
	"SensorDataCollection": {
		"SensorId": 0,
		"SensorDatas": [{
				"Time": 3.676475997827567e-7,
				"TimeDiff": 0.0,
				"PhiDegree": 57.006825986023735,
				"Power": -51.579420609275246
			}, {
				"Time": 5.591630173324961e-7,
				"TimeDiff": 1.9151541754973937e-7,
				"PhiDegree": 36.55193292491107,
				"Power": -54.37630966354446
			}, {
				"Time": 5.301507326092344e-7,
				"TimeDiff": 1.625031328264777e-7,
				"PhiDegree": 144.4337330499874,
				"Power": -54.4920943250778
			}, {
				"Time": 4.6239314899921966e-7,
				"TimeDiff": 9.474554921646295e-8,
				"PhiDegree": 158.8505808625149,
				"Power": -57.30431527990301
			}]
	}
}