{
	"SensorDataCollection": {
		"SensorId": 0,
		"SensorDatas": [{
				"Time": 5.296502309547227e-7,
				"TimeDiff": 0.0,
				"PhiDegree": 39.422635021102785,
				"Power": -52.59969473153214
			}, {
				"Time": 5.650362158413891e-7,
				"TimeDiff": 3.538598488666646e-8,
				"PhiDegree": 146.52050808425017,
				"Power": -56.50006879037359
			}, {
				"Time": 5.010679599179429e-7,
				"TimeDiff": -2.8582271036779747e-8,
				"PhiDegree": 160.14675933432412,
				"Power": -58.906480220388886
			}]
	}
}