{
	"SensorDataCollection": {
		"SensorId": 0,
		"SensorDatas": [{
				"Time": 3.713236498383522e-7,
				"TimeDiff": 0.0,
				"PhiDegree": 56.14314963285012,
				"Power": -51.21792333488085
			}, {
				"Time": 5.538165131083945e-7,
				"TimeDiff": 1.8249286327004225e-7,
				"PhiDegree": 36.963100723463704,
				"Power": -54.07151398400438
			}, {
				"Time": 5.355931353353609e-7,
				"TimeDiff": 1.6426948549700866e-7,
				"PhiDegree": 144.84896270361375,
				"Power": -54.84507483898332
			}, {
				"Time": 4.686231231743359e-7,
				"TimeDiff": 9.729947333598372e-8,
				"PhiDegree": 159.1449610451769,
				"Power": -57.618791196643585
			}]
	}
}