{
	"SensorDataCollection": {
		"SensorId": 0,
		"SensorDatas": [{
				"Time": 3.6002578361969706e-7,
				"TimeDiff": 0.0,
				"PhiDegree": 59.96953528473471,
				"Power": -53.228492629648386
			}, {
				"Time": 5.160062697720441e-7,
				"TimeDiff": 1.55980486152347e-7,
				"PhiDegree": 142.83919186752996,
				"Power": -53.35500869280841
			}, {
				"Time": 5.773064404802268e-7,
				"TimeDiff": 2.1728065686052978e-7,
				"PhiDegree": 35.634609500788315,
				"Power": -55.189914407893724
			}, {
				"Time": 5.804419978327534e-7,
				"TimeDiff": 2.2041621421305636e-7,
				"PhiDegree": 335.56296879871155,
				"Power": -67.16756644852583
			}]
	}
}