{
	"SensorDataCollection": {
		"SensorId": 0,
		"SensorDatas": [{
				"Time": 5.608049250640099e-7,
				"TimeDiff": 0.0,
				"PhiDegree": 59.22437766364769,
				"Power": -58.809717469877455
			}, {
				"Time": 6.045481767272154e-7,
				"TimeDiff": 4.37432516632055e-8,
				"PhiDegree": 148.9634630647845,
				"Power": -59.20690277265402
			}, {
				"Time": 5.452354291754827e-7,
				"TimeDiff": -1.556949588852718e-8,
				"PhiDegree": 161.81408552410392,
				"Power": -60.933464550928065
			}, {
				"Time": 6.173961559227496e-7,
				"TimeDiff": 5.659123085873965e-8,
				"PhiDegree": 164.00084184360705,
				"Power": -75.00193920433455
			}]
	}
}