{
	"SensorDataCollection": {
		"SensorId": 0,
		"SensorDatas": [{
				"Time": 3.6915100467398283e-7,
				"TimeDiff": 0.0,
				"PhiDegree": 59.59117128574583,
				"Power": -53.18562929521312
			}, {
				"Time": 5.253570993656548e-7,
				"TimeDiff": 1.5620609469167198e-7,
				"PhiDegree": 142.69880843276673,
				"Power": -53.43999806554787
			}, {
				"Time": 5.758459761058962e-7,
				"TimeDiff": 2.0669497143191342e-7,
				"PhiDegree": 36.56114484035981,
				"Power": -54.6265804906449
			}, {
				"Time": 5.892874780013574e-7,
				"TimeDiff": 2.2013647332737456e-7,
				"PhiDegree": 335.24067495144834,
				"Power": -66.79277380390887
			}]
	}
}