{
	"SensorDataCollection": {
		"SensorId": 0,
		"SensorDatas": [{
				"Time": 3.8058754745700095e-7,
				"TimeDiff": 0.0,
				"PhiDegree": 55.86856998916474,
				"Power": -51.29733327772547
			}, {
				"Time": 5.525760772402014e-7,
				"TimeDiff": 1.719885297832005e-7,
				"PhiDegree": 37.932090491771255,
				"Power": -53.57622188992889
			}, {
				"Time": 5.448938859974693e-7,
				"TimeDiff": 1.6430633854046835e-7,
				"PhiDegree": 144.67921932231644,
				"Power": -54.88509698378533
			}, {
				"Time": 4.772505343423526e-7,
				"TimeDiff": 9.666298688535166e-8,
				"PhiDegree": 158.68150521781993,
				"Power": -57.46700091350809
			}]
	}
}