{
	"SensorDataCollection": {
		"SensorId": 0,
		"SensorDatas": [{
				"Time": 5.715126352910013e-7,
				"TimeDiff": 0.0,
				"PhiDegree": 146.1470179579642,
				"Power": -56.3152995625057
			}, {
				"Time": 5.06498734567589e-7,
				"TimeDiff": -6.501390072341223e-8,
				"PhiDegree": 159.56491043333983,
				"Power": -58.58386525626182
			}]
	}
}