{
	"SensorDataCollection": {
		"SensorId": 0,
		"SensorDatas": [{
				"Time": 5.390437809769425e-7,
				"TimeDiff": 0.0,
				"PhiDegree": 39.52012808101064,
				"Power": -52.717735536319836
			}, {
				"Time": 5.632272996918081e-7,
				"TimeDiff": 2.4183518714865578e-8,
				"PhiDegree": 145.57975844579911,
				"Power": -55.77723630073956
			}, {
				"Time": 4.971310359849097e-7,
				"TimeDiff": -4.191274499203285e-8,
				"PhiDegree": 159.1621069434671,
				"Power": -58.143406923222614
			}]
	}
}