{
	"SensorDataCollection": {
		"SensorId": 0,
		"SensorDatas": [{
				"Time": 5.892621522936323e-7,
				"TimeDiff": 0.0,
				"PhiDegree": 147.68173755884553,
				"Power": -57.814325063841665
			}, {
				"Time": 5.273410752618859e-7,
				"TimeDiff": -6.192107703174638e-8,
				"PhiDegree": 160.79074116646552,
				"Power": -59.83159299784188
			}, {
				"Time": 5.479135489645411e-7,
				"TimeDiff": -4.13486033290912e-8,
				"PhiDegree": 60.844743555673894,
				"Power": -60.314990954775936
			}, {
				"Time": 6.375643945082456e-7,
				"TimeDiff": 4.8302242214613276e-8,
				"PhiDegree": 164.2084824763932,
				"Power": -75.68744590611104
			}]
	}
}