{
	"SensorDataCollection": {
		"SensorId": 0,
		"SensorDatas": [{
				"Time": 3.7431725912622743e-7,
				"TimeDiff": 0.0,
				"PhiDegree": 58.26963580735819,
				"Power": -52.4589257413858
			}, {
				"Time": 5.333541001298824e-7,
				"TimeDiff": 1.59036841003655e-7,
				"PhiDegree": 143.35047185604793,
				"Power": -53.912257424515985
			}, {
				"Time": 5.678370953267951e-7,
				"TimeDiff": 1.935198362005677e-7,
				"PhiDegree": 37.16280453226384,
				"Power": -54.18536513646852
			}, {
				"Time": 5.983919260386824e-7,
				"TimeDiff": 2.2407466691245497e-7,
				"PhiDegree": 335.6420827145879,
				"Power": -67.55812058794331
			}]
	}
}