{
	"SensorDataCollection": {
		"SensorId": 0,
		"SensorDatas": [{
				"Time": 3.5648047637067867e-7,
				"TimeDiff": 0.0,
				"PhiDegree": 62.09559164273024,
				"Power": -54.75887554679451
			}, {
				"Time": 5.90119551735882e-7,
				"TimeDiff": 2.3363907536520328e-7,
				"PhiDegree": 35.14292616738902,
				"Power": -55.692459687964046
			}]
	}
}