{
	"SensorDataCollection": {
		"SensorId": 0,
		"SensorDatas": [{
				"Time": 8.681682526319568e-8,
				"TimeDiff": 0.0,
				"PhiDegree": 182.20259816176585,
				"Power": -35.862048703306364
			}, {
				"Time": 1.0938085165529774e-7,
				"TimeDiff": 2.2564026392102064e-8,
				"PhiDegree": 217.5214902752289,
				"Power": -38.501829363306555
			}, {
				"Time": 3.976045498133506e-7,
				"TimeDiff": 3.107877245501549e-7,
				"PhiDegree": 50.29846951510103,
				"Power": -50.01146294667902
			}, {
				"Time": 3.179731803917528e-7,
				"TimeDiff": 2.3115635512855713e-7,
				"PhiDegree": 105.83274921401768,
				"Power": -58.36744782481419
			}]
	}
}