{
	"SensorDataCollection": {
		"SensorId": 0,
		"SensorDatas": [{
				"Time": 8.014888272175323e-8,
				"TimeDiff": 0.0,
				"PhiDegree": 182.38594403038877,
				"Power": -35.15643185553134
			}, {
				"Time": 1.0416742754625055e-7,
				"TimeDiff": 2.4018544824497317e-8,
				"PhiDegree": 219.7576346763464,
				"Power": -37.77141374383163
			}, {
				"Time": 4.019001625017678e-7,
				"TimeDiff": 3.2175127978001455e-7,
				"PhiDegree": 49.56649135145792,
				"Power": -49.87323928321314
			}, {
				"Time": 3.162176872048926e-7,
				"TimeDiff": 2.3606880448313936e-7,
				"PhiDegree": 104.6694028653456,
				"Power": -59.517505148765366
			}]
	}
}