{
	"SensorDataCollection": {
		"SensorId": 0,
		"SensorDatas": [{
				"Time": 5.520153219579304e-7,
				"TimeDiff": 0.0,
				"PhiDegree": 38.41814891140777,
				"Power": -53.35267822730566
			}, {
				"Time": 5.495460092219646e-7,
				"TimeDiff": -2.4693127359657924e-9,
				"PhiDegree": 144.5965026008255,
				"Power": -54.90631696577793
			}, {
				"Time": 4.815756348416013e-7,
				"TimeDiff": -7.043968711632903e-8,
				"PhiDegree": 158.45601176067711,
				"Power": -57.39801946363464
			}]
	}
}