{
	"SensorDataCollection": {
		"SensorId": 0,
		"SensorDatas": [{
				"Time": 5.343468125901097e-7,
				"TimeDiff": 0.0,
				"PhiDegree": 39.471810020827206,
				"Power": -52.65881690586542
			}, {
				"Time": 5.641127474275835e-7,
				"TimeDiff": 2.976593483747376e-8,
				"PhiDegree": 146.0508874219313,
				"Power": -56.13074444460601
			}, {
				"Time": 4.990810729159489e-7,
				"TimeDiff": -3.5265739674160854e-8,
				"PhiDegree": 159.65637493456327,
				"Power": -58.52002366743889
			}]
	}
}