{
	"SensorDataCollection": {
		"SensorId": 0,
		"SensorDatas": [{
				"Time": 3.674733752972862e-7,
				"TimeDiff": 0.0,
				"PhiDegree": 60.03985207630798,
				"Power": -53.4555939316153
			}, {
				"Time": 5.785294530358578e-7,
				"TimeDiff": 2.1105607773857164e-7,
				"PhiDegree": 36.36430145679704,
				"Power": -54.77694876556886
			}]
	}
}