{
	"SensorDataCollection": {
		"SensorId": 0,
		"SensorDatas": [{
				"Time": 5.579407691694326e-7,
				"TimeDiff": 0.0,
				"PhiDegree": 59.04905382219837,
				"Power": -58.59369402415591
			}, {
				"Time": 6.062752386294418e-7,
				"TimeDiff": 4.8334469460009216e-8,
				"PhiDegree": 148.69327693752135,
				"Power": -58.97410789306559
			}, {
				"Time": 5.46285996990427e-7,
				"TimeDiff": -1.1654772179005565e-8,
				"PhiDegree": 161.48160938371717,
				"Power": -60.679735674187626
			}, {
				"Time": 6.18324130717733e-7,
				"TimeDiff": 6.038336154830039e-8,
				"PhiDegree": 163.70363321262911,
				"Power": -74.4446917769697
			}]
	}
}