{
	"SensorDataCollection": {
		"SensorId": 0,
		"SensorDatas": [{
				"Time": 6.010823864660852e-7,
				"TimeDiff": 0.0,
				"PhiDegree": 34.41060022818161,
				"Power": -56.349034331562834
			}]
	}
}