{
	"SensorDataCollection": {
		"SensorId": 0,
		"SensorDatas": [{
				"Time": 5.364740937841008e-7,
				"TimeDiff": 0.0,
				"PhiDegree": 39.746895217812614,
				"Power": -52.59803982168705
			}, {
				"Time": 5.65982884154837e-7,
				"TimeDiff": 2.9508790370736166e-8,
				"PhiDegree": 145.77068959199755,
				"Power": -55.95539763734418
			}, {
				"Time": 5.002508380578001e-7,
				"TimeDiff": -3.622325572630073e-8,
				"PhiDegree": 159.29805072287755,
				"Power": -58.290792502625976
			}]
	}
}