{
	"SensorDataCollection": {
		"SensorId": 0,
		"SensorDatas": [{
				"Time": 3.7148348164331656e-7,
				"TimeDiff": 0.0,
				"PhiDegree": 57.998980821393175,
				"Power": -52.23090643710371
			}, {
				"Time": 5.313691398448216e-7,
				"TimeDiff": 1.5988565820150507e-7,
				"PhiDegree": 143.63912444928712,
				"Power": -54.04030392603866
			}, {
				"Time": 5.658277384972475e-7,
				"TimeDiff": 1.9434425685393093e-7,
				"PhiDegree": 36.89354845571616,
				"Power": -54.294503180886
			}, {
				"Time": 5.970235147093595e-7,
				"TimeDiff": 2.2554003306604295e-7,
				"PhiDegree": 335.933795012119,
				"Power": -68.00899641041116
			}]
	}
}