{
	"SensorDataCollection": {
		"SensorId": 0,
		"SensorDatas": [{
				"Time": 3.7085106620608e-7,
				"TimeDiff": 0.0,
				"PhiDegree": 59.14657713729696,
				"Power": -52.92985949727371
			}, {
				"Time": 5.280151389143786e-7,
				"TimeDiff": 1.5716407270829855e-7,
				"PhiDegree": 142.91822178481019,
				"Power": -53.59540207248192
			}, {
				"Time": 5.731693595436525e-7,
				"TimeDiff": 2.0231829333757252e-7,
				"PhiDegree": 36.75982904658916,
				"Power": -54.477823754692736
			}, {
				"Time": 5.923190473446581e-7,
				"TimeDiff": 2.214679811385781e-7,
				"PhiDegree": 335.375848398645,
				"Power": -67.04823163312676
			}]
	}
}