{
	"SensorDataCollection": {
		"SensorId": 0,
		"SensorDatas": [{
				"Time": 3.6581848669510143e-7,
				"TimeDiff": 0.0,
				"PhiDegree": 60.492620325104156,
				"Power": -53.74027630094598
			}, {
				"Time": 5.812196953111016e-7,
				"TimeDiff": 2.1540120861600013e-7,
				"PhiDegree": 36.16927801358276,
				"Power": -54.92887538341745
			}]
	}
}