{
	"SensorDataCollection": {
		"SensorId": 0,
		"SensorDatas": [{
				"Time": 6.02974271835894e-7,
				"TimeDiff": 0.0,
				"PhiDegree": 34.672173636142965,
				"Power": -56.19446244544011
			}]
	}
}