{
	"SensorDataCollection": {
		"SensorId": 0,
		"SensorDatas": [{
				"Time": 6.005836100041252e-7,
				"TimeDiff": 0.0,
				"PhiDegree": 148.36246858753236,
				"Power": -58.58481628649227
			}, {
				"Time": 5.545382056817902e-7,
				"TimeDiff": -4.604540432233502e-8,
				"PhiDegree": 59.64038015953165,
				"Power": -59.129290392797586
			}, {
				"Time": 5.399624043748093e-7,
				"TimeDiff": -6.062120562931589e-8,
				"PhiDegree": 161.25670774066722,
				"Power": -60.39933046879064
			}, {
				"Time": 6.247321084915809e-7,
				"TimeDiff": 2.4148498487455674e-8,
				"PhiDegree": 163.87537094778406,
				"Power": -74.86218077065881
			}]
	}
}