{
	"SensorDataCollection": {
		"SensorId": 0,
		"SensorDatas": [{
				"Time": 3.833540330103048e-7,
				"TimeDiff": 0.0,
				"PhiDegree": 56.14838361166924,
				"Power": -51.49747424391086
			}, {
				"Time": 5.546334450016798e-7,
				"TimeDiff": 1.71279411991375e-7,
				"PhiDegree": 38.20396068126946,
				"Power": -53.48644043453265
			}, {
				"Time": 5.46829754442234e-7,
				"TimeDiff": 1.6347572143192923e-7,
				"PhiDegree": 144.3939640588564,
				"Power": -54.73648283017843
			}]
	}
}