{
	"SensorDataCollection": {
		"SensorId": 0,
		"SensorDatas": [{
				"Time": 5.42111195895622e-7,
				"TimeDiff": 0.0,
				"PhiDegree": 38.79925745297102,
				"Power": -53.038135540281715
			}, {
				"Time": 5.558372862275663e-7,
				"TimeDiff": 1.3726090331944333e-8,
				"PhiDegree": 145.47464882032853,
				"Power": -55.58891030003923
			}, {
				"Time": 4.897078866972265e-7,
				"TimeDiff": -5.24033091983955e-8,
				"PhiDegree": 159.2492180152151,
				"Power": -58.072252031836584
			}]
	}
}