{
	"SensorDataCollection": {
		"SensorId": 0,
		"SensorDatas": [{
				"Time": 5.614020374577879e-7,
				"TimeDiff": 0.0,
				"PhiDegree": 58.46495743009701,
				"Power": -58.093899434648094
			}, {
				"Time": 6.119867014605509e-7,
				"TimeDiff": 5.058466400276307e-8,
				"PhiDegree": 149.01792129961117,
				"Power": -59.36575730635727
			}, {
				"Time": 5.526178139521051e-7,
				"TimeDiff": -8.784223505682768e-9,
				"PhiDegree": 161.70136056571556,
				"Power": -60.95785083134925
			}, {
				"Time": 6.119218244964974e-7,
				"TimeDiff": 5.0519787038709485e-8,
				"PhiDegree": 163.5283002209089,
				"Power": -74.02392397945688
			}]
	}
}