{
	"SensorDataCollection": {
		"SensorId": 0,
		"SensorDatas": [{
				"Time": 2.5067343997877673e-7,
				"TimeDiff": 0.0,
				"PhiDegree": 135.13266133852574,
				"Power": -45.10671226804331
			}, {
				"Time": 2.5521540960230194e-7,
				"TimeDiff": 4.541969623525207e-9,
				"PhiDegree": 136.13887842670593,
				"Power": -45.29083149947256
			}, {
				"Time": 3.040943086452957e-7,
				"TimeDiff": 5.3420868666518986e-8,
				"PhiDegree": 233.79748453720237,
				"Power": -45.851018823686935
			}, {
				"Time": 4.409607747223469e-7,
				"TimeDiff": 1.9028733474357016e-7,
				"PhiDegree": 246.24044193680513,
				"Power": -65.88253871490915
			}]
	}
}