{
	"SensorDataCollection": {
		"SensorId": 0,
		"SensorDatas": [{
				"Time": 3.549311841240544e-7,
				"TimeDiff": 0.0,
				"PhiDegree": 62.57159766824023,
				"Power": -55.12031219263331
			}, {
				"Time": 5.928510970751783e-7,
				"TimeDiff": 2.3791991295112393e-7,
				"PhiDegree": 34.9573074639324,
				"Power": -55.854802444695125
			}]
	}
}