{
	"SensorDataCollection": {
		"SensorId": 0,
		"SensorDatas": [{
				"Time": 5.955888075010072e-7,
				"TimeDiff": 0.0,
				"PhiDegree": 34.773393291612145,
				"Power": -56.0183745988455
			}]
	}
}