{
	"SensorDataCollection": {
		"SensorId": 0,
		"SensorDatas": [{
				"Time": 5.631543483578559e-7,
				"TimeDiff": 0.0,
				"PhiDegree": 58.175616744344744,
				"Power": -57.85690874999872
			}, {
				"Time": 6.148496980495897e-7,
				"TimeDiff": 5.169534969173383e-8,
				"PhiDegree": 149.1779791491568,
				"Power": -59.562391753356394
			}, {
				"Time": 5.557867187368817e-7,
				"TimeDiff": -7.367629620974168e-9,
				"PhiDegree": 161.80935772205967,
				"Power": -61.09605455632763
			}, {
				"Time": 6.087228541472552e-7,
				"TimeDiff": 4.556850578939927e-8,
				"PhiDegree": 163.43925108024104,
				"Power": -73.81230109816403
			}]
	}
}