{
	"SensorDataCollection": {
		"SensorId": 0,
		"SensorDatas": [{
				"Time": 5.920846068876243e-7,
				"TimeDiff": 0.0,
				"PhiDegree": 147.85435938266835,
				"Power": -58.00585260524035
			}, {
				"Time": 5.304930793572247e-7,
				"TimeDiff": -6.159152753039958e-8,
				"PhiDegree": 160.90931096861138,
				"Power": -59.97439729302877
			}, {
				"Time": 5.49546812120648e-7,
				"TimeDiff": -4.253779476697637e-8,
				"PhiDegree": 60.54093892510922,
				"Power": -60.00366763929182
			}, {
				"Time": 6.343543332958059e-7,
				"TimeDiff": 4.226972640818156e-8,
				"PhiDegree": 164.1264682315927,
				"Power": -75.48233392544009
			}]
	}
}