{
	"SensorDataCollection": {
		"SensorId": 0,
		"SensorDatas": [{
				"Time": 3.7688369632593953e-7,
				"TimeDiff": 0.0,
				"PhiDegree": 56.70836053776972,
				"Power": -51.63591511509546
			}, {
				"Time": 5.578546454760696e-7,
				"TimeDiff": 1.8097094915013004e-7,
				"PhiDegree": 37.51075564062908,
				"Power": -53.857837628711195
			}, {
				"Time": 5.394627644660843e-7,
				"TimeDiff": 1.625790681401448e-7,
				"PhiDegree": 144.26944225363653,
				"Power": -54.542158457770995
			}, {
				"Time": 4.7104012544371206e-7,
				"TimeDiff": 9.415642911777253e-8,
				"PhiDegree": 158.38640284827858,
				"Power": -57.16087090939746
			}]
	}
}