{
	"SensorDataCollection": {
		"SensorId": 0,
		"SensorDatas": [{
				"Time": 5.864450979359618e-7,
				"TimeDiff": 0.0,
				"PhiDegree": 147.50745572403054,
				"Power": -57.62358648774534
			}, {
				"Time": 5.241913566873817e-7,
				"TimeDiff": -6.225374124858007e-8,
				"PhiDegree": 160.67074594002273,
				"Power": -59.688206352739186
			}, {
				"Time": 5.462957824483135e-7,
				"TimeDiff": -4.0149315487648305e-8,
				"PhiDegree": 61.150356157743204,
				"Power": -60.636657677649566
			}]
	}
}