{
	"SensorDataCollection": {
		"SensorId": 0,
		"SensorDatas": [{
				"Time": 5.317753642015667e-7,
				"TimeDiff": 0.0,
				"PhiDegree": 39.70034691530934,
				"Power": -52.537403161430504
			}, {
				"Time": 5.668836672575276e-7,
				"TimeDiff": 3.5108303055960965e-8,
				"PhiDegree": 146.23922122906802,
				"Power": -56.31374722451271
			}, {
				"Time": 5.022109295266096e-7,
				"TimeDiff": -2.956443467495709e-8,
				"PhiDegree": 159.78871405209637,
				"Power": -58.6681036394465
			}]
	}
}