{
	"SensorDataCollection": {
		"SensorId": 0,
		"SensorDatas": [{
				"Time": 5.94912384856599e-7,
				"TimeDiff": 0.0,
				"PhiDegree": 148.02534171068635,
				"Power": -58.198133321549136
			}, {
				"Time": 5.511954341610239e-7,
				"TimeDiff": -4.371695069557506e-8,
				"PhiDegree": 60.2389432013657,
				"Power": -59.70243714165525
			}, {
				"Time": 5.33647328474906e-7,
				"TimeDiff": -6.126505638169298e-8,
				"PhiDegree": 161.02647959772702,
				"Power": -60.1166206236784
			}, {
				"Time": 6.31145585069413e-7,
				"TimeDiff": 3.623320021281408e-8,
				"PhiDegree": 164.04361989369843,
				"Power": -75.27642171065182
			}]
	}
}