{
	"SensorDataCollection": {
		"SensorId": 0,
		"SensorDatas": [{
				"Time": 5.494049866839109e-7,
				"TimeDiff": 0.0,
				"PhiDegree": 38.6343754913099,
				"Power": -53.22107843310464
			}, {
				"Time": 5.522690635144846e-7,
				"TimeDiff": 2.86407683057375e-9,
				"PhiDegree": 144.79704632844977,
				"Power": -55.07767454726748
			}, {
				"Time": 4.846807138070067e-7,
				"TimeDiff": -6.472427287690414e-8,
				"PhiDegree": 158.60085487430956,
				"Power": -57.54822086084491
			}]
	}
}