{
	"SensorDataCollection": {
		"SensorId": 0,
		"SensorDatas": [{
				"Time": 3.796771706360997e-7,
				"TimeDiff": 0.0,
				"PhiDegree": 56.98474479568191,
				"Power": -51.847156772317646
			}, {
				"Time": 5.598926170753581e-7,
				"TimeDiff": 1.8021544643925843e-7,
				"PhiDegree": 37.781608335081216,
				"Power": -53.76018119081448
			}, {
				"Time": 5.414180525170184e-7,
				"TimeDiff": 1.617408818809187e-7,
				"PhiDegree": 143.98280314381844,
				"Power": -54.40161882374872
			}, {
				"Time": 6.075248634927381e-7,
				"TimeDiff": 2.2784769285663842e-7,
				"PhiDegree": 336.0314403658885,
				"Power": -68.32019561394291
			}]
	}
}