{
	"SensorDataCollection": {
		"SensorId": 0,
		"SensorDatas": [{
				"Time": 5.808275040773689e-7,
				"TimeDiff": 0.0,
				"PhiDegree": 147.1538285902841,
				"Power": -57.24462478181607
			}, {
				"Time": 5.17898942869537e-7,
				"TimeDiff": -6.292856120783183e-8,
				"PhiDegree": 160.4263795121957,
				"Power": -59.39968105328205
			}, {
				"Time": 5.431072919317528e-7,
				"TimeDiff": -3.7720212145616105e-8,
				"PhiDegree": 61.766999412325916,
				"Power": -61.31206436198639
			}]
	}
}