{
	"SensorDataCollection": {
		"SensorId": 0,
		"SensorDatas": [{
				"Time": 5.596641328547814e-7,
				"TimeDiff": 0.0,
				"PhiDegree": 58.75610253738149,
				"Power": -58.33942681867127
			}, {
				"Time": 6.091285255940685e-7,
				"TimeDiff": 4.946439273928709e-8,
				"PhiDegree": 148.8563601204112,
				"Power": -59.16965298033949
			}, {
				"Time": 5.494508951899539e-7,
				"TimeDiff": -1.0213237664827557e-8,
				"PhiDegree": 161.59211807196894,
				"Power": -60.819078544909146
			}, {
				"Time": 6.151222575911302e-7,
				"TimeDiff": 5.545812473634879e-8,
				"PhiDegree": 163.61642294114222,
				"Power": -74.23471962595477
			}]
	}
}