{
	"SensorDataCollection": {
		"SensorId": 0,
		"SensorDatas": [{
				"Time": 5.724436147379672e-7,
				"TimeDiff": 0.0,
				"PhiDegree": 146.61040906483746,
				"Power": -56.683057582299796
			}, {
				"Time": 5.084785320806654e-7,
				"TimeDiff": -6.396508265730181e-8,
				"PhiDegree": 160.04850128864817,
				"Power": -58.962497838696635
			}, {
				"Time": 5.384442414535306e-7,
				"TimeDiff": -3.399937328443659e-8,
				"PhiDegree": 62.705475887508754,
				"Power": -62.40949897864505
			}]
	}
}