{
	"SensorDataCollection": {
		"SensorId": 0,
		"SensorDatas": [{
				"Time": 3.7872545166696493e-7,
				"TimeDiff": 0.0,
				"PhiDegree": 56.286412040401714,
				"Power": -51.46108212876557
			}, {
				"Time": 5.552116084262178e-7,
				"TimeDiff": 1.764861567592529e-7,
				"PhiDegree": 37.720421628317276,
				"Power": -53.71603815073166
			}, {
				"Time": 5.421748587346466e-7,
				"TimeDiff": 1.634494070676817e-7,
				"PhiDegree": 144.47535699948455,
				"Power": -54.71283211517449
			}, {
				"Time": 4.7414375771127914e-7,
				"TimeDiff": 9.541830604431421e-8,
				"PhiDegree": 158.53492035619828,
				"Power": -57.31422662257327
			}]
	}
}