{
	"SensorDataCollection": {
		"SensorId": 0,
		"SensorDatas": [{
				"Time": 5.499481598296836e-7,
				"TimeDiff": 0.0,
				"PhiDegree": 38.14578520676023,
				"Power": -53.43845475501669
			}, {
				"Time": 5.476197429839948e-7,
				"TimeDiff": -2.3284168456888314e-9,
				"PhiDegree": 144.88105467044653,
				"Power": -55.058893864061986
			}, {
				"Time": 4.803603943275243e-7,
				"TimeDiff": -6.958776550215927e-8,
				"PhiDegree": 158.82619303135297,
				"Power": -57.619191985773554
			}]
	}
}