{
	"SensorDataCollection": {
		"SensorId": 0,
		"SensorDatas": [{
				"Time": 3.7608278157738196e-7,
				"TimeDiff": 0.0,
				"PhiDegree": 57.83727751783341,
				"Power": -52.24282481237404
			}, {
				"Time": 5.651816455055262e-7,
				"TimeDiff": 1.8909886392814426e-7,
				"PhiDegree": 37.36713865054008,
				"Power": -54.04177722849016
			}, {
				"Time": 5.360347938884814e-7,
				"TimeDiff": 1.5995201231109942e-7,
				"PhiDegree": 143.56336189993445,
				"Power": -54.07356807091101
			}, {
				"Time": 6.014331370411854e-7,
				"TimeDiff": 2.2535035546380343e-7,
				"PhiDegree": 335.77318226398006,
				"Power": -67.81252563302903
			}]
	}
}