{
	"SensorDataCollection": {
		"SensorId": 0,
		"SensorDatas": [{
				"Time": 7.3481909842418e-8,
				"TimeDiff": 0.0,
				"PhiDegree": 182.60256220249983,
				"Power": -34.38541880832664
			}, {
				"Time": 9.912921181038035e-8,
				"TimeDiff": 2.5647301967962344e-8,
				"PhiDegree": 222.2251706516675,
				"Power": -37.12996622822757
			}, {
				"Time": 4.062599766472158e-7,
				"TimeDiff": 3.3277806680479784e-7,
				"PhiDegree": 48.85010890870192,
				"Power": -49.77413029681048
			}, {
				"Time": 3.145939817824797e-7,
				"TimeDiff": 2.411120719400617e-7,
				"PhiDegree": 103.49355873335965,
				"Power": -60.80547875587084
			}]
	}
}