{
	"SensorDataCollection": {
		"SensorId": 0,
		"SensorDatas": [{
				"Time": 5.83633522011425e-7,
				"TimeDiff": 0.0,
				"PhiDegree": 147.33149308945767,
				"Power": -57.433673738627164
			}, {
				"Time": 5.210439650817372e-7,
				"TimeDiff": -6.258955692968776e-8,
				"PhiDegree": 160.54930050143372,
				"Power": -59.544236087361156
			}, {
				"Time": 5.44693650649295e-7,
				"TimeDiff": -3.893987136212994e-8,
				"PhiDegree": 61.45777537334045,
				"Power": -60.96892645287792
			}]
	}
}