{
	"SensorDataCollection": {
		"SensorId": 0,
		"SensorDatas": [{
				"Time": 5.442081273663998e-7,
				"TimeDiff": 0.0,
				"PhiDegree": 39.07303585619429,
				"Power": -52.96464849360726
			}, {
				"Time": 5.577351720187247e-7,
				"TimeDiff": 1.3527044652324862e-8,
				"PhiDegree": 145.19224698846176,
				"Power": -55.42473623070168
			}, {
				"Time": 4.908999877042779e-7,
				"TimeDiff": -5.3308139662121914e-8,
				"PhiDegree": 158.88503954676034,
				"Power": -57.846940579641085
			}]
	}
}