{
	"SensorDataCollection": {
		"SensorId": 0,
		"SensorDatas": [{
				"Time": 5.180286067728747e-7,
				"TimeDiff": 0.0,
				"PhiDegree": 142.545083227481,
				"Power": -53.24177388911971
			}, {
				"Time": 3.6291835426437606e-7,
				"TimeDiff": -1.5511025250849869e-7,
				"PhiDegree": 60.23316509656788,
				"Power": -53.48411080366546
			}, {
				"Time": 5.792567626202282e-7,
				"TimeDiff": 6.122815584735345e-8,
				"PhiDegree": 35.90284676198585,
				"Power": -55.05629564289255
			}, {
				"Time": 5.818302729538062e-7,
				"TimeDiff": 6.380166618093146e-8,
				"PhiDegree": 335.26382640440676,
				"Power": -66.71813232173147
			}]
	}
}