{
	"SensorDataCollection": {
		"SensorId": 0,
		"SensorDatas": [{
				"Time": 5.78027125077168e-7,
				"TimeDiff": 0.0,
				"PhiDegree": 146.97444088315146,
				"Power": -57.05647871969754
			}, {
				"Time": 5.147563334798456e-7,
				"TimeDiff": -6.327079159732247e-8,
				"PhiDegree": 160.30195706866985,
				"Power": -59.254540231273026
			}, {
				"Time": 5.415368449110114e-7,
				"TimeDiff": -3.649028016615662e-8,
				"PhiDegree": 62.0780260429368,
				"Power": -61.66634732926954
			}]
	}
}