{
	"SensorDataCollection": {
		"SensorId": 0,
		"SensorDatas": [{
				"Time": 3.6127341705752694e-7,
				"TimeDiff": 0.0,
				"PhiDegree": 60.692518644060186,
				"Power": -53.77842474792064
			}, {
				"Time": 5.819627733659371e-7,
				"TimeDiff": 2.206893563084102e-7,
				"PhiDegree": 35.71020914043978,
				"Power": -55.21326110916901
			}]
	}
}