{
	"SensorDataCollection": {
		"SensorId": 0,
		"SensorDatas": [{
				"Time": 3.6458640705112585e-7,
				"TimeDiff": 0.0,
				"PhiDegree": 59.77798577455531,
				"Power": -53.20506416851508
			}, {
				"Time": 5.206812938775815e-7,
				"TimeDiff": 1.560948868264556e-7,
				"PhiDegree": 142.7683698695605,
				"Power": -53.39735975544973
			}, {
				"Time": 5.765573612865475e-7,
				"TimeDiff": 2.1197095423542162e-7,
				"PhiDegree": 36.09729043055402,
				"Power": -54.90079594795708
			}, {
				"Time": 5.848624247920998e-7,
				"TimeDiff": 2.202760177409739e-7,
				"PhiDegree": 335.4006032807767,
				"Power": -66.97703145166273
			}]
	}
}