{
	"SensorDataCollection": {
		"SensorId": 0,
		"SensorDatas": [{
				"Time": 2.483308073441488e-7,
				"TimeDiff": 0.0,
				"PhiDegree": 135.67828901983495,
				"Power": -45.02984921946829
			}, {
				"Time": 2.529148506194805e-7,
				"TimeDiff": 4.584043275331666e-9,
				"PhiDegree": 136.68389863699798,
				"Power": -45.24478800450879
			}, {
				"Time": 3.013926484141463e-7,
				"TimeDiff": 5.306184106999746e-8,
				"PhiDegree": 233.4223642884121,
				"Power": -45.60313977268669
			}, {
				"Time": 4.440166519961788e-7,
				"TimeDiff": 1.9568584465202996e-7,
				"PhiDegree": 246.41391426177964,
				"Power": -66.2332653875479
			}]
	}
}