{
	"SensorDataCollection": {
		"SensorId": 0,
		"SensorDatas": [{
				"Time": 3.750625810810831e-7,
				"TimeDiff": 0.0,
				"PhiDegree": 57.13442987035149,
				"Power": -51.822222854264936
			}, {
				"Time": 5.605050822090547e-7,
				"TimeDiff": 1.854425011279716e-7,
				"PhiDegree": 37.30306977110264,
				"Power": -54.001556229280396
			}, {
				"Time": 5.367577082835332e-7,
				"TimeDiff": 1.6169512720245006e-7,
				"PhiDegree": 144.06144933356467,
				"Power": -54.373137000552504
			}]
	}
}