{
	"SensorDataCollection": {
		"SensorId": 0,
		"SensorDatas": [{
				"Time": 5.395148482637399e-7,
				"TimeDiff": 0.0,
				"PhiDegree": 39.021289629172664,
				"Power": -52.909262187522756
			}, {
				"Time": 5.585894647136106e-7,
				"TimeDiff": 1.9074616449870726e-8,
				"PhiDegree": 145.6686247199193,
				"Power": -55.76827716777632
			}, {
				"Time": 4.928294995448993e-7,
				"TimeDiff": -4.668534871884056e-8,
				"PhiDegree": 159.3866575671418,
				"Power": -58.222097640745204
			}]
	}
}