{
	"SensorDataCollection": {
		"SensorId": 0,
		"SensorDatas": [{
				"Time": 8.348274730559874e-8,
				"TimeDiff": 0.0,
				"PhiDegree": 182.29061004263855,
				"Power": -35.51667741101169
			}, {
				"Time": 1.067538226844756e-7,
				"TimeDiff": 2.3271075378876862e-8,
				"PhiDegree": 218.61226314962317,
				"Power": -38.12739424789973
			}, {
				"Time": 3.997442008936964e-7,
				"TimeDiff": 3.1626145358809765e-7,
				"PhiDegree": 49.930514004937095,
				"Power": -49.93729576606803
			}, {
				"Time": 3.170790932832948e-7,
				"TimeDiff": 2.3359634597769604e-7,
				"PhiDegree": 105.25268621483347,
				"Power": -58.92649631138525
			}]
	}
}