{
	"SensorDataCollection": {
		"SensorId": 0,
		"SensorDatas": [{
				"Time": 3.679905976519718e-7,
				"TimeDiff": 0.0,
				"PhiDegree": 58.880147869629866,
				"Power": -52.690596791851505
			}, {
				"Time": 5.260100318214848e-7,
				"TimeDiff": 1.5801943416951304e-7,
				"PhiDegree": 143.20817026958736,
				"Power": -53.71485875700537
			}, {
				"Time": 5.711787614603843e-7,
				"TimeDiff": 2.031881638084125e-7,
				"PhiDegree": 36.491680036103986,
				"Power": -54.594400599884864
			}, {
				"Time": 5.909365734280764e-7,
				"TimeDiff": 2.229459757761046e-7,
				"PhiDegree": 335.66994232121687,
				"Power": -67.493766909659
			}]
	}
}