{
	"SensorDataCollection": {
		"SensorId": 0,
		"SensorDatas": [{
				"Time": 6.034269099177751e-7,
				"TimeDiff": 0.0,
				"PhiDegree": 148.52865282206187,
				"Power": -58.779152033232734
			}, {
				"Time": 5.562320815573356e-7,
				"TimeDiff": -4.719482836043955e-8,
				"PhiDegree": 59.34381268466715,
				"Power": -58.85691012418465
			}, {
				"Time": 5.431231546763152e-7,
				"TimeDiff": -6.030375524145992e-8,
				"PhiDegree": 161.36981319523628,
				"Power": -60.539820271417895
			}, {
				"Time": 6.21527421620813e-7,
				"TimeDiff": 1.8100511703037913e-8,
				"PhiDegree": 163.78994473612954,
				"Power": -74.65384421668489
			}]
	}
}