{
	"SensorDataCollection": {
		"SensorId": 0,
		"SensorDatas": [{
				"Time": 5.369266808733346e-7,
				"TimeDiff": 0.0,
				"PhiDegree": 39.245465738689454,
				"Power": -52.78279664975054
			}, {
				"Time": 5.613479827809083e-7,
				"TimeDiff": 2.4421301907573685e-8,
				"PhiDegree": 145.86069637049135,
				"Power": -55.948905061827446
			}, {
				"Time": 4.959539124806185e-7,
				"TimeDiff": -4.097276839271614e-8,
				"PhiDegree": 159.5223662070242,
				"Power": -58.37135496060934
			}]
	}
}