{
	"SensorDataCollection": {
		"SensorId": 0,
		"SensorDatas": [{
				"Time": 5.292124584447652e-7,
				"TimeDiff": 0.0,
				"PhiDegree": 39.93110105854773,
				"Power": -52.41863791547863
			}, {
				"Time": 5.696606524513821e-7,
				"TimeDiff": 4.04481940066169e-8,
				"PhiDegree": 146.4257208533827,
				"Power": -56.497866712884914
			}, {
				"Time": 5.05343432216124e-7,
				"TimeDiff": -2.3869026228641167e-8,
				"PhiDegree": 159.919413182846,
				"Power": -58.81559494626674
			}]
	}
}