{
	"SensorDataCollection": {
		"SensorId": 0,
		"SensorDatas": [{
				"Time": 3.778695185816594e-7,
				"TimeDiff": 0.0,
				"PhiDegree": 57.40898379951508,
				"Power": -52.03904231770625
			}, {
				"Time": 5.625334517683741e-7,
				"TimeDiff": 1.846639331867147e-7,
				"PhiDegree": 37.57339926756301,
				"Power": -53.90002889761513
			}, {
				"Time": 5.387228143931918e-7,
				"TimeDiff": 1.6085329581153242e-7,
				"PhiDegree": 143.77413034999563,
				"Power": -54.23671031143316
			}, {
				"Time": 6.044774651457764e-7,
				"TimeDiff": 2.2660794656411696e-7,
				"PhiDegree": 335.90296197458235,
				"Power": -68.06655455493046
			}]
	}
}