{
	"SensorDataCollection": {
		"SensorId": 0,
		"SensorDatas": [{
				"Time": 3.6627725960790954e-7,
				"TimeDiff": 0.0,
				"PhiDegree": 59.32698071108928,
				"Power": -52.94073471045883
			}, {
				"Time": 5.233418084846305e-7,
				"TimeDiff": 1.5706454887672096e-7,
				"PhiDegree": 142.98938959379691,
				"Power": -53.555079772793704
			}, {
				"Time": 5.738646626349195e-7,
				"TimeDiff": 2.0758740302701e-7,
				"PhiDegree": 36.293561121855376,
				"Power": -54.7468133460999
			}, {
				"Time": 5.878978752273502e-7,
				"TimeDiff": 2.216206156194407e-7,
				"PhiDegree": 335.53596850169913,
				"Power": -67.23558089992926
			}]
	}
}