{
	"SensorDataCollection": {
		"SensorId": 0,
		"SensorDatas": [{
				"Time": 3.732624080362899e-7,
				"TimeDiff": 0.0,
				"PhiDegree": 57.564632886657684,
				"Power": -52.02041205432606
			}, {
				"Time": 5.631628141488676e-7,
				"TimeDiff": 1.8990040611257768e-7,
				"PhiDegree": 37.09734148179827,
				"Power": -54.14713162011637
			}, {
				"Time": 5.340597971324331e-7,
				"TimeDiff": 1.6079738909614323e-7,
				"PhiDegree": 143.8513521847708,
				"Power": -54.20583057767061
			}, {
				"Time": 6.000716609696164e-7,
				"TimeDiff": 2.2680925293332648e-7,
				"PhiDegree": 336.06371265171606,
				"Power": -68.26601515292654
			}]
	}
}