{
	"SensorDataCollection": {
		"SensorId": 0,
		"SensorDatas": [{
				"Time": 5.742866230378356e-7,
				"TimeDiff": 0.0,
				"PhiDegree": 146.3324604232939,
				"Power": -56.496947004720056
			}, {
				"Time": 5.09626727342184e-7,
				"TimeDiff": -6.465989569565163e-8,
				"PhiDegree": 159.69588514507166,
				"Power": -58.729551750953064
			}, {
				"Time": 5.354812839257233e-7,
				"TimeDiff": -3.880533911211227e-8,
				"PhiDegree": 62.54176067257812,
				"Power": -62.15110386309405
			}]
	}
}