{
	"SensorDataCollection": {
		"SensorId": 0,
		"SensorDatas": [{
				"Time": 3.60993371551479e-7,
				"TimeDiff": 0.0,
				"PhiDegree": 61.875427139006064,
				"Power": -54.688234851201855
			}, {
				"Time": 5.893300865473278e-7,
				"TimeDiff": 2.2833671499584878e-7,
				"PhiDegree": 35.59492173873244,
				"Power": -55.393494700812965
			}]
	}
}