{
	"SensorDataCollection": {
		"SensorId": 0,
		"SensorDatas": [{
				"Time": 3.5965191260137234e-7,
				"TimeDiff": 0.0,
				"PhiDegree": 61.15604423707993,
				"Power": -54.088582304528956
			}, {
				"Time": 5.846753017540791e-7,
				"TimeDiff": 2.2502338915270675e-7,
				"PhiDegree": 35.51935681470922,
				"Power": -55.37164242532556
			}]
	}
}