{
	"SensorDataCollection": {
		"SensorId": 0,
		"SensorDatas": [{
				"Time": 3.5805415925272144e-7,
				"TimeDiff": 0.0,
				"PhiDegree": 61.62373747161476,
				"Power": -54.415187787943225
			}, {
				"Time": 5.873942574911833e-7,
				"TimeDiff": 2.2934009823846185e-7,
				"PhiDegree": 35.330269257948025,
				"Power": -55.53139103083993
			}]
	}
}