{
	"SensorDataCollection": {
		"SensorId": 0,
		"SensorDatas": [{
				"Time": 5.437411260926616e-7,
				"TimeDiff": 0.0,
				"PhiDegree": 39.567611341161054,
				"Power": -52.776445926999685
			}, {
				"Time": 5.623800522207775e-7,
				"TimeDiff": 1.863892612811594e-8,
				"PhiDegree": 145.10717788652616,
				"Power": -55.43953171136857
			}, {
				"Time": 4.952182844421375e-7,
				"TimeDiff": -4.852284165052405e-8,
				"PhiDegree": 158.66398347958832,
				"Power": -57.77647318287519
			}]
	}
}