{
	"SensorDataCollection": {
		"SensorId": 0,
		"SensorDatas": [{
				"Time": 5.574953766533424e-7,
				"TimeDiff": 0.0,
				"PhiDegree": 57.813960524303276,
				"Power": -57.44843034361615
			}, {
				"Time": 6.182954667782049e-7,
				"TimeDiff": 6.080009012486253e-8,
				"PhiDegree": 148.64691657856028,
				"Power": -59.10102896742097
			}, {
				"Time": 5.579060049403015e-7,
				"TimeDiff": 4.106282869591355e-10,
				"PhiDegree": 161.1582622905658,
				"Power": -60.605720753972975
			}, {
				"Time": 6.106584534625869e-7,
				"TimeDiff": 5.316307680924455e-8,
				"PhiDegree": 162.8390841463598,
				"Power": -72.74923847375962
			}]
	}
}