{
	"SensorDataCollection": {
		"SensorId": 0,
		"SensorDatas": [{
				"Time": 6.681619688677243e-8,
				"TimeDiff": 0.0,
				"PhiDegree": 182.86240522611175,
				"Power": -33.534661441953936
			}, {
				"Time": 9.429429318081736e-8,
				"TimeDiff": 2.7478096294044927e-8,
				"PhiDegree": 224.95125716775533,
				"Power": -36.61409026333382
			}, {
				"Time": 4.1068194755993864e-7,
				"TimeDiff": 3.438657506731662e-7,
				"PhiDegree": 48.149045946335875,
				"Power": -49.71159160054319
			}, {
				"Time": 3.131041144189547e-7,
				"TimeDiff": 2.4628791753218226e-7,
				"PhiDegree": 102.3060200950486,
				"Power": -62.25502810015985
			}]
	}
}