{
	"SensorDataCollection": {
		"SensorId": 0,
		"SensorDatas": [{
				"Time": 5.463173889076301e-7,
				"TimeDiff": 0.0,
				"PhiDegree": 39.344706375807554,
				"Power": -52.89696471185076
			}, {
				"Time": 5.596465150500198e-7,
				"TimeDiff": 1.332912614238966e-8,
				"PhiDegree": 144.91176733745556,
				"Power": -55.26769439931692
			}, {
				"Time": 4.921118246065639e-7,
				"TimeDiff": -5.4205564301066223e-8,
				"PhiDegree": 158.5226400929235,
				"Power": -57.62930016733563
			}]
	}
}