{
	"SensorDataCollection": {
		"SensorId": 0,
		"SensorDatas": [{
				"Time": 5.53969508655111e-7,
				"TimeDiff": 0.0,
				"PhiDegree": 58.39810461822055,
				"Power": -57.91653372004424
			}, {
				"Time": 6.126064754303616e-7,
				"TimeDiff": 5.863696677525062e-8,
				"PhiDegree": 148.3221692777483,
				"Power": -58.72013232055332
			}, {
				"Time": 5.515945248542446e-7,
				"TimeDiff": -2.374983800866433e-9,
				"PhiDegree": 160.93439757769164,
				"Power": -60.3325636521198
			}, {
				"Time": 6.170377828043813e-7,
				"TimeDiff": 6.306827414927027e-8,
				"PhiDegree": 163.02191779484545,
				"Power": -73.16653612270514
			}]
	}
}