{
	"SensorDataCollection": {
		"SensorId": 0,
		"SensorDatas": [{
				"Time": 5.844738852502758e-7,
				"TimeDiff": 0.0,
				"PhiDegree": 146.60422427731373,
				"Power": -56.85887998387935
			}, {
				"Time": 5.201726142825302e-7,
				"TimeDiff": -6.430127096774564e-8,
				"PhiDegree": 159.7337933270598,
				"Power": -58.9343054527656
			}, {
				"Time": 5.372371966505418e-7,
				"TimeDiff": -4.7236688599733997e-8,
				"PhiDegree": 61.43032254572312,
				"Power": -60.816907086474714
			}, {
				"Time": 6.490231119297448e-7,
				"TimeDiff": 6.4549226679469e-8,
				"PhiDegree": 163.8820791318664,
				"Power": -75.20640532386571
			}]
	}
}