{
	"SensorDataCollection": {
		"SensorId": 0,
		"SensorDatas": [{
				"Time": 5.938666643777908e-7,
				"TimeDiff": 0.0,
				"PhiDegree": 147.58179217612778,
				"Power": -57.79613216552495
			}, {
				"Time": 5.315937272772389e-7,
				"TimeDiff": -6.227293710055192e-8,
				"PhiDegree": 160.5694606671645,
				"Power": -59.73350643555597
			}, {
				"Time": 5.466440368212569e-7,
				"TimeDiff": -4.722262755653386e-8,
				"PhiDegree": 60.36894301183869,
				"Power": -59.7703262017193
			}, {
				"Time": 6.352750615330047e-7,
				"TimeDiff": 4.1408397155213924e-8,
				"PhiDegree": 163.83700886378972,
				"Power": -74.93390981838259
			}]
	}
}