{
	"SensorDataCollection": {
		"SensorId": 0,
		"SensorDatas": [{
				"Time": 3.7659551120915164e-7,
				"TimeDiff": 0.0,
				"PhiDegree": 59.667265561414865,
				"Power": -53.410752858949195
			}, {
				"Time": 5.771878274331847e-7,
				"TimeDiff": 2.0059231622403302e-7,
				"PhiDegree": 37.29054935463661,
				"Power": -54.26258463797814
			}]
	}
}