{
	"SensorDataCollection": {
		"SensorId": 0,
		"SensorDatas": [{
				"Time": 5.92856658200387e-7,
				"TimeDiff": 0.0,
				"PhiDegree": 147.1367046055211,
				"Power": -57.408616543776944
			}, {
				"Time": 5.295742094196998e-7,
				"TimeDiff": -6.328244878068725e-8,
				"PhiDegree": 160.10892658722733,
				"Power": -59.35949422860904
			}, {
				"Time": 5.420955008616187e-7,
				"TimeDiff": -5.0761157338768313e-8,
				"PhiDegree": 60.501125079282616,
				"Power": -59.84149701683059
			}, {
				"Time": 6.394126920610848e-7,
				"TimeDiff": 4.655603386069778e-8,
				"PhiDegree": 163.63306916457537,
				"Power": -74.60250148383889
			}]
	}
}