{
	"SensorDataCollection": {
		"SensorId": 0,
		"SensorDatas": [{
				"Time": 5.78914090827782e-7,
				"TimeDiff": 0.0,
				"PhiDegree": 146.24069068137527,
				"Power": -56.49725687984976
			}, {
				"Time": 5.139176496958698e-7,
				"TimeDiff": -6.499644113191217e-8,
				"PhiDegree": 159.4760864742327,
				"Power": -58.64811720323645
			}, {
				"Time": 5.340780088276794e-7,
				"TimeDiff": -4.4836082000102595e-8,
				"PhiDegree": 62.05907188846828,
				"Power": -61.52250265405931
			}, {
				"Time": 6.554367024819948e-7,
				"TimeDiff": 7.652261165421288e-8,
				"PhiDegree": 164.04402697896631,
				"Power": -75.60523866933488
			}]
	}
}