{
	"SensorDataCollection": {
		"SensorId": 0,
		"SensorDatas": [{
				"Time": 5.91052719705827e-7,
				"TimeDiff": 0.0,
				"PhiDegree": 147.40839242649906,
				"Power": -57.6078533360415
			}, {
				"Time": 5.284482881919087e-7,
				"TimeDiff": -6.260443151391831e-8,
				"PhiDegree": 160.44911357247773,
				"Power": -59.591779108626696
			}, {
				"Time": 5.45002074692557e-7,
				"TimeDiff": -4.605064501327002e-8,
				"PhiDegree": 60.67385137170685,
				"Power": -60.07805994496141
			}, {
				"Time": 6.384804936560414e-7,
				"TimeDiff": 4.742777395021439e-8,
				"PhiDegree": 163.92035939016367,
				"Power": -75.13788461611529
			}]
	}
}