{
	"SensorDataCollection": {
		"SensorId": 0,
		"SensorDatas": [{
				"Time": 3.6710708917048776e-7,
				"TimeDiff": 0.0,
				"PhiDegree": 61.20234769994175,
				"Power": -54.302371601321454
			}, {
				"Time": 5.858829322409405e-7,
				"TimeDiff": 2.1877584307045277e-7,
				"PhiDegree": 36.24011976077754,
				"Power": -54.95742966255867
			}]
	}
}