{
	"SensorDataCollection": {
		"SensorId": 0,
		"SensorDatas": [{
				"Time": 3.623913120927054e-7,
				"TimeDiff": 0.0,
				"PhiDegree": 62.58937177715626,
				"Power": -55.31616907297966
			}, {
				"Time": 5.939858803443291e-7,
				"TimeDiff": 2.315945682516237e-7,
				"PhiDegree": 35.669302200994146,
				"Power": -55.41595214832242
			}]
	}
}