{
	"SensorDataCollection": {
		"SensorId": 0,
		"SensorDatas": [{
				"Time": 7.014887342486866e-8,
				"TimeDiff": 0.0,
				"PhiDegree": 182.72631099390622,
				"Power": -33.971092681780036
			}, {
				"Time": 9.668440413446341e-8,
				"TimeDiff": 2.6535530709594754e-8,
				"PhiDegree": 223.554136117687,
				"Power": -36.853599082552265
			}, {
				"Time": 4.0846331801159076e-7,
				"TimeDiff": 3.383144445867221e-7,
				"PhiDegree": 48.49768003517504,
				"Power": -49.73844191965752
			}, {
				"Time": 3.1383219519744017e-7,
				"TimeDiff": 2.436833217725715e-7,
				"PhiDegree": 102.9011988006681,
				"Power": -61.508325444082814
			}]
	}
}