{
	"SensorDataCollection": {
		"SensorId": 0,
		"SensorDatas": [{
				"Time": 3.7891154416282497e-7,
				"TimeDiff": 0.0,
				"PhiDegree": 58.105857300560515,
				"Power": -52.466388025459736
			}, {
				"Time": 5.672129194116981e-7,
				"TimeDiff": 1.8830137524887318e-7,
				"PhiDegree": 37.63500935589278,
				"Power": -53.942390359965415
			}, {
				"Time": 5.380232336618394e-7,
				"TimeDiff": 1.5911168949901446e-7,
				"PhiDegree": 143.2774931605079,
				"Power": -53.948318569006474
			}, {
				"Time": 6.028100071486149e-7,
				"TimeDiff": 2.2389846298578988e-7,
				"PhiDegree": 335.48397166115143,
				"Power": -67.37086767692963
			}]
	}
}