{
	"SensorDataCollection": {
		"SensorId": 0,
		"SensorDatas": [{
				"Time": 5.956620810158047e-7,
				"TimeDiff": 0.0,
				"PhiDegree": 147.31086198737026,
				"Power": -57.593651936744166
			}, {
				"Time": 5.327130004702801e-7,
				"TimeDiff": -6.29490805455246e-8,
				"PhiDegree": 160.23102660607861,
				"Power": -59.50013325553307
			}, {
				"Time": 5.437462401042028e-7,
				"TimeDiff": -5.19158409116019e-8,
				"PhiDegree": 60.19511227626906,
				"Power": -59.537404416293214
			}, {
				"Time": 6.362119566585529e-7,
				"TimeDiff": 4.0549875642748134e-8,
				"PhiDegree": 163.54839467192724,
				"Power": -74.39967880616625
			}]
	}
}