{
	"SensorDataCollection": {
		"SensorId": 0,
		"SensorDatas": [{
				"Time": 5.585608757709661e-7,
				"TimeDiff": 0.0,
				"PhiDegree": 58.28594604768487,
				"Power": -57.88567498602649
			}, {
				"Time": 6.137109711505054e-7,
				"TimeDiff": 5.5150095379539305e-8,
				"PhiDegree": 148.7508562404593,
				"Power": -59.13438541771228
			}, {
				"Time": 5.53674481922185e-7,
				"TimeDiff": -4.886393848781148e-9,
				"PhiDegree": 161.373533842749,
				"Power": -60.709910378669605
			}, {
				"Time": 6.128762541734823e-7,
				"TimeDiff": 5.431537840251624e-8,
				"PhiDegree": 163.229168944285,
				"Power": -73.48395174200667
			}]
	}
}