{
	"SensorDataCollection": {
		"SensorId": 0,
		"SensorDatas": [{
				"Time": 6.067953904846224e-7,
				"TimeDiff": 0.0,
				"PhiDegree": 35.190400268536294,
				"Power": -55.90364019941374
			}]
	}
}