{
	"SensorDataCollection": {
		"SensorId": 0,
		"SensorDatas": [{
				"Time": 3.703678998688409e-7,
				"TimeDiff": 0.0,
				"PhiDegree": 60.29763058200815,
				"Power": -53.7067098452447
			}, {
				"Time": 5.805140235697806e-7,
				"TimeDiff": 2.1014612370093965e-7,
				"PhiDegree": 36.6294925786382,
				"Power": -54.65914804827895
			}]
	}
}