{
	"SensorDataCollection": {
		"SensorId": 0,
		"SensorDatas": [{
				"Time": 3.7003456727047645e-7,
				"TimeDiff": 0.0,
				"PhiDegree": 61.45122422396673,
				"Power": -54.56479640845771
			}, {
				"Time": 5.878616165199035e-7,
				"TimeDiff": 2.178270492494271e-7,
				"PhiDegree": 36.50241357810297,
				"Power": -54.838489973356616
			}]
	}
}