{
	"SensorDataCollection": {
		"SensorId": 0,
		"SensorDatas": [{
				"Time": 5.826439932228572e-7,
				"TimeDiff": 0.0,
				"PhiDegree": 146.87816653514756,
				"Power": -57.04814419549588
			}, {
				"Time": 5.190262986207737e-7,
				"TimeDiff": -6.361769460208344e-8,
				"PhiDegree": 160.07932793020862,
				"Power": -59.16321149985072
			}, {
				"Time": 5.401699129252898e-7,
				"TimeDiff": -4.2474080297567346e-8,
				"PhiDegree": 61.5995756553122,
				"Power": -61.06438032214493
			}, {
				"Time": 6.481047367744111e-7,
				"TimeDiff": 6.546074355155392e-8,
				"PhiDegree": 164.16546168886182,
				"Power": -75.74514574309767
			}]
	}
}