{
	"SensorDataCollection": {
		"SensorId": 0,
		"SensorDatas": [{
				"Time": 5.761430595790223e-7,
				"TimeDiff": 0.0,
				"PhiDegree": 146.05629651843958,
				"Power": -56.31802980879603
			}, {
				"Time": 5.107941378001965e-7,
				"TimeDiff": -6.534892177882577e-8,
				"PhiDegree": 159.34486755194297,
				"Power": -58.5042043830246
			}, {
				"Time": 5.325227469976834e-7,
				"TimeDiff": -4.362031258133892e-8,
				"PhiDegree": 62.37622498814545,
				"Power": -61.89275872472845
			}, {
				"Time": 6.586454327357311e-7,
				"TimeDiff": 8.250237315670881e-8,
				"PhiDegree": 164.12381785315276,
				"Power": -75.80353502358079
			}]
	}
}