{
	"SensorDataCollection": {
		"SensorId": 0,
		"SensorDatas": [{
				"Time": 5.489018427698442e-7,
				"TimeDiff": 0.0,
				"PhiDegree": 39.12389714962747,
				"Power": -53.01990806652479
			}, {
				"Time": 5.569195514922819e-7,
				"TimeDiff": 8.017708722437722e-9,
				"PhiDegree": 144.71444081391252,
				"Power": -55.097262799597075
			}, {
				"Time": 4.890083976214866e-7,
				"TimeDiff": -5.98934451483576e-8,
				"PhiDegree": 158.3795017917891,
				"Power": -57.48158814933065
			}]
	}
}