{
	"SensorDataCollection": {
		"SensorId": 0,
		"SensorDatas": [{
				"Time": 6.040716090715296e-7,
				"TimeDiff": 0.0,
				"PhiDegree": 35.372785495836226,
				"Power": -55.74748559511269
			}]
	}
}