{
	"SensorDataCollection": {
		"SensorId": 0,
		"SensorDatas": [{
				"Time": 5.81691060935083e-7,
				"TimeDiff": 0.0,
				"PhiDegree": 146.4233261400497,
				"Power": -56.67755446080463
			}, {
				"Time": 5.170438245272367e-7,
				"TimeDiff": -6.464723640784628e-8,
				"PhiDegree": 159.60571930550663,
				"Power": -58.79148428405031
			}, {
				"Time": 5.356495396354443e-7,
				"TimeDiff": -4.604152129963877e-8,
				"PhiDegree": 61.74377015231096,
				"Power": -61.163984375993664
			}, {
				"Time": 6.522292558696276e-7,
				"TimeDiff": 7.053819493454454e-8,
				"PhiDegree": 163.96345117725275,
				"Power": -75.40619660617473
			}]
	}
}