{
	"SensorDataCollection": {
		"SensorId": 0,
		"SensorDatas": [{
				"Time": 6.023405232520206e-7,
				"TimeDiff": 0.0,
				"PhiDegree": 148.0922489145673,
				"Power": -58.3655873074848
			}, {
				"Time": 5.516616951004052e-7,
				"TimeDiff": -5.067882815161547e-8,
				"PhiDegree": 59.46522722228865,
				"Power": -58.906721742123864
			}, {
				"Time": 5.410437891454089e-7,
				"TimeDiff": -6.129673410661176e-8,
				"PhiDegree": 160.9220988761396,
				"Power": -60.155316522728896
			}, {
				"Time": 6.256669969040505e-7,
				"TimeDiff": 2.3326473652029818e-8,
				"PhiDegree": 163.58183554006524,
				"Power": -74.31727083825407
			}]
	}
}