{
	"SensorDataCollection": {
		"SensorId": 0,
		"SensorDatas": [{
				"Time": 5.411731713057522e-7,
				"TimeDiff": 0.0,
				"PhiDegree": 39.792635180056394,
				"Power": -52.65842829244082
			}, {
				"Time": 5.651200676130706e-7,
				"TimeDiff": 2.3946896307318445e-8,
				"PhiDegree": 145.30069575108578,
				"Power": -55.612722576557346
			}, {
				"Time": 4.983277204099436e-7,
				"TimeDiff": -4.284545089580855e-8,
				"PhiDegree": 158.80356381459654,
				"Power": -57.9231055658135
			}]
	}
}