{
	"SensorDataCollection": {
		"SensorId": 0,
		"SensorDatas": [{
				"Time": 6.041107561138054e-7,
				"TimeDiff": 0.0,
				"PhiDegree": 147.82360695109256,
				"Power": -58.1536118360808
			}, {
				"Time": 5.487903939358542e-7,
				"TimeDiff": -5.5320362177951125e-8,
				"PhiDegree": 59.2882397972217,
				"Power": -58.684724714246244
			}, {
				"Time": 5.421435527259944e-7,
				"TimeDiff": -6.1967203387811e-8,
				"PhiDegree": 160.58883622299226,
				"Power": -59.91878677955927
			}, {
				"Time": 6.266182577969417e-7,
				"TimeDiff": 2.2507501683136302e-8,
				"PhiDegree": 163.2891836948991,
				"Power": -73.78659973363787
			}]
	}
}