{
	"SensorDataCollection": {
		"SensorId": 0,
		"SensorDatas": [{
				"Time": 5.966997268398169e-7,
				"TimeDiff": 0.0,
				"PhiDegree": 35.482481643982595,
				"Power": -55.57155926648892
			}]
	}
}