{
	"SensorDataCollection": {
		"SensorId": 0,
		"SensorDatas": [{
				"Time": 3.806850046613481e-7,
				"TimeDiff": 0.0,
				"PhiDegree": 57.679482748783755,
				"Power": -52.25711981079152
			}, {
				"Time": 5.645742536546001e-7,
				"TimeDiff": 1.8388924899325202e-7,
				"PhiDegree": 37.841780348672806,
				"Power": -53.804451249168025
			}, {
				"Time": 5.407013690093609e-7,
				"TimeDiff": 1.6001636434801282e-7,
				"PhiDegree": 143.48890697418815,
				"Power": -54.1073142207197
			}, {
				"Time": 6.058474166457882e-7,
				"TimeDiff": 2.251624119844401e-7,
				"PhiDegree": 335.61490877607713,
				"Power": -67.62230823423724
			}]
	}
}