{
	"SensorDataCollection": {
		"SensorId": 0,
		"SensorDatas": [{
				"Time": 5.96685996988112e-7,
				"TimeDiff": 0.0,
				"PhiDegree": 147.7535548640265,
				"Power": -57.98520411811003
			}, {
				"Time": 5.483013869399133e-7,
				"TimeDiff": -4.838461004819862e-8,
				"PhiDegree": 60.06586940439156,
				"Power": -59.47268649190431
			}, {
				"Time": 5.34741484105171e-7,
				"TimeDiff": -6.1944512882941e-8,
				"PhiDegree": 160.68839143459556,
				"Power": -59.87467102617903
			}, {
				"Time": 6.32070987458852e-7,
				"TimeDiff": 3.538499047074003e-8,
				"PhiDegree": 163.7528131220704,
				"Power": -74.72915167243934
			}]
	}
}