{
	"SensorDataCollection": {
		"SensorId": 0,
		"SensorDatas": [{
				"Time": 3.6551146532582495e-7,
				"TimeDiff": 0.0,
				"PhiDegree": 61.66070244447136,
				"Power": -54.62366475728163
			}, {
				"Time": 5.885773943915047e-7,
				"TimeDiff": 2.2306592906567973e-7,
				"PhiDegree": 36.04810162808363,
				"Power": -55.10883990163019
			}]
	}
}