{
	"SensorDataCollection": {
		"SensorId": 0,
		"SensorDatas": [{
				"Time": 5.995106415228466e-7,
				"TimeDiff": 0.0,
				"PhiDegree": 147.92370052049841,
				"Power": -58.1750339189019
			}, {
				"Time": 5.499739859331259e-7,
				"TimeDiff": -4.9536655589720744e-8,
				"PhiDegree": 59.76463084558904,
				"Power": -59.18489711284823
			}, {
				"Time": 5.37891517985215e-7,
				"TimeDiff": -6.16191235376316e-8,
				"PhiDegree": 160.80592972396386,
				"Power": -60.01527398354416
			}, {
				"Time": 6.288682921912969e-7,
				"TimeDiff": 2.935765066845023e-8,
				"PhiDegree": 163.66775961236104,
				"Power": -74.52360654472756
			}]
	}
}