{
	"SensorDataCollection": {
		"SensorId": 0,
		"SensorDatas": [{
				"Time": 5.706191595540319e-7,
				"TimeDiff": 0.0,
				"PhiDegree": 145.6821452064326,
				"Power": -55.962963762315724
			}, {
				"Time": 5.045553005965938e-7,
				"TimeDiff": -6.606385895743804e-8,
				"PhiDegree": 159.0775592678205,
				"Power": -58.21474311047311
			}]
	}
}