{
	"SensorDataCollection": {
		"SensorId": 0,
		"SensorDatas": [{
				"Time": 3.7829154692142206e-7,
				"TimeDiff": 0.0,
				"PhiDegree": 59.23107679504444,
				"Power": -53.157762212859424
			}, {
				"Time": 5.347109724919503e-7,
				"TimeDiff": 1.5641942557052825e-7,
				"PhiDegree": 142.56333575452643,
				"Power": -53.52604505140154
			}, {
				"Time": 5.745368404326332e-7,
				"TimeDiff": 1.9624529351121112e-7,
				"PhiDegree": 37.49214700863345,
				"Power": -54.12284264787654
			}]
	}
}