{
	"SensorDataCollection": {
		"SensorId": 0,
		"SensorDatas": [{
				"Time": 6.051755687061777e-7,
				"TimeDiff": 0.0,
				"PhiDegree": 148.25921955641962,
				"Power": -58.55683100854141
			}, {
				"Time": 5.533643761879504e-7,
				"TimeDiff": -5.181119251822727e-8,
				"PhiDegree": 59.167658021884556,
				"Power": -58.63793112105422
			}, {
				"Time": 5.441982587073844e-7,
				"TimeDiff": -6.097730999879329e-8,
				"PhiDegree": 161.0369217364124,
				"Power": -60.2947999645956
			}, {
				"Time": 6.224671231970508e-7,
				"TimeDiff": 1.729155449087316e-8,
				"PhiDegree": 163.4950278629883,
				"Power": -74.11014099568278
			}]
	}
}