{
	"SensorDataCollection": {
		"SensorId": 0,
		"SensorDatas": [{
				"Time": 5.900567650149657e-7,
				"TimeDiff": 0.0,
				"PhiDegree": 146.9608927892743,
				"Power": -57.22445062541604
			}, {
				"Time": 5.26437852029939e-7,
				"TimeDiff": -6.361891298502669e-8,
				"PhiDegree": 159.98537113176448,
				"Power": -59.2183101947259
			}, {
				"Time": 5.404603193910778e-7,
				"TimeDiff": -4.959644562388798e-8,
				"PhiDegree": 60.8089984138106,
				"Power": -60.155936678871484
			}, {
				"Time": 6.42614810051284e-7,
				"TimeDiff": 5.255804503631822e-8,
				"PhiDegree": 163.71689998113192,
				"Power": -74.80456119970282
			}]
	}
}