{
	"SensorDataCollection": {
		"SensorId": 0,
		"SensorDatas": [{
				"Time": 3.879847860677974e-7,
				"TimeDiff": 0.0,
				"PhiDegree": 56.01364926509914,
				"Power": -51.535206925019295
			}, {
				"Time": 5.540948648088381e-7,
				"TimeDiff": 1.661100787410407e-7,
				"PhiDegree": 38.68847430021102,
				"Power": -53.2727725382544
			}, {
				"Time": 5.51485735040049e-7,
				"TimeDiff": 1.6350094897225163e-7,
				"PhiDegree": 144.31394529719813,
				"Power": -54.760833123976084
			}]
	}
}