{
	"SensorDataCollection": {
		"SensorId": 0,
		"SensorDatas": [{
				"Time": 5.872624805504496e-7,
				"TimeDiff": 0.0,
				"PhiDegree": 146.78340620970323,
				"Power": -57.04119209637456
			}, {
				"Time": 5.233039720585317e-7,
				"TimeDiff": -6.395850849191786e-8,
				"PhiDegree": 159.86033523033345,
				"Power": -59.07658070474008
			}, {
				"Time": 5.388408373287487e-7,
				"TimeDiff": -4.8421643221700905e-8,
				"PhiDegree": 61.11873135840679,
				"Power": -60.480983758327014
			}, {
				"Time": 6.458182900635724e-7,
				"TimeDiff": 5.855580951312277e-8,
				"PhiDegree": 163.79989931475146,
				"Power": -75.00586133944118
			}]
	}
}