{
	"SensorDataCollection": {
		"SensorId": 0,
		"SensorDatas": [{
				"Time": 2.5303838345265865e-7,
				"TimeDiff": 0.0,
				"PhiDegree": 134.59718492081944,
				"Power": -45.189797133351206
			}, {
				"Time": 2.5753864814433604e-7,
				"TimeDiff": 4.500264691677389e-9,
				"PhiDegree": 135.6036436878187,
				"Power": -45.349778167751126
			}, {
				"Time": 3.068084662094126e-7,
				"TimeDiff": 5.377008275675397e-8,
				"PhiDegree": 234.16621254056423,
				"Power": -46.10324162068757
			}, {
				"Time": 4.3790899601688237e-7,
				"TimeDiff": 1.8487061256422372e-7,
				"PhiDegree": 246.0645501306188,
				"Power": -65.53100811489952
			}]
	}
}