{
	"SensorDataCollection": {
		"SensorId": 0,
		"SensorDatas": [{
				"Time": 3.7715926368133525e-7,
				"TimeDiff": 0.0,
				"PhiDegree": 58.53621773977374,
				"Power": -52.687986111103186
			}, {
				"Time": 5.353524967964866e-7,
				"TimeDiff": 1.5819323311515137e-7,
				"PhiDegree": 143.06396703636022,
				"Power": -53.791205493592656
			}, {
				"Time": 5.698589039055009e-7,
				"TimeDiff": 1.9269964022416567e-7,
				"PhiDegree": 37.43015588523858,
				"Power": -54.08221174615986
			}, {
				"Time": 5.997757777166362e-7,
				"TimeDiff": 2.2261651403530097e-7,
				"PhiDegree": 335.35170904373155,
				"Power": -67.11908776940732
			}]
	}
}