{
	"SensorDataCollection": {
		"SensorId": 0,
		"SensorDatas": [{
				"Time": 5.733780532930614e-7,
				"TimeDiff": 0.0,
				"PhiDegree": 145.8701220003318,
				"Power": -56.13991706687929
			}, {
				"Time": 5.076733379921682e-7,
				"TimeDiff": -6.570471530089322e-8,
				"PhiDegree": 159.2120346522194,
				"Power": -58.35974617326153
			}, {
				"Time": 5.309838971019022e-7,
				"TimeDiff": -4.239415619115923e-8,
				"PhiDegree": 62.695226198924146,
				"Power": -62.27505966305871
			}, {
				"Time": 6.618554279612359e-7,
				"TimeDiff": 8.847737466817449e-8,
				"PhiDegree": 164.202834908735,
				"Power": -76.00108920402796
			}]
	}
}