{
	"SensorDataCollection": {
		"SensorId": 0,
		"SensorDatas": [{
				"Time": 5.550818914193213e-7,
				"TimeDiff": 0.0,
				"PhiDegree": 58.87192234220209,
				"Power": -58.37830275670359
			}, {
				"Time": 6.080157056533309e-7,
				"TimeDiff": 5.2933814234009584e-8,
				"PhiDegree": 148.42463169989037,
				"Power": -58.74873270336788
			}, {
				"Time": 5.473548886622111e-7,
				"TimeDiff": -7.72700275711019e-9,
				"PhiDegree": 161.15042066687957,
				"Power": -60.433725729841
			}, {
				"Time": 6.192686931069878e-7,
				"TimeDiff": 6.418680168766649e-8,
				"PhiDegree": 163.407323285539,
				"Power": -73.90221350257431
			}]
	}
}