{
	"SensorDataCollection": {
		"SensorId": 0,
		"SensorDatas": [{
				"Time": 5.568141035250162e-7,
				"TimeDiff": 0.0,
				"PhiDegree": 58.57801890137345,
				"Power": -58.12762064103529
			}, {
				"Time": 6.108608630763102e-7,
				"TimeDiff": 5.404675955129397e-8,
				"PhiDegree": 148.58850434498888,
				"Power": -58.94126100225566
			}, {
				"Time": 5.505136418469923e-7,
				"TimeDiff": -6.300461678023962e-9,
				"PhiDegree": 161.26261755848907,
				"Power": -60.57209533332562
			}, {
				"Time": 6.160717291181324e-7,
				"TimeDiff": 5.925762559311611e-8,
				"PhiDegree": 163.31870825277463,
				"Power": -73.6934848907815
			}]
	}
}