{
	"SensorDataCollection": {
		"SensorId": 0,
		"SensorDatas": [{
				"Time": 5.984729556985617e-7,
				"TimeDiff": 0.0,
				"PhiDegree": 147.48338500524562,
				"Power": -57.77951996999508
			}, {
				"Time": 5.45412395857896e-7,
				"TimeDiff": -5.306055984066574e-8,
				"PhiDegree": 59.890960490545034,
				"Power": -59.24340661570251
			}, {
				"Time": 5.358541824158341e-7,
				"TimeDiff": -6.261877328272759e-8,
				"PhiDegree": 160.35169566481653,
				"Power": -59.64022786038896
			}, {
				"Time": 6.330126248162429e-7,
				"TimeDiff": 3.4539669117681206e-8,
				"PhiDegree": 163.4628640781112,
				"Power": -74.19608981900151
			}]
	}
}