{
	"SensorDataCollection": {
		"SensorId": 0,
		"SensorDatas": [{
				"Time": 3.861295305025783e-7,
				"TimeDiff": 0.0,
				"PhiDegree": 56.42418113518711,
				"Power": -51.699184777879225
			}, {
				"Time": 5.567032080432432e-7,
				"TimeDiff": 1.7057367754066496e-7,
				"PhiDegree": 38.4738153405085,
				"Power": -53.402550692355504
			}, {
				"Time": 5.48779081274268e-7,
				"TimeDiff": 1.6264955077168968e-7,
				"PhiDegree": 144.1107283356815,
				"Power": -54.594947258364755
			}, {
				"Time": 6.149782540867843e-7,
				"TimeDiff": 2.28848723584206e-7,
				"PhiDegree": 335.99995033517274,
				"Power": -68.37447261591105
			}]
	}
}