{
	"SensorDataCollection": {
		"SensorId": 0,
		"SensorDatas": [{
				"Time": 3.7326980497902073e-7,
				"TimeDiff": 0.0,
				"PhiDegree": 60.5514060721684,
				"Power": -53.958334166534684
			}, {
				"Time": 5.825109453455167e-7,
				"TimeDiff": 2.09241140366496e-7,
				"PhiDegree": 36.89287109269348,
				"Power": -54.547258604430695
			}]
	}
}