{
	"SensorDataCollection": {
		"SensorId": 0,
		"SensorDatas": [{
				"Time": 3.7542845978479327e-7,
				"TimeDiff": 0.0,
				"PhiDegree": 58.970570977795425,
				"Power": -52.92235116667456
			}, {
				"Time": 5.32689269694319e-7,
				"TimeDiff": 1.572608099095257e-7,
				"PhiDegree": 142.84830280643615,
				"Power": -53.63604283757006
			}, {
				"Time": 5.725121056607985e-7,
				"TimeDiff": 1.9708364587600518e-7,
				"PhiDegree": 37.2271985513572,
				"Power": -54.22385561226784
			}]
	}
}