{
	"SensorDataCollection": {
		"SensorId": 0,
		"SensorDatas": [{
				"Time": 5.994198598044123e-7,
				"TimeDiff": 0.0,
				"PhiDegree": 35.29735469555253,
				"Power": -55.72847256421488
			}]
	}
}