{
	"SensorDataCollection": {
		"SensorId": 0,
		"SensorDatas": [{
				"Time": 6.012892057903675e-7,
				"TimeDiff": 0.0,
				"PhiDegree": 147.65429347319778,
				"Power": -57.96618485845167
			}, {
				"Time": 5.470938272713263e-7,
				"TimeDiff": -5.4195378519041155e-8,
				"PhiDegree": 59.58866978246517,
				"Power": -58.959259090003485
			}, {
				"Time": 5.38997713455243e-7,
				"TimeDiff": -6.229149233512453e-8,
				"PhiDegree": 160.47095772036477,
				"Power": -59.779778756653386
			}, {
				"Time": 6.298147179235649e-7,
				"TimeDiff": 2.8525512133197443e-8,
				"PhiDegree": 163.3764647207924,
				"Power": -73.99173121566697
			}]
	}
}