{
	"SensorDataCollection": {
		"SensorId": 0,
		"SensorDatas": [{
				"Time": 5.603220719859555e-7,
				"TimeDiff": 0.0,
				"PhiDegree": 57.99570176938541,
				"Power": -57.65226197362888
			}, {
				"Time": 6.16565961221995e-7,
				"TimeDiff": 5.624388923603945e-8,
				"PhiDegree": 148.91170588637215,
				"Power": -59.32807633849404
			}, {
				"Time": 5.56837373349622e-7,
				"TimeDiff": -3.4846986363335256e-9,
				"PhiDegree": 161.48319050311184,
				"Power": -60.84717255310275
			}, {
				"Time": 6.096822916862332e-7,
				"TimeDiff": 4.936021970027762e-8,
				"PhiDegree": 163.13869126791073,
				"Power": -73.2736106915292
			}]
	}
}