{
	"SensorDataCollection": {
		"SensorId": 0,
		"SensorDatas": [{
				"Time": 3.639394372762862e-7,
				"TimeDiff": 0.0,
				"PhiDegree": 62.12304669798204,
				"Power": -54.96138787408211
			}, {
				"Time": 5.912784068787629e-7,
				"TimeDiff": 2.2733896960247668e-7,
				"PhiDegree": 35.85783568653811,
				"Power": -55.26169675960371
			}]
	}
}