{
	"SensorDataCollection": {
		"SensorId": 0,
		"SensorDatas": [{
				"Time": 3.72032477013347e-7,
				"TimeDiff": 0.0,
				"PhiDegree": 59.85127489269224,
				"Power": -53.43122627145
			}, {
				"Time": 5.778397630213411e-7,
				"TimeDiff": 2.0580728600799415e-7,
				"PhiDegree": 36.826887772084696,
				"Power": -54.5123796179377
			}]
	}
}