{
	"SensorDataCollection": {
		"SensorId": 0,
		"SensorDatas": [{
				"Time": 3.8247935055779104e-7,
				"TimeDiff": 0.0,
				"PhiDegree": 57.25708553471141,
				"Power": -52.05976218709941
			}, {
				"Time": 5.619430097320374e-7,
				"TimeDiff": 1.794636591742464e-7,
				"PhiDegree": 38.05049045135312,
				"Power": -53.66845586787457
			}, {
				"Time": 5.433867934466172e-7,
				"TimeDiff": 1.6090744288882615e-7,
				"PhiDegree": 143.6982339949744,
				"Power": -54.268126565977866
			}, {
				"Time": 6.088879586173321e-7,
				"TimeDiff": 2.2640860805954102e-7,
				"PhiDegree": 335.7445388676278,
				"Power": -67.87339707417479
			}]
	}
}