{
	"SensorDataCollection": {
		"SensorId": 0,
		"SensorDatas": [{
				"Time": 5.882442402939878e-7,
				"TimeDiff": 0.0,
				"PhiDegree": 147.23333532116513,
				"Power": -57.420403949339914
			}, {
				"Time": 5.253052084839391e-7,
				"TimeDiff": -6.293903181004872e-8,
				"PhiDegree": 160.32732577991192,
				"Power": -59.44948806092492
			}, {
				"Time": 5.433756400512338e-7,
				"TimeDiff": -4.486860024275393e-8,
				"PhiDegree": 60.980593768505955,
				"Power": -60.39613914094676
			}, {
				"Time": 6.41687263476303e-7,
				"TimeDiff": 5.3443023182315254e-8,
				"PhiDegree": 164.00287701738412,
				"Power": -75.34107973281057
			}]
	}
}