{
	"SensorDataCollection": {
		"SensorId": 0,
		"SensorDatas": [{
				"Time": 3.9379559552805283e-7,
				"TimeDiff": 0.0,
				"PhiDegree": 124.52416179645554,
				"Power": -49.033516931956306
			}, {
				"Time": 4.530422488409737e-7,
				"TimeDiff": 5.924665331292085e-8,
				"PhiDegree": 240.3127978041746,
				"Power": -58.07796111705356
			}, {
				"Time": 9.442923024940648e-7,
				"TimeDiff": 5.50496706966012e-7,
				"PhiDegree": 159.9577730458255,
				"Power": -79.5687773884552
			}]
	}
}