{
	"SensorDataCollection": {
		"SensorId": 0,
		"SensorDatas": [{
				"Time": 3.817485093038044e-7,
				"TimeDiff": 0.0,
				"PhiDegree": 58.370450922808665,
				"Power": -52.69101148366914
			}, {
				"Time": 5.400249679558924e-7,
				"TimeDiff": 1.5827645865208802e-7,
				"PhiDegree": 142.99373668525237,
				"Power": -53.829912951046936
			}, {
				"Time": 5.692565026714173e-7,
				"TimeDiff": 1.8750799336761287e-7,
				"PhiDegree": 37.90096257286224,
				"Power": -53.848833756731835
			}]
	}
}