{
	"SensorDataCollection": {
		"SensorId": 0,
		"SensorDatas": [{
				"Time": 4.5124138402759284e-7,
				"TimeDiff": 0.0,
				"PhiDegree": 133.90594906740702,
				"Power": -47.2836660265708
			}]
	}
}