{
	"SensorDataCollection": {
		"SensorId": 0,
		"SensorDatas": [{
				"Time": 4.3085257344170014e-7,
				"TimeDiff": 0.0,
				"PhiDegree": 131.05088305713446,
				"Power": -47.275507071949534
			}, {
				"Time": 8.881084953060176e-7,
				"TimeDiff": 4.5725592186431743e-7,
				"PhiDegree": 158.6297437892,
				"Power": -76.29574587409661
			}]
	}
}