{
	"SensorDataCollection": {
		"SensorId": 0,
		"SensorDatas": [{
				"Time": 6.03080985486884e-7,
				"TimeDiff": 0.0,
				"PhiDegree": 147.38648137396268,
				"Power": -57.76442864157684
			}, {
				"Time": 5.44218883197331e-7,
				"TimeDiff": -5.886210228955296e-8,
				"PhiDegree": 59.41084792902053,
				"Power": -58.734179839538186
			}, {
				"Time": 5.401222560258615e-7,
				"TimeDiff": -6.295872946102253e-8,
				"PhiDegree": 160.13736918734764,
				"Power": -59.55153425223628
			}, {
				"Time": 6.307773737679766e-7,
				"TimeDiff": 2.7696388281092638e-8,
				"PhiDegree": 163.08605145640897,
				"Power": -73.47360760139873
			}]
	}
}