{
	"SensorDataCollection": {
		"SensorId": 0,
		"SensorDatas": [{
				"Time": 3.881793396623672e-7,
				"TimeDiff": 0.0,
				"PhiDegree": 123.32290387355445,
				"Power": -49.630326390293725
			}, {
				"Time": 4.4816906175940395e-7,
				"TimeDiff": 5.998972209703678e-8,
				"PhiDegree": 241.4246056495743,
				"Power": -59.23523075563392
			}, {
				"Time": 9.537021992824092e-7,
				"TimeDiff": 5.65522859620042e-7,
				"PhiDegree": 160.16387005123315,
				"Power": -80.10365752277798
			}]
	}
}