{
	"SensorDataCollection": {
		"SensorId": 0,
		"SensorDatas": [{
				"Time": 3.8891384699180087e-7,
				"TimeDiff": 0.0,
				"PhiDegree": 56.69603589726921,
				"Power": -51.902366410080475
			}, {
				"Time": 5.587852286270553e-7,
				"TimeDiff": 1.698713816352544e-7,
				"PhiDegree": 38.741664960440154,
				"Power": -53.3244137961283
			}, {
				"Time": 5.507417235874272e-7,
				"TimeDiff": 1.6182787659562635e-7,
				"PhiDegree": 143.82950447812723,
				"Power": -54.460323392312375
			}, {
				"Time": 6.163429286865275e-7,
				"TimeDiff": 2.2742908169472665e-7,
				"PhiDegree": 335.71658837629,
				"Power": -67.93417390753123
			}]
	}
}