{
	"SensorDataCollection": {
		"SensorId": 0,
		"SensorDatas": [{
				"Time": 5.511304323930475e-7,
				"TimeDiff": 0.0,
				"PhiDegree": 58.21633491760127,
				"Power": -57.70620640599964
			}, {
				"Time": 6.143652495014922e-7,
				"TimeDiff": 6.323481710844475e-8,
				"PhiDegree": 148.05735341697337,
				"Power": -58.50611227091426
			}, {
				"Time": 5.526934378058653e-7,
				"TimeDiff": 1.5630054128177763e-9,
				"PhiDegree": 160.60747209456468,
				"Power": -60.10024037777498
			}, {
				"Time": 6.180203408890623e-7,
				"TimeDiff": 6.688990849601484e-8,
				"PhiDegree": 162.72606312250417,
				"Power": -72.65340019008231
			}]
	}
}