{
	"SensorDataCollection": {
		"SensorId": 0,
		"SensorDatas": [{
				"Time": 4.243109538507575e-7,
				"TimeDiff": 0.0,
				"PhiDegree": 130.0410541841585,
				"Power": -47.3854107247984
			}, {
				"Time": 4.798042243825419e-7,
				"TimeDiff": 5.5493270531784416e-8,
				"PhiDegree": 235.1134783766616,
				"Power": -54.06473192878991
			}, {
				"Time": 8.974376015268509e-7,
				"TimeDiff": 4.731266476760934e-7,
				"PhiDegree": 158.86261772753434,
				"Power": -76.8487100569272
			}]
	}
}