{
	"SensorDataCollection": {
		"SensorId": 0,
		"SensorDatas": [{
				"Time": 4.397778321554602e-7,
				"TimeDiff": 0.0,
				"PhiDegree": 132.35145366634796,
				"Power": -47.220801956392684
			}]
	}
}