{
	"SensorDataCollection": {
		"SensorId": 0,
		"SensorDatas": [{
				"Time": 4.6274827796750854e-7,
				"TimeDiff": 0.0,
				"PhiDegree": 134.52265820099709,
				"Power": -50.44017791820865
			}]
	}
}