{
	"SensorDataCollection": {
		"SensorId": 0,
		"SensorDatas": [{
				"Time": 4.330625715903232e-7,
				"TimeDiff": 0.0,
				"PhiDegree": 131.38088546452937,
				"Power": -47.252372985811924
			}, {
				"Time": 8.85002099288334e-7,
				"TimeDiff": 4.5193952769801083e-7,
				"PhiDegree": 158.55102860152346,
				"Power": -76.11077776342215
			}]
	}
}