{
	"SensorDataCollection": {
		"SensorId": 0,
		"SensorDatas": [{
				"Time": 3.919040455649252e-7,
				"TimeDiff": 0.0,
				"PhiDegree": 124.1274757332538,
				"Power": -49.22105251373756
			}, {
				"Time": 4.513990353420662e-7,
				"TimeDiff": 5.949498977714098e-8,
				"PhiDegree": 240.68072801993966,
				"Power": -58.44847729363741
			}, {
				"Time": 9.474275681989899e-7,
				"TimeDiff": 5.555235226340647e-7,
				"PhiDegree": 160.0269268956022,
				"Power": -79.74741286554297
			}]
	}
}