{
	"SensorDataCollection": {
		"SensorId": 0,
		"SensorDatas": [{
				"Time": 3.021457517048048e-8,
				"TimeDiff": 0.0,
				"PhiDegree": 186.3401917459099,
				"Power": -25.903897534074023
			}, {
				"Time": 7.307482543797568e-8,
				"TimeDiff": 4.2860250267495203e-8,
				"PhiDegree": 245.7357529620278,
				"Power": -39.414071469197566
			}, {
				"Time": 4.3602800400252154e-7,
				"TimeDiff": 4.0581342883204105e-7,
				"PhiDegree": 44.55417328759589,
				"Power": -49.92264507764949
			}, {
				"Time": 4.806761313811711e-7,
				"TimeDiff": 4.504615562106906e-7,
				"PhiDegree": 140.4749143916929,
				"Power": -51.7207208325957
			}]
	}
}