{
	"SensorDataCollection": {
		"SensorId": 0,
		"SensorDatas": [{
				"Time": 5.458725877809467e-7,
				"TimeDiff": 0.0,
				"PhiDegree": 39.83758761997507,
				"Power": -52.718565544069335
			}, {
				"Time": 5.642953917866641e-7,
				"TimeDiff": 1.8422804005717402e-8,
				"PhiDegree": 144.82929638941212,
				"Power": -55.28571083370413
			}, {
				"Time": 6.756063892890096e-7,
				"TimeDiff": 1.2973380150806286e-7,
				"PhiDegree": 164.2386867909483,
				"Power": -76.25049320224657
			}]
	}
}