{
	"SensorDataCollection": {
		"SensorId": 0,
		"SensorDatas": [{
				"Time": 3.907558832262093e-7,
				"TimeDiff": 0.0,
				"PhiDegree": 56.28713617788553,
				"Power": -51.733067902692795
			}, {
				"Time": 5.561866495104646e-7,
				"TimeDiff": 1.6543076628425536e-7,
				"PhiDegree": 38.95677226887291,
				"Power": -53.198598427787886
			}, {
				"Time": 5.534387789164069e-7,
				"TimeDiff": 1.626828956901976e-7,
				"PhiDegree": 144.03337545699677,
				"Power": -54.6222760236341
			}, {
				"Time": 6.193858722149923e-7,
				"TimeDiff": 2.2862998898878297e-7,
				"PhiDegree": 335.84352228866607,
				"Power": -68.18167970117517
			}]
	}
}