{
	"SensorDataCollection": {
		"SensorId": 0,
		"SensorDatas": [{
				"Time": 3.8709180673707573e-7,
				"TimeDiff": 0.0,
				"PhiDegree": 57.108806185910474,
				"Power": -52.08243285261136
			}, {
				"Time": 5.613916108429562e-7,
				"TimeDiff": 1.7429980410588044e-7,
				"PhiDegree": 38.52855203594293,
				"Power": -53.452411217163544
			}, {
				"Time": 5.480517097378322e-7,
				"TimeDiff": 1.609599030007565e-7,
				"PhiDegree": 143.62362954278652,
				"Power": -54.30004898476761
			}, {
				"Time": 6.133030402168163e-7,
				"TimeDiff": 2.262112334797406e-7,
				"PhiDegree": 335.5883955121473,
				"Power": -67.68631649877105
			}]
	}
}