{
	"SensorDataCollection": {
		"SensorId": 0,
		"SensorDatas": [{
				"Time": 4.221606330609599e-7,
				"TimeDiff": 0.0,
				"PhiDegree": 129.6977480685576,
				"Power": -47.43621367552844
			}, {
				"Time": 4.779036600445987e-7,
				"TimeDiff": 5.574302698363878e-8,
				"PhiDegree": 235.441618813228,
				"Power": -54.25410492698143
			}, {
				"Time": 9.005505525754818e-7,
				"TimeDiff": 4.783899195145219e-7,
				"PhiDegree": 158.93916971916215,
				"Power": -77.03237970237807
			}]
	}
}