{
	"SensorDataCollection": {
		"SensorId": 0,
		"SensorDatas": [{
				"Time": 4.179067219711187e-7,
				"TimeDiff": 0.0,
				"PhiDegree": 129.00093378655706,
				"Power": -47.56032739518173
			}, {
				"Time": 4.7415012015841444e-7,
				"TimeDiff": 5.624339818729574e-8,
				"PhiDegree": 236.10573688801477,
				"Power": -54.66269781390254
			}, {
				"Time": 9.067812277657259e-7,
				"TimeDiff": 4.888745057946072e-7,
				"PhiDegree": 159.09069622478077,
				"Power": -77.39873302305367
			}]
	}
}