{
	"SensorDataCollection": {
		"SensorId": 0,
		"SensorDatas": [{
				"Time": 4.6041479992113067e-7,
				"TimeDiff": 0.0,
				"PhiDegree": 134.22661297097338,
				"Power": -50.408029701196654
			}]
	}
}