{
	"SensorDataCollection": {
		"SensorId": 0,
		"SensorDatas": [{
				"Time": 4.4204395476719623e-7,
				"TimeDiff": 0.0,
				"PhiDegree": 132.6685893786533,
				"Power": -47.22228389474209
			}]
	}
}