{
	"SensorDataCollection": {
		"SensorId": 0,
		"SensorDatas": [{
				"Time": 3.900318668493138e-7,
				"TimeDiff": 0.0,
				"PhiDegree": 123.72706226335802,
				"Power": -49.41988436932678
			}, {
				"Time": 4.4977457168625455e-7,
				"TimeDiff": 5.974270483694075e-8,
				"PhiDegree": 241.05133133895035,
				"Power": -58.83408100815063
			}, {
				"Time": 9.505642049710822e-7,
				"TimeDiff": 5.605323381217684e-7,
				"PhiDegree": 160.09562446224933,
				"Power": -79.9257064164311
			}]
	}
}