{
	"SensorDataCollection": {
		"SensorId": 0,
		"SensorDatas": [{
				"Time": 4.489224932530022e-7,
				"TimeDiff": 0.0,
				"PhiDegree": 133.60122971686303,
				"Power": -47.26033044893842
			}]
	}
}