{
	"SensorDataCollection": {
		"SensorId": 0,
		"SensorDatas": [{
				"Time": 3.852900461456666e-7,
				"TimeDiff": 0.0,
				"PhiDegree": 57.52545880574748,
				"Power": -52.27363683379386
			}, {
				"Time": 5.64005687979166e-7,
				"TimeDiff": 1.7871564183349934e-7,
				"PhiDegree": 38.31741170222467,
				"Power": -53.58252359062273
			}, {
				"Time": 5.453688415632276e-7,
				"TimeDiff": 1.60078795417561e-7,
				"PhiDegree": 143.4157263533797,
				"Power": -54.14151368531017
			}, {
				"Time": 6.102662524598903e-7,
				"TimeDiff": 2.2497620631422365e-7,
				"PhiDegree": 335.4589261758974,
				"Power": -67.43811897901116
			}]
	}
}