{
	"SensorDataCollection": {
		"SensorId": 0,
		"SensorDatas": [{
				"Time": 3.724382753665071e-7,
				"TimeDiff": 0.0,
				"PhiDegree": 119.51444760908282,
				"Power": -52.103292388863565
			}, {
				"Time": 4.3460623227879633e-7,
				"TimeDiff": 6.216795691228924e-8,
				"PhiDegree": 244.90343690373797,
				"Power": -63.63072206601775
			}, {
				"Time": 9.82003088173761e-7,
				"TimeDiff": 6.09564812807254e-7,
				"PhiDegree": 160.75842690515117,
				"Power": -81.68974196884457
			}]
	}
}