{
	"SensorDataCollection": {
		"SensorId": 0,
		"SensorDatas": [{
				"Time": 3.863467466905949e-7,
				"TimeDiff": 0.0,
				"PhiDegree": 122.91498378111523,
				"Power": -49.85270117005247
			}, {
				"Time": 4.46582709983268e-7,
				"TimeDiff": 6.023596329267305e-8,
				"PhiDegree": 241.8005479027493,
				"Power": -59.652403191618944
			}, {
				"Time": 9.568415377766832e-7,
				"TimeDiff": 5.704947910860882e-7,
				"PhiDegree": 160.2316679166825,
				"Power": -80.28126570844375
			}]
	}
}