{
	"SensorDataCollection": {
		"SensorId": 0,
		"SensorDatas": [{
				"Time": 4.443235764530558e-7,
				"TimeDiff": 0.0,
				"PhiDegree": 132.98257838561292,
				"Power": -47.22947741180941
			}]
	}
}