{
	"SensorDataCollection": {
		"SensorId": 0,
		"SensorDatas": [{
				"Time": 3.800093107233917e-7,
				"TimeDiff": 0.0,
				"PhiDegree": 58.79880658892485,
				"Power": -52.917999636496674
			}, {
				"Time": 5.373641799395012e-7,
				"TimeDiff": 1.573548692161095e-7,
				"PhiDegree": 142.77960027630658,
				"Power": -53.67697845313944
			}, {
				"Time": 5.718930321716909e-7,
				"TimeDiff": 1.9188372144829922e-7,
				"PhiDegree": 37.69561113539595,
				"Power": -53.98490616185822
			}]
	}
}