{
	"SensorDataCollection": {
		"SensorId": 0,
		"SensorDatas": [{
				"Time": 3.8350885104496743e-7,
				"TimeDiff": 0.0,
				"PhiDegree": 57.946004098613905,
				"Power": -52.47636291865288
			}, {
				"Time": 5.6662735353652e-7,
				"TimeDiff": 1.8311850249155258e-7,
				"PhiDegree": 38.10822235337796,
				"Power": -53.71468561893602
			}, {
				"Time": 5.426932250400935e-7,
				"TimeDiff": 1.5918437399512602e-7,
				"PhiDegree": 143.20577034486666,
				"Power": -53.98478016798961
			}, {
				"Time": 6.072326119360124e-7,
				"TimeDiff": 2.2372376089104497e-7,
				"PhiDegree": 335.328162548691,
				"Power": -67.18959332985182
			}]
	}
}