{
	"SensorDataCollection": {
		"SensorId": 0,
		"SensorDatas": [{
				"Time": 5.510133418369128e-7,
				"TimeDiff": 0.0,
				"PhiDegree": 39.393058132045724,
				"Power": -52.95379157789833
			}, {
				"Time": 5.588536059561437e-7,
				"TimeDiff": 7.8402641192309e-9,
				"PhiDegree": 144.43520139704015,
				"Power": -54.95098105427084
			}]
	}
}