{
	"SensorDataCollection": {
		"SensorId": 0,
		"SensorDatas": [{
				"Time": 2.6900864961979994e-8,
				"TimeDiff": 0.0,
				"PhiDegree": 187.1250163489018,
				"Power": -24.719538534899637
			}, {
				"Time": 7.176814123105519e-8,
				"TimeDiff": 4.486727626907519e-8,
				"PhiDegree": 248.16495404158317,
				"Power": -40.67658328449498
			}, {
				"Time": 4.384119026946526e-7,
				"TimeDiff": 4.115110377326726e-7,
				"PhiDegree": 44.24823686252726,
				"Power": -49.98164324975431
			}, {
				"Time": 4.781071418579589e-7,
				"TimeDiff": 4.512062768959789e-7,
				"PhiDegree": 140.22043683710277,
				"Power": -51.58673698553005
			}]
	}
}