{
	"SensorDataCollection": {
		"SensorId": 0,
		"SensorDatas": [{
				"Time": 4.0553631807023804e-7,
				"TimeDiff": 0.0,
				"PhiDegree": 126.827069968122,
				"Power": -48.128948915093694
			}, {
				"Time": 4.796939024193637e-7,
				"TimeDiff": 7.41575843491257e-8,
				"PhiDegree": 42.426229322564915,
				"Power": -50.955967220830416
			}, {
				"Time": 4.632839447375208e-7,
				"TimeDiff": 5.774762666728278e-8,
				"PhiDegree": 238.16135819448556,
				"Power": -56.14808085504876
			}, {
				"Time": 9.255102805479393e-7,
				"TimeDiff": 5.199739624777013e-7,
				"PhiDegree": 159.53302024089672,
				"Power": -78.48981871922965
			}]
	}
}