{
	"SensorDataCollection": {
		"SensorId": 0,
		"SensorDatas": [{
				"Time": 3.995837078365163e-7,
				"TimeDiff": 0.0,
				"PhiDegree": 125.69204118095234,
				"Power": -48.535671118105896
			}, {
				"Time": 4.580823591298527e-7,
				"TimeDiff": 5.8498651293336434e-8,
				"PhiDegree": 239.225053362567,
				"Power": -57.05260507103091
			}, {
				"Time": 9.348948696925674e-7,
				"TimeDiff": 5.353111618560512e-7,
				"PhiDegree": 159.74752995762356,
				"Power": -79.03082524102379
			}]
	}
}