{
	"SensorDataCollection": {
		"SensorId": 0,
		"SensorDatas": [{
				"Time": 5.546743476852111e-7,
				"TimeDiff": 0.0,
				"PhiDegree": 57.63036877370232,
				"Power": -57.24545559836537
			}, {
				"Time": 6.20038103905154e-7,
				"TimeDiff": 6.536375621994287e-8,
				"PhiDegree": 148.38361007114796,
				"Power": -58.88109593385835
			}, {
				"Time": 5.589925104086224e-7,
				"TimeDiff": 4.318162723411273e-9,
				"PhiDegree": 160.83458681805314,
				"Power": -60.37145669728916
			}, {
				"Time": 6.11651259403432e-7,
				"TimeDiff": 5.697691171822088e-8,
				"PhiDegree": 162.54044149940464,
				"Power": -72.2387105532571
			}]
	}
}