{
	"SensorDataCollection": {
		"SensorId": 0,
		"SensorDatas": [{
				"Time": 7.460957536519347e-9,
				"TimeDiff": 0.0,
				"PhiDegree": 206.56505117707795,
				"Power": -14.45171346649328
			}, {
				"Time": 6.695278521032377e-8,
				"TimeDiff": 5.949182767380442e-8,
				"PhiDegree": 264.279746758935,
				"Power": -61.7427573444574
			}]
	}
}