{
	"SensorDataCollection": {
		"SensorId": 0,
		"SensorDatas": [{
				"Time": 5.780127949768042e-7,
				"TimeDiff": 0.0,
				"PhiDegree": 145.781912923803,
				"Power": -56.14614465045089
			}, {
				"Time": 5.119806320121224e-7,
				"TimeDiff": -6.603216296468177e-8,
				"PhiDegree": 158.99546383278985,
				"Power": -58.286207391670445
			}, {
				"Time": 5.295687047589965e-7,
				"TimeDiff": -4.844409021780763e-8,
				"PhiDegree": 62.20884110989133,
				"Power": -61.63449296752691
			}, {
				"Time": 6.595660106525538e-7,
				"TimeDiff": 8.155321567574965e-8,
				"PhiDegree": 163.84502264668404,
				"Power": -75.27520229994141
			}]
	}
}