{
	"SensorDataCollection": {
		"SensorId": 0,
		"SensorDatas": [{
				"Time": 3.845343729382937e-7,
				"TimeDiff": 0.0,
				"PhiDegree": 122.50328595596909,
				"Power": -50.087340467556004
			}, {
				"Time": 4.450157212376206e-7,
				"TimeDiff": 6.048134829932687e-8,
				"PhiDegree": 242.17915408683328,
				"Power": -60.08609419677795
			}, {
				"Time": 9.59982207266643e-7,
				"TimeDiff": 5.754478343283494e-7,
				"PhiDegree": 160.29902226210632,
				"Power": -80.45853053835887
			}]
	}
}