{
	"SensorDataCollection": {
		"SensorId": 0,
		"SensorDatas": [{
				"Time": 5.697633639616745e-7,
				"TimeDiff": 0.0,
				"PhiDegree": 145.2158451842932,
				"Power": -55.626037546422054
			}, {
				"Time": 5.026486519543833e-7,
				"TimeDiff": -6.711471200729122e-8,
				"PhiDegree": 158.5864751010978,
				"Power": -57.854984128022934
			}, {
				"Time": 6.691864656785099e-7,
				"TimeDiff": 9.94231017168354e-8,
				"PhiDegree": 164.0834859450563,
				"Power": -75.86253163456237
			}]
	}
}