{
	"SensorDataCollection": {
		"SensorId": 0,
		"SensorDatas": [{
				"Time": 6.087126865077986e-7,
				"TimeDiff": 0.0,
				"PhiDegree": 147.72502651992852,
				"Power": -58.133804745251666
			}, {
				"Time": 5.476449036184482e-7,
				"TimeDiff": -6.106778288935045e-8,
				"PhiDegree": 58.8098226555025,
				"Power": -58.20187598607353
			}, {
				"Time": 5.464032495457696e-7,
				"TimeDiff": -6.230943696202905e-8,
				"PhiDegree": 160.37512456545346,
				"Power": -59.82693519716071
			}, {
				"Time": 6.243957765674267e-7,
				"TimeDiff": 1.5683090059628027e-8,
				"PhiDegree": 162.9078960172439,
				"Power": -73.06502529680031
			}]
	}
}