{
	"SensorDataCollection": {
		"SensorId": 0,
		"SensorDatas": [{
				"Time": 5.752567757566714e-7,
				"TimeDiff": 0.0,
				"PhiDegree": 145.59502827327896,
				"Power": -55.971557339988664
			}, {
				"Time": 5.088671088335306e-7,
				"TimeDiff": -6.638966692314077e-8,
				"PhiDegree": 158.86080124962567,
				"Power": -58.14298887603739
			}, {
				"Time": 5.280212457578633e-7,
				"TimeDiff": -4.7235529998808095e-8,
				"PhiDegree": 62.52914040576575,
				"Power": -62.01312751292626
			}, {
				"Time": 6.627715472666558e-7,
				"TimeDiff": 8.751477150998437e-8,
				"PhiDegree": 163.9252795637556,
				"Power": -75.47170144653056
			}]
	}
}