{
	"SensorDataCollection": {
		"SensorId": 0,
		"SensorDatas": [{
				"Time": 3.7410096121331375e-7,
				"TimeDiff": 0.0,
				"PhiDegree": 119.95296990378944,
				"Power": -51.772612436720216
			}, {
				"Time": 4.3603192240742905e-7,
				"TimeDiff": 6.19309611941153e-8,
				"PhiDegree": 244.5063815630688,
				"Power": -63.06563337067496
			}, {
				"Time": 9.788534572879147e-7,
				"TimeDiff": 6.047524960746009e-7,
				"PhiDegree": 160.69406360816038,
				"Power": -81.51488958592856
			}]
	}
}