{
	"SensorDataCollection": {
		"SensorId": 0,
		"SensorDatas": [{
				"Time": 4.0353428233194547e-7,
				"TimeDiff": 0.0,
				"PhiDegree": 126.45234238471282,
				"Power": -48.2548578466314
			}, {
				"Time": 4.6153247469138207e-7,
				"TimeDiff": 5.79981923594366e-8,
				"PhiDegree": 238.51325475116536,
				"Power": -56.43679884426115
			}, {
				"Time": 9.286370258094206e-7,
				"TimeDiff": 5.251027434774752e-7,
				"PhiDegree": 159.60500517234473,
				"Power": -78.670492354918
			}]
	}
}