{
	"SensorDataCollection": {
		"SensorId": 0,
		"SensorDatas": [{
				"Time": 6.058941918422836e-7,
				"TimeDiff": 0.0,
				"PhiDegree": 147.5565406281419,
				"Power": -57.948733733881156
			}, {
				"Time": 5.459243843852669e-7,
				"TimeDiff": -5.996980745701675e-8,
				"PhiDegree": 59.10939234325668,
				"Power": -58.46333743010457
			}, {
				"Time": 5.432615834999279e-7,
				"TimeDiff": -6.263260834235575e-8,
				"PhiDegree": 160.25693408628396,
				"Power": -59.689497058922285
			}, {
				"Time": 6.27585816720678e-7,
				"TimeDiff": 2.1691624878394388e-8,
				"PhiDegree": 162.99742662938854,
				"Power": -73.26969540067972
			}]
	}
}