{
	"SensorDataCollection": {
		"SensorId": 0,
		"SensorDatas": [{
				"Time": 5.48438838257287e-7,
				"TimeDiff": 0.0,
				"PhiDegree": 39.61428118691161,
				"Power": -52.834943787350596
			}, {
				"Time": 5.61571177913764e-7,
				"TimeDiff": 1.313233965647703e-8,
				"PhiDegree": 144.63320361472995,
				"Power": -55.117620167202375
			}]
	}
}