{
	"SensorDataCollection": {
		"SensorId": 0,
		"SensorDatas": [{
				"Time": 4.264765378822071e-7,
				"TimeDiff": 0.0,
				"PhiDegree": 130.38099435055548,
				"Power": -47.34182803753641
			}, {
				"Time": 4.817204018324183e-7,
				"TimeDiff": 5.524386395021124e-8,
				"PhiDegree": 234.7879378732572,
				"Power": -53.88495186440376
			}, {
				"Time": 8.943262636641465e-7,
				"TimeDiff": 4.678497257819394e-7,
				"PhiDegree": 158.78553295271718,
				"Power": -76.66471356517754
			}]
	}
}