{
	"SensorDataCollection": {
		"SensorId": 0,
		"SensorDatas": [{
				"Time": 3.827425056335283e-7,
				"TimeDiff": 0.0,
				"PhiDegree": 122.0877951437078,
				"Power": -50.33458573143294
			}, {
				"Time": 4.434683007794632e-7,
				"TimeDiff": 6.072579514593486e-8,
				"PhiDegree": 242.56041920262885,
				"Power": -60.53682002845366
			}, {
				"Time": 9.631241947314837e-7,
				"TimeDiff": 5.803816890979554e-7,
				"PhiDegree": 160.36593724109943,
				"Power": -80.63545161742144
			}]
	}
}