{
	"SensorDataCollection": {
		"SensorId": 0,
		"SensorDatas": [{
				"Time": 5.670261518438297e-7,
				"TimeDiff": 0.0,
				"PhiDegree": 145.0235026812809,
				"Power": -55.45520035927811
			}, {
				"Time": 4.995438251779887e-7,
				"TimeDiff": -6.748232666584099e-8,
				"PhiDegree": 158.44675246610964,
				"Power": -57.71020055660931
			}, {
				"Time": 6.723958107917104e-7,
				"TimeDiff": 1.0536965894788072e-7,
				"PhiDegree": 164.1614568258689,
				"Power": -76.05686932050249
			}]
	}
}