{
	"SensorDataCollection": {
		"SensorId": 0,
		"SensorDatas": [{
				"Time": 5.863170546686945e-7,
				"TimeDiff": 0.0,
				"PhiDegree": 146.33199818027214,
				"Power": -56.6766724076289
			}, {
				"Time": 5.213377647878657e-7,
				"TimeDiff": -6.497928988082888e-8,
				"PhiDegree": 159.38979074636782,
				"Power": -58.71271593102999
			}, {
				"Time": 5.343092198859151e-7,
				"TimeDiff": -5.200783478277939e-8,
				"PhiDegree": 61.25921293915193,
				"Power": -60.56967688051088
			}, {
				"Time": 6.499573187244343e-7,
				"TimeDiff": 6.364026405573981e-8,
				"PhiDegree": 163.599504310483,
				"Power": -74.68132933838159
			}]
	}
}