{
	"SensorDataCollection": {
		"SensorId": 0,
		"SensorDatas": [{
				"Time": 5.807749052901457e-7,
				"TimeDiff": 0.0,
				"PhiDegree": 145.96702191683005,
				"Power": -56.321888949867414
			}, {
				"Time": 5.150969491400747e-7,
				"TimeDiff": -6.567795615007098e-8,
				"PhiDegree": 159.12849773633053,
				"Power": -58.42890191657531
			}, {
				"Time": 5.311326166820309e-7,
				"TimeDiff": -4.964228860811481e-8,
				"PhiDegree": 61.89041814428799,
				"Power": -61.26790999977021
			}, {
				"Time": 6.563617808076253e-7,
				"TimeDiff": 7.558687551747964e-8,
				"PhiDegree": 163.76398197216102,
				"Power": -75.0779760645156
			}]
	}
}