{
	"SensorDataCollection": {
		"SensorId": 0,
		"SensorDatas": [{
				"Time": 4.466164905070018e-7,
				"TimeDiff": 0.0,
				"PhiDegree": 133.29344901258443,
				"Power": -47.24221427286946
			}]
	}
}