{
	"SensorDataCollection": {
		"SensorId": 0,
		"SensorDatas": [{
				"Time": 5.890969250624955e-7,
				"TimeDiff": 0.0,
				"PhiDegree": 146.51190742832253,
				"Power": -56.85562661225721
			}, {
				"Time": 5.244621659535821e-7,
				"TimeDiff": -6.463475910891348e-8,
				"PhiDegree": 159.51810398516372,
				"Power": -58.85383435152427
			}, {
				"Time": 5.359216220337722e-7,
				"TimeDiff": -5.3175303028723376e-8,
				"PhiDegree": 60.94643534048228,
				"Power": -60.23744100436977
			}, {
				"Time": 6.467571260721621e-7,
				"TimeDiff": 5.7660201009666594e-8,
				"PhiDegree": 163.5160442785228,
				"Power": -74.48190243380145
			}]
	}
}