{
	"SensorDataCollection": {
		"SensorId": 0,
		"SensorDatas": [{
				"Time": 5.835430202029691e-7,
				"TimeDiff": 0.0,
				"PhiDegree": 146.1503766297121,
				"Power": -56.49874589761113
			}, {
				"Time": 5.182160098127402e-7,
				"TimeDiff": -6.53270103902289e-8,
				"PhiDegree": 159.2599309210647,
				"Power": -58.57107163776597
			}, {
				"Time": 5.327128366219702e-7,
				"TimeDiff": -5.0830183580998865e-8,
				"PhiDegree": 61.57387456648917,
				"Power": -60.913070557721255
			}, {
				"Time": 6.531588769638932e-7,
				"TimeDiff": 6.961585676092407e-8,
				"PhiDegree": 163.68214633211647,
				"Power": -74.88001948526369
			}]
	}
}