{
	"SensorDataCollection": {
		"SensorId": 0,
		"SensorDatas": [{
				"Time": 4.2002580993322996e-7,
				"TimeDiff": 0.0,
				"PhiDegree": 129.35104986278475,
				"Power": -47.494447341182436
			}, {
				"Time": 4.760188958304688e-7,
				"TimeDiff": 5.599308589723885e-8,
				"PhiDegree": 235.77236866954152,
				"Power": -54.453335786125535
			}, {
				"Time": 9.036651001387012e-7,
				"TimeDiff": 4.836392902054713e-7,
				"PhiDegree": 159.01519416169873,
				"Power": -77.2157211274727
			}]
	}
}