{
	"SensorDataCollection": {
		"SensorId": 0,
		"SensorDatas": [{
				"Time": 2.3593619341200035e-8,
				"TimeDiff": 0.0,
				"PhiDegree": 188.13010235415598,
				"Power": -23.408177696911917
			}, {
				"Time": 7.059510205159741e-8,
				"TimeDiff": 4.7001482710397374e-8,
				"PhiDegree": 250.67953712698565,
				"Power": -42.28056671844
			}, {
				"Time": 4.408081656789185e-7,
				"TimeDiff": 4.172145463377185e-7,
				"PhiDegree": 43.945618069394264,
				"Power": -50.04635325055813
			}]
	}
}