{
	"SensorDataCollection": {
		"SensorId": 0,
		"SensorDatas": [{
				"Time": 4.0154999080475145e-7,
				"TimeDiff": 0.0,
				"PhiDegree": 126.07400660271007,
				"Power": -48.39034227293319
			}, {
				"Time": 4.597985464232014e-7,
				"TimeDiff": 5.824855561844997e-8,
				"PhiDegree": 238.867818813588,
				"Power": -56.738184276084
			}, {
				"Time": 9.317652270627791e-7,
				"TimeDiff": 5.302152362580276e-7,
				"PhiDegree": 159.67650686819056,
				"Power": -78.85082812785379
			}]
	}
}