{
	"SensorDataCollection": {
		"SensorId": 0,
		"SensorDatas": [{
				"Time": 3.9261763399619817e-7,
				"TimeDiff": 0.0,
				"PhiDegree": 55.882093908308185,
				"Power": -51.57418190170425
			}, {
				"Time": 5.535959833764214e-7,
				"TimeDiff": 1.6097834938022319e-7,
				"PhiDegree": 39.17389593929282,
				"Power": -53.075034067194935
			}, {
				"Time": 5.561427732802629e-7,
				"TimeDiff": 1.635251392840647e-7,
				"PhiDegree": 144.23526650927133,
				"Power": -54.785847731420745
			}, {
				"Time": 6.22431825995516e-7,
				"TimeDiff": 2.2981419199931785e-7,
				"PhiDegree": 335.9692144766136,
				"Power": -68.42882283697438
			}]
	}
}