{
	"SensorDataCollection": {
		"SensorId": 0,
		"SensorDatas": [{
				"Time": 2.0295998779979068e-8,
				"TimeDiff": 0.0,
				"PhiDegree": 189.46232220802563,
				"Power": -21.98071133896599
			}, {
				"Time": 6.956246923833939e-8,
				"TimeDiff": 4.926647045836032e-8,
				"PhiDegree": 253.27390577481583,
				"Power": -44.31849689284081
			}, {
				"Time": 4.432165924116841e-7,
				"TimeDiff": 4.2292059363170506e-7,
				"PhiDegree": 43.64627984546792,
				"Power": -50.11658557180364
			}]
	}
}