{
	"SensorDataCollection": {
		"SensorId": 0,
		"SensorDatas": [{
				"Time": 3.792214497871064e-7,
				"TimeDiff": 0.0,
				"PhiDegree": 121.24537756603767,
				"Power": -50.868312042459
			}, {
				"Time": 4.404329871345104e-7,
				"TimeDiff": 6.121153734740397e-8,
				"PhiDegree": 243.3309011465578,
				"Power": -61.49155067265205
			}, {
				"Time": 9.69412072319748e-7,
				"TimeDiff": 5.901906225326417e-7,
				"PhiDegree": 160.49846546876432,
				"Power": -80.98826113599708
			}]
	}
}