{
	"SensorDataCollection": {
		"SensorId": 0,
		"SensorDatas": [{
				"Time": 6.002731417932949e-7,
				"TimeDiff": 0.0,
				"PhiDegree": 147.21482965402228,
				"Power": -57.58092373221639
			}, {
				"Time": 5.425285416875435e-7,
				"TimeDiff": -5.7744600105751425e-8,
				"PhiDegree": 59.714190429860764,
				"Power": -59.01463404876313
			}, {
				"Time": 5.369853081388989e-7,
				"TimeDiff": -6.328783365439606e-8,
				"PhiDegree": 160.01640681379456,
				"Power": -59.41304619581814
			}, {
				"Time": 6.33970424800113e-7,
				"TimeDiff": 3.369728300681807e-8,
				"PhiDegree": 163.17378375720264,
				"Power": -73.67676477085509
			}]
	}
}