{
	"SensorDataCollection": {
		"SensorId": 0,
		"SensorDatas": [{
				"Time": 3.353283353233433e-8,
				"TimeDiff": 0.0,
				"PhiDegree": 185.71059313749964,
				"Power": -26.965792952533604
			}, {
				"Time": 7.450812361592021e-8,
				"TimeDiff": 4.097529008358588e-8,
				"PhiDegree": 243.39593463958528,
				"Power": -38.42733496973398
			}, {
				"Time": 4.336566735096382e-7,
				"TimeDiff": 4.001238399773039e-7,
				"PhiDegree": 44.86346446761379,
				"Power": -49.86955449859077
			}, {
				"Time": 4.832545021192209e-7,
				"TimeDiff": 4.497216685868865e-7,
				"PhiDegree": 140.72668137427118,
				"Power": -51.85789206274484
			}]
	}
}