{
	"SensorDataCollection": {
		"SensorId": 0,
		"SensorDatas": [{
				"Time": 5.528951614613829e-7,
				"TimeDiff": 0.0,
				"PhiDegree": 57.9224128768052,
				"Power": -57.47156952353993
			}, {
				"Time": 6.17199175199702e-7,
				"TimeDiff": 6.430401373831903e-8,
				"PhiDegree": 148.2212314226374,
				"Power": -58.69328497714656
			}, {
				"Time": 5.558418824322503e-7,
				"TimeDiff": 2.9467209708673344e-9,
				"PhiDegree": 160.72167289972376,
				"Power": -60.236109148831275
			}, {
				"Time": 6.148349935256989e-7,
				"TimeDiff": 6.193983206431602e-8,
				"PhiDegree": 162.63373302477942,
				"Power": -72.44643975320261
			}]
	}
}