{
	"SensorDataCollection": {
		"SensorId": 0,
		"SensorDatas": [{
				"Time": 5.974707363678155e-7,
				"TimeDiff": 0.0,
				"PhiDegree": 147.04156611985601,
				"Power": -57.398254263716666
			}, {
				"Time": 5.338507817869472e-7,
				"TimeDiff": -6.361995458086828e-8,
				"PhiDegree": 159.8940234185206,
				"Power": -59.27403243295075
			}, {
				"Time": 5.408535019925634e-7,
				"TimeDiff": -5.661723437525207e-8,
				"PhiDegree": 60.01942045250624,
				"Power": -59.30493799631806
			}, {
				"Time": 6.371649473564836e-7,
				"TimeDiff": 3.969421098866806e-8,
				"PhiDegree": 163.2606365416935,
				"Power": -73.87916983614991
			}]
	}
}