{
	"SensorDataCollection": {
		"SensorId": 0,
		"SensorDatas": [{
				"Time": 5.725069355963909e-7,
				"TimeDiff": 0.0,
				"PhiDegree": 145.4063463269598,
				"Power": -55.79817265100499
			}, {
				"Time": 5.057564312043943e-7,
				"TimeDiff": -6.675050439199664e-8,
				"PhiDegree": 158.7244814091749,
				"Power": -57.99924738129371
			}, {
				"Time": 6.659783717804159e-7,
				"TimeDiff": 9.347143618402497e-8,
				"PhiDegree": 164.0047637280039,
				"Power": -75.66747678801968
			}]
	}
}