{
	"SensorDataCollection": {
		"SensorId": 0,
		"SensorDatas": [{
				"Time": 4.075558365251527e-7,
				"TimeDiff": 0.0,
				"PhiDegree": 127.19821137123633,
				"Power": -48.01235314243664
			}, {
				"Time": 4.821620876660895e-7,
				"TimeDiff": 7.460625114093676e-8,
				"PhiDegree": 42.15873593873526,
				"Power": -51.04667568787842
			}, {
				"Time": 4.65052758365446e-7,
				"TimeDiff": 5.74969218402933e-8,
				"PhiDegree": 237.81212540246682,
				"Power": -55.871674959237495
			}, {
				"Time": 9.223850060851104e-7,
				"TimeDiff": 5.148291695599577e-7,
				"PhiDegree": 159.46054738797608,
				"Power": -78.3088080687922
			}]
	}
}