{
	"SensorDataCollection": {
		"SensorId": 0,
		"SensorDatas": [{
				"Time": 5.493802997988107e-7,
				"TimeDiff": 0.0,
				"PhiDegree": 58.5121374489481,
				"Power": -57.94957147911629
			}, {
				"Time": 6.115363963639561e-7,
				"TimeDiff": 6.215609656514535e-8,
				"PhiDegree": 147.89195790969617,
				"Power": -58.31960837754809
			}, {
				"Time": 5.495472140557615e-7,
				"TimeDiff": 1.669142569507895e-10,
				"PhiDegree": 160.49196319949667,
				"Power": -59.96384936633858
			}, {
				"Time": 6.212072766770074e-7,
				"TimeDiff": 7.182697687819668e-8,
				"PhiDegree": 162.81744610635943,
				"Power": -72.85959447672093
			}]
	}
}