{
	"SensorDataCollection": {
		"SensorId": 0,
		"SensorDatas": [{
				"Time": 4.1580360975125117e-7,
				"TimeDiff": 0.0,
				"PhiDegree": 128.6473744447433,
				"Power": -47.634074852446446
			}, {
				"Time": 4.722975228177293e-7,
				"TimeDiff": 5.6493913066478115e-8,
				"PhiDegree": 236.4417318440784,
				"Power": -54.88247305691266
			}, {
				"Time": 9.098989192228389e-7,
				"TimeDiff": 4.940953094715877e-7,
				"PhiDegree": 159.1656810145027,
				"Power": -77.5814141431523
			}]
	}
}