{
	"SensorDataCollection": {
		"SensorId": 0,
		"SensorDatas": [{
				"Time": 4.196082929564387e-7,
				"TimeDiff": 0.0,
				"PhiDegree": 130.24459854915713,
				"Power": -50.06295566464152
			}, {
				"Time": 4.295973339093092e-7,
				"TimeDiff": 9.989040952870466e-9,
				"PhiDegree": 129.12615184012333,
				"Power": -50.89056490174562
			}, {
				"Time": 4.751595429933391e-7,
				"TimeDiff": 5.555125003690038e-8,
				"PhiDegree": 235.2133928288482,
				"Power": -54.04757288886054
			}, {
				"Time": 8.993568908700213e-7,
				"TimeDiff": 4.797485979135827e-7,
				"PhiDegree": 159.1375394765542,
				"Power": -77.42272699899789
			}]
	}
}