{
	"SensorDataCollection": {
		"SensorId": 0,
		"SensorDatas": [{
				"Time": 4.239501819499312e-7,
				"TimeDiff": 0.0,
				"PhiDegree": 130.93301194459548,
				"Power": -50.02278369484006
			}, {
				"Time": 4.3383926350613967e-7,
				"TimeDiff": 9.889081556208466e-9,
				"PhiDegree": 129.80985906504228,
				"Power": -50.73268341261095
			}, {
				"Time": 4.789981508891264e-7,
				"TimeDiff": 5.504796893919521e-8,
				"PhiDegree": 234.55780565157863,
				"Power": -53.688741059969914
			}, {
				"Time": 8.931242832276248e-7,
				"TimeDiff": 4.691741012776936e-7,
				"PhiDegree": 158.98508004357214,
				"Power": -77.05296611544594
			}]
	}
}