{
	"SensorDataCollection": {
		"SensorId": 0,
		"SensorDatas": [{
				"Time": 5.518590719786361e-7,
				"TimeDiff": 0.0,
				"PhiDegree": 57.44490193815552,
				"Power": -57.04338080261098
			}, {
				"Time": 6.217937621953629e-7,
				"TimeDiff": 6.993469021672684e-8,
				"PhiDegree": 148.12178497193577,
				"Power": -58.66812748416143
			}, {
				"Time": 5.600967857365051e-7,
				"TimeDiff": 8.23771375786906e-9,
				"PhiDegree": 160.51217739370688,
				"Power": -60.1441501092215
			}, {
				"Time": 6.126606285940327e-7,
				"TimeDiff": 6.080155661539659e-8,
				"PhiDegree": 162.24277482551102,
				"Power": -71.7415774302753
			}]
	}
}