{
	"SensorDataCollection": {
		"SensorId": 0,
		"SensorDatas": [{
				"Time": 3.910581676281418e-7,
				"TimeDiff": 0.0,
				"PhiDegree": 125.01324646360469,
				"Power": -51.125292211842535
			}, {
				"Time": 4.0175768848007106e-7,
				"TimeDiff": 1.0699520851929237e-8,
				"PhiDegree": 123.9511177772143,
				"Power": -53.18155135325276
			}, {
				"Time": 4.50146600840773e-7,
				"TimeDiff": 5.908843321263117e-8,
				"PhiDegree": 240.1024603966167,
				"Power": -57.797634554011495
			}, {
				"Time": 9.431540022503901e-7,
				"TimeDiff": 5.520958346222483e-7,
				"PhiDegree": 160.14819611958967,
				"Power": -79.97269473904021
			}]
	}
}