{
	"SensorDataCollection": {
		"SensorId": 0,
		"SensorDatas": [{
				"Time": 6.060092780868651e-7,
				"TimeDiff": 0.0,
				"PhiDegree": 35.63001845298369,
				"Power": -55.61420443062366
			}]
	}
}