{
	"SensorDataCollection": {
		"SensorId": 0,
		"SensorDatas": [{
				"Time": 3.7463631444701104e-7,
				"TimeDiff": 0.0,
				"PhiDegree": 121.24905685444936,
				"Power": -52.76362956134905
			}, {
				"Time": 3.857915471943491e-7,
				"TimeDiff": 1.1155232747338034e-8,
				"PhiDegree": 120.249017842344,
				"Power": -56.09062289600145
			}, {
				"Time": 4.35956236200679e-7,
				"TimeDiff": 6.131992175366795e-8,
				"PhiDegree": 243.5259448570608,
				"Power": -61.66880014866936
			}, {
				"Time": 9.714527578035494e-7,
				"TimeDiff": 5.968164433565384e-7,
				"PhiDegree": 160.74966608384216,
				"Power": -81.57587677917138
			}]
	}
}