{
	"SensorDataCollection": {
		"SensorId": 0,
		"SensorDatas": [{
				"Time": 4.132120052631056e-7,
				"TimeDiff": 0.0,
				"PhiDegree": 129.18510877852862,
				"Power": -50.16933649354792
			}, {
				"Time": 4.233519942999286e-7,
				"TimeDiff": 1.0139989036823033e-8,
				"PhiDegree": 128.07515182785525,
				"Power": -51.19776470743527
			}, {
				"Time": 4.695206417969068e-7,
				"TimeDiff": 5.6308636533801204e-8,
				"PhiDegree": 236.21665300369327,
				"Power": -54.66032121731165
			}, {
				"Time": 9.087175373097387e-7,
				"TimeDiff": 4.955055320466331e-7,
				"PhiDegree": 159.3623047167474,
				"Power": -77.97482703686259
			}]
	}
}