{
	"SensorDataCollection": {
		"SensorId": 0,
		"SensorDatas": [{
				"Time": 4.217716265576974e-7,
				"TimeDiff": 0.0,
				"PhiDegree": 130.59057693822402,
				"Power": -50.03992630620252
			}, {
				"Time": 4.3171061459419287e-7,
				"TimeDiff": 9.93898803649545e-9,
				"PhiDegree": 129.46968494609527,
				"Power": -50.807124612840326
			}, {
				"Time": 4.77071039520267e-7,
				"TimeDiff": 5.529941296256963e-8,
				"PhiDegree": 234.8842805013995,
				"Power": -53.86337042107081
			}, {
				"Time": 8.96239793830676e-7,
				"TimeDiff": 4.744681672729786e-7,
				"PhiDegree": 159.06157481734843,
				"Power": -77.23801516672486
			}]
	}
}