{
	"SensorDataCollection": {
		"SensorId": 0,
		"SensorDatas": [{
				"Time": 1.3757325940382908e-8,
				"TimeDiff": 0.0,
				"PhiDegree": 345.9637564613532,
				"Power": -18.87401334521131
			}, {
				"Time": 6.7943164314653e-8,
				"TimeDiff": 5.4185838374270085e-8,
				"PhiDegree": 281.32869445450575,
				"Power": -50.33925238247858
			}]
	}
}