{
	"SensorDataCollection": {
		"SensorId": 0,
		"SensorDatas": [{
				"Time": 1.0551387336435417e-8,
				"TimeDiff": 0.0,
				"PhiDegree": 341.565051177078,
				"Power": -17.049147454092015
			}, {
				"Time": 6.736721260955876e-8,
				"TimeDiff": 5.681582527312334e-8,
				"PhiDegree": 278.54507832886657,
				"Power": -54.96709271255831
			}]
	}
}