{
	"SensorDataCollection": {
		"SensorId": 0,
		"SensorDatas": [{
				"Time": 3.9688620406832554e-7,
				"TimeDiff": 0.0,
				"PhiDegree": 126.19686712364455,
				"Power": -50.76532198455206
			}, {
				"Time": 4.0743270458314275e-7,
				"TimeDiff": 1.054650051481721e-8,
				"PhiDegree": 125.11887224331855,
				"Power": -52.49076611270277
			}, {
				"Time": 4.5521877241562315e-7,
				"TimeDiff": 5.833256834729761e-8,
				"PhiDegree": 239.01017105881434,
				"Power": -56.788222898455174
			}, {
				"Time": 9.337451133949075e-7,
				"TimeDiff": 5.36858909326582e-7,
				"PhiDegree": 159.93961306834845,
				"Power": -79.43198738303323
			}]
	}
}