{
	"SensorDataCollection": {
		"SensorId": 0,
		"SensorDatas": [{
				"Time": 3.949248913246563e-7,
				"TimeDiff": 0.0,
				"PhiDegree": 125.80621462099205,
				"Power": -50.87620361865174
			}, {
				"Time": 4.0552240329229845e-7,
				"TimeDiff": 1.0597511967642154e-8,
				"PhiDegree": 124.73325820326244,
				"Power": -52.707328619833675
			}, {
				"Time": 4.535098031659448e-7,
				"TimeDiff": 5.858491184128849e-8,
				"PhiDegree": 239.37154789221094,
				"Power": -57.11074725673444
			}, {
				"Time": 9.368800254877591e-7,
				"TimeDiff": 5.419551341631028e-7,
				"PhiDegree": 160.00960621888527,
				"Power": -79.61257229788939
			}]
	}
}