{
	"SensorDataCollection": {
		"SensorId": 0,
		"SensorDatas": [{
				"Time": 4.174604177900605e-7,
				"TimeDiff": 0.0,
				"PhiDegree": 129.8950471184027,
				"Power": -50.09206569116391
			}, {
				"Time": 4.274996493631566e-7,
				"TimeDiff": 1.0039231573096105e-8,
				"PhiDegree": 128.77923481662248,
				"Power": -50.98328796117991
			}, {
				"Time": 4.732638505118199e-7,
				"TimeDiff": 5.580343272175939e-8,
				"PhiDegree": 235.54515274237792,
				"Power": -54.241614443005815
			}, {
				"Time": 9.024755579072904e-7,
				"TimeDiff": 4.850151401172299e-7,
				"PhiDegree": 159.21297924845024,
				"Power": -77.60710036640923
			}]
	}
}