{
	"SensorDataCollection": {
		"SensorId": 0,
		"SensorDatas": [{
				"Time": 2.6026096825806774e-7,
				"TimeDiff": 0.0,
				"PhiDegree": 133.04976793771138,
				"Power": -45.472793798099815
			}, {
				"Time": 3.150226852615158e-7,
				"TimeDiff": 5.4761717003448036e-8,
				"PhiDegree": 235.6693183261162,
				"Power": -49.559389407845714
			}, {
				"Time": 4.287791258544736e-7,
				"TimeDiff": 1.6851815759640587e-7,
				"PhiDegree": 245.5218761503736,
				"Power": -64.4718849740183
			}, {
				"Time": 9.872184825739567e-7,
				"TimeDiff": 7.269575143158889e-7,
				"PhiDegree": 161.06889707363482,
				"Power": -82.45420137031397
			}]
	}
}