{
	"SensorDataCollection": {
		"SensorId": 0,
		"SensorDatas": [{
				"Time": 4.1111195708958203e-7,
				"TimeDiff": 0.0,
				"PhiDegree": 128.82466496019796,
				"Power": -50.21791897933184
			}, {
				"Time": 4.2130249352003163e-7,
				"TimeDiff": 1.0190536430449597e-8,
				"PhiDegree": 127.71793864979279,
				"Power": -51.32013452138065
			}, {
				"Time": 4.6767351116120385e-7,
				"TimeDiff": 5.656155407162182e-8,
				"PhiDegree": 236.55641073958546,
				"Power": -54.885561984423816
			}, {
				"Time": 9.118408178754634e-7,
				"TimeDiff": 5.007288607858814e-7,
				"PhiDegree": 159.43620054783426,
				"Power": -78.15817815682752
			}]
	}
}