{
	"SensorDataCollection": {
		"SensorId": 0,
		"SensorDatas": [{
				"Time": 2.3593619341200035e-8,
				"TimeDiff": 0.0,
				"PhiDegree": 351.86989764584405,
				"Power": -23.408177696911917
			}, {
				"Time": 7.059510205159741e-8,
				"TimeDiff": 4.7001482710397374e-8,
				"PhiDegree": 289.3204628730143,
				"Power": -42.28056671844
			}]
	}
}