{
	"SensorDataCollection": {
		"SensorId": 0,
		"SensorDatas": [{
				"Time": 5.500707799115634e-7,
				"TimeDiff": 0.0,
				"PhiDegree": 57.737841724780004,
				"Power": -57.26577193710145
			}, {
				"Time": 6.189628860262603e-7,
				"TimeDiff": 6.889210611469688e-8,
				"PhiDegree": 147.95866877354757,
				"Power": -58.48325202383873
			}, {
				"Time": 5.569524045780376e-7,
				"TimeDiff": 6.881624666474144e-9,
				"PhiDegree": 160.39766594289705,
				"Power": -60.009774983182496
			}, {
				"Time": 6.158391445525179e-7,
				"TimeDiff": 6.576836464095447e-8,
				"PhiDegree": 162.3374514414865,
				"Power": -71.94797738005309
			}]
	}
}