{
	"SensorDataCollection": {
		"SensorId": 0,
		"SensorDatas": [{
				"Time": 7.460957536519347e-9,
				"TimeDiff": 0.0,
				"PhiDegree": 333.434948822922,
				"Power": -14.45171346649328
			}, {
				"Time": 6.695278521032377e-8,
				"TimeDiff": 5.949182767380442e-8,
				"PhiDegree": 275.720253241065,
				"Power": -61.7427573444574
			}]
	}
}