{
	"SensorDataCollection": {
		"SensorId": 0,
		"SensorDatas": [{
				"Time": 3.7291631121446434e-7,
				"TimeDiff": 0.0,
				"PhiDegree": 120.50446606086723,
				"Power": -51.401128747418326
			}, {
				"Time": 4.344790523714874e-7,
				"TimeDiff": 6.156274115702304e-8,
				"PhiDegree": 243.91981762468828,
				"Power": -62.18806171642075
			}, {
				"Time": 9.746034589885944e-7,
				"TimeDiff": 6.0168714777413e-7,
				"PhiDegree": 160.81433837015678,
				"Power": -81.7522474835194
			}]
	}
}