{
	"SensorDataCollection": {
		"SensorId": 0,
		"SensorDatas": [{
				"Time": 4.2614372568017285e-7,
				"TimeDiff": 0.0,
				"PhiDegree": 131.27193363549694,
				"Power": -50.01134021816283
			}, {
				"Time": 4.3598305554315795e-7,
				"TimeDiff": 9.839329862985107e-9,
				"PhiDegree": 130.14669958961176,
				"Power": -50.666966695570395
			}, {
				"Time": 8.900103757209852e-7,
				"TimeDiff": 4.638666500408124e-7,
				"PhiDegree": 158.9080498623128,
				"Power": -76.8675811558092
			}]
	}
}