{
	"SensorDataCollection": {
		"SensorId": 0,
		"SensorDatas": [{
				"Time": 3.8459349548119233e-7,
				"TimeDiff": 0.0,
				"PhiDegree": 58.63113543439799,
				"Power": -52.91660911072911
			}, {
				"Time": 5.42039849482054e-7,
				"TimeDiff": 1.5744635400086162e-7,
				"PhiDegree": 142.7120829151091,
				"Power": -53.718186555194706
			}, {
				"Time": 5.713122631930718e-7,
				"TimeDiff": 1.8671876771187946e-7,
				"PhiDegree": 38.165007478944005,
				"Power": -53.76097356125992
			}]
	}
}