{
	"SensorDataCollection": {
		"SensorId": 0,
		"SensorDatas": [{
				"Time": 4.1532824088909726e-7,
				"TimeDiff": 0.0,
				"PhiDegree": 129.54189343519738,
				"Power": -50.12745686615855
			}, {
				"Time": 4.2541779166391474e-7,
				"TimeDiff": 1.0089550774817474e-8,
				"PhiDegree": 128.4289094440469,
				"Power": -51.08558691377846
			}, {
				"Time": 4.713841527457773e-7,
				"TimeDiff": 5.605591185668005e-8,
				"PhiDegree": 235.87956980358976,
				"Power": -54.44576948900547
			}, {
				"Time": 9.055957787223301e-7,
				"TimeDiff": 4.902675378332328e-7,
				"PhiDegree": 159.2878992955897,
				"Power": -77.79113408616738
			}]
	}
}