{
	"SensorDataCollection": {
		"SensorId": 0,
		"SensorDatas": [{
				"Time": 6.076907141951234e-7,
				"TimeDiff": 0.0,
				"PhiDegree": 147.29104762708334,
				"Power": -57.750800876418694
			}, {
				"Time": 5.430637502278528e-7,
				"TimeDiff": -6.462696396727061e-8,
				"PhiDegree": 58.928658924658976,
				"Power": -58.24259929507373
			}, {
				"Time": 5.443977689211078e-7,
				"TimeDiff": -6.32929452740156e-8,
				"PhiDegree": 159.9264062893166,
				"Power": -59.46721537249306
			}, {
				"Time": 6.285695984124519e-7,
				"TimeDiff": 2.0878884217328578e-8,
				"PhiDegree": 162.7065753065533,
				"Power": -72.76611017906663
			}]
	}
}