{
	"SensorDataCollection": {
		"SensorId": 0,
		"SensorDatas": [{
				"Time": 6.087243893212116e-7,
				"TimeDiff": 0.0,
				"PhiDegree": 35.44706331372548,
				"Power": -55.76713011824965
			}]
	}
}