{
	"SensorDataCollection": {
		"SensorId": 0,
		"SensorDatas": [{
				"Time": 5.662239147214023e-7,
				"TimeDiff": 0.0,
				"PhiDegree": 144.55330133073437,
				"Power": -55.13871000409071
			}, {
				"Time": 6.329337668166697e-7,
				"TimeDiff": 6.670985209526737e-8,
				"PhiDegree": 336.06235225554633,
				"Power": -68.72687993659294
			}, {
				"Time": 6.765203440751531e-7,
				"TimeDiff": 1.1029642935375081e-7,
				"PhiDegree": 163.96672410977027,
				"Power": -75.73014344522213
			}]
	}
}