{
	"SensorDataCollection": {
		"SensorId": 0,
		"SensorDatas": [{
				"Time": 3.935357578246988e-7,
				"TimeDiff": 0.0,
				"PhiDegree": 56.55676542491874,
				"Power": -51.932402134348635
			}, {
				"Time": 5.58290538460731e-7,
				"TimeDiff": 1.647547806360322e-7,
				"PhiDegree": 39.223053905937036,
				"Power": -53.1300201355112
			}, {
				"Time": 5.5540500035492e-7,
				"TimeDiff": 1.618692425302212e-7,
				"PhiDegree": 143.75478549875376,
				"Power": -54.49048369195482
			}, {
				"Time": 6.207587919608775e-7,
				"TimeDiff": 2.2722303413617874e-7,
				"PhiDegree": 335.56251912885716,
				"Power": -67.75013322028062
			}]
	}
}