{
	"SensorDataCollection": {
		"SensorId": 0,
		"SensorDatas": [{
				"Time": 5.992925105711439e-7,
				"TimeDiff": 0.0,
				"PhiDegree": 146.77390162065225,
				"Power": -57.209785546398365
			}, {
				"Time": 5.350069531454385e-7,
				"TimeDiff": -6.42855574257054e-8,
				"PhiDegree": 159.55846521820416,
				"Power": -59.05497084382479
			}, {
				"Time": 5.379659040894013e-7,
				"TimeDiff": -6.132660648174258e-8,
				"PhiDegree": 59.84184084923322,
				"Power": -59.07296390632713
			}, {
				"Time": 6.381339615153084e-7,
				"TimeDiff": 3.8841450944164506e-8,
				"PhiDegree": 162.97374512156526,
				"Power": -73.37193625437439
			}]
	}
}