{
	"SensorDataCollection": {
		"SensorId": 0,
		"SensorDatas": [{
				"Time": 3.712183300863676e-7,
				"TimeDiff": 0.0,
				"PhiDegree": 120.07332463884677,
				"Power": -51.71065929962449
			}, {
				"Time": 4.3302254025851107e-7,
				"TimeDiff": 6.180421017214347e-8,
				"PhiDegree": 244.31635889388394,
				"Power": -62.7273137630299
			}, {
				"Time": 9.777553938771645e-7,
				"TimeDiff": 6.065370637907969e-7,
				"PhiDegree": 160.8785937770978,
				"Power": -81.92826536606921
			}]
	}
}