{
	"SensorDataCollection": {
		"SensorId": 0,
		"SensorDatas": [{
				"Time": 4.3057486030167843e-7,
				"TimeDiff": 0.0,
				"PhiDegree": 131.93935915152213,
				"Power": -50.00483034419351
			}, {
				"Time": 4.403151826907401e-7,
				"TimeDiff": 9.740322389061645e-9,
				"PhiDegree": 130.81048352461042,
				"Power": -50.560651613737576
			}, {
				"Time": 8.837874377677839e-7,
				"TimeDiff": 4.5321257746610545e-7,
				"PhiDegree": 158.75236177166843,
				"Power": -76.49580908870527
			}]
	}
}