{
	"SensorDataCollection": {
		"SensorId": 0,
		"SensorDatas": [{
				"Time": 3.3366416457793257e-9,
				"TimeDiff": 0.0,
				"PhiDegree": 270.0,
				"Power": -7.588971125627514
			}, {
				"Time": 6.711442906929359e-7,
				"TimeDiff": 6.678076490471565e-7,
				"PhiDegree": 345.3700183752942,
				"Power": -90.96872644762692
			}]
	}
}