{
	"SensorDataCollection": {
		"SensorId": 0,
		"SensorDatas": [{
				"Time": 5.937214703937461e-7,
				"TimeDiff": 0.0,
				"PhiDegree": 146.4210284735046,
				"Power": -56.85360095028068
			}, {
				"Time": 5.287590293260369e-7,
				"TimeDiff": -6.49624410677092e-8,
				"PhiDegree": 159.30591719668763,
				"Power": -58.77760342124266
			}, {
				"Time": 5.346444586560075e-7,
				"TimeDiff": -5.9077011737738625e-8,
				"PhiDegree": 60.46020148642093,
				"Power": -59.676617239880514
			}, {
				"Time": 6.445177213554058e-7,
				"TimeDiff": 5.079625096165965e-8,
				"PhiDegree": 163.1474506861484,
				"Power": -73.77215696709291
			}]
	}
}