{
	"SensorDataCollection": {
		"SensorId": 0,
		"SensorDatas": [{
				"Time": 5.531369081189385e-7,
				"TimeDiff": 0.0,
				"PhiDegree": 39.660158281742866,
				"Power": -52.89322520618278
			}, {
				"Time": 5.608008428140509e-7,
				"TimeDiff": 7.663934695112487e-9,
				"PhiDegree": 144.15789460568274,
				"Power": -54.811493079133314
			}, {
				"Time": 6.268403168087099e-7,
				"TimeDiff": 7.370340868977144e-8,
				"PhiDegree": 335.81486272038234,
				"Power": -68.23920815840486
			}, {
				"Time": 6.829365334847593e-7,
				"TimeDiff": 1.2979962536582085e-7,
				"PhiDegree": 164.12135601524287,
				"Power": -76.1132843456501
			}]
	}
}