{
	"SensorDataCollection": {
		"SensorId": 0,
		"SensorDatas": [{
				"Time": 5.979016910627331e-7,
				"TimeDiff": 0.0,
				"PhiDegree": 36.18882686638744,
				"Power": -55.163355218247546
			}]
	}
}