{
	"SensorDataCollection": {
		"SensorId": 0,
		"SensorDatas": [{
				"Time": 3.763780378688705e-7,
				"TimeDiff": 0.0,
				"PhiDegree": 121.68330479537343,
				"Power": -52.534790550574684
			}, {
				"Time": 3.874831314705079e-7,
				"TimeDiff": 1.110509360163743e-8,
				"PhiDegree": 120.6752230919997,
				"Power": -55.69749431947527
			}, {
				"Time": 4.37453882334862e-7,
				"TimeDiff": 6.107584446599155e-8,
				"PhiDegree": 243.13475059527778,
				"Power": -61.16888769620786
			}, {
				"Time": 9.683033023648398e-7,
				"TimeDiff": 5.919252644959693e-7,
				"PhiDegree": 160.68457301438374,
				"Power": -81.39915337271933
			}]
	}
}