{
	"SensorDataCollection": {
		"SensorId": 0,
		"SensorDatas": [{
				"Time": 3.9170679441736386e-7,
				"TimeDiff": 0.0,
				"PhiDegree": 56.96401986386737,
				"Power": -52.106924911271165
			}, {
				"Time": 5.60879370250758e-7,
				"TimeDiff": 1.6917257583339412e-7,
				"PhiDegree": 39.007520227258965,
				"Power": -53.25189435759043
			}, {
				"Time": 5.527175395360772e-7,
				"TimeDiff": 1.6101074511871335e-7,
				"PhiDegree": 143.55028453241871,
				"Power": -54.33244872045171
			}, {
				"Time": 6.177226115653265e-7,
				"TimeDiff": 2.2601581714796265e-7,
				"PhiDegree": 335.4344853203428,
				"Power": -67.50509663289151
			}]
	}
}