{
	"SensorDataCollection": {
		"SensorId": 0,
		"SensorDatas": [{
				"Time": 3.781411813497002e-7,
				"TimeDiff": 0.0,
				"PhiDegree": 122.11352775819556,
				"Power": -52.31860525610219
			}, {
				"Time": 3.8919596968200584e-7,
				"TimeDiff": 1.1054788332305624e-8,
				"PhiDegree": 121.09770011921049,
				"Power": -55.32322954495959
			}, {
				"Time": 4.3897178133949485e-7,
				"TimeDiff": 6.083059998979463e-8,
				"PhiDegree": 242.74624370919193,
				"Power": -60.68771082617121
			}, {
				"Time": 9.651551048676748e-7,
				"TimeDiff": 5.870139235179746e-7,
				"PhiDegree": 160.61905521139187,
				"Power": -81.2220774174321
			}]
	}
}