{
	"SensorDataCollection": {
		"SensorId": 0,
		"SensorDatas": [{
				"Time": 3.881090723877696e-7,
				"TimeDiff": 0.0,
				"PhiDegree": 57.78993915651898,
				"Power": -52.48869038165779
			}, {
				"Time": 5.660805175184436e-7,
				"TimeDiff": 1.77971445130674e-7,
				"PhiDegree": 38.58238199979207,
				"Power": -53.50224972864514
			}, {
				"Time": 5.473640523077689e-7,
				"TimeDiff": 1.5925497991999929e-7,
				"PhiDegree": 143.1352714863923,
				"Power": -54.02161659321723
			}]
	}
}