{
	"SensorDataCollection": {
		"SensorId": 0,
		"SensorDatas": [{
				"Time": 4.2835202748758153e-7,
				"TimeDiff": 0.0,
				"PhiDegree": 131.60737244789988,
				"Power": -50.005414334093814
			}, {
				"Time": 4.381417684230662e-7,
				"TimeDiff": 9.789740935484674e-9,
				"PhiDegree": 130.48023233900585,
				"Power": -50.60970858683622
			}, {
				"Time": 8.868980881962168e-7,
				"TimeDiff": 4.585460607086352e-7,
				"PhiDegree": 158.83047891404738,
				"Power": -76.6818616650286
			}]
	}
}