{
	"SensorDataCollection": {
		"SensorId": 0,
		"SensorDatas": [{
				"Time": 6.141729848125471e-7,
				"TimeDiff": 0.0,
				"PhiDegree": 35.08601500987855,
				"Power": -56.07668694654997
			}]
	}
}