{
	"SensorDataCollection": {
		"SensorId": 0,
		"SensorDatas": [{
				"Time": 3.745624959540867e-7,
				"TimeDiff": 0.0,
				"PhiDegree": 61.24680791423643,
				"Power": -54.5112867433416
			}, {
				"Time": 5.871828879284417e-7,
				"TimeDiff": 2.1262039197435507e-7,
				"PhiDegree": 36.957804500770806,
				"Power": -54.582440779282095
			}]
	}
}