{
	"SensorDataCollection": {
		"SensorId": 0,
		"SensorDatas": [{
				"Time": 5.82648884857375e-7,
				"TimeDiff": 0.0,
				"PhiDegree": 145.6951073891721,
				"Power": -56.15340512330228
			}, {
				"Time": 5.162951188156279e-7,
				"TimeDiff": -6.635376604174709e-8,
				"PhiDegree": 158.7825096170062,
				"Power": -58.21678998914081
			}, {
				"Time": 5.281918778707301e-7,
				"TimeDiff": -5.4457006986644906e-8,
				"PhiDegree": 61.71988492982144,
				"Power": -61.013483193064644
			}, {
				"Time": 6.573024950541325e-7,
				"TimeDiff": 7.465361019675746e-8,
				"PhiDegree": 163.4847318962143,
				"Power": -74.56390510559336
			}]
	}
}