{
	"SensorDataCollection": {
		"SensorId": 0,
		"SensorDatas": [{
				"Time": 3.872678357020461e-7,
				"TimeDiff": 0.0,
				"PhiDegree": 124.20459871704458,
				"Power": -51.412905227007045
			}, {
				"Time": 3.980692481887001e-7,
				"TimeDiff": 1.0801412486653996e-8,
				"PhiDegree": 123.15433219508839,
				"Power": -53.71361589261298
			}, {
				"Time": 4.468577495682148e-7,
				"TimeDiff": 5.9589913866168714e-8,
				"PhiDegree": 240.844254079298,
				"Power": -58.54312700925527
			}, {
				"Time": 9.494334243029849e-7,
				"TimeDiff": 5.621655886009388e-7,
				"PhiDegree": 160.28495358257192,
				"Power": -80.33141724495638
			}]
	}
}