{
	"SensorDataCollection": {
		"SensorId": 0,
		"SensorDatas": [{
				"Time": 3.9298212039578004e-7,
				"TimeDiff": 0.0,
				"PhiDegree": 125.4116811172324,
				"Power": -50.996092072554575
			}, {
				"Time": 4.0363064394930834e-7,
				"TimeDiff": 1.0648523553528297e-8,
				"PhiDegree": 124.34401175710856,
				"Power": -52.93744235545613
			}, {
				"Time": 4.518190110327207e-7,
				"TimeDiff": 5.8836890636940676e-8,
				"PhiDegree": 239.73564398143574,
				"Power": -57.44708069787522
			}, {
				"Time": 9.40016326391177e-7,
				"TimeDiff": 5.47034205995397e-7,
				"PhiDegree": 160.07913241777547,
				"Power": -79.79280826509182
			}]
	}
}