{
	"SensorDataCollection": {
		"SensorId": 0,
		"SensorDatas": [{
				"Time": 4.3281200023779685e-7,
				"TimeDiff": 0.0,
				"PhiDegree": 132.2679248132926,
				"Power": -50.0094181778386
			}, {
				"Time": 4.425030817226164e-7,
				"TimeDiff": 9.691081484819563e-9,
				"PhiDegree": 131.13747971682966,
				"Power": -50.51954639361479
			}, {
				"Time": 8.806784417828842e-7,
				"TimeDiff": 4.4786644154508736e-7,
				"PhiDegree": 158.67369293949494,
				"Power": -76.30942494269739
			}]
	}
}