{
	"SensorDataCollection": {
		"SensorId": 0,
		"SensorDatas": [{
				"Time": 3.863408744109223e-7,
				"TimeDiff": 0.0,
				"PhiDegree": 58.208623659182436,
				"Power": -52.69668339275873
			}, {
				"Time": 5.686926182191018e-7,
				"TimeDiff": 1.8235174380817945e-7,
				"PhiDegree": 38.37273482163465,
				"Power": -53.630597761287135
			}, {
				"Time": 5.446982365633126e-7,
				"TimeDiff": 1.583573621523903e-7,
				"PhiDegree": 142.92471132226717,
				"Power": -53.86894402737599
			}]
	}
}