{
	"SensorDataCollection": {
		"SensorId": 0,
		"SensorDatas": [{
				"Time": 3.79925446673446e-7,
				"TimeDiff": 0.0,
				"PhiDegree": 122.53973360391534,
				"Power": -52.11464009283603
			}, {
				"Time": 3.9092978245995464e-7,
				"TimeDiff": 1.1004335786508613e-8,
				"PhiDegree": 121.51645229103342,
				"Power": -54.96719655351683
			}, {
				"Time": 4.4050972385390076e-7,
				"TimeDiff": 6.058427718045474e-8,
				"PhiDegree": 242.36043195879878,
				"Power": -60.22468209680679
			}, {
				"Time": 9.620081776619962e-7,
				"TimeDiff": 5.820827309885503e-7,
				"PhiDegree": 160.55310867719868,
				"Power": -81.04464910110354
			}]
	}
}