{
	"SensorDataCollection": {
		"SensorId": 0,
		"SensorDatas": [{
				"Time": 4.718723868240007e-9,
				"TimeDiff": 0.0,
				"PhiDegree": 315.0,
				"Power": -10.591650115789225
			}, {
				"Time": 6.670289285332909e-8,
				"TimeDiff": 6.198416898508908e-8,
				"PhiDegree": 272.86727147436005,
				"Power": -73.6215637188183
			}]
	}
}