{
	"SensorDataCollection": {
		"SensorId": 0,
		"SensorDatas": [{
				"Time": 5.465377545532772e-7,
				"TimeDiff": 0.0,
				"PhiDegree": 58.32943359786729,
				"Power": -57.73631202591784
			}, {
				"Time": 6.133163918309854e-7,
				"TimeDiff": 6.677863727770817e-8,
				"PhiDegree": 147.6279257433533,
				"Power": -58.11555292816905
			}, {
				"Time": 5.506704306351303e-7,
				"TimeDiff": 4.1326760818530725e-9,
				"PhiDegree": 160.16472214946094,
				"Power": -59.73950820316246
			}, {
				"Time": 6.222011437597127e-7,
				"TimeDiff": 7.566338920643552e-8,
				"PhiDegree": 162.52390147172525,
				"Power": -72.3585325898004
			}]
	}
}