{
	"SensorDataCollection": {
		"SensorId": 0,
		"SensorDatas": [{
				"Time": 6.105009149266743e-7,
				"TimeDiff": 0.0,
				"PhiDegree": 147.46026275488038,
				"Power": -57.93279222323724
			}, {
				"Time": 5.447933037440591e-7,
				"TimeDiff": -6.570761118261526e-8,
				"PhiDegree": 58.628090989843834,
				"Power": -57.98487891595073
			}, {
				"Time": 5.475329157353076e-7,
				"TimeDiff": -6.29679991913667e-8,
				"PhiDegree": 160.04624676908176,
				"Power": -59.60361528907859
			}, {
				"Time": 6.253845764764835e-7,
				"TimeDiff": 1.488366154980917e-8,
				"PhiDegree": 162.61570344279764,
				"Power": -72.5626924011599
			}]
	}
}