{
	"SensorDataCollection": {
		"SensorId": 0,
		"SensorDatas": [{
				"Time": 2.0295998779979068e-8,
				"TimeDiff": 0.0,
				"PhiDegree": 350.5376777919744,
				"Power": -21.98071133896599
			}, {
				"Time": 6.956246923833939e-8,
				"TimeDiff": 4.926647045836032e-8,
				"PhiDegree": 286.72609422518417,
				"Power": -44.31849689284081
			}]
	}
}