{
	"SensorDataCollection": {
		"SensorId": 0,
		"SensorDatas": [{
				"Time": 5.716734411564777e-7,
				"TimeDiff": 0.0,
				"PhiDegree": 144.94118773997317,
				"Power": -55.471702524391944
			}, {
				"Time": 6.701091765874619e-7,
				"TimeDiff": 9.843573543098425e-8,
				"PhiDegree": 163.80913220365375,
				"Power": -75.34421645709149
			}]
	}
}