{
	"SensorDataCollection": {
		"SensorId": 0,
		"SensorDatas": [{
				"Time": 5.952120299257535e-7,
				"TimeDiff": 0.0,
				"PhiDegree": 36.37847263730771,
				"Power": -55.015865197390866
			}, {
				"Time": 3.6985147352899006e-7,
				"TimeDiff": -2.2536055639676342e-7,
				"PhiDegree": 62.6064288553832,
				"Power": -55.507751343353135
			}]
	}
}