{
	"SensorDataCollection": {
		"SensorId": 0,
		"SensorDatas": [{
				"Time": 5.482969604647236e-7,
				"TimeDiff": 0.0,
				"PhiDegree": 58.03268466506626,
				"Power": -57.49668036070342
			}, {
				"Time": 6.161370725786557e-7,
				"TimeDiff": 6.784011211393211e-8,
				"PhiDegree": 147.79405501840773,
				"Power": -58.29905016511975
			}, {
				"Time": 5.538102733726565e-7,
				"TimeDiff": 5.51331290793292e-9,
				"PhiDegree": 160.28185462702368,
				"Power": -59.87489457595679
			}, {
				"Time": 6.190193247807886e-7,
				"TimeDiff": 7.072236431606509e-8,
				"PhiDegree": 162.43115551855666,
				"Power": -72.15362835456617
			}]
	}
}