{
	"SensorDataCollection": {
		"SensorId": 0,
		"SensorDatas": [{
				"Time": 5.505723345302587e-7,
				"TimeDiff": 0.0,
				"PhiDegree": 39.88177264864161,
				"Power": -52.77844887651628
			}, {
				"Time": 5.635090241284673e-7,
				"TimeDiff": 1.2936689598208564e-8,
				"PhiDegree": 144.35654929052802,
				"Power": -54.97435317445657
			}, {
				"Time": 6.298855727823258e-7,
				"TimeDiff": 7.931323825206714e-8,
				"PhiDegree": 335.9392060347492,
				"Power": -68.48322463967685
			}, {
				"Time": 6.797278199252987e-7,
				"TimeDiff": 1.2915548539504003e-7,
				"PhiDegree": 164.0444049685999,
				"Power": -75.92206058535733
			}]
	}
}