{
	"SensorDataCollection": {
		"SensorId": 0,
		"SensorDatas": [{
				"Time": 6.020864366261359e-7,
				"TimeDiff": 0.0,
				"PhiDegree": 146.94788607583249,
				"Power": -57.389262300798435
			}, {
				"Time": 5.396499067828325e-7,
				"TimeDiff": -6.243652984330344e-8,
				"PhiDegree": 59.53553277721242,
				"Power": -58.786406589802795
			}, {
				"Time": 5.381347450745575e-7,
				"TimeDiff": -6.395169155157847e-8,
				"PhiDegree": 159.68253890039762,
				"Power": -59.19289329653208
			}, {
				"Time": 6.349443142675319e-7,
				"TimeDiff": 3.2857877641396025e-8,
				"PhiDegree": 162.88558291203827,
				"Power": -73.17072954621085
			}]
	}
}