{
	"SensorDataCollection": {
		"SensorId": 0,
		"SensorDatas": [{
				"Time": 5.798957005942208e-7,
				"TimeDiff": 0.0,
				"PhiDegree": 145.50930494316935,
				"Power": -55.98113435140354
			}, {
				"Time": 5.131860776121688e-7,
				"TimeDiff": -6.670962298205201e-8,
				"PhiDegree": 158.6476886904644,
				"Power": -58.075324644725455
			}, {
				"Time": 5.266192328478217e-7,
				"TimeDiff": -5.327646774639914e-8,
				"PhiDegree": 62.0395808171603,
				"Power": -61.376337143373405
			}, {
				"Time": 6.605021613193672e-7,
				"TimeDiff": 8.060646072514634e-8,
				"PhiDegree": 163.56701116376294,
				"Power": -74.7600477349291
			}]
	}
}