{
	"SensorDataCollection": {
		"SensorId": 0,
		"SensorDatas": [{
				"Time": 5.85408138684771e-7,
				"TimeDiff": 0.0,
				"PhiDegree": 145.8791602386921,
				"Power": -56.32683014983169
			}, {
				"Time": 5.194069844790967e-7,
				"TimeDiff": -6.600115420567425e-8,
				"PhiDegree": 158.91571579832302,
				"Power": -58.35775151757761
			}, {
				"Time": 5.297808694610753e-7,
				"TimeDiff": -5.562726922369565e-8,
				"PhiDegree": 61.40209694946212,
				"Power": -60.6623780988363
			}, {
				"Time": 6.54104197552779e-7,
				"TimeDiff": 6.869605886800799e-8,
				"PhiDegree": 163.40164783312744,
				"Power": -74.36704763017528
			}]
	}
}