{
	"SensorDataCollection": {
		"SensorId": 0,
		"SensorDatas": [{
				"Time": 3.898978061668707e-7,
				"TimeDiff": 0.0,
				"PhiDegree": 57.37507426588252,
				"Power": -52.29223175365868
			}, {
				"Time": 5.634760660098576e-7,
				"TimeDiff": 1.7357825984298697e-7,
				"PhiDegree": 38.7939700596747,
				"Power": -53.375993374376435
			}, {
				"Time": 5.500371887039331e-7,
				"TimeDiff": 1.6013938253706244e-7,
				"PhiDegree": 143.34378783302756,
				"Power": -54.17613922067815
			}, {
				"Time": 6.146895462234503e-7,
				"TimeDiff": 2.2479174005657958e-7,
				"PhiDegree": 335.3051873452845,
				"Power": -67.25974262992827
			}]
	}
}