{
	"SensorDataCollection": {
		"SensorId": 0,
		"SensorDatas": [{
				"Time": 3.835561602813763e-7,
				"TimeDiff": 0.0,
				"PhiDegree": 123.38013347961164,
				"Power": -51.741722870685265
			}, {
				"Time": 3.944592220673295e-7,
				"TimeDiff": 1.0903061785953201e-8,
				"PhiDegree": 122.3428031417466,
				"Power": -54.307425498602896
			}, {
				"Time": 4.4364490290052383e-7,
				"TimeDiff": 6.008874261914751e-8,
				"PhiDegree": 241.59691950617952,
				"Power": -59.35084029487393
			}, {
				"Time": 9.557181843128412e-7,
				"TimeDiff": 5.721620240314648e-7,
				"PhiDegree": 160.41991318412335,
				"Power": -80.68873631499943
			}]
	}
}