{
	"SensorDataCollection": {
		"SensorId": 0,
		"SensorDatas": [{
				"Time": 6.033004015042502e-7,
				"TimeDiff": 0.0,
				"PhiDegree": 35.81461846080538,
				"Power": -55.46257056373065
			}]
	}
}