{
	"SensorDataCollection": {
		"SensorId": 0,
		"SensorDatas": [{
				"Time": 5.771486727566186e-7,
				"TimeDiff": 0.0,
				"PhiDegree": 145.32173179830892,
				"Power": -55.81006267921768
			}, {
				"Time": 5.100799125157029e-7,
				"TimeDiff": -6.706876024091579e-8,
				"PhiDegree": 158.5112249988845,
				"Power": -57.933356757396055
			}, {
				"Time": 5.250630812738531e-7,
				"TimeDiff": -5.208559148276551e-8,
				"PhiDegree": 62.361181759174876,
				"Power": -61.75124899583315
			}, {
				"Time": 6.637031765523407e-7,
				"TimeDiff": 8.65545037957221e-8,
				"PhiDegree": 163.6484969384357,
				"Power": -74.95547849205909
			}]
	}
}