{
	"SensorDataCollection": {
		"SensorId": 0,
		"SensorDatas": [{
				"Time": 5.925289489264984e-7,
				"TimeDiff": 0.0,
				"PhiDegree": 36.56983802310584,
				"Power": -54.86984997963782
			}, {
				"Time": 3.713984783910904e-7,
				"TimeDiff": -2.2113047053540802e-7,
				"PhiDegree": 62.14939896304209,
				"Power": -55.15938716527205
			}]
	}
}