{
	"SensorDataCollection": {
		"SensorId": 0,
		"SensorDatas": [{
				"Time": 5.965041622982322e-7,
				"TimeDiff": 0.0,
				"PhiDegree": 146.5982889589208,
				"Power": -57.031219156176434
			}, {
				"Time": 5.318816995596076e-7,
				"TimeDiff": -6.462246273862463e-8,
				"PhiDegree": 159.4329328665043,
				"Power": -58.91654081568862
			}, {
				"Time": 5.362973730960079e-7,
				"TimeDiff": -6.020678920222438e-8,
				"PhiDegree": 60.150063750706465,
				"Power": -59.36961612850065
			}, {
				"Time": 6.41325104617557e-7,
				"TimeDiff": 4.482094231932478e-8,
				"PhiDegree": 163.06103017064888,
				"Power": -73.57241115938791
			}]
	}
}