{
	"SensorDataCollection": {
		"SensorId": 0,
		"SensorDatas": [{
				"Time": 5.681654867801631e-7,
				"TimeDiff": 0.0,
				"PhiDegree": 144.2791862441722,
				"Power": -54.998373511951314
			}, {
				"Time": 6.342949145538566e-7,
				"TimeDiff": 6.612942777369356e-8,
				"PhiDegree": 335.78687679261117,
				"Power": -68.29669059683809
			}, {
				"Time": 6.774494999643436e-7,
				"TimeDiff": 1.0928401318418052e-7,
				"PhiDegree": 163.69550135248357,
				"Power": -75.2224858012168
			}]
	}
}