{
	"SensorDataCollection": {
		"SensorId": 0,
		"SensorDatas": [{
				"Time": 3.771168662316077e-7,
				"TimeDiff": 0.0,
				"PhiDegree": 122.81240952883384,
				"Power": -51.89845336186784
			}, {
				"Time": 3.9377809934471494e-7,
				"TimeDiff": 1.666123311310724e-8,
				"PhiDegree": 121.26266457433817,
				"Power": -55.26774091292549
			}, {
				"Time": 4.3755658625873766e-7,
				"TimeDiff": 6.043972002712996e-8,
				"PhiDegree": 242.15774272754712,
				"Power": -59.91266435262611
			}, {
				"Time": 9.609024506446456e-7,
				"TimeDiff": 5.837855844130379e-7,
				"PhiDegree": 160.7407128820098,
				"Power": -81.46056015121195
			}]
	}
}