{
	"SensorDataCollection": {
		"SensorId": 0,
		"SensorDatas": [{
				"Time": 4.3506322658990623e-7,
				"TimeDiff": 0.0,
				"PhiDegree": 132.5931007632557,
				"Power": -50.01901318655047
			}, {
				"Time": 4.4470525172859164e-7,
				"TimeDiff": 9.642025138685405e-9,
				"PhiDegree": 131.46124781311465,
				"Power": -50.48615133673307
			}, {
				"Time": 8.775711178252497e-7,
				"TimeDiff": 4.425078912353435e-7,
				"PhiDegree": 158.59446685226715,
				"Power": -76.12271081504034
			}]
	}
}