{
	"SensorDataCollection": {
		"SensorId": 0,
		"SensorDatas": [{
				"Time": 3.9271210577145224e-7,
				"TimeDiff": 0.0,
				"PhiDegree": 57.63753162356205,
				"Power": -52.50322110882
			}, {
				"Time": 5.65572523697878e-7,
				"TimeDiff": 1.7286041792642572e-7,
				"PhiDegree": 39.057426005280625,
				"Power": -53.30508219008783
			}, {
				"Time": 5.520356942472433e-7,
				"TimeDiff": 1.5932358847579102e-7,
				"PhiDegree": 143.06596572783033,
				"Power": -54.05880352167193
			}, {
				"Time": 6.966868878650752e-7,
				"TimeDiff": 3.0397478209362295e-7,
				"PhiDegree": 164.15773123447227,
				"Power": -76.35780077101114
			}]
	}
}