{
	"SensorDataCollection": {
		"SensorId": 0,
		"SensorDatas": [{
				"Time": 5.928051267444997e-7,
				"TimeDiff": 0.0,
				"PhiDegree": 145.9739809283539,
				"Power": -56.50507061487754
			}, {
				"Time": 5.268343148187376e-7,
				"TimeDiff": -6.59708119257621e-8,
				"PhiDegree": 158.8382161989106,
				"Power": -58.42933172128275
			}, {
				"Time": 5.300979701984043e-7,
				"TimeDiff": -6.270715654609545e-8,
				"PhiDegree": 60.596158319338244,
				"Power": -59.75138441906563
			}, {
				"Time": 6.486822117793339e-7,
				"TimeDiff": 5.5877085034834186e-8,
				"PhiDegree": 162.95083378203498,
				"Power": -73.4732603018361
			}]
	}
}