{
	"SensorDataCollection": {
		"SensorId": 0,
		"SensorDatas": [{
				"Time": 6.025651605710387e-7,
				"TimeDiff": 0.0,
				"PhiDegree": 36.2575560562685,
				"Power": -55.1912909056127
			}]
	}
}