{
	"SensorDataCollection": {
		"SensorId": 0,
		"SensorDatas": [{
				"Time": 6.095002074525394e-7,
				"TimeDiff": 0.0,
				"PhiDegree": 147.02712538627384,
				"Power": -57.55966501115313
			}, {
				"Time": 5.402085768585976e-7,
				"TimeDiff": -6.929163059394177e-8,
				"PhiDegree": 58.74601320596185,
				"Power": -58.022551041996365
			}, {
				"Time": 5.455519955610604e-7,
				"TimeDiff": -6.3948211891479e-8,
				"PhiDegree": 159.59726617529063,
				"Power": -59.25172106411409
			}, {
				"Time": 6.295695268219124e-7,
				"TimeDiff": 2.0069319369372975e-8,
				"PhiDegree": 162.41664043474543,
				"Power": -72.27541907439124
			}]
	}
}