{
	"SensorDataCollection": {
		"SensorId": 0,
		"SensorDatas": [{
				"Time": 6.160969549264095e-7,
				"TimeDiff": 0.0,
				"PhiDegree": 35.33993203677677,
				"Power": -55.939612487819176
			}]
	}
}