{
	"SensorDataCollection": {
		"SensorId": 0,
		"SensorDatas": [{
				"Time": 4.4885443750788916e-7,
				"TimeDiff": 0.0,
				"PhiDegree": 134.47475220108956,
				"Power": -50.17314916373766
			}, {
				"Time": 4.5820634637103564e-7,
				"TimeDiff": 9.351908863146479e-9,
				"PhiDegree": 133.33760632299865,
				"Power": -50.4350786794886
			}]
	}
}