{
	"SensorDataCollection": {
		"SensorId": 0,
		"SensorDatas": [{
				"Time": 3.7893533636857305e-7,
				"TimeDiff": 0.0,
				"PhiDegree": 123.23642583100991,
				"Power": -51.71180539850188
			}, {
				"Time": 3.955199740543473e-7,
				"TimeDiff": 1.6584637685774278e-8,
				"PhiDegree": 121.67583632765249,
				"Power": -54.922077228037764
			}, {
				"Time": 4.3912483934618804e-7,
				"TimeDiff": 6.018950297761499e-8,
				"PhiDegree": 241.77278235284203,
				"Power": -59.472600106994236
			}, {
				"Time": 9.57753174594714e-7,
				"TimeDiff": 5.78817838226141e-7,
				"PhiDegree": 160.67487333311072,
				"Power": -81.28192527803498
			}]
	}
}