{
	"SensorDataCollection": {
		"SensorId": 0,
		"SensorDatas": [{
				"Time": 3.864118089653471e-7,
				"TimeDiff": 0.0,
				"PhiDegree": 124.89190826525781,
				"Power": -51.075308856160774
			}, {
				"Time": 4.026886475120199e-7,
				"TimeDiff": 1.627683854667279e-8,
				"PhiDegree": 123.29215364711293,
				"Power": -53.704535144840136
			}, {
				"Time": 4.4559255098118925e-7,
				"TimeDiff": 5.918074201584213e-8,
				"PhiDegree": 240.26054667720493,
				"Power": -57.87779044393855
			}, {
				"Time": 9.451689278436786e-7,
				"TimeDiff": 5.587571188783315e-7,
				"PhiDegree": 160.40713029436586,
				"Power": -80.5637881209606
			}]
	}
}