{
	"SensorDataCollection": {
		"SensorId": 0,
		"SensorDatas": [{
				"Time": 6.039127221170852e-7,
				"TimeDiff": 0.0,
				"PhiDegree": 146.68255128898892,
				"Power": -57.20438647057166
			}, {
				"Time": 5.367765751136795e-7,
				"TimeDiff": -6.713614700340571e-8,
				"PhiDegree": 59.354960666523056,
				"Power": -58.55876334364842
			}, {
				"Time": 5.393023761405417e-7,
				"TimeDiff": -6.461034597654347e-8,
				"PhiDegree": 159.3501054389755,
				"Power": -58.97954776179847
			}, {
				"Time": 6.35934219298696e-7,
				"TimeDiff": 3.202149718161077e-8,
				"PhiDegree": 162.59827205198278,
				"Power": -72.67755983065598
			}]
	}
}