{
	"SensorDataCollection": {
		"SensorId": 0,
		"SensorDatas": [{
				"Time": 4.68319972033304e-8,
				"TimeDiff": 0.0,
				"PhiDegree": 355.9143832200251,
				"Power": -30.256817064998142
			}, {
				"Time": 8.136489121304562e-8,
				"TimeDiff": 3.4532894009715225e-8,
				"PhiDegree": 305.03783217402776,
				"Power": -36.40546607899847
			}, {
				"Time": 3.0945600375775337e-7,
				"TimeDiff": 2.6262400655442296e-7,
				"PhiDegree": 81.31790330750388,
				"Power": -67.94213402637254
			}]
	}
}