{
	"SensorDataCollection": {
		"SensorId": 0,
		"SensorDatas": [{
				"Time": 5.918555727663058e-7,
				"TimeDiff": 0.0,
				"PhiDegree": 37.02171269461141,
				"Power": -54.61790716028659
			}, {
				"Time": 3.759099787868414e-7,
				"TimeDiff": -2.159455939794644e-7,
				"PhiDegree": 61.93732541951586,
				"Power": -55.090207098912714
			}]
	}
}