{
	"SensorDataCollection": {
		"SensorId": 0,
		"SensorDatas": [{
				"Time": 4.3732832182096584e-7,
				"TimeDiff": 0.0,
				"PhiDegree": 132.91491856188824,
				"Power": -50.033455947827576
			}, {
				"Time": 4.4692148175145063e-7,
				"TimeDiff": 9.593159930484797e-9,
				"PhiDegree": 131.78181500716954,
				"Power": -50.460232363322035
			}, {
				"Time": 8.744654837190159e-7,
				"TimeDiff": 4.3713716189805004e-7,
				"PhiDegree": 158.5146778741263,
				"Power": -75.93566836791814
			}]
	}
}