{
	"SensorDataCollection": {
		"SensorId": 0,
		"SensorDatas": [{
				"Time": 3.8451288968730005e-7,
				"TimeDiff": 0.0,
				"PhiDegree": 124.48409436347771,
				"Power": -51.218660463173975
			}, {
				"Time": 4.008668395650427e-7,
				"TimeDiff": 1.6353949877742645e-8,
				"PhiDegree": 122.8935136934928,
				"Power": -53.98522338466749
			}, {
				"Time": 4.439468410944374e-7,
				"TimeDiff": 5.943395140713733e-8,
				"PhiDegree": 240.6344584855397,
				"Power": -58.25267605540752
			}, {
				"Time": 9.483130353158828e-7,
				"TimeDiff": 5.638001456285827e-7,
				"PhiDegree": 160.4747321468138,
				"Power": -80.74386158617199
			}]
	}
}