{
	"SensorDataCollection": {
		"SensorId": 0,
		"SensorDatas": [{
				"Time": 6.123021034522226e-7,
				"TimeDiff": 0.0,
				"PhiDegree": 147.19705109008524,
				"Power": -57.738581778378034
			}, {
				"Time": 5.419472423625924e-7,
				"TimeDiff": -7.035486108963022e-8,
				"PhiDegree": 58.44444871570383,
				"Power": -57.76862375172192
			}, {
				"Time": 5.486805471929754e-7,
				"TimeDiff": -6.362155625924721e-8,
				"PhiDegree": 159.7187339943244,
				"Power": -59.38707285793896
			}, {
				"Time": 6.263895892725596e-7,
				"TimeDiff": 1.4087485820337034e-8,
				"PhiDegree": 162.32444093217038,
				"Power": -72.07326812473798
			}]
	}
}