{
	"SensorDataCollection": {
		"SensorId": 0,
		"SensorDatas": [{
				"Time": 5.790536151604927e-7,
				"TimeDiff": 0.0,
				"PhiDegree": 145.05022733463184,
				"Power": -55.65527942167296
			}, {
				"Time": 5.221094799147441e-7,
				"TimeDiff": -5.6944135245748554e-8,
				"PhiDegree": 62.191321336958694,
				"Power": -61.48945483908568
			}, {
				"Time": 6.646502505980442e-7,
				"TimeDiff": 8.559663543755154e-8,
				"PhiDegree": 163.37249667416603,
				"Power": -74.45199873511609
			}]
	}
}