{
	"SensorDataCollection": {
		"SensorId": 0,
		"SensorDatas": [{
				"Time": 4.350448448492781e-8,
				"TimeDiff": 0.0,
				"PhiDegree": 355.60129464500443,
				"Power": -29.54975147568362
			}, {
				"Time": 7.94962246295843e-8,
				"TimeDiff": 3.5991740144656484e-8,
				"PhiDegree": 303.0684282424499,
				"Power": -36.683821895539296
			}, {
				"Time": 3.0896993780943355e-7,
				"TimeDiff": 2.6546545332450576e-7,
				"PhiDegree": 81.92957580578467,
				"Power": -69.16125447000414
			}]
	}
}