{
	"SensorDataCollection": {
		"SensorId": 0,
		"SensorDatas": [{
				"Time": 6.015216270852956e-8,
				"TimeDiff": 0.0,
				"PhiDegree": 356.8201698801358,
				"Power": -32.58426927772955
			}, {
				"Time": 8.969555305906429e-8,
				"TimeDiff": 2.9543390350534726e-8,
				"PhiDegree": 312.03569035996327,
				"Power": -36.272983236361114
			}, {
				"Time": 3.11750003974626e-7,
				"TimeDiff": 2.515978412660964e-7,
				"PhiDegree": 78.89235358362403,
				"Power": -63.89710207912074
			}]
	}
}