{
	"SensorDataCollection": {
		"SensorId": 0,
		"SensorDatas": [{
				"Time": 6.188217788358349e-7,
				"TimeDiff": 0.0,
				"PhiDegree": 35.16123582965819,
				"Power": -56.09304842084262
			}]
	}
}