{
	"SensorDataCollection": {
		"SensorId": 0,
		"SensorDatas": [{
				"Time": 3.826336432129673e-7,
				"TimeDiff": 0.0,
				"PhiDegree": 124.07225359435029,
				"Power": -51.372287091191026
			}, {
				"Time": 3.990646133718402e-7,
				"TimeDiff": 1.6430970158872908e-8,
				"PhiDegree": 122.49125350298992,
				"Power": -54.28136375098683
			}, {
				"Time": 4.423201784911923e-7,
				"TimeDiff": 5.968653527822502e-8,
				"PhiDegree": 241.01113660736982,
				"Power": -58.64311599968656
			}, {
				"Time": 9.514584542132259e-7,
				"TimeDiff": 5.688248110002586e-7,
				"PhiDegree": 160.54188712338714,
				"Power": -80.92357577756812
			}]
	}
}