{
	"SensorDataCollection": {
		"SensorId": 0,
		"SensorDatas": [{
				"Time": 3.7531924917179197e-7,
				"TimeDiff": 0.0,
				"PhiDegree": 122.38430788245414,
				"Power": -52.096890526991174
			}, {
				"Time": 3.920568830234531e-7,
				"TimeDiff": 1.6737633851661155e-8,
				"PhiDegree": 120.84584315540806,
				"Power": -55.63104027478565
			}, {
				"Time": 4.360082271940858e-7,
				"TimeDiff": 6.068897802229385e-8,
				"PhiDegree": 242.54545486323983,
				"Power": -60.37032549335362
			}, {
				"Time": 9.640529872462732e-7,
				"TimeDiff": 5.887337380744813e-7,
				"PhiDegree": 160.80612218795602,
				"Power": -81.63883487669563
			}]
	}
}