{
	"SensorDataCollection": {
		"SensorId": 0,
		"SensorDatas": [{
				"Time": 5.454691802062756e-7,
				"TimeDiff": 0.0,
				"PhiDegree": 57.84712835798645,
				"Power": -57.28799860022687
			}, {
				"Time": 6.179218324120821e-7,
				"TimeDiff": 7.245265220580648e-8,
				"PhiDegree": 147.5322721013654,
				"Power": -58.09879914928064
			}, {
				"Time": 5.549449233459765e-7,
				"TimeDiff": 9.475743139700898e-9,
				"PhiDegree": 159.95755824709656,
				"Power": -59.65630664092771
			}, {
				"Time": 6.200346550850516e-7,
				"TimeDiff": 7.456547487877594e-8,
				"PhiDegree": 162.13720599298213,
				"Power": -71.66679454184899
			}]
	}
}