{
	"SensorDataCollection": {
		"SensorId": 0,
		"SensorDatas": [{
				"Time": 5.682095975061668e-8,
				"TimeDiff": 0.0,
				"PhiDegree": 356.63353933657015,
				"Power": -32.06325446599975
			}, {
				"Time": 8.749646294016237e-8,
				"TimeDiff": 3.0675503189545684e-8,
				"PhiDegree": 310.4126493008614,
				"Power": -36.187907280362126
			}, {
				"Time": 3.111244184673507e-7,
				"TimeDiff": 2.5430345871673397e-7,
				"PhiDegree": 79.4953202363499,
				"Power": -64.80281079278271
			}]
	}
}