{
	"SensorDataCollection": {
		"SensorId": 0,
		"SensorDatas": [{
				"Time": 3.874463260016174e-7,
				"TimeDiff": 0.0,
				"PhiDegree": 58.88798627281102,
				"Power": -53.14309877547885
			}, {
				"Time": 5.733800699979298e-7,
				"TimeDiff": 1.8593374399631234e-7,
				"PhiDegree": 38.427153444637845,
				"Power": -53.678679212023994
			}]
	}
}