{
	"SensorDataCollection": {
		"SensorId": 0,
		"SensorDatas": [{
				"Time": 3.717877806878146e-7,
				"TimeDiff": 0.0,
				"PhiDegree": 121.51580687097788,
				"Power": -52.530822861744994
			}, {
				"Time": 3.8867752005481157e-7,
				"TimeDiff": 1.6889739366996977e-8,
				"PhiDegree": 120.00123736048835,
				"Power": -56.41298476841493
			}, {
				"Time": 4.3297204211221576e-7,
				"TimeDiff": 6.118426142440117e-8,
				"PhiDegree": 243.32910820199538,
				"Power": -61.34072334108973
			}, {
				"Time": 9.70357792986923e-7,
				"TimeDiff": 5.985700122991084e-7,
				"PhiDegree": 160.93566616179845,
				"Power": -81.99430340651833
			}]
	}
}