{
	"SensorDataCollection": {
		"SensorId": 0,
		"SensorDatas": [{
				"Time": 5.900427270730888e-7,
				"TimeDiff": 0.0,
				"PhiDegree": 145.79267860806678,
				"Power": -56.33280863973714
			}, {
				"Time": 5.237240654655981e-7,
				"TimeDiff": -6.63186616074907e-8,
				"PhiDegree": 158.70643895562063,
				"Power": -58.29055869919978
			}, {
				"Time": 5.284677998707718e-7,
				"TimeDiff": -6.157492720231707e-8,
				"PhiDegree": 60.91131331836863,
				"Power": -60.07608048660248
			}, {
				"Time": 6.518729538163569e-7,
				"TimeDiff": 6.183022674326807e-8,
				"PhiDegree": 163.03681861102567,
				"Power": -73.67041168281303
			}]
	}
}