{
	"SensorDataCollection": {
		"SensorId": 0,
		"SensorDatas": [{
				"Time": 3.807743608176943e-7,
				"TimeDiff": 0.0,
				"PhiDegree": 123.65636920865427,
				"Power": -51.536545185846066
			}, {
				"Time": 3.972822354237747e-7,
				"TimeDiff": 1.6507874606080394e-8,
				"PhiDegree": 122.08536373273252,
				"Power": -54.59347021130546
			}, {
				"Time": 4.407127740810056e-7,
				"TimeDiff": 5.993841326331132e-8,
				"PhiDegree": 241.39057893324565,
				"Power": -59.049590749692825
			}, {
				"Time": 9.546051715722918e-7,
				"TimeDiff": 5.738308107545976e-7,
				"PhiDegree": 160.60859945784298,
				"Power": -81.1029304203686
			}]
	}
}