{
	"SensorDataCollection": {
		"SensorId": 0,
		"SensorDatas": [{
				"Time": 6.106655260865175e-7,
				"TimeDiff": 0.0,
				"PhiDegree": 35.70209972808688,
				"Power": -55.636386104813766
			}]
	}
}