{
	"SensorDataCollection": {
		"SensorId": 0,
		"SensorDatas": [{
				"Time": 5.735965673619382e-7,
				"TimeDiff": 0.0,
				"PhiDegree": 144.66836577705797,
				"Power": -55.32405658166513
			}, {
				"Time": 6.403869724225794e-7,
				"TimeDiff": 6.679040506064128e-8,
				"PhiDegree": 336.03175188795905,
				"Power": -68.77827565194481
			}, {
				"Time": 6.710472096664299e-7,
				"TimeDiff": 9.745064230449174e-8,
				"PhiDegree": 163.53553922237816,
				"Power": -74.83861868905765
			}]
	}
}