{
	"SensorDataCollection": {
		"SensorId": 0,
		"SensorDatas": [{
				"Time": 4.6746683972953964e-7,
				"TimeDiff": 0.0,
				"PhiDegree": 134.5274765493698,
				"Power": -50.528152478247776
			}]
	}
}