{
	"SensorDataCollection": {
		"SensorId": 0,
		"SensorDatas": [{
				"Time": 5.955734070391504e-7,
				"TimeDiff": 0.0,
				"PhiDegree": 146.15359961334255,
				"Power": -56.678399332624565
			}, {
				"Time": 5.299473182762492e-7,
				"TimeDiff": -6.562608876290122e-8,
				"PhiDegree": 158.9684459590979,
				"Power": -58.56761799502928
			}, {
				"Time": 5.317440802412633e-7,
				"TimeDiff": -6.382932679788714e-8,
				"PhiDegree": 60.282945131214085,
				"Power": -59.43757200039251
			}, {
				"Time": 6.454929451167843e-7,
				"TimeDiff": 4.991953807763383e-8,
				"PhiDegree": 162.8639990841509,
				"Power": -73.27540189706924
			}]
	}
}