{
	"SensorDataCollection": {
		"SensorId": 0,
		"SensorDatas": [{
				"Time": 5.472521654708801e-7,
				"TimeDiff": 0.0,
				"PhiDegree": 57.55136735885226,
				"Power": -57.06086897350505
			}, {
				"Time": 6.20739521090503e-7,
				"TimeDiff": 7.348735561962291e-8,
				"PhiDegree": 147.69760364316832,
				"Power": -58.280034112876535
			}, {
				"Time": 5.580806662299221e-7,
				"TimeDiff": 1.082850075904201e-8,
				"PhiDegree": 160.07495877883346,
				"Power": -59.790188977994546
			}, {
				"Time": 6.168597093485296e-7,
				"TimeDiff": 6.960754387764957e-8,
				"PhiDegree": 162.04214235051458,
				"Power": -71.46246793176161
			}]
	}
}