{
	"SensorDataCollection": {
		"SensorId": 0,
		"SensorDatas": [{
				"Time": 3.80721500817831e-7,
				"TimeDiff": 0.0,
				"PhiDegree": 60.60789070120692,
				"Power": -54.17144684635619
			}, {
				"Time": 5.838946826713264e-7,
				"TimeDiff": 2.0317318185349537e-7,
				"PhiDegree": 37.61314901137571,
				"Power": -54.20462935550913
			}]
	}
}