{
	"SensorDataCollection": {
		"SensorId": 0,
		"SensorDatas": [{
				"Time": 4.39607071550958e-7,
				"TimeDiff": 0.0,
				"PhiDegree": 133.23340996880086,
				"Power": -50.05259207788703
			}, {
				"Time": 4.4915156366395866e-7,
				"TimeDiff": 9.544492113000661e-9,
				"PhiDegree": 132.09920875931948,
				"Power": -50.44156263383341
			}, {
				"Time": 8.713615575326647e-7,
				"TimeDiff": 4.3175448598170674e-7,
				"PhiDegree": 158.43432029757778,
				"Power": -75.74829933968809
			}]
	}
}