{
	"SensorDataCollection": {
		"SensorId": 0,
		"SensorDatas": [{
				"Time": 4.4189926454274693e-7,
				"TimeDiff": 0.0,
				"PhiDegree": 133.54860691279387,
				"Power": -50.07627205276957
			}, {
				"Time": 4.5139529216374264e-7,
				"TimeDiff": 9.496027620995707e-9,
				"PhiDegree": 132.4134567680214,
				"Power": -50.42992229158253
			}]
	}
}