{
	"SensorDataCollection": {
		"SensorId": 0,
		"SensorDatas": [{
				"Time": 6.067037219535626e-7,
				"TimeDiff": 0.0,
				"PhiDegree": 146.85563168195438,
				"Power": -57.381588175407316
			}, {
				"Time": 5.384849727464168e-7,
				"TimeDiff": -6.82187492071458e-8,
				"PhiDegree": 59.04951666826061,
				"Power": -58.285853422181205
			}, {
				"Time": 5.424259241668604e-7,
				"TimeDiff": -6.427779778670217e-8,
				"PhiDegree": 159.4743977289233,
				"Power": -59.11587931456438
			}, {
				"Time": 6.327510782380635e-7,
				"TimeDiff": 2.6047356284500886e-8,
				"PhiDegree": 162.50791299047347,
				"Power": -72.47684891516445
			}]
	}
}