{
	"SensorDataCollection": {
		"SensorId": 0,
		"SensorDatas": [{
				"Time": 3.909362490680606e-7,
				"TimeDiff": 0.0,
				"PhiDegree": 58.050599651467806,
				"Power": -52.70483650821231
			}, {
				"Time": 5.681673652278791e-7,
				"TimeDiff": 1.7723111615981847e-7,
				"PhiDegree": 38.84541144559354,
				"Power": -53.42750298525905
			}, {
				"Time": 5.493722822681279e-7,
				"TimeDiff": 1.5843603320006727e-7,
				"PhiDegree": 142.8568603943388,
				"Power": -53.908275964506274
			}, {
				"Time": 6.998973861114413e-7,
				"TimeDiff": 3.0896113704338066e-7,
				"PhiDegree": 164.23229790199673,
				"Power": -76.54467586730169
			}]
	}
}