{
	"SensorDataCollection": {
		"SensorId": 0,
		"SensorDatas": [{
				"Time": 5.708777347657698e-7,
				"TimeDiff": 0.0,
				"PhiDegree": 144.47470162971527,
				"Power": -55.16049737659378
			}, {
				"Time": 6.373394883115659e-7,
				"TimeDiff": 6.646175354579614e-8,
				"PhiDegree": 335.9098995041355,
				"Power": -68.5376579466664
			}, {
				"Time": 6.742476979004436e-7,
				"TimeDiff": 1.0336996313467382e-7,
				"PhiDegree": 163.61590001570588,
				"Power": -75.03089493429746
			}]
	}
}