{
	"SensorDataCollection": {
		"SensorId": 0,
		"SensorDatas": [{
				"Time": 5.763218913788066e-7,
				"TimeDiff": 0.0,
				"PhiDegree": 144.86020049205945,
				"Power": -55.48900037578386
			}, {
				"Time": 5.205612339421312e-7,
				"TimeDiff": -5.5760657436675414e-8,
				"PhiDegree": 62.51615842355363,
				"Power": -61.87297142349951
			}, {
				"Time": 6.678480541508675e-7,
				"TimeDiff": 9.152616277206092e-8,
				"PhiDegree": 163.45440837246696,
				"Power": -74.64565422502119
			}]
	}
}