{
	"SensorDataCollection": {
		"SensorId": 0,
		"SensorDatas": [{
				"Time": 5.945229666816768e-7,
				"TimeDiff": 0.0,
				"PhiDegree": 36.82809469368855,
				"Power": -54.75895998388491
			}, {
				"Time": 3.7435187793962905e-7,
				"TimeDiff": -2.201710887420478e-7,
				"PhiDegree": 62.38797467413899,
				"Power": -55.42732700246471
			}]
	}
}