{
	"SensorDataCollection": {
		"SensorId": 0,
		"SensorDatas": [{
				"Time": 2.6046425061807243e-7,
				"TimeDiff": 0.0,
				"PhiDegree": 132.01230838759736,
				"Power": -45.5339183324851
			}, {
				"Time": 3.1593034497900605e-7,
				"TimeDiff": 5.546609436093363e-8,
				"PhiDegree": 236.5103217115474,
				"Power": -50.00022138908916
			}, {
				"Time": 4.2436308390242163e-7,
				"TimeDiff": 1.638988332843492e-7,
				"PhiDegree": 245.74522269511104,
				"Power": -64.73850149865963
			}, {
				"Time": 9.893012137388148e-7,
				"TimeDiff": 7.288369631207424e-7,
				"PhiDegree": 161.31438213692027,
				"Power": -83.05205893617659
			}]
	}
}