{
	"SensorDataCollection": {
		"SensorId": 0,
		"SensorDatas": [{
				"Time": 4.6513309828080243e-7,
				"TimeDiff": 0.0,
				"PhiDegree": 134.234458658668,
				"Power": -50.496205524367625
			}]
	}
}