{
	"SensorDataCollection": {
		"SensorId": 0,
		"SensorDatas": [{
				"Time": 5.016072276942256e-8,
				"TimeDiff": 0.0,
				"PhiDegree": 356.18592516570965,
				"Power": -30.905922389718953
			}, {
				"Time": 8.33253122934974e-8,
				"TimeDiff": 3.316458952407484e-8,
				"PhiDegree": 306.9167019145715,
				"Power": -36.24090441969791
			}, {
				"Time": 3.0997722562862065e-7,
				"TimeDiff": 2.598165028591981e-7,
				"PhiDegree": 80.70821854735316,
				"Power": -66.81669051874181
			}]
	}
}