{
	"SensorDataCollection": {
		"SensorId": 0,
		"SensorDatas": [{
				"Time": 3.840406562444622e-7,
				"TimeDiff": 0.0,
				"PhiDegree": 59.7404095820504,
				"Power": -53.6307954877536
			}, {
				"Time": 5.786227785452717e-7,
				"TimeDiff": 1.9458212230080952e-7,
				"PhiDegree": 38.01645327932901,
				"Power": -53.93788166405524
			}]
	}
}