{
	"SensorDataCollection": {
		"SensorId": 0,
		"SensorDatas": [{
				"Time": 5.817916485593205e-7,
				"TimeDiff": 0.0,
				"PhiDegree": 145.2384676193416,
				"Power": -55.82284575570765
			}, {
				"Time": 5.236744084880224e-7,
				"TimeDiff": -5.811724007129814e-8,
				"PhiDegree": 61.868415384045235,
				"Power": -61.11832299447417
			}, {
				"Time": 6.614538186161833e-7,
				"TimeDiff": 7.966217005686285e-8,
				"PhiDegree": 163.2897931397017,
				"Power": -74.25764944808998
			}]
	}
}