{
	"SensorDataCollection": {
		"SensorId": 0,
		"SensorDatas": [{
				"Time": 5.998778498758869e-7,
				"TimeDiff": 0.0,
				"PhiDegree": 36.44603516609091,
				"Power": -55.045700460395125
			}]
	}
}