{
	"SensorDataCollection": {
		"SensorId": 0,
		"SensorDatas": [{
				"Time": 3.700545377861674e-7,
				"TimeDiff": 0.0,
				"PhiDegree": 121.07539087635327,
				"Power": -52.76720855042565
			}, {
				"Time": 3.8701992411673323e-7,
				"TimeDiff": 1.6965386330565848e-8,
				"PhiDegree": 119.57344982469391,
				"Power": -56.83291514138932
			}, {
				"Time": 4.3148464204208457e-7,
				"TimeDiff": 6.143010425591718e-8,
				"PhiDegree": 243.72503349804936,
				"Power": -61.854665447317814
			}, {
				"Time": 9.735120379527228e-7,
				"TimeDiff": 6.034575001665554e-7,
				"PhiDegree": 160.99980875571438,
				"Power": -82.17149705628712
			}]
	}
}