{
	"SensorDataCollection": {
		"SensorId": 0,
		"SensorDatas": [{
				"Time": 5.845359029103793e-7,
				"TimeDiff": 0.0,
				"PhiDegree": 145.42494241614412,
				"Power": -55.99165274868932
			}, {
				"Time": 5.17512027654642e-7,
				"TimeDiff": -6.70238752557373e-8,
				"PhiDegree": 158.43813614336037,
				"Power": -58.01155710287571
			}, {
				"Time": 5.252558705513533e-7,
				"TimeDiff": -5.928003235902603e-8,
				"PhiDegree": 61.547443724461935,
				"Power": -60.759254970336684
			}, {
				"Time": 6.582587781858766e-7,
				"TimeDiff": 7.372287527549726e-8,
				"PhiDegree": 163.20628658103328,
				"Power": -74.0626036310324
			}]
	}
}