{
	"SensorDataCollection": {
		"SensorId": 0,
		"SensorDatas": [{
				"Time": 3.353283353233433e-8,
				"TimeDiff": 0.0,
				"PhiDegree": 354.28940686250036,
				"Power": -26.965792952533604
			}, {
				"Time": 7.450812361592021e-8,
				"TimeDiff": 4.097529008358588e-8,
				"PhiDegree": 296.6040653604146,
				"Power": -38.42733496973398
			}]
	}
}