{
	"SensorDataCollection": {
		"SensorId": 0,
		"SensorDatas": [{
				"Time": 5.654599181550601e-7,
				"TimeDiff": 0.0,
				"PhiDegree": 144.081797568162,
				"Power": -54.83773719494343
			}, {
				"Time": 6.312532932598964e-7,
				"TimeDiff": 6.579337510483628e-8,
				"PhiDegree": 335.66266796230775,
				"Power": -68.05538359257099
			}, {
				"Time": 6.806525973172914e-7,
				"TimeDiff": 1.1519267916223136e-7,
				"PhiDegree": 163.77435364506323,
				"Power": -75.41339416138334
			}]
	}
}