{
	"SensorDataCollection": {
		"SensorId": 0,
		"SensorDatas": [{
				"Time": 5.437008247668842e-7,
				"TimeDiff": 0.0,
				"PhiDegree": 58.144821223779694,
				"Power": -57.523845949177726
			}, {
				"Time": 6.151093360161985e-7,
				"TimeDiff": 7.140851124931433e-8,
				"PhiDegree": 147.36542725169406,
				"Power": -57.91830425104985
			}, {
				"Time": 5.518115368767266e-7,
				"TimeDiff": 8.110712109842465e-9,
				"PhiDegree": 159.83882392634285,
				"Power": -59.52193467936806
			}, {
				"Time": 6.232112902942871e-7,
				"TimeDiff": 7.951046552740294e-8,
				"PhiDegree": 162.23130077468744,
				"Power": -71.87039395724938
			}]
	}
}