{
	"SensorDataCollection": {
		"SensorId": 0,
		"SensorDatas": [{
				"Time": 6.052589338879936e-7,
				"TimeDiff": 0.0,
				"PhiDegree": 36.07075263510998,
				"Power": -55.33829879211697
			}]
	}
}