{
	"SensorDataCollection": {
		"SensorId": 0,
		"SensorDatas": [{
				"Time": 3.8237012205369434e-7,
				"TimeDiff": 0.0,
				"PhiDegree": 60.17226762191968,
				"Power": -53.894269873617105
			}, {
				"Time": 5.812551307078307e-7,
				"TimeDiff": 1.988850086541364e-7,
				"PhiDegree": 37.81388666867395,
				"Power": -54.070341425182235
			}]
	}
}