{
	"SensorDataCollection": {
		"SensorId": 0,
		"SensorDatas": [{
				"Time": 4.465231509786227e-7,
				"TimeDiff": 0.0,
				"PhiDegree": 134.16924580274144,
				"Power": -50.136688721473405
			}, {
				"Time": 4.5592288179476995e-7,
				"TimeDiff": 9.399730816147259e-9,
				"PhiDegree": 133.03262737647563,
				"Power": -50.42688379282913
			}]
	}
}