{
	"SensorDataCollection": {
		"SensorId": 0,
		"SensorDatas": [{
				"Time": 5.971970890454652e-7,
				"TimeDiff": 0.0,
				"PhiDegree": 36.636208478815746,
				"Power": -54.90157416618382
			}]
	}
}