{
	"SensorDataCollection": {
		"SensorId": 0,
		"SensorDatas": [{
				"Time": 3.735427862459022e-7,
				"TimeDiff": 0.0,
				"PhiDegree": 121.95211005628872,
				"Power": -52.3075350679984
			}, {
				"Time": 3.9035659836044746e-7,
				"TimeDiff": 1.6813812114545285e-8,
				"PhiDegree": 120.4253682043158,
				"Power": -56.01257857025966
			}, {
				"Time": 4.3447997484165325e-7,
				"TimeDiff": 6.093718859575107e-8,
				"PhiDegree": 242.93591248331217,
				"Power": -60.8461486131813
			}, {
				"Time": 9.672047720813753e-7,
				"TimeDiff": 5.93661985835473e-7,
				"PhiDegree": 160.87110528565736,
				"Power": -81.81674932642812
			}]
	}
}