{
	"SensorDataCollection": {
		"SensorId": 0,
		"SensorDatas": [{
				"Time": 4.6281164456052626e-7,
				"TimeDiff": 0.0,
				"PhiDegree": 133.9384934187424,
				"Power": -50.46992513519689
			}]
	}
}