{
	"SensorDataCollection": {
		"SensorId": 0,
		"SensorDatas": [{
				"Time": 5.872862910064204e-7,
				"TimeDiff": 0.0,
				"PhiDegree": 145.60967255124314,
				"Power": -56.16165506780544
			}, {
				"Time": 5.20616619577251e-7,
				"TimeDiff": -6.666967142916938e-8,
				"PhiDegree": 158.57308790124125,
				"Power": -58.15130005404315
			}, {
				"Time": 5.268537172185319e-7,
				"TimeDiff": -6.043257378788854e-8,
				"PhiDegree": 61.22840899451364,
				"Power": -60.411940709034056
			}, {
				"Time": 6.550651496687488e-7,
				"TimeDiff": 6.777885866232839e-8,
				"PhiDegree": 163.12196560544496,
				"Power": -73.86685859200915
			}]
	}
}