{
	"SensorDataCollection": {
		"SensorId": 0,
		"SensorDatas": [{
				"Time": 4.34890614790746e-7,
				"TimeDiff": 0.0,
				"PhiDegree": 133.21424485075627,
				"Power": -49.96034229231253
			}, {
				"Time": 4.4941507268922454e-7,
				"TimeDiff": 1.452445789847852e-8,
				"PhiDegree": 131.49838003716545,
				"Power": -50.56931601635965
			}, {
				"Time": 8.732489152482602e-7,
				"TimeDiff": 4.383583004575142e-7,
				"PhiDegree": 158.71838994763115,
				"Power": -76.32423953204545
			}]
	}
}