{
	"SensorDataCollection": {
		"SensorId": 0,
		"SensorDatas": [{
				"Time": 4.4180492841355646e-7,
				"TimeDiff": 0.0,
				"PhiDegree": 134.1603731938843,
				"Power": -50.044734023433335
			}, {
				"Time": 4.5610925828982654e-7,
				"TimeDiff": 1.4304329876270085e-8,
				"PhiDegree": 132.44020702211083,
				"Power": -50.51577645468477
			}, {
				"Time": 8.639292287198957e-7,
				"TimeDiff": 4.221243003063392e-7,
				"PhiDegree": 158.47744048349963,
				"Power": -75.75775501693175
			}]
	}
}