{
	"SensorDataCollection": {
		"SensorId": 0,
		"SensorDatas": [{
				"Time": 5.97438238057187e-7,
				"TimeDiff": 0.0,
				"PhiDegree": 145.88783448681414,
				"Power": -56.509816118306446
			}, {
				"Time": 5.311539094815252e-7,
				"TimeDiff": -6.628432857566181e-8,
				"PhiDegree": 158.6324963378204,
				"Power": -58.364258314914224
			}, {
				"Time": 5.288488469559364e-7,
				"TimeDiff": -6.858939110125063e-8,
				"PhiDegree": 60.10374623166095,
				"Power": -59.198986398068996
			}, {
				"Time": 6.464839190613021e-7,
				"TimeDiff": 4.904568100411508e-8,
				"PhiDegree": 162.58140957075176,
				"Power": -72.7910681475475
			}]
	}
}