{
	"SensorDataCollection": {
		"SensorId": 0,
		"SensorDatas": [{
				"Time": 5.728229684395967e-7,
				"TimeDiff": 0.0,
				"PhiDegree": 144.20308110047125,
				"Power": -55.02301017591495
			}, {
				"Time": 6.387086778558275e-7,
				"TimeDiff": 6.588570941623084e-8,
				"PhiDegree": 335.6366518275201,
				"Power": -68.11578939930202
			}, {
				"Time": 6.751964703205787e-7,
				"TimeDiff": 1.02373501880982e-7,
				"PhiDegree": 163.3442561601412,
				"Power": -74.53656507315267
			}]
	}
}