{
	"SensorDataCollection": {
		"SensorId": 0,
		"SensorDatas": [{
				"Time": 6.057518807692818e-7,
				"TimeDiff": 0.0,
				"PhiDegree": 146.41882207162172,
				"Power": -57.02615079990912
			}, {
				"Time": 5.339086323012282e-7,
				"TimeDiff": -7.184324846805364e-8,
				"PhiDegree": 59.17244680498641,
				"Power": -58.331744765894044
			}, {
				"Time": 5.40488083421045e-7,
				"TimeDiff": -6.526379734823684e-8,
				"PhiDegree": 159.01911944172144,
				"Power": -58.772798742156
			}, {
				"Time": 6.369400652214947e-7,
				"TimeDiff": 3.1188184452212924e-8,
				"PhiDegree": 162.31186144257563,
				"Power": -72.19685239794168
			}]
	}
}