{
	"SensorDataCollection": {
		"SensorId": 0,
		"SensorDatas": [{
				"Time": 5.99194152270667e-7,
				"TimeDiff": 0.0,
				"PhiDegree": 36.89223144895561,
				"Power": -54.792866505057304
			}]
	}
}