{
	"SensorDataCollection": {
		"SensorId": 0,
		"SensorDatas": [{
				"Time": 7.68152592936127e-8,
				"TimeDiff": 0.0,
				"PhiDegree": 357.5104470780009,
				"Power": -34.77989317087152
			}, {
				"Time": 1.0162476873480675e-7,
				"TimeDiff": 2.4809509441194052e-8,
				"PhiDegree": 319.03917801675664,
				"Power": -37.43753211210898
			}, {
				"Time": 4.85809711782096e-7,
				"TimeDiff": 4.089944524884833e-7,
				"PhiDegree": 230.68639389526865,
				"Power": -51.888902119791695
			}]
	}
}