{
	"SensorDataCollection": {
		"SensorId": 0,
		"SensorDatas": [{
				"Time": 5.782488111558029e-7,
				"TimeDiff": 0.0,
				"PhiDegree": 144.5898422157301,
				"Power": -55.34431478822947
			}, {
				"Time": 5.176034527882814e-7,
				"TimeDiff": -6.064535836752145e-8,
				"PhiDegree": 62.34570492729259,
				"Power": -61.60746175673901
			}, {
				"Time": 6.447935667311685e-7,
				"TimeDiff": 6.654475557536561e-8,
				"PhiDegree": 335.881270557233,
				"Power": -68.59210412654298
			}, {
				"Time": 6.688059052089927e-7,
				"TimeDiff": 9.055709405318978e-8,
				"PhiDegree": 163.1803972418856,
				"Power": -74.15343806505997
			}]
	}
}