{
	"SensorDataCollection": {
		"SensorId": 0,
		"SensorDatas": [{
				"Time": 9.015109292080017e-8,
				"TimeDiff": 0.0,
				"PhiDegree": 357.8789036033386,
				"Power": -36.19378016544555
			}, {
				"Time": 1.1204565638556788e-7,
				"TimeDiff": 2.1894563464767708e-8,
				"PhiDegree": 323.51776041044275,
				"Power": -38.891567944861166
			}, {
				"Time": 1.9196701328884772e-7,
				"TimeDiff": 1.0181592036804755e-7,
				"PhiDegree": 297.98859893548945,
				"Power": -49.313542843450946
			}, {
				"Time": 4.943734778629161e-7,
				"TimeDiff": 4.042223849421159e-7,
				"PhiDegree": 229.48955562162362,
				"Power": -51.64980428406372
			}]
	}
}