{
	"SensorDataCollection": {
		"SensorId": 0,
		"SensorDatas": [{
				"Time": 6.126186854002325e-7,
				"TimeDiff": 0.0,
				"PhiDegree": 35.95551491568971,
				"Power": -55.51128593351163
			}]
	}
}