{
	"SensorDataCollection": {
		"SensorId": 0,
		"SensorDatas": [{
				"Time": 4.06420931242193e-7,
				"TimeDiff": 0.0,
				"PhiDegree": 128.7531053480352,
				"Power": -50.1373543688474
			}, {
				"Time": 4.219265742744338e-7,
				"TimeDiff": 1.550564303224081e-8,
				"PhiDegree": 127.0823120271341,
				"Power": -51.64716846804613
			}, {
				"Time": 4.6305141046521303e-7,
				"TimeDiff": 5.663047922302006e-8,
				"PhiDegree": 236.6733795221049,
				"Power": -54.890622711586985
			}, {
				"Time": 9.138029567661658e-7,
				"TimeDiff": 5.073820255239728e-7,
				"PhiDegree": 159.70556433286797,
				"Power": -78.74338346825145
			}]
	}
}