{
	"SensorDataCollection": {
		"SensorId": 0,
		"SensorDatas": [{
				"Time": 3.973178534612951e-7,
				"TimeDiff": 0.0,
				"PhiDegree": 57.48865650373165,
				"Power": -52.519815708454104
			}, {
				"Time": 5.651034768251864e-7,
				"TimeDiff": 1.6778562336389128e-7,
				"PhiDegree": 39.533291361206075,
				"Power": -53.123183063608366
			}, {
				"Time": 5.567081303494491e-7,
				"TimeDiff": 1.59390276888154e-7,
				"PhiDegree": 142.99782323362427,
				"Power": -54.096317863509
			}, {
				"Time": 6.944000792949874e-7,
				"TimeDiff": 2.970822258336923e-7,
				"PhiDegree": 163.81771913890557,
				"Power": -75.66992742202149
			}]
	}
}