{
	"SensorDataCollection": {
		"SensorId": 0,
		"SensorDatas": [{
				"Time": 3.991211051460748e-7,
				"TimeDiff": 0.0,
				"PhiDegree": 57.08472706540823,
				"Power": -52.33512636660558
			}, {
				"Time": 5.625340850844506e-7,
				"TimeDiff": 1.6341297993837577e-7,
				"PhiDegree": 39.74961344114573,
				"Power": -53.009124827384696
			}, {
				"Time": 5.593764191540548e-7,
				"TimeDiff": 1.6025531400797998e-7,
				"PhiDegree": 143.20351357387057,
				"Power": -54.24656628502724
			}, {
				"Time": 6.911962611822133e-7,
				"TimeDiff": 2.9207515603613856e-7,
				"PhiDegree": 163.7406361143374,
				"Power": -75.48268670998198
			}]
	}
}