{
	"SensorDataCollection": {
		"SensorId": 0,
		"SensorDatas": [{
				"Time": 6.141161380493682e-7,
				"TimeDiff": 0.0,
				"PhiDegree": 146.9353889294845,
				"Power": -57.55102935257554
			}, {
				"Time": 5.391068071907596e-7,
				"TimeDiff": -7.500933085860859e-8,
				"PhiDegree": 58.25886937681566,
				"Power": -57.55315338994777
			}, {
				"Time": 5.498460314281653e-7,
				"TimeDiff": -6.427010662120289e-8,
				"PhiDegree": 159.39259902916257,
				"Power": -59.17709815253072
			}, {
				"Time": 6.274107370442158e-7,
				"TimeDiff": 1.329459899484754e-8,
				"PhiDegree": 162.034119032913,
				"Power": -71.59634820798733
			}]
	}
}