{
	"SensorDataCollection": {
		"SensorId": 0,
		"SensorDatas": [{
				"Time": 4.721854047314901e-7,
				"TimeDiff": 0.0,
				"PhiDegree": 134.53219859793302,
				"Power": -50.61524641247077
			}]
	}
}