{
	"SensorDataCollection": {
		"SensorId": 0,
		"SensorDatas": [{
				"Time": 6.045444910715731e-7,
				"TimeDiff": 0.0,
				"PhiDegree": 36.51255471959341,
				"Power": -55.07591846949384
			}]
	}
}