{
	"SensorDataCollection": {
		"SensorId": 0,
		"SensorDatas": [{
				"Time": 4.280986990054287e-7,
				"TimeDiff": 0.0,
				"PhiDegree": 132.2378218858471,
				"Power": -49.91782206788275
			}, {
				"Time": 4.428459741460101e-7,
				"TimeDiff": 1.4747275140581381e-8,
				"PhiDegree": 130.52834257736154,
				"Power": -50.68862044847866
			}, {
				"Time": 8.825837189312271e-7,
				"TimeDiff": 4.544850199257984e-7,
				"PhiDegree": 158.95424662001207,
				"Power": -76.88768344974825
			}]
	}
}