{
	"SensorDataCollection": {
		"SensorId": 0,
		"SensorDatas": [{
				"Time": 4.6752956679299703e-7,
				"TimeDiff": 0.0,
				"PhiDegree": 133.9492064736676,
				"Power": -50.557302245311035
			}]
	}
}