{
	"SensorDataCollection": {
		"SensorId": 0,
		"SensorDatas": [{
				"Time": 6.029749390422697e-7,
				"TimeDiff": 0.0,
				"PhiDegree": 146.2434536768469,
				"Power": -56.85304000740253
			}, {
				"Time": 5.322064634310403e-7,
				"TimeDiff": -7.076847561122947e-8,
				"PhiDegree": 59.480909374816235,
				"Power": -58.6106470908029
			}, {
				"Time": 5.373739893013627e-7,
				"TimeDiff": -6.560094974090703e-8,
				"PhiDegree": 158.8917376505388,
				"Power": -58.63708877103119
			}, {
				"Time": 6.401197679363736e-7,
				"TimeDiff": 3.7144828894103856e-8,
				"PhiDegree": 162.4026038156254,
				"Power": -72.39562040115567
			}]
	}
}