{
	"SensorDataCollection": {
		"SensorId": 0,
		"SensorDatas": [{
				"Time": 6.072294838051069e-7,
				"TimeDiff": 0.0,
				"PhiDegree": 36.325229480650464,
				"Power": -55.21964821215545
			}]
	}
}