{
	"SensorDataCollection": {
		"SensorId": 0,
		"SensorDatas": [{
				"Time": 3.903068288575105e-7,
				"TimeDiff": 0.0,
				"PhiDegree": 59.1410772895276,
				"Power": -53.370402112347605
			}, {
				"Time": 5.754597932278299e-7,
				"TimeDiff": 1.851529643703194e-7,
				"PhiDegree": 38.68741002416791,
				"Power": -53.60182334357734
			}, {
				"Time": 7.072276354079994e-7,
				"TimeDiff": 3.169208065504889e-7,
				"PhiDegree": 164.1190632905044,
				"Power": -76.41237018785539
			}]
	}
}