{
	"SensorDataCollection": {
		"SensorId": 0,
		"SensorDatas": [{
				"Time": 6.153227259605906e-7,
				"TimeDiff": 0.0,
				"PhiDegree": 35.77308998945661,
				"Power": -55.65910573324007
			}]
	}
}