{
	"SensorDataCollection": {
		"SensorId": 0,
		"SensorDatas": [{
				"Time": 4.0094401457298475e-7,
				"TimeDiff": 0.0,
				"PhiDegree": 56.68445084824807,
				"Power": -52.16089837133545
			}, {
				"Time": 5.599727855875055e-7,
				"TimeDiff": 1.590287710145208e-7,
				"PhiDegree": 39.96791755873972,
				"Power": -52.897444501461365
			}, {
				"Time": 5.620518486483173e-7,
				"TimeDiff": 1.611078340753326e-7,
				"PhiDegree": 143.4072483011382,
				"Power": -54.39857180881762
			}, {
				"Time": 6.879937057667029e-7,
				"TimeDiff": 2.870496911937182e-7,
				"PhiDegree": 163.66283531728664,
				"Power": -75.29478841987546
			}]
	}
}