{
	"SensorDataCollection": {
		"SensorId": 0,
		"SensorDatas": [{
				"Time": 5.885745570745062e-7,
				"TimeDiff": 0.0,
				"PhiDegree": 37.672207008480036,
				"Power": -54.24575504607198
			}, {
				"Time": 3.82018119473678e-7,
				"TimeDiff": -2.0655643760082817e-7,
				"PhiDegree": 61.289532745589284,
				"Power": -54.71553755851153
			}]
	}
}