{
	"SensorDataCollection": {
		"SensorId": 0,
		"SensorDatas": [{
				"Time": 6.180329496237075e-7,
				"TimeDiff": 0.0,
				"PhiDegree": 35.59226319815473,
				"Power": -55.80820259724773
			}]
	}
}