{
	"SensorDataCollection": {
		"SensorId": 0,
		"SensorDatas": [{
				"Time": 3.9202874273063234e-7,
				"TimeDiff": 0.0,
				"PhiDegree": 58.722452939198384,
				"Power": -53.140223160155685
			}, {
				"Time": 5.728591149348364e-7,
				"TimeDiff": 1.80830372204204e-7,
				"PhiDegree": 38.89601025581656,
				"Power": -53.478934854275536
			}, {
				"Time": 7.040189373961446e-7,
				"TimeDiff": 3.119901946655123e-7,
				"PhiDegree": 164.04475687430278,
				"Power": -76.22773188275511
			}]
	}
}