{
	"SensorDataCollection": {
		"SensorId": 0,
		"SensorDatas": [{
				"Time": 5.462461359864889e-7,
				"TimeDiff": 0.0,
				"PhiDegree": 57.068242953970405,
				"Power": -56.642110206633035
			}, {
				"Time": 6.253437027678682e-7,
				"TimeDiff": 7.909756678137929e-8,
				"PhiDegree": 147.60257227577338,
				"Power": -58.26250424203948
			}, {
				"Time": 5.623582255609498e-7,
				"TimeDiff": 1.611208957446088e-8,
				"PhiDegree": 159.87120780031967,
				"Power": -59.70954409199783
			}, {
				"Time": 6.147287290284478e-7,
				"TimeDiff": 6.848259304195886e-8,
				"PhiDegree": 161.65041396178304,
				"Power": -70.78580931549229
			}]
	}
}