{
	"SensorDataCollection": {
		"SensorId": 0,
		"SensorDatas": [{
				"Time": 6.002036983603818e-7,
				"TimeDiff": 0.0,
				"PhiDegree": 146.06646420088543,
				"Power": -56.68091553056412
			}, {
				"Time": 5.342625822478234e-7,
				"TimeDiff": -6.594111611255834e-8,
				"PhiDegree": 158.76287153901202,
				"Power": -58.50090829712255
			}, {
				"Time": 5.305198188048463e-7,
				"TimeDiff": -6.968387955553547e-8,
				"PhiDegree": 59.79134233722906,
				"Power": -58.899642382978286
			}, {
				"Time": 6.433010603725258e-7,
				"TimeDiff": 4.309736201214404e-8,
				"PhiDegree": 162.49244892251784,
				"Power": -72.59369163054821
			}]
	}
}