{
	"SensorDataCollection": {
		"SensorId": 0,
		"SensorDatas": [{
				"Time": 5.946786387749408e-7,
				"TimeDiff": 0.0,
				"PhiDegree": 145.70754514854923,
				"Power": -56.33978161329935
			}, {
				"Time": 5.280480192935571e-7,
				"TimeDiff": -6.663061948138368e-8,
				"PhiDegree": 158.50058675663112,
				"Power": -58.22713999411785
			}, {
				"Time": 5.271936969117373e-7,
				"TimeDiff": -6.748494186320354e-8,
				"PhiDegree": 60.4181211356741,
				"Power": -59.50894307297
			}, {
				"Time": 6.496683209825217e-7,
				"TimeDiff": 5.498968220758083e-8,
				"PhiDegree": 162.66949833396126,
				"Power": -72.98775208005601
			}]
	}
}