{
	"SensorDataCollection": {
		"SensorId": 0,
		"SensorDatas": [{
				"Time": 5.837005117815354e-7,
				"TimeDiff": 0.0,
				"PhiDegree": 144.96939574279247,
				"Power": -55.6711295931633
			}, {
				"Time": 5.207343105272366e-7,
				"TimeDiff": -6.296620125429874e-8,
				"PhiDegree": 61.69531557037367,
				"Power": -60.86048349741671
			}, {
				"Time": 6.624209157108876e-7,
				"TimeDiff": 7.872040392935225e-8,
				"PhiDegree": 163.013378105735,
				"Power": -73.76760665293206
			}]
	}
}