{
	"SensorDataCollection": {
		"SensorId": 0,
		"SensorDatas": [{
				"Time": 6.261999154912689e-7,
				"TimeDiff": 0.0,
				"PhiDegree": 35.05919898704655,
				"Power": -56.262747881174136
			}]
	}
}