{
	"SensorDataCollection": {
		"SensorId": 0,
		"SensorDatas": [{
				"Time": 5.965289824165865e-7,
				"TimeDiff": 0.0,
				"PhiDegree": 37.084619608920406,
				"Power": -54.653639668724566
			}, {
				"Time": 3.7731166644775426e-7,
				"TimeDiff": -2.1921731596883224e-7,
				"PhiDegree": 62.622811431120226,
				"Power": -55.69524010161345
			}]
	}
}