{
	"SensorDataCollection": {
		"SensorId": 0,
		"SensorDatas": [{
				"Time": 3.922237315029808e-7,
				"TimeDiff": 0.0,
				"PhiDegree": 126.09137545386017,
				"Power": -50.703538021828024
			}, {
				"Time": 4.0826892642143405e-7,
				"TimeDiff": 1.6045194918453255e-8,
				"PhiDegree": 124.46646371906324,
				"Power": -52.950329000311314
			}, {
				"Time": 4.5064186549429053e-7,
				"TimeDiff": 5.841813399130973e-8,
				"PhiDegree": 239.15541579351654,
				"Power": -56.841923004842
			}, {
				"Time": 9.357446061422286e-7,
				"TimeDiff": 5.435208746392478e-7,
				"PhiDegree": 160.20160036638904,
				"Power": -80.02141542689151
			}]
	}
}