{
	"SensorDataCollection": {
		"SensorId": 0,
		"SensorDatas": [{
				"Time": 4.1924347429084283e-7,
				"TimeDiff": 0.0,
				"PhiDegree": 130.88727507504126,
				"Power": -49.93378642479186
			}, {
				"Time": 4.342915512218082e-7,
				"TimeDiff": 1.5048076930965364e-8,
				"PhiDegree": 129.18986145607806,
				"Power": -50.96099265806954
			}, {
				"Time": 4.7434557668171467e-7,
				"TimeDiff": 5.5102102390871836e-8,
				"PhiDegree": 234.65244506123668,
				"Power": -53.66395090597881
			}, {
				"Time": 8.950528217999112e-7,
				"TimeDiff": 4.758093475090684e-7,
				"PhiDegree": 159.2610620107915,
				"Power": -77.63414190955348
			}]
	}
}