{
	"SensorDataCollection": {
		"SensorId": 0,
		"SensorDatas": [{
				"Time": 3.902675142989667e-7,
				"TimeDiff": 0.0,
				"PhiDegree": 125.69552892795458,
				"Power": -50.81807168226078
			}, {
				"Time": 4.063899524401189e-7,
				"TimeDiff": 1.6122438141152235e-8,
				"PhiDegree": 124.07861633539943,
				"Power": -53.18755530774382
			}, {
				"Time": 4.489402723070699e-7,
				"TimeDiff": 5.867275800810323e-8,
				"PhiDegree": 239.52102559979593,
				"Power": -57.1728506650183
			}, {
				"Time": 9.388846998691026e-7,
				"TimeDiff": 5.486171855701359e-7,
				"PhiDegree": 160.2705687682909,
				"Power": -80.20256466597255
			}]
	}
}