{
	"SensorDataCollection": {
		"SensorId": 0,
		"SensorDatas": [{
				"Time": 4.3034871129837654e-7,
				"TimeDiff": 0.0,
				"PhiDegree": 132.56671715189734,
				"Power": -49.927085265491584
			}, {
				"Time": 4.4502143099334137e-7,
				"TimeDiff": 1.4672719694964833e-8,
				"PhiDegree": 130.85486691873987,
				"Power": -50.64116771454792
			}, {
				"Time": 8.794704677176261e-7,
				"TimeDiff": 4.491217564192496e-7,
				"PhiDegree": 158.876184091514,
				"Power": -76.70020931576386
			}]
	}
}