{
	"SensorDataCollection": {
		"SensorId": 0,
		"SensorDatas": [{
				"Time": 4.170670273279192e-7,
				"TimeDiff": 0.0,
				"PhiDegree": 130.54073765947905,
				"Power": -49.951927556484904
			}, {
				"Time": 4.3219089070841744e-7,
				"TimeDiff": 1.512386338049824e-8,
				"PhiDegree": 128.8470207032095,
				"Power": -51.051031107450356
			}, {
				"Time": 4.7242305264053235e-7,
				"TimeDiff": 5.535602531261315e-8,
				"PhiDegree": 234.98251916725684,
				"Power": -53.84290771245013
			}, {
				"Time": 8.981740382140437e-7,
				"TimeDiff": 4.811070108861245e-7,
				"PhiDegree": 159.33643411047174,
				"Power": -77.8198906120837
			}]
	}
}