{
	"SensorDataCollection": {
		"SensorId": 0,
		"SensorDatas": [{
				"Time": 4.606388526427643e-7,
				"TimeDiff": 0.0,
				"PhiDegree": 133.05277692342975,
				"Power": -50.51375876497056
			}]
	}
}