{
	"SensorDataCollection": {
		"SensorId": 0,
		"SensorDatas": [{
				"Time": 4.2364166544723764e-7,
				"TimeDiff": 0.0,
				"PhiDegree": 131.56960581193286,
				"Power": -49.91485135925129
			}, {
				"Time": 4.385388482564539e-7,
				"TimeDiff": 1.4897182809216264e-8,
				"PhiDegree": 129.8656291883156,
				"Power": -50.80778477806531
			}, {
				"Time": 8.888150846252217e-7,
				"TimeDiff": 4.651734191779841e-7,
				"PhiDegree": 159.10873038515038,
				"Power": -77.26160295191428
			}]
	}
}