{
	"SensorDataCollection": {
		"SensorId": 0,
		"SensorDatas": [{
				"Time": 5.75532611769353e-7,
				"TimeDiff": 0.0,
				"PhiDegree": 144.39737320548878,
				"Power": -55.182948973555824
			}, {
				"Time": 5.160632615869926e-7,
				"TimeDiff": -5.9469350182360384e-8,
				"PhiDegree": 62.67383779054631,
				"Power": -61.99987122956878
			}, {
				"Time": 6.417496601133874e-7,
				"TimeDiff": 6.62170483440344e-8,
				"PhiDegree": 335.7595410433485,
				"Power": -68.35411121427211
			}, {
				"Time": 6.720005007516152e-7,
				"TimeDiff": 9.646788898226221e-8,
				"PhiDegree": 163.2627162657266,
				"Power": -74.34533835369163
			}]
	}
}