{
	"SensorDataCollection": {
		"SensorId": 0,
		"SensorDatas": [{
				"Time": 4.4413591402430927e-7,
				"TimeDiff": 0.0,
				"PhiDegree": 134.46917178181707,
				"Power": -50.08148131492587
			}, {
				"Time": 4.583675063236885e-7,
				"TimeDiff": 1.4231592299379236e-8,
				"PhiDegree": 132.74800532172762,
				"Power": -50.51153552183905
			}, {
				"Time": 8.608261107977652e-7,
				"TimeDiff": 4.1669019677345594e-7,
				"PhiDegree": 158.395965140116,
				"Power": -75.56825914702597
			}]
	}
}