{
	"SensorDataCollection": {
		"SensorId": 0,
		"SensorDatas": [{
				"Time": 4.371820709086088e-7,
				"TimeDiff": 0.0,
				"PhiDegree": 133.53294297937003,
				"Power": -49.984021799275496
			}, {
				"Time": 4.516328418650794e-7,
				"TimeDiff": 1.4450770956470624e-8,
				"PhiDegree": 131.8154213845531,
				"Power": -50.544457212818415
			}, {
				"Time": 8.701406493849611e-7,
				"TimeDiff": 4.3295857847635233e-7,
				"PhiDegree": 158.63864700090363,
				"Power": -76.13574699987711
			}]
	}
}