{
	"SensorDataCollection": {
		"SensorId": 0,
		"SensorDatas": [{
				"Time": 8.681682526319568e-8,
				"TimeDiff": 0.0,
				"PhiDegree": 357.7974018382342,
				"Power": -35.862048703306364
			}, {
				"Time": 1.0938085165529774e-7,
				"TimeDiff": 2.2564026392102064e-8,
				"PhiDegree": 322.47850972477113,
				"Power": -38.501829363306555
			}, {
				"Time": 1.9042393700637045e-7,
				"TimeDiff": 1.0360711174317477e-7,
				"PhiDegree": 297.10203746244906,
				"Power": -49.993880912519955
			}, {
				"Time": 4.92212577240505e-7,
				"TimeDiff": 4.0539575197730927e-7,
				"PhiDegree": 229.7848528034126,
				"Power": -51.69948196257617
			}]
	}
}