{
	"SensorDataCollection": {
		"SensorId": 0,
		"SensorDatas": [{
				"Time": 4.1490599680865387e-7,
				"TimeDiff": 0.0,
				"PhiDegree": 130.19057745498338,
				"Power": -49.9761082912199
			}, {
				"Time": 4.3010585547626606e-7,
				"TimeDiff": 1.5199858667612196e-8,
				"PhiDegree": 128.500843459009,
				"Power": -51.15039986100885
			}, {
				"Time": 4.705163350722635e-7,
				"TimeDiff": 5.561033826360964e-8,
				"PhiDegree": 235.3152795724774,
				"Power": -54.03168358467052
			}, {
				"Time": 9.012967981671775e-7,
				"TimeDiff": 4.863908013585236e-7,
				"PhiDegree": 159.41128404932897,
				"Power": -78.0052906198878
			}]
	}
}