{
	"SensorDataCollection": {
		"SensorId": 0,
		"SensorDatas": [{
				"Time": 4.1063115695218216e-7,
				"TimeDiff": 0.0,
				"PhiDegree": 129.4792669980698,
				"Power": -50.04339988780346
			}, {
				"Time": 4.259835768983067e-7,
				"TimeDiff": 1.5352419946124554e-8,
				"PhiDegree": 127.79838685016145,
				"Power": -51.37830640176266
			}, {
				"Time": 4.667510925985492e-7,
				"TimeDiff": 5.611993564636706e-8,
				"PhiDegree": 235.98889952442985,
				"Power": -54.43980339455311
			}, {
				"Time": 9.075468849489855e-7,
				"TimeDiff": 4.969157279968032e-7,
				"PhiDegree": 159.55943799873597,
				"Power": -78.3750403870142
			}]
	}
}