{
	"SensorDataCollection": {
		"SensorId": 0,
		"SensorDatas": [{
				"Time": 6.113225564342798e-7,
				"TimeDiff": 0.0,
				"PhiDegree": 146.76477110766538,
				"Power": -57.375181622426126
			}, {
				"Time": 5.373589513226591e-7,
				"TimeDiff": -7.396360511162069e-8,
				"PhiDegree": 58.56142844692804,
				"Power": -57.80323477573583
			}, {
				"Time": 5.467241491556555e-7,
				"TimeDiff": -6.459840727862432e-8,
				"PhiDegree": 159.26952660928526,
				"Power": -59.04280402536638
			}, {
				"Time": 6.305855251368261e-7,
				"TimeDiff": 1.9262968702546274e-8,
				"PhiDegree": 162.12763246721653,
				"Power": -71.79721817933917
			}]
	}
}