{
	"SensorDataCollection": {
		"SensorId": 0,
		"SensorDatas": [{
				"Time": 5.833067768551667e-7,
				"TimeDiff": 0.0,
				"PhiDegree": 38.07280767494329,
				"Power": -53.982521622484754
			}, {
				"Time": 3.8526831606039386e-7,
				"TimeDiff": -1.9803846079477283e-7,
				"PhiDegree": 60.41908214961354,
				"Power": -54.13682647641079
			}]
	}
}