{
	"SensorDataCollection": {
		"SensorId": 0,
		"SensorDatas": [{
				"Time": 6.207492754023421e-7,
				"TimeDiff": 0.0,
				"PhiDegree": 35.41301718797916,
				"Power": -55.95853522723384
			}]
	}
}