{
	"SensorDataCollection": {
		"SensorId": 0,
		"SensorDatas": [{
				"Time": 5.701199746446304e-7,
				"TimeDiff": 0.0,
				"PhiDegree": 144.00694440695312,
				"Power": -54.86454962280749
			}, {
				"Time": 6.356706619279949e-7,
				"TimeDiff": 6.55506872833645e-8,
				"PhiDegree": 335.51258740489556,
				"Power": -67.87714877567115
			}, {
				"Time": 6.783937944964262e-7,
				"TimeDiff": 1.082738198517958e-7,
				"PhiDegree": 163.4250276087827,
				"Power": -74.72712080472593
			}]
	}
}