{
	"SensorDataCollection": {
		"SensorId": 0,
		"SensorDatas": [{
				"Time": 8.348274730559874e-8,
				"TimeDiff": 0.0,
				"PhiDegree": 357.70938995736145,
				"Power": -35.51667741101169
			}, {
				"Time": 1.067538226844756e-7,
				"TimeDiff": 2.3271075378876862e-8,
				"PhiDegree": 321.3877368503768,
				"Power": -38.12739424789973
			}, {
				"Time": 1.8892719162131308e-7,
				"TimeDiff": 1.0544444431571434e-7,
				"PhiDegree": 296.2012101281689,
				"Power": -50.73969204659063
			}, {
				"Time": 4.900648662454285e-7,
				"TimeDiff": 4.065821189398298e-7,
				"PhiDegree": 230.08274623800446,
				"Power": -51.75576742516685
			}]
	}
}