{
	"SensorDataCollection": {
		"SensorId": 0,
		"SensorDatas": [{
				"Time": 5.919249824872253e-7,
				"TimeDiff": 0.0,
				"PhiDegree": 145.52557656957916,
				"Power": -56.17085298349248
			}, {
				"Time": 5.255545181570135e-7,
				"TimeDiff": -6.637046433021179e-8,
				"PhiDegree": 60.73446665311608,
				"Power": -59.82978490673554
			}, {
				"Time": 6.528542435540893e-7,
				"TimeDiff": 6.092926106686401e-8,
				"PhiDegree": 162.75672755700998,
				"Power": -73.18374561886074
			}]
	}
}