{
	"SensorDataCollection": {
		"SensorId": 0,
		"SensorDatas": [{
				"Time": 4.046477411088456e-7,
				"TimeDiff": 0.0,
				"PhiDegree": 55.894813700587726,
				"Power": -51.84249144116981
			}, {
				"Time": 5.674237254121312e-7,
				"TimeDiff": 1.6277598430328562e-7,
				"PhiDegree": 143.8089413940984,
				"Power": -54.70761999809767
			}, {
				"Time": 6.326356550642364e-7,
				"TimeDiff": 2.2798791395539077e-7,
				"PhiDegree": 335.3873320167369,
				"Power": -67.63819984113607
			}, {
				"Time": 6.815924542159302e-7,
				"TimeDiff": 2.769447131070846e-7,
				"PhiDegree": 163.50504110709923,
				"Power": -74.91700816628867
			}]
	}
}