{
	"SensorDataCollection": {
		"SensorId": 0,
		"SensorDatas": [{
				"Time": 9.348552998081543e-8,
				"TimeDiff": 0.0,
				"PhiDegree": 357.9545915111128,
				"Power": -36.51295292071966
			}, {
				"Time": 1.147456050393737e-7,
				"TimeDiff": 2.1260075058558273e-8,
				"PhiDegree": 324.50841757557487,
				"Power": -39.29388412974721
			}, {
				"Time": 1.9355531238387605e-7,
				"TimeDiff": 1.0006978240306063e-7,
				"PhiDegree": 298.86081632792917,
				"Power": -48.694112001444694
			}, {
				"Time": 4.965473959147857e-7,
				"TimeDiff": 4.0306186593397034e-7,
				"PhiDegree": 229.19683638291679,
				"Power": -51.606555770166096
			}]
	}
}