{
	"SensorDataCollection": {
		"SensorId": 0,
		"SensorDatas": [{
				"Time": 5.806837252777423e-7,
				"TimeDiff": 0.0,
				"PhiDegree": 38.275828632745544,
				"Power": -53.85367717877017
			}, {
				"Time": 3.869263376527006e-7,
				"TimeDiff": -1.9375738762504166e-7,
				"PhiDegree": 59.9893902508291,
				"Power": -53.868266215789845
			}, {
				"Time": 7.136485518057265e-7,
				"TimeDiff": 1.3296482652798425e-7,
				"PhiDegree": 164.26567093502325,
				"Power": -76.77971911012497
			}]
	}
}