{
	"SensorDataCollection": {
		"SensorId": 0,
		"SensorDatas": [{
				"Time": 5.864358335844655e-7,
				"TimeDiff": 0.0,
				"PhiDegree": 145.1565220643541,
				"Power": -55.83648304358644
			}, {
				"Time": 5.223246745116073e-7,
				"TimeDiff": -6.411115907285826e-8,
				"PhiDegree": 61.37306550410923,
				"Power": -60.50525931979365
			}, {
				"Time": 6.592305624499546e-7,
				"TimeDiff": 7.279472886548906e-8,
				"PhiDegree": 162.92865564790958,
				"Power": -73.5736705724291
			}]
	}
}