{
	"SensorDataCollection": {
		"SensorId": 0,
		"SensorDatas": [{
				"Time": 4.2143509884881505e-7,
				"TimeDiff": 0.0,
				"PhiDegree": 131.23022067209618,
				"Power": -49.92149040265633
			}, {
				"Time": 4.364076113782829e-7,
				"TimeDiff": 1.4972512529467842e-8,
				"PhiDegree": 129.52938952452902,
				"Power": -50.880001787967785
			}, {
				"Time": 8.919331651290861e-7,
				"TimeDiff": 4.704980662802711e-7,
				"PhiDegree": 159.1851625308088,
				"Power": -77.44804562947033
			}]
	}
}