{
	"SensorDataCollection": {
		"SensorId": 0,
		"SensorDatas": [{
				"Time": 4.698514051868653e-7,
				"TimeDiff": 0.0,
				"PhiDegree": 134.2421467717391,
				"Power": -50.58349917749479
			}]
	}
}