{
	"SensorDataCollection": {
		"SensorId": 0,
		"SensorDatas": [{
				"Time": 5.408695988010294e-7,
				"TimeDiff": 0.0,
				"PhiDegree": 57.958274159018394,
				"Power": -57.31221691532241
			}, {
				"Time": 6.169151160207886e-7,
				"TimeDiff": 7.604551721975914e-8,
				"PhiDegree": 147.10446003427165,
				"Power": -57.727718741894705
			}, {
				"Time": 5.529704220295832e-7,
				"TimeDiff": 1.2100823228553712e-8,
				"PhiDegree": 159.51428123891367,
				"Power": -59.310919392386836
			}, {
				"Time": 6.242376372501022e-7,
				"TimeDiff": 8.336803844907274e-8,
				"PhiDegree": 161.9396546573387,
				"Power": -71.39477395921635
			}]
	}
}