{
	"SensorDataCollection": {
		"SensorId": 0,
		"SensorDatas": [{
				"Time": 6.23471623539861e-7,
				"TimeDiff": 0.0,
				"PhiDegree": 35.23533478343088,
				"Power": -56.11006338837596
			}]
	}
}