{
	"SensorDataCollection": {
		"SensorId": 0,
		"SensorDatas": [{
				"Time": 3.886059347637353e-7,
				"TimeDiff": 0.0,
				"PhiDegree": 59.563388913953034,
				"Power": -53.61294037276636
			}, {
				"Time": 5.780680306284497e-7,
				"TimeDiff": 1.8946209586471442e-7,
				"PhiDegree": 38.48068947743353,
				"Power": -53.726757868760785
			}, {
				"Time": 7.104375121797329e-7,
				"TimeDiff": 3.218315774159976e-7,
				"PhiDegree": 164.19269837172604,
				"Power": -76.59636497377205
			}]
	}
}