{
	"SensorDataCollection": {
		"SensorId": 0,
		"SensorDatas": [{
				"Time": 5.444394077099526e-7,
				"TimeDiff": 0.0,
				"PhiDegree": 57.36296420101273,
				"Power": -56.856905773918
			}, {
				"Time": 6.225289697390167e-7,
				"TimeDiff": 7.808956202906411e-8,
				"PhiDegree": 147.43803400382998,
				"Power": -58.08348853592847
			}, {
				"Time": 5.592265600174528e-7,
				"TimeDiff": 1.4787152307500205e-8,
				"PhiDegree": 159.75356395223403,
				"Power": -59.57714240318222
			}, {
				"Time": 6.178966065830694e-7,
				"TimeDiff": 7.345719887311687e-8,
				"PhiDegree": 161.74781658359535,
				"Power": -70.98950604280527
			}]
	}
}