{
	"SensorDataCollection": {
		"SensorId": 0,
		"SensorDatas": [{
				"Time": 4.02786314844142e-7,
				"TimeDiff": 0.0,
				"PhiDegree": 56.287817058256856,
				"Power": -51.996794843838785
			}, {
				"Time": 5.64734317345169e-7,
				"TimeDiff": 1.6194800250102703e-7,
				"PhiDegree": 143.60905009387602,
				"Power": -54.55227548473573
			}, {
				"Time": 6.296037007801658e-7,
				"TimeDiff": 2.2681738593602377e-7,
				"PhiDegree": 335.26086964583544,
				"Power": -67.39895351071885
			}, {
				"Time": 6.847924307641516e-7,
				"TimeDiff": 2.8200611592000956e-7,
				"PhiDegree": 163.5843069663103,
				"Power": -75.10622980996494
			}]
	}
}