{
	"SensorDataCollection": {
		"SensorId": 0,
		"SensorDatas": [{
				"Time": 3.937714006324725e-7,
				"TimeDiff": 0.0,
				"PhiDegree": 58.30751189236757,
				"Power": -52.92199272131265
			}, {
				"Time": 5.702660991686038e-7,
				"TimeDiff": 1.7649469853613131e-7,
				"PhiDegree": 39.10651032096044,
				"Power": -53.358155296738786
			}, {
				"Time": 5.513933891924588e-7,
				"TimeDiff": 1.5762198855998626e-7,
				"PhiDegree": 142.58048382217103,
				"Power": -53.80133659681309
			}, {
				"Time": 7.008114343351913e-7,
				"TimeDiff": 3.0704003370271875e-7,
				"PhiDegree": 163.96977015359272,
				"Power": -76.04244720593277
			}]
	}
}