{
	"SensorDataCollection": {
		"SensorId": 0,
		"SensorDatas": [{
				"Time": 4.127606248739853e-7,
				"TimeDiff": 0.0,
				"PhiDegree": 129.83676392276746,
				"Power": -50.00652973803079
			}, {
				"Time": 4.280366738651617e-7,
				"TimeDiff": 1.527604899117638e-8,
				"PhiDegree": 128.15130642537574,
				"Power": -51.259391011522695
			}, {
				"Time": 4.686256169144136e-7,
				"TimeDiff": 5.5864992040428275e-8,
				"PhiDegree": 235.65073648123146,
				"Power": -54.23055403157045
			}, {
				"Time": 9.044210856708474e-7,
				"TimeDiff": 4.91660460796862e-7,
				"PhiDegree": 159.48561698190366,
				"Power": -78.19034087700123
			}]
	}
}