{
	"SensorDataCollection": {
		"SensorId": 0,
		"SensorDatas": [{
				"Time": 3.941984839469773e-7,
				"TimeDiff": 0.0,
				"PhiDegree": 126.4832745138794,
				"Power": -50.59798199074652
			}, {
				"Time": 4.101664363076082e-7,
				"TimeDiff": 1.596795236063088e-8,
				"PhiDegree": 124.85074006101785,
				"Power": -52.726683617430965
			}, {
				"Time": 4.5236166960535806e-7,
				"TimeDiff": 5.816318565838076e-8,
				"PhiDegree": 238.79257128163275,
				"Power": -56.52480093042561
			}, {
				"Time": 9.326058773968774e-7,
				"TimeDiff": 5.384073934499001e-7,
				"PhiDegree": 160.1321676305456,
				"Power": -79.83990841770644
			}]
	}
}