{
	"SensorDataCollection": {
		"SensorId": 0,
		"SensorDatas": [{
				"Time": 5.910811993291034e-7,
				"TimeDiff": 0.0,
				"PhiDegree": 145.07586438301425,
				"Power": -55.850937436304804
			}, {
				"Time": 5.210141819681327e-7,
				"TimeDiff": -7.006701736097068e-8,
				"PhiDegree": 60.875186372538515,
				"Power": -59.911972363515034
			}, {
				"Time": 6.570336730215015e-7,
				"TimeDiff": 6.595247369239814e-8,
				"PhiDegree": 162.5650885977672,
				"Power": -72.90324318780776
			}]
	}
}