{
	"SensorDataCollection": {
		"SensorId": 0,
		"SensorDatas": [{
				"Time": 4.1236275087483134e-7,
				"TimeDiff": 0.0,
				"PhiDegree": 130.48976119824323,
				"Power": -49.863156972221304
			}, {
				"Time": 4.3272209324145224e-7,
				"TimeDiff": 2.03593423666209e-8,
				"PhiDegree": 128.2258119817878,
				"Power": -51.321104634420436
			}, {
				"Time": 4.677764821935146e-7,
				"TimeDiff": 5.5413731318683255e-8,
				"PhiDegree": 235.08270980348433,
				"Power": -53.82362813689109
			}, {
				"Time": 9.001288632788537e-7,
				"TimeDiff": 4.877661124040223e-7,
				"PhiDegree": 159.6101058458241,
				"Power": -78.4104217178967
			}]
	}
}