{
	"SensorDataCollection": {
		"SensorId": 0,
		"SensorDatas": [{
				"Time": 3.761489615432151e-7,
				"TimeDiff": 0.0,
				"PhiDegree": 123.51499301303467,
				"Power": -51.50256312765086
			}, {
				"Time": 3.983634181752198e-7,
				"TimeDiff": 2.221445663200469e-8,
				"PhiDegree": 121.42383272912228,
				"Power": -55.21688241723379
			}, {
				"Time": 4.36187849732567e-7,
				"TimeDiff": 6.003888818935188e-8,
				"PhiDegree": 241.56548555541113,
				"Power": -59.16623522791346
			}, {
				"Time": 9.566541671719872e-7,
				"TimeDiff": 5.805052056287722e-7,
				"PhiDegree": 160.863451618167,
				"Power": -81.70382826496444
			}]
	}
}