{
	"SensorDataCollection": {
		"SensorId": 0,
		"SensorDatas": [{
				"Time": 4.059345749620653e-7,
				"TimeDiff": 0.0,
				"PhiDegree": 129.41519133215675,
				"Power": -49.95873643266765
			}, {
				"Time": 4.266008096802425e-7,
				"TimeDiff": 2.0666234718177196e-8,
				"PhiDegree": 127.16961284549281,
				"Power": -51.69807893264884
			}, {
				"Time": 4.621197660065126e-7,
				"TimeDiff": 5.618519104444726e-8,
				"PhiDegree": 236.10042104522518,
				"Power": -54.43552374347436
			}, {
				"Time": 9.095182873540258e-7,
				"TimeDiff": 5.035837123919604e-7,
				"PhiDegree": 159.82980561951408,
				"Power": -78.96752292759527
			}]
	}
}