{
	"SensorDataCollection": {
		"SensorId": 0,
		"SensorDatas": [{
				"Time": 4.0556608204005844e-7,
				"TimeDiff": 0.0,
				"PhiDegree": 56.549443565130325,
				"Power": -52.19016182515584
			}, {
				"Time": 5.667202843227981e-7,
				"TimeDiff": 1.6115420228273968e-7,
				"PhiDegree": 143.3374973380851,
				"Power": -54.43224429482335
			}, {
				"Time": 6.857428490302617e-7,
				"TimeDiff": 2.8017676699020325e-7,
				"PhiDegree": 163.31688428932387,
				"Power": -74.62072570838538
			}]
	}
}