{
	"SensorDataCollection": {
		"SensorId": 0,
		"SensorDatas": [{
				"Time": 6.172791851257443e-7,
				"TimeDiff": 0.0,
				"PhiDegree": 36.02436773353749,
				"Power": -55.536368854110435
			}]
	}
}