{
	"SensorDataCollection": {
		"SensorId": 0,
		"SensorDatas": [{
				"Time": 4.233855185765428e-7,
				"TimeDiff": 0.0,
				"PhiDegree": 132.20704873065867,
				"Power": -49.825293705125574
			}, {
				"Time": 4.432388396908985e-7,
				"TimeDiff": 1.985332111435568e-8,
				"PhiDegree": 129.92021661811555,
				"Power": -50.882486052612535
			}, {
				"Time": 8.845100659312537e-7,
				"TimeDiff": 4.611245473547109e-7,
				"PhiDegree": 159.23358495563457,
				"Power": -77.47473672680484
			}]
	}
}