{
	"SensorDataCollection": {
		"SensorId": 0,
		"SensorDatas": [{
				"Time": 5.965649293168481e-7,
				"TimeDiff": 0.0,
				"PhiDegree": 145.44278857084586,
				"Power": -56.18095919057723
			}, {
				"Time": 5.242945703260772e-7,
				"TimeDiff": -7.227035899077092e-8,
				"PhiDegree": 60.23811325765549,
				"Power": -59.266943559437124
			}, {
				"Time": 6.50670046223517e-7,
				"TimeDiff": 5.41051169066689e-8,
				"PhiDegree": 162.3890223887513,
				"Power": -72.51426946444022
			}]
	}
}