{
	"SensorDataCollection": {
		"SensorId": 0,
		"SensorDatas": [{
				"Time": 5.827564878303519e-7,
				"TimeDiff": 0.0,
				"PhiDegree": 38.533364127532195,
				"Power": -53.77482422664484
			}, {
				"Time": 3.898192173879205e-7,
				"TimeDiff": -1.9293727044243138e-7,
				"PhiDegree": 60.23468008342047,
				"Power": -54.10627797380316
			}, {
				"Time": 7.145605903341406e-7,
				"TimeDiff": 1.3180410250378873e-7,
				"PhiDegree": 164.00815232287314,
				"Power": -76.28563558587186
			}]
	}
}