{
	"SensorDataCollection": {
		"SensorId": 0,
		"SensorDatas": [{
				"Time": 4.1893149161048514e-7,
				"TimeDiff": 0.0,
				"PhiDegree": 131.53098991538388,
				"Power": -49.82340498600456
			}, {
				"Time": 4.389862940151912e-7,
				"TimeDiff": 2.005480240470607e-8,
				"PhiDegree": 129.25220846165197,
				"Power": -51.031188674468
			}, {
				"Time": 8.907529529440051e-7,
				"TimeDiff": 4.7182146133351997e-7,
				"PhiDegree": 159.38577767257786,
				"Power": -77.8500823232976
			}]
	}
}