{
	"SensorDataCollection": {
		"SensorId": 0,
		"SensorDatas": [{
				"Time": 5.853702514059745e-7,
				"TimeDiff": 0.0,
				"PhiDegree": 38.32990846850744,
				"Power": -53.900071015332216
			}, {
				"Time": 3.8817355246797875e-7,
				"TimeDiff": -1.971966989379958e-7,
				"PhiDegree": 60.662206627869764,
				"Power": -54.37982320448522
			}, {
				"Time": 7.177686956087614e-7,
				"TimeDiff": 1.3239844420278685e-7,
				"PhiDegree": 164.08153107491802,
				"Power": -76.46746036137571
			}]
	}
}