{
	"SensorDataCollection": {
		"SensorId": 0,
		"SensorDatas": [{
				"Time": 6.065357178195839e-7,
				"TimeDiff": 0.0,
				"PhiDegree": 36.765884077416985,
				"Power": -54.96603472844359
			}]
	}
}