{
	"SensorDataCollection": {
		"SensorId": 0,
		"SensorDatas": [{
				"Time": 5.856221639671994e-7,
				"TimeDiff": 0.0,
				"PhiDegree": 144.702083860204,
				"Power": -55.5258403491802
			}, {
				"Time": 5.177990194759137e-7,
				"TimeDiff": -6.782314449128568e-8,
				"PhiDegree": 61.52025161259953,
				"Power": -60.6028529089383
			}, {
				"Time": 6.522478024564582e-7,
				"TimeDiff": 6.662563848925879e-8,
				"PhiDegree": 335.85329597722404,
				"Power": -68.64654588892807
			}, {
				"Time": 6.634033850799345e-7,
				"TimeDiff": 7.778122111273509e-8,
				"PhiDegree": 162.7377753884595,
				"Power": -73.28953821193713
			}]
	}
}