{
	"SensorDataCollection": {
		"SensorId": 0,
		"SensorDatas": [{
				"Time": 4.3941739484433607e-7,
				"TimeDiff": 0.0,
				"PhiDegree": 134.46347151600332,
				"Power": -49.98883715599197
			}, {
				"Time": 4.5857716751053917e-7,
				"TimeDiff": 1.91597726662031e-8,
				"PhiDegree": 132.15888110874658,
				"Power": -50.61103678054265
			}, {
				"Time": 8.627107072233594e-7,
				"TimeDiff": 4.2329331237902334e-7,
				"PhiDegree": 158.68358816395343,
				"Power": -76.14992811527635
			}]
	}
}