{
	"SensorDataCollection": {
		"SensorId": 0,
		"SensorDatas": [{
				"Time": 3.798743963992623e-7,
				"TimeDiff": 0.0,
				"PhiDegree": 124.35419991713637,
				"Power": -51.174224310544545
			}, {
				"Time": 4.0188297887557986e-7,
				"TimeDiff": 2.2008582476317557e-8,
				"PhiDegree": 122.2357208134393,
				"Power": -54.56196381716491
			}, {
				"Time": 4.3940454711346034e-7,
				"TimeDiff": 5.953015071419803e-8,
				"PhiDegree": 240.80027984236895,
				"Power": -58.347732003551414
			}, {
				"Time": 9.503521674700895e-7,
				"TimeDiff": 5.704777710708272e-7,
				"PhiDegree": 160.7315608929782,
				"Power": -81.34375567936533
			}]
	}
}