{
	"SensorDataCollection": {
		"SensorId": 0,
		"SensorDatas": [{
				"Time": 2.6295286196255565e-7,
				"TimeDiff": 0.0,
				"PhiDegree": 131.52570625748896,
				"Power": -45.64992790516557
			}, {
				"Time": 3.1871837261223135e-7,
				"TimeDiff": 5.5765510649675694e-8,
				"PhiDegree": 236.84129945072752,
				"Power": -50.24983712688248
			}, {
				"Time": 4.2132320456233913e-7,
				"TimeDiff": 1.5837034259978348e-7,
				"PhiDegree": 245.55882411441956,
				"Power": -64.3781149580553
			}, {
				"Time": 9.8823729115348e-7,
				"TimeDiff": 7.252844291909244e-7,
				"PhiDegree": 161.4976367799256,
				"Power": -83.48210730464186
			}]
	}
}