{
	"SensorDataCollection": {
		"SensorId": 0,
		"SensorDatas": [{
				"Time": 5.938200201812847e-7,
				"TimeDiff": 0.0,
				"PhiDegree": 145.2601735811306,
				"Power": -56.01535476788945
			}, {
				"Time": 5.226462991021671e-7,
				"TimeDiff": -7.117372107911756e-8,
				"PhiDegree": 60.555650173242,
				"Power": -59.58387366339116
			}, {
				"Time": 6.538510878562849e-7,
				"TimeDiff": 6.003106767500023e-8,
				"PhiDegree": 162.47748388560495,
				"Power": -72.70909217629335
			}]
	}
}