{
	"SensorDataCollection": {
		"SensorId": 0,
		"SensorDatas": [{
				"Time": 5.883485517849993e-7,
				"TimeDiff": 0.0,
				"PhiDegree": 144.88984115759789,
				"Power": -55.687750964656985
			}, {
				"Time": 5.193983712080715e-7,
				"TimeDiff": -6.895018057692781e-8,
				"PhiDegree": 61.19672073250203,
				"Power": -60.25153152738932
			}, {
				"Time": 6.552939129248544e-7,
				"TimeDiff": 6.694536113985505e-8,
				"PhiDegree": 335.9726394559458,
				"Power": -68.88130832178919
			}, {
				"Time": 6.60217779397335e-7,
				"TimeDiff": 7.186922761233565e-8,
				"PhiDegree": 162.65184850897788,
				"Power": -73.09672450967898
			}]
	}
}