{
	"SensorDataCollection": {
		"SensorId": 0,
		"SensorDatas": [{
				"Time": 1.1349487360893336e-7,
				"TimeDiff": 0.0,
				"PhiDegree": 358.31531568210374,
				"Power": -38.210849797454244
			}, {
				"Time": 1.315602367570299e-7,
				"TimeDiff": 1.806536314809654e-8,
				"PhiDegree": 329.5770404706339,
				"Power": -41.859819041678165
			}, {
				"Time": 2.0397353007616855e-7,
				"TimeDiff": 9.047865646723519e-8,
				"PhiDegree": 303.7919672496281,
				"Power": -46.04670368951045
			}, {
				"Time": 2.589683830181283e-7,
				"TimeDiff": 1.4547350940919496e-7,
				"PhiDegree": 295.98069014581387,
				"Power": -57.83526610228614
			}]
	}
}