{
	"SensorDataCollection": {
		"SensorId": 0,
		"SensorDatas": [{
				"Time": 5.801885202920672e-7,
				"TimeDiff": 0.0,
				"PhiDegree": 144.32128573790754,
				"Power": -55.206033021856385
			}, {
				"Time": 5.146503053028258e-7,
				"TimeDiff": -6.553821498924138e-8,
				"PhiDegree": 62.17329371048588,
				"Power": -61.342041767476346
			}, {
				"Time": 6.461641911000155e-7,
				"TimeDiff": 6.597567080794833e-8,
				"PhiDegree": 335.61123604162077,
				"Power": -68.17604632507414
			}, {
				"Time": 6.69779008783259e-7,
				"TimeDiff": 8.959048849119183e-8,
				"PhiDegree": 162.90717608392407,
				"Power": -73.67317131542913
			}]
	}
}