{
	"SensorDataCollection": {
		"SensorId": 0,
		"SensorDatas": [{
				"Time": 4.301742077559118e-7,
				"TimeDiff": 0.0,
				"PhiDegree": 133.19465947981917,
				"Power": -49.867119605710315
			}, {
				"Time": 4.4972794074710575e-7,
				"TimeDiff": 1.9553732991193956e-8,
				"PhiDegree": 130.89832137296196,
				"Power": -50.72108874742612
			}, {
				"Time": 8.751576456437233e-7,
				"TimeDiff": 4.4498343788781153e-7,
				"PhiDegree": 159.00122740574164,
				"Power": -76.90906223315565
			}]
	}
}