{
	"SensorDataCollection": {
		"SensorId": 0,
		"SensorDatas": [{
				"Time": 4.0806126890598555e-7,
				"TimeDiff": 0.0,
				"PhiDegree": 129.77713825071882,
				"Power": -49.92032561289814
			}, {
				"Time": 4.286249769336466e-7,
				"TimeDiff": 2.056370802766105e-8,
				"PhiDegree": 127.5250266858634,
				"Power": -51.562246215758876
			}, {
				"Time": 4.6398900651356434e-7,
				"TimeDiff": 5.592773760757879e-8,
				"PhiDegree": 235.75843077407407,
				"Power": -54.22100216441487
			}, {
				"Time": 9.063870037141323e-7,
				"TimeDiff": 4.983257348081467e-7,
				"PhiDegree": 159.7570781586415,
				"Power": -78.78218377540588
			}]
	}
}