{
	"SensorDataCollection": {
		"SensorId": 0,
		"SensorDatas": [{
				"Time": 5.90619627629646e-7,
				"TimeDiff": 0.0,
				"PhiDegree": 37.928412070803645,
				"Power": -54.15622348092626
			}, {
				"Time": 3.849478861895523e-7,
				"TimeDiff": -2.0567174144009373e-7,
				"PhiDegree": 61.52810493020105,
				"Power": -54.96849334340291
			}, {
				"Time": 7.241883910524885e-7,
				"TimeDiff": 1.335687634228425e-7,
				"PhiDegree": 164.2263376101054,
				"Power": -76.82924276767324
			}]
	}
}