{
	"SensorDataCollection": {
		"SensorId": 0,
		"SensorDatas": [{
				"Time": 4.676399021837861e-7,
				"TimeDiff": 0.0,
				"PhiDegree": 133.3711504092898,
				"Power": -50.60857827870589
			}]
	}
}