{
	"SensorDataCollection": {
		"SensorId": 0,
		"SensorDatas": [{
				"Time": 3.780015422950006e-7,
				"TimeDiff": 0.0,
				"PhiDegree": 123.93666417007901,
				"Power": -51.33290315868729
			}, {
				"Time": 4.001131560541406e-7,
				"TimeDiff": 2.2111613759139997e-8,
				"PhiDegree": 121.83156218213594,
				"Power": -54.881166067658256
			}, {
				"Time": 4.3778643761733926e-7,
				"TimeDiff": 5.978489532233864e-8,
				"PhiDegree": 241.1814770952049,
				"Power": -58.7487129800607
			}, {
				"Time": 9.535025357668643e-7,
				"TimeDiff": 5.755009934718637e-7,
				"PhiDegree": 160.79772418239924,
				"Power": -81.52397595609743
			}]
	}
}