{
	"SensorDataCollection": {
		"SensorId": 0,
		"SensorDatas": [{
				"Time": 4.0192622214608397e-7,
				"TimeDiff": 0.0,
				"PhiDegree": 57.34319433778581,
				"Power": -52.53834395441521
			}, {
				"Time": 5.613813407846861e-7,
				"TimeDiff": 1.5945511863860217e-7,
				"PhiDegree": 142.9308151482622,
				"Power": -54.13413769444816
			}, {
				"Time": 6.921378859999901e-7,
				"TimeDiff": 2.902116638539061e-7,
				"PhiDegree": 163.47547232389294,
				"Power": -74.99518569082419
			}]
	}
}