{
	"SensorDataCollection": {
		"SensorId": 0,
		"SensorDatas": [{
				"Time": 5.775513041520617e-7,
				"TimeDiff": 0.0,
				"PhiDegree": 38.9457869464083,
				"Power": -53.53028169073623
			}, {
				"Time": 3.93174836591058e-7,
				"TimeDiff": -1.8437646756100375e-7,
				"PhiDegree": 59.39048077678083,
				"Power": -53.59844435038603
			}, {
				"Time": 7.081479436170487e-7,
				"TimeDiff": 1.3059663946498694e-7,
				"PhiDegree": 163.85940087514328,
				"Power": -75.9201053851179
			}]
	}
}