{
	"SensorDataCollection": {
		"SensorId": 0,
		"SensorDatas": [{
				"Time": 4.324649106625283e-7,
				"TimeDiff": 0.0,
				"PhiDegree": 133.51693733245398,
				"Power": -49.89079279574406
			}, {
				"Time": 4.51919539989758e-7,
				"TimeDiff": 1.9454629327229727e-8,
				"PhiDegree": 131.2180797752815,
				"Power": -50.68276211025696
			}, {
				"Time": 8.720434164097214e-7,
				"TimeDiff": 4.395785057471931e-7,
				"PhiDegree": 158.92266782603994,
				"Power": -76.71980095266855
			}]
	}
}