{
	"SensorDataCollection": {
		"SensorId": 0,
		"SensorDatas": [{
				"Time": 3.9836490133507233e-7,
				"TimeDiff": 0.0,
				"PhiDegree": 58.15129456342965,
				"Power": -52.928437138640604
			}, {
				"Time": 5.698009159512672e-7,
				"TimeDiff": 1.7143601461619487e-7,
				"PhiDegree": 39.578494465742025,
				"Power": -53.17926932637525
			}, {
				"Time": 5.560712223441252e-7,
				"TimeDiff": 1.5770632100905287e-7,
				"PhiDegree": 142.51634464193484,
				"Power": -53.84323944744618
			}, {
				"Time": 6.985381284487691e-7,
				"TimeDiff": 3.0017322711369673e-7,
				"PhiDegree": 163.6311554586827,
				"Power": -75.36706851917099
			}]
	}
}