{
	"SensorDataCollection": {
		"SensorId": 0,
		"SensorDatas": [{
				"Time": 6.254025908687625e-7,
				"TimeDiff": 0.0,
				"PhiDegree": 35.48501487299496,
				"Power": -55.97804634844661
			}]
	}
}