{
	"SensorDataCollection": {
		"SensorId": 0,
		"SensorDatas": [{
				"Time": 5.958974939294915e-7,
				"TimeDiff": 0.0,
				"PhiDegree": 37.53400870060012,
				"Power": -54.41954903345979
			}, {
				"Time": 3.81811614212791e-7,
				"TimeDiff": -2.1408587971670048e-7,
				"PhiDegree": 62.40843239420843,
				"Power": -55.61595134702321
			}]
	}
}