{
	"SensorDataCollection": {
		"SensorId": 0,
		"SensorDatas": [{
				"Time": 4.211511757364388e-7,
				"TimeDiff": 0.0,
				"PhiDegree": 131.87080678492308,
				"Power": -49.82163404838079
			}, {
				"Time": 4.4110507194362506e-7,
				"TimeDiff": 1.9953896207186285e-8,
				"PhiDegree": 129.5878225412694,
				"Power": -50.95255892722952
			}, {
				"Time": 8.876307265854509e-7,
				"TimeDiff": 4.6647955084901213e-7,
				"PhiDegree": 159.3099489145926,
				"Power": -77.66258740468172
			}]
	}
}