{
	"SensorDataCollection": {
		"SensorId": 0,
		"SensorDatas": [{
				"Time": 5.829021237109106e-7,
				"TimeDiff": 0.0,
				"PhiDegree": 144.51257221969485,
				"Power": -55.36525184885831
			}, {
				"Time": 5.162162797527625e-7,
				"TimeDiff": -6.668584395814803e-8,
				"PhiDegree": 61.845776842609894,
				"Power": -60.96624864188681
			}, {
				"Time": 6.492045483952926e-7,
				"TimeDiff": 6.630242468438209e-8,
				"PhiDegree": 335.73283308704134,
				"Power": -68.4114554142865
			}, {
				"Time": 6.665904685739423e-7,
				"TimeDiff": 8.368834486303171e-8,
				"PhiDegree": 162.8228807954999,
				"Power": -73.48168642076212
			}]
	}
}