{
	"SensorDataCollection": {
		"SensorId": 0,
		"SensorDatas": [{
				"Time": 3.8756262053811345e-7,
				"TimeDiff": 0.0,
				"PhiDegree": 125.98334597084339,
				"Power": -50.64207873709117
			}, {
				"Time": 4.091578625769956e-7,
				"TimeDiff": 2.1595242038882128e-8,
				"PhiDegree": 123.81680610398551,
				"Power": -53.43995755200879
			}, {
				"Time": 4.4606791391295e-7,
				"TimeDiff": 5.850529337483652e-8,
				"PhiDegree": 239.30364015735006,
				"Power": -56.89946885216081
			}, {
				"Time": 9.377635798907794e-7,
				"TimeDiff": 5.50200959352666e-7,
				"PhiDegree": 160.46246499930126,
				"Power": -80.61919819228831
			}]
	}
}