{
	"SensorDataCollection": {
		"SensorId": 0,
		"SensorDatas": [{
				"Time": 4.7224750504408734e-7,
				"TimeDiff": 0.0,
				"PhiDegree": 133.95970547369214,
				"Power": -50.64381655112712
			}]
	}
}