{
	"SensorDataCollection": {
		"SensorId": 0,
		"SensorDatas": [{
				"Time": 1.0015484462863702e-7,
				"TimeDiff": 0.0,
				"PhiDegree": 358.0908475670036,
				"Power": -37.11732462298336
			}, {
				"Time": 1.202414340510143e-7,
				"TimeDiff": 2.0086589422377272e-8,
				"PhiDegree": 326.3549111421683,
				"Power": -40.127132319611775
			}, {
				"Time": 1.9686316958439e-7,
				"TimeDiff": 9.670832495575299e-8,
				"PhiDegree": 300.5620497830885,
				"Power": -47.621707079698425
			}, {
				"Time": 5.009336053865309e-7,
				"TimeDiff": 4.007787607578938e-7,
				"PhiDegree": 228.61905741319552,
				"Power": -51.53865650867152
			}]
	}
}