{
	"SensorDataCollection": {
		"SensorId": 0,
		"SensorDatas": [{
				"Time": 3.9488424456106037e-7,
				"TimeDiff": 0.0,
				"PhiDegree": 58.973806635764,
				"Power": -53.36328514297621
			}, {
				"Time": 5.749600863276115e-7,
				"TimeDiff": 1.8007584176655117e-7,
				"PhiDegree": 39.1547932206663,
				"Power": -53.41110748980287
			}, {
				"Time": 7.049434345936286e-7,
				"TimeDiff": 3.100591900325682e-7,
				"PhiDegree": 163.78401054710253,
				"Power": -75.73639461340373
			}]
	}
}