{
	"SensorDataCollection": {
		"SensorId": 0,
		"SensorDatas": [{
				"Time": 4.7456972038440725e-7,
				"TimeDiff": 0.0,
				"PhiDegree": 134.24968200986885,
				"Power": -50.66992805871921
			}]
	}
}