{
	"SensorDataCollection": {
		"SensorId": 0,
		"SensorDatas": [{
				"Time": 4.001356122050251e-7,
				"TimeDiff": 0.0,
				"PhiDegree": 57.74544638502051,
				"Power": -52.72797913140913
			}, {
				"Time": 5.672331750046397e-7,
				"TimeDiff": 1.6709756279961462e-7,
				"PhiDegree": 39.79322948578498,
				"Power": -53.06673689370635
			}, {
				"Time": 5.587226269561475e-7,
				"TimeDiff": 1.5858701475112236e-7,
				"PhiDegree": 142.72456467832274,
				"Power": -53.98775719320953
			}, {
				"Time": 6.953373655206152e-7,
				"TimeDiff": 2.952017533155901e-7,
				"PhiDegree": 163.55367213807233,
				"Power": -75.18144798375502
			}]
	}
}