{
	"SensorDataCollection": {
		"SensorId": 0,
		"SensorDatas": [{
				"Time": 4.074148081011422e-7,
				"TimeDiff": 0.0,
				"PhiDegree": 56.15792425715354,
				"Power": -52.03095691032786
			}, {
				"Time": 5.694003122902031e-7,
				"TimeDiff": 1.619855041890609e-7,
				"PhiDegree": 143.5379734678783,
				"Power": -54.583853217135186
			}, {
				"Time": 6.825473283284902e-7,
				"TimeDiff": 2.7513252022734797e-7,
				"PhiDegree": 163.23647617818526,
				"Power": -74.43252303558361
			}]
	}
}