{
	"SensorDataCollection": {
		"SensorId": 0,
		"SensorDatas": [{
				"Time": 1.0682465496858716e-7,
				"TimeDiff": 0.0,
				"PhiDegree": 358.2100893917539,
				"Power": -37.68157883886095
			}, {
				"Time": 1.2585116792948605e-7,
				"TimeDiff": 1.902651296089889e-8,
				"PhiDegree": 328.038414248545,
				"Power": -40.98626430502222
			}, {
				"Time": 2.0033876695583304e-7,
				"TimeDiff": 9.351411198724588e-8,
				"PhiDegree": 302.2056635265967,
				"Power": -46.747467844061646
			}]
	}
}