{
	"SensorDataCollection": {
		"SensorId": 0,
		"SensorDatas": [{
				"Time": 3.8367973393071905e-7,
				"TimeDiff": 0.0,
				"PhiDegree": 125.17693392893113,
				"Power": -50.88833395320317
			}, {
				"Time": 4.0548182437607887e-7,
				"TimeDiff": 2.180209044535982e-8,
				"PhiDegree": 123.03335492742963,
				"Power": -53.97099444634212
			}, {
				"Time": 4.426984721155345e-7,
				"TimeDiff": 5.9018738184815426e-8,
				"PhiDegree": 240.04632841520817,
				"Power": -57.59340596564127
			}, {
				"Time": 9.440552707773227e-7,
				"TimeDiff": 5.603755368466037e-7,
				"PhiDegree": 160.5979100159979,
				"Power": -80.98221180710284
			}]
	}
}