{
	"SensorDataCollection": {
		"SensorId": 0,
		"SensorDatas": [{
				"Time": 5.879913304707522e-7,
				"TimeDiff": 0.0,
				"PhiDegree": 38.12826416744165,
				"Power": -54.027223070538156
			}, {
				"Time": 3.8654968345768334e-7,
				"TimeDiff": -2.014416470130689e-7,
				"PhiDegree": 61.09334936675911,
				"Power": -54.66706657583207
			}, {
				"Time": 7.209779676856117e-7,
				"TimeDiff": 1.329866372148595e-7,
				"PhiDegree": 164.154256687177,
				"Power": -76.64866184930779
			}]
	}
}