{
	"SensorDataCollection": {
		"SensorId": 0,
		"SensorDatas": [{
				"Time": 3.8561162891734245e-7,
				"TimeDiff": 0.0,
				"PhiDegree": 125.58216995912385,
				"Power": -50.76041946263683
			}, {
				"Time": 4.073103239871193e-7,
				"TimeDiff": 2.1698695069776847e-8,
				"PhiDegree": 123.42684819372096,
				"Power": -53.69822365282033
			}, {
				"Time": 4.4437385987540667e-7,
				"TimeDiff": 5.876223095806422e-8,
				"PhiDegree": 239.67357644731445,
				"Power": -57.2391143510271
			}, {
				"Time": 9.409087680793153e-7,
				"TimeDiff": 5.552971391619729e-7,
				"PhiDegree": 160.53041393182792,
				"Power": -80.80088859706129
			}]
	}
}