{
	"SensorDataCollection": {
		"SensorId": 0,
		"SensorDatas": [{
				"Time": 4.0373646639547066e-7,
				"TimeDiff": 0.0,
				"PhiDegree": 56.9445299636278,
				"Power": -52.35918325683909
			}, {
				"Time": 5.640472604707784e-7,
				"TimeDiff": 1.6031079407530775e-7,
				"PhiDegree": 143.13511859546387,
				"Power": -54.28231986348999
			}, {
				"Time": 6.889397077675704e-7,
				"TimeDiff": 2.852032413720997e-7,
				"PhiDegree": 163.39654632720908,
				"Power": -74.80827910170785
			}]
	}
}