{
	"SensorDataCollection": {
		"SensorId": 0,
		"SensorDatas": [{
				"Time": 4.2789726037618996e-7,
				"TimeDiff": 0.0,
				"PhiDegree": 132.86894138945357,
				"Power": -49.848204507061325
			}, {
				"Time": 4.475504855406313e-7,
				"TimeDiff": 1.9653225164441328e-8,
				"PhiDegree": 130.5754414086451,
				"Power": -50.76699510737188
			}, {
				"Time": 8.782735084862433e-7,
				"TimeDiff": 4.503762481100534e-7,
				"PhiDegree": 159.07922971744674,
				"Power": -77.09797286446259
			}]
	}
}