{
	"SensorDataCollection": {
		"SensorId": 0,
		"SensorDatas": [{
				"Time": 3.817672254881936e-7,
				"TimeDiff": 0.0,
				"PhiDegree": 124.76761709491042,
				"Power": -51.02615400212542
			}, {
				"Time": 4.0367262246424287e-7,
				"TimeDiff": 2.190539697604929e-8,
				"PhiDegree": 122.63631563452022,
				"Power": -54.258743776093525
			}, {
				"Time": 4.4104196335636197e-7,
				"TimeDiff": 5.927473786816838e-8,
				"PhiDegree": 240.4218964160622,
				"Power": -57.962790477635565
			}, {
				"Time": 9.472030748848412e-7,
				"TimeDiff": 5.654358493966476e-7,
				"PhiDegree": 160.66495757833792,
				"Power": -81.16316757176475
			}]
	}
}