{
	"SensorDataCollection": {
		"SensorId": 0,
		"SensorDatas": [{
				"Time": 4.256342892806172e-7,
				"TimeDiff": 0.0,
				"PhiDegree": 132.53974907297626,
				"Power": -49.83420745152084
			}, {
				"Time": 4.4538738181679786e-7,
				"TimeDiff": 1.9753092536180638e-8,
				"PhiDegree": 130.24941475759437,
				"Power": -50.82071410612424
			}, {
				"Time": 8.813909876120534e-7,
				"TimeDiff": 4.5575669833143614e-7,
				"PhiDegree": 159.15668038364242,
				"Power": -77.28653146589514
			}]
	}
}