{
	"SensorDataCollection": {
		"SensorId": 0,
		"SensorDatas": [{
				"Time": 4.1020407795100997e-7,
				"TimeDiff": 0.0,
				"PhiDegree": 130.13531788911345,
				"Power": -49.88853775285661
			}, {
				"Time": 4.306654818276526e-7,
				"TimeDiff": 2.0461403876642645e-8,
				"PhiDegree": 127.87708604562914,
				"Power": -51.43669171641278
			}, {
				"Time": 4.6587464467592524e-7,
				"TimeDiff": 5.5670566724915264e-8,
				"PhiDegree": 235.41919692475292,
				"Power": -54.01713521651595
			}, {
				"Time": 9.032571905760339e-7,
				"TimeDiff": 4.930531126250239e-7,
				"PhiDegree": 159.68384657344774,
				"Power": -78.59648310054965
			}]
	}
}