{
	"SensorDataCollection": {
		"SensorId": 0,
		"SensorDatas": [{
				"Time": 3.9661435605844906e-7,
				"TimeDiff": 0.0,
				"PhiDegree": 58.56074603958136,
				"Power": -53.14008018949866
			}, {
				"Time": 5.723765885908564e-7,
				"TimeDiff": 1.7576223253240735e-7,
				"PhiDegree": 39.36568907759405,
				"Power": -53.29408173564984
			}, {
				"Time": 7.017401572228947e-7,
				"TimeDiff": 3.051258011644456e-7,
				"PhiDegree": 163.70793180840727,
				"Power": -75.55204986438102
			}]
	}
}