{
	"SensorDataCollection": {
		"SensorId": 0,
		"SensorDatas": [{
				"Time": 4.092823856138966e-7,
				"TimeDiff": 0.0,
				"PhiDegree": 55.76996001774104,
				"Power": -51.88125760272402
			}, {
				"Time": 5.720872459375345e-7,
				"TimeDiff": 1.628048603236379e-7,
				"PhiDegree": 143.7365688495335,
				"Power": -54.73709044680882
			}, {
				"Time": 6.370609143543577e-7,
				"TimeDiff": 2.2777852874046111e-7,
				"PhiDegree": 335.23948893963757,
				"Power": -67.46800732872117
			}, {
				"Time": 6.793531645436885e-7,
				"TimeDiff": 2.700707789297919e-7,
				"PhiDegree": 163.1553117847046,
				"Power": -74.24366864296442
			}]
	}
}