{
	"SensorDataCollection": {
		"SensorId": 0,
		"SensorDatas": [{
				"Time": 5.8015013861981e-7,
				"TimeDiff": 0.0,
				"PhiDegree": 38.73865046096494,
				"Power": -53.65154112673943
			}, {
				"Time": 3.9148640335163074e-7,
				"TimeDiff": -1.886637352681793e-7,
				"PhiDegree": 59.81077143638038,
				"Power": -53.845966572392626
			}, {
				"Time": 7.113536676480926e-7,
				"TimeDiff": 1.3120352902828254e-7,
				"PhiDegree": 163.93411183668903,
				"Power": -76.10318482148956
			}]
	}
}