{
	"SensorDataCollection": {
		"SensorId": 0,
		"SensorDatas": [{
				"Time": 4.0382425072430564e-7,
				"TimeDiff": 0.0,
				"PhiDegree": 129.04944673082935,
				"Power": -50.00399361544031
			}, {
				"Time": 4.245932137272719e-7,
				"TimeDiff": 2.0768963002966247e-8,
				"PhiDegree": 126.81082409699692,
				"Power": -51.844511170142624
			}, {
				"Time": 4.602671229376787e-7,
				"TimeDiff": 5.6442872213373036e-8,
				"PhiDegree": 236.4451768045244,
				"Power": -54.66100438713059
			}, {
				"Time": 9.126510263599459e-7,
				"TimeDiff": 5.088267756356402e-7,
				"PhiDegree": 159.90203391182075,
				"Power": -79.15249979683492
			}]
	}
}