{
	"SensorDataCollection": {
		"SensorId": 0,
		"SensorDatas": [{
				"Time": 4.167267004365475e-7,
				"TimeDiff": 0.0,
				"PhiDegree": 131.18756509546552,
				"Power": -49.830788966903086
			}, {
				"Time": 4.3688272399688447e-7,
				"TimeDiff": 2.015602356033698e-8,
				"PhiDegree": 128.91335072925253,
				"Power": -51.118639510626195
			}, {
				"Time": 8.938767286003473e-7,
				"TimeDiff": 4.771500281637998e-7,
				"PhiDegree": 159.4610765735553,
				"Power": -78.03722037089835
			}]
	}
}