{
	"SensorDataCollection": {
		"SensorId": 0,
		"SensorDatas": [{
				"Time": 4.3476915167156855e-7,
				"TimeDiff": 0.0,
				"PhiDegree": 133.83580909239993,
				"Power": -49.9190692485943
			}, {
				"Time": 4.5412507849206186e-7,
				"TimeDiff": 1.9355926820493315e-8,
				"PhiDegree": 131.534742034726,
				"Power": -50.65178940732842
			}, {
				"Time": 8.6893083834869e-7,
				"TimeDiff": 4.3416168667712147e-7,
				"PhiDegree": 158.8435452836119,
				"Power": -76.53019047570062
			}]
	}
}