{
	"SensorDataCollection": {
		"SensorId": 0,
		"SensorDatas": [{
				"Time": 9.682011894083704e-8,
				"TimeDiff": 0.0,
				"PhiDegree": 358.025065989118,
				"Power": -36.82051965101127
			}, {
				"Time": 1.1747827455225854e-7,
				"TimeDiff": 2.06581556114215e-8,
				"PhiDegree": 325.45325893463547,
				"Power": -39.70641929993779
			}, {
				"Time": 1.9518773032120573e-7,
				"TimeDiff": 9.83676113803687e-8,
				"PhiDegree": 299.71864051499216,
				"Power": -48.13143256862989
			}, {
				"Time": 4.987341611722415e-7,
				"TimeDiff": 4.019140422314045e-7,
				"PhiDegree": 228.90667655753748,
				"Power": -51.56956278398232
			}]
	}
}