{
	"SensorDataCollection": {
		"SensorId": 0,
		"SensorDatas": [{
				"Time": 1.1015971788662304e-7,
				"TimeDiff": 0.0,
				"PhiDegree": 358.26429541107154,
				"Power": -37.950306630658574
			}, {
				"Time": 1.2869410633326756e-7,
				"TimeDiff": 1.8534388446644527e-8,
				"PhiDegree": 328.8247908045335,
				"Power": -41.421832750126
			}, {
				"Time": 2.0213678062412657e-7,
				"TimeDiff": 9.197706273750353e-8,
				"PhiDegree": 303.0059462701271,
				"Power": -46.37679566776946
			}, {
				"Time": 2.575241746174068e-7,
				"TimeDiff": 1.4736445673078377e-7,
				"PhiDegree": 295.3133372361958,
				"Power": -58.759608644037726
			}]
	}
}