{
	"SensorDataCollection": {
		"SensorId": 0,
		"SensorDatas": [{
				"Time": 5.74780988418676e-7,
				"TimeDiff": 0.0,
				"PhiDegree": 143.9333051202051,
				"Power": -54.89190134283223
			}, {
				"Time": 6.400923318790615e-7,
				"TimeDiff": 6.531134346038548e-8,
				"PhiDegree": 335.3645793153888,
				"Power": -67.70431189478654
			}, {
				"Time": 6.761603769059772e-7,
				"TimeDiff": 1.013793884873011e-7,
				"PhiDegree": 163.0733807189849,
				"Power": -74.0541601274055
			}]
	}
}