{
	"SensorDataCollection": {
		"SensorId": 0,
		"SensorDatas": [{
				"Time": 5.774814444513797e-7,
				"TimeDiff": 0.0,
				"PhiDegree": 144.12820368921268,
				"Power": -55.04823276307039
			}, {
				"Time": 5.131012496279326e-7,
				"TimeDiff": -6.438019482344712e-8,
				"PhiDegree": 62.50279895029473,
				"Power": -61.73056679938213
			}, {
				"Time": 6.431267716536792e-7,
				"TimeDiff": 6.564532720229947e-8,
				"PhiDegree": 335.488489859121,
				"Power": -67.94032842262558
			}, {
				"Time": 6.729689850020479e-7,
				"TimeDiff": 9.548754055066818e-8,
				"PhiDegree": 162.9906724064576,
				"Power": -73.86399512537852
			}]
	}
}