{
	"SensorDataCollection": {
		"SensorId": 0,
		"SensorDatas": [{
				"Time": 4.653548793060261e-7,
				"TimeDiff": 0.0,
				"PhiDegree": 133.07251807134745,
				"Power": -50.59980028784484
			}, {
				"Time": 8.533933476461026e-7,
				"TimeDiff": 3.880384683400765e-7,
				"PhiDegree": 158.4392836206517,
				"Power": -75.5769562867649
			}]
	}
}