{
	"SensorDataCollection": {
		"SensorId": 0,
		"SensorDatas": [{
				"Time": 4.0173055416710063e-7,
				"TimeDiff": 0.0,
				"PhiDegree": 128.6798746408833,
				"Power": -50.05632840273023
			}, {
				"Time": 4.226024252434097e-7,
				"TimeDiff": 2.087187107630905e-8,
				"PhiDegree": 126.448640681833,
				"Power": -52.00187518413304
			}, {
				"Time": 4.5843127853113067e-7,
				"TimeDiff": 5.670072436403004e-8,
				"PhiDegree": 236.79270646449854,
				"Power": -54.897758631328585
			}, {
				"Time": 9.157852057962443e-7,
				"TimeDiff": 5.140546516291437e-7,
				"PhiDegree": 159.97376792986796,
				"Power": -79.33711367592966
			}]
	}
}