{
	"SensorDataCollection": {
		"SensorId": 0,
		"SensorDatas": [{
				"Time": 4.145370398473733e-7,
				"TimeDiff": 0.0,
				"PhiDegree": 130.8404996306297,
				"Power": -49.84397461507683
			}, {
				"Time": 4.3479458261991805e-7,
				"TimeDiff": 2.025754277254474e-8,
				"PhiDegree": 128.5712261423977,
				"Power": -51.215184247667565
			}, {
				"Time": 4.6969432228812824e-7,
				"TimeDiff": 5.515728244075493e-8,
				"PhiDegree": 234.74895911495426,
				"Power": -53.64019542684903
			}, {
				"Time": 8.97002037368365e-7,
				"TimeDiff": 4.824649975209918e-7,
				"PhiDegree": 159.53585089438934,
				"Power": -78.2240004984443
			}]
	}
}