{
	"SensorDataCollection": {
		"SensorId": 0,
		"SensorDatas": [{
				"Time": 4.0550254950787096e-7,
				"TimeDiff": 0.0,
				"PhiDegree": 130.07877687487058,
				"Power": -49.800236954367364
			}, {
				"Time": 4.312760140218874e-7,
				"TimeDiff": 2.5773464514016456e-8,
				"PhiDegree": 127.25502110705294,
				"Power": -51.74944211038611
			}, {
				"Time": 4.612345176197182e-7,
				"TimeDiff": 5.5731968111847235e-8,
				"PhiDegree": 235.52520549732293,
				"Power": -54.00400310661493
			}, {
				"Time": 9.052379350083063e-7,
				"TimeDiff": 4.997353855004353e-7,
				"PhiDegree": 159.95522243247638,
				"Power": -79.19639060817316
			}]
	}
}