{
	"SensorDataCollection": {
		"SensorId": 0,
		"SensorDatas": [{
				"Time": 4.0765880837271075e-7,
				"TimeDiff": 0.0,
				"PhiDegree": 130.43760826827918,
				"Power": -49.773604922685024
			}, {
				"Time": 4.333040348959174e-7,
				"TimeDiff": 2.5645226523206655e-8,
				"PhiDegree": 127.60619918796947,
				"Power": -51.61734579344956
			}, {
				"Time": 4.631313708121804e-7,
				"TimeDiff": 5.5472562439469634e-8,
				"PhiDegree": 235.18491053997775,
				"Power": -53.80559983061292
			}, {
				"Time": 9.021041352324739e-7,
				"TimeDiff": 4.944453268597632e-7,
				"PhiDegree": 159.8825852968766,
				"Power": -79.00969428653757
			}]
	}
}