{
	"SensorDataCollection": {
		"SensorId": 0,
		"SensorDatas": [{
				"Time": 6.300568792800203e-7,
				"TimeDiff": 0.0,
				"PhiDegree": 35.55594896153367,
				"Power": -55.99812027082696
			}]
	}
}