{
	"SensorDataCollection": {
		"SensorId": 0,
		"SensorDatas": [{
				"Time": 5.416325978719387e-7,
				"TimeDiff": 0.0,
				"PhiDegree": 57.172606308245825,
				"Power": -56.653928931086796
			}, {
				"Time": 6.243311217934924e-7,
				"TimeDiff": 8.269852392155375e-8,
				"PhiDegree": 147.17995760548135,
				"Power": -57.893476144287945
			}, {
				"Time": 5.603899777772783e-7,
				"TimeDiff": 1.8757379905339637e-8,
				"PhiDegree": 159.43349357566103,
				"Power": -59.37043635331709
			}, {
				"Time": 6.189497541732587e-7,
				"TimeDiff": 7.731715630131997e-8,
				"PhiDegree": 161.45448469287598,
				"Power": -70.5287059908713
			}]
	}
}