{
	"SensorDataCollection": {
		"SensorId": 0,
		"SensorDatas": [{
				"Time": 3.9704084885680164e-7,
				"TimeDiff": 0.0,
				"PhiDegree": 128.60491385871362,
				"Power": -49.97484771888128
			}, {
				"Time": 4.233297984717748e-7,
				"TimeDiff": 2.6288949614973136e-8,
				"PhiDegree": 125.81706987148961,
				"Power": -52.384262847502114
			}, {
				"Time": 4.5381317548903356e-7,
				"TimeDiff": 5.677232663223192e-8,
				"PhiDegree": 236.91446253860354,
				"Power": -54.907079111978106
			}, {
				"Time": 9.177874346633002e-7,
				"TimeDiff": 5.207465858064987e-7,
				"PhiDegree": 160.24080714062924,
				"Power": -79.93945636611545
			}]
	}
}