{
	"SensorDataCollection": {
		"SensorId": 0,
		"SensorDatas": [{
				"Time": 4.32368516108002e-7,
				"TimeDiff": 0.0,
				"PhiDegree": 134.14204704307352,
				"Power": -49.85786283738862
			}, {
				"Time": 4.566280941145206e-7,
				"TimeDiff": 2.425957800651859e-8,
				"PhiDegree": 131.25713318188318,
				"Power": -50.76340733144258
			}, {
				"Time": 8.677321708393539e-7,
				"TimeDiff": 4.3536365473135193e-7,
				"PhiDegree": 159.04901228469544,
				"Power": -76.93176478293036
			}]
	}
}