{
	"SensorDataCollection": {
		"SensorId": 0,
		"SensorDatas": [{
				"Time": 6.131576465159204e-7,
				"TimeDiff": 0.0,
				"PhiDegree": 146.5039817633586,
				"Power": -57.19720980295007
			}, {
				"Time": 5.345149623504744e-7,
				"TimeDiff": -7.864268416544599e-8,
				"PhiDegree": 58.374877497553015,
				"Power": -57.584694019305886
			}, {
				"Time": 5.479141146514117e-7,
				"TimeDiff": -6.524353186450868e-8,
				"PhiDegree": 158.94319998055215,
				"Power": -58.84026397881996
			}, {
				"Time": 6.316175158086986e-7,
				"TimeDiff": 1.845986929277823e-8,
				"PhiDegree": 161.8395616018346,
				"Power": -71.33112323046494
			}]
	}
}