{
	"SensorDataCollection": {
		"SensorId": 0,
		"SensorDatas": [{
				"Time": 4.254578521001453e-7,
				"TimeDiff": 0.0,
				"PhiDegree": 133.1746398845217,
				"Power": -49.77290368962966
			}, {
				"Time": 4.5009006490578426e-7,
				"TimeDiff": 2.4632212805638983e-8,
				"PhiDegree": 130.29916263909533,
				"Power": -50.89687830553035
			}, {
				"Time": 8.770876091844848e-7,
				"TimeDiff": 4.5162975708433954e-7,
				"PhiDegree": 159.2828269770259,
				"Power": -77.50285017515037
			}]
	}
}