{
	"SensorDataCollection": {
		"SensorId": 0,
		"SensorDatas": [{
				"Time": 5.398310522930707e-7,
				"TimeDiff": 0.0,
				"PhiDegree": 57.47019370491719,
				"Power": -56.87334703633863
			}, {
				"Time": 6.2152971575602e-7,
				"TimeDiff": 8.169866346294926e-8,
				"PhiDegree": 147.0132436433718,
				"Power": -57.718161341406216
			}, {
				"Time": 5.572672295416776e-7,
				"TimeDiff": 1.74361772486069e-8,
				"PhiDegree": 159.3129788179441,
				"Power": -59.23857794821873
			}, {
				"Time": 6.221140335019166e-7,
				"TimeDiff": 8.228298120884585e-8,
				"PhiDegree": 161.55222385099242,
				"Power": -70.73034067433846
			}]
	}
}