{
	"SensorDataCollection": {
		"SensorId": 0,
		"SensorDatas": [{
				"Time": 6.354977638014127e-7,
				"TimeDiff": 0.0,
				"PhiDegree": 35.20608530097668,
				"Power": -56.29491324560374
			}]
	}
}