{
	"SensorDataCollection": {
		"SensorId": 0,
		"SensorDatas": [{
				"Time": 4.2774778490910576e-7,
				"TimeDiff": 0.0,
				"PhiDegree": 133.50057866943828,
				"Power": -49.796564318308214
			}, {
				"Time": 4.522552930678318e-7,
				"TimeDiff": 2.4507508158726045e-8,
				"PhiDegree": 130.6215603331638,
				"Power": -50.84483449459074
			}, {
				"Time": 8.739675183923513e-7,
				"TimeDiff": 4.4621973348324555e-7,
				"PhiDegree": 159.2054449901536,
				"Power": -77.312849734038
			}]
	}
}