{
	"SensorDataCollection": {
		"SensorId": 0,
		"SensorDatas": [{
				"Time": 5.434486576394415e-7,
				"TimeDiff": 0.0,
				"PhiDegree": 56.87699989602673,
				"Power": -56.44300755729853
			}, {
				"Time": 6.271377664174173e-7,
				"TimeDiff": 8.368910877797575e-8,
				"PhiDegree": 147.34518075807696,
				"Power": -58.06956846519634
			}, {
				"Time": 5.635151778083043e-7,
				"TimeDiff": 2.006652016886271e-8,
				"PhiDegree": 159.55267212968147,
				"Power": -59.50183767460159
			}, {
				"Time": 6.157872944915278e-7,
				"TimeDiff": 7.233863685208624e-8,
				"PhiDegree": 161.35574133938377,
				"Power": -70.32638246424544
			}]
	}
}