{
	"SensorDataCollection": {
		"SensorId": 0,
		"SensorDatas": [{
				"Time": 4.3469888010811254e-7,
				"TimeDiff": 0.0,
				"PhiDegree": 134.4576475010739,
				"Power": -49.895195698537435
			}, {
				"Time": 4.588352634448131e-7,
				"TimeDiff": 2.4136383336700584e-8,
				"PhiDegree": 131.57035749638322,
				"Power": -50.73358035382242
			}, {
				"Time": 8.646169489400154e-7,
				"TimeDiff": 4.2991806883190283e-7,
				"PhiDegree": 158.9699501190257,
				"Power": -76.74068296277315
			}]
	}
}