{
	"SensorDataCollection": {
		"SensorId": 0,
		"SensorDatas": [{
				"Time": 4.0123851254492887e-7,
				"TimeDiff": 0.0,
				"PhiDegree": 129.349615710018,
				"Power": -49.87346550312034
			}, {
				"Time": 4.2726926704654396e-7,
				"TimeDiff": 2.6030754501615093e-8,
				"PhiDegree": 126.54273095175687,
				"Power": -52.04490889046775
			}, {
				"Time": 4.574902256177478e-7,
				"TimeDiff": 5.625171307281896e-8,
				"PhiDegree": 236.21420007286088,
				"Power": -54.43302175722968
			}, {
				"Time": 9.115098542484786e-7,
				"TimeDiff": 5.102713417035497e-7,
				"PhiDegree": 160.0989977549403,
				"Power": -79.56866859258392
			}]
	}
}