{
	"SensorDataCollection": {
		"SensorId": 0,
		"SensorDatas": [{
				"Time": 4.1201853827424195e-7,
				"TimeDiff": 0.0,
				"PhiDegree": 131.14393463819073,
				"Power": -49.73922212228371
			}, {
				"Time": 4.37408228654728e-7,
				"TimeDiff": 2.5389690380486066e-8,
				"PhiDegree": 128.2987212415614,
				"Power": -51.38287892014975
			}, {
				"Time": 4.66973487971377e-7,
				"TimeDiff": 5.495494969713507e-8,
				"PhiDegree": 234.51267340944892,
				"Power": -53.43952508414202
			}, {
				"Time": 8.958409309242451e-7,
				"TimeDiff": 4.838223926500032e-7,
				"PhiDegree": 159.73578703684737,
				"Power": -78.63519044046345
			}]
	}
}