{
	"SensorDataCollection": {
		"SensorId": 0,
		"SensorDatas": [{
				"Time": 3.790310448145026e-7,
				"TimeDiff": 0.0,
				"PhiDegree": 125.05524038912166,
				"Power": -50.83549299861423
			}, {
				"Time": 4.0648642725975164e-7,
				"TimeDiff": 2.745538244524905e-8,
				"PhiDegree": 122.38267330695292,
				"Power": -54.534058420939346
			}, {
				"Time": 4.3814323630484617e-7,
				"TimeDiff": 5.911219149034357e-8,
				"PhiDegree": 240.20651875589442,
				"Power": -57.673535334302215
			}, {
				"Time": 9.461035797139328e-7,
				"TimeDiff": 5.670725348994302e-7,
				"PhiDegree": 160.85562724895382,
				"Power": -81.58946715408618
			}]
	}
}