{
	"SensorDataCollection": {
		"SensorId": 0,
		"SensorDatas": [{
				"Time": 6.103779180381279e-7,
				"TimeDiff": 0.0,
				"PhiDegree": 146.33112835855624,
				"Power": -57.02533744152407
			}, {
				"Time": 5.327729388197629e-7,
				"TimeDiff": -7.760497921836495e-8,
				"PhiDegree": 58.68042256179368,
				"Power": -57.84024283441872
			}, {
				"Time": 5.448015972644146e-7,
				"TimeDiff": -6.557632077371327e-8,
				"PhiDegree": 158.8171208323038,
				"Power": -58.7065816767237
			}, {
				"Time": 6.347888028195021e-7,
				"TimeDiff": 2.4410884781374257e-8,
				"PhiDegree": 161.9334280852121,
				"Power": -71.530014609581
			}]
	}
}