{
	"SensorDataCollection": {
		"SensorId": 0,
		"SensorDatas": [{
				"Time": 3.752379038071971e-7,
				"TimeDiff": 0.0,
				"PhiDegree": 124.2210947842287,
				"Power": -51.130900180157
			}, {
				"Time": 4.0295181730182486e-7,
				"TimeDiff": 2.7713913494627783e-8,
				"PhiDegree": 121.5813316735949,
				"Power": -55.17039946360653
			}, {
				"Time": 4.348660104447462e-7,
				"TimeDiff": 5.962810663754912e-8,
				"PhiDegree": 240.96956387496513,
				"Power": -58.448268061254936
			}, {
				"Time": 9.524103129376858e-7,
				"TimeDiff": 5.771724091304887e-7,
				"PhiDegree": 160.98728475224397,
				"Power": -81.95200467403208
			}]
	}
}