{
	"SensorDataCollection": {
		"SensorId": 0,
		"SensorDatas": [{
				"Time": 6.048353565960144e-7,
				"TimeDiff": 0.0,
				"PhiDegree": 145.980663109238,
				"Power": -56.68447501467226
			}, {
				"Time": 5.293347921001568e-7,
				"TimeDiff": -7.550056449585752e-8,
				"PhiDegree": 59.297501938492495,
				"Power": -58.380384946354894
			}, {
				"Time": 5.38584613725574e-7,
				"TimeDiff": -6.625074287044032e-8,
				"PhiDegree": 158.5605939350529,
				"Power": -58.43785565705906
			}, {
				"Time": 6.411364122144223e-7,
				"TimeDiff": 3.6301055618407945e-8,
				"PhiDegree": 162.1183740354208,
				"Power": -71.92575198062755
			}]
	}
}