{
	"SensorDataCollection": {
		"SensorId": 0,
		"SensorDatas": [{
				"Time": 3.733716107931337e-7,
				"TimeDiff": 0.0,
				"PhiDegree": 123.79771124403266,
				"Power": -51.294853633621756
			}, {
				"Time": 4.0121445931008416e-7,
				"TimeDiff": 2.784284851695048e-8,
				"PhiDegree": 121.17540587066327,
				"Power": -55.51309379073345
			}, {
				"Time": 4.3325664718821116e-7,
				"TimeDiff": 5.988503639507748e-8,
				"PhiDegree": 241.3553810391256,
				"Power": -58.86020292402067
			}, {
				"Time": 9.555655467019247e-7,
				"TimeDiff": 5.82193935908791e-7,
				"PhiDegree": 161.05246162725575,
				"Power": -82.13270926153398
			}]
	}
}