{
	"SensorDataCollection": {
		"SensorId": 0,
		"SensorDatas": [{
				"Time": 5.97936137837749e-7,
				"TimeDiff": 0.0,
				"PhiDegree": 37.78754931840692,
				"Power": -54.32840139834147
			}, {
				"Time": 3.847718890177932e-7,
				"TimeDiff": -2.1316424881995578e-7,
				"PhiDegree": 62.638558734764786,
				"Power": -55.87880525196968
			}, {
				"Time": 7.315187383884771e-7,
				"TimeDiff": 1.3358260055072808e-7,
				"PhiDegree": 164.11692283202692,
				"Power": -76.70150217664848
			}]
	}
}