{
	"SensorDataCollection": {
		"SensorId": 0,
		"SensorDatas": [{
				"Time": 4.6329015026970755e-7,
				"TimeDiff": 0.0,
				"PhiDegree": 132.18780674566153,
				"Power": -50.69464027704477
			}, {
				"Time": 8.583914978776886e-7,
				"TimeDiff": 3.951013476079811e-7,
				"PhiDegree": 158.81010498533357,
				"Power": -76.35744790906904
			}]
	}
}