{
	"SensorDataCollection": {
		"SensorId": 0,
		"SensorDatas": [{
				"Time": 6.165606139450644e-7,
				"TimeDiff": 0.0,
				"PhiDegree": 36.45750414642776,
				"Power": -55.27754255099299
			}]
	}
}