{
	"SensorDataCollection": {
		"SensorId": 0,
		"SensorDatas": [{
				"Time": 4.231818364339806e-7,
				"TimeDiff": 0.0,
				"PhiDegree": 132.845184322928,
				"Power": -49.75411398783761
			}, {
				"Time": 4.479392250081033e-7,
				"TimeDiff": 2.475738857412271e-8,
				"PhiDegree": 129.97365848501812,
				"Power": -50.956782973136825
			}, {
				"Time": 8.802092884763096e-7,
				"TimeDiff": 4.5702745204232897e-7,
				"PhiDegree": 159.35966022978735,
				"Power": -77.69248758453539
			}]
	}
}