{
	"SensorDataCollection": {
		"SensorId": 0,
		"SensorDatas": [{
				"Time": 4.142215123975966e-7,
				"TimeDiff": 0.0,
				"PhiDegree": 131.49149582274487,
				"Power": -49.73105976227109
			}, {
				"Time": 4.3948395186420194e-7,
				"TimeDiff": 2.5262439466605313e-8,
				"PhiDegree": 128.64010693724754,
				"Power": -51.27991879252252
			}, {
				"Time": 8.927115572285817e-7,
				"TimeDiff": 4.784900448309851e-7,
				"PhiDegree": 159.66161570544273,
				"Power": -78.44738446227123
			}]
	}
}