{
	"SensorDataCollection": {
		"SensorId": 0,
		"SensorDatas": [{
				"Time": 5.874454297140877e-7,
				"TimeDiff": 0.0,
				"PhiDegree": 38.58519793127049,
				"Power": -53.82286931864695
			}, {
				"Time": 3.910856743300047e-7,
				"TimeDiff": -1.9635975538408296e-7,
				"PhiDegree": 60.90171463386084,
				"Power": -54.62319527422255
			}, {
				"Time": 7.186909965451859e-7,
				"TimeDiff": 1.3124556683109827e-7,
				"PhiDegree": 163.8257256175394,
				"Power": -75.98390269130184
			}]
	}
}