{
	"SensorDataCollection": {
		"SensorId": 0,
		"SensorDatas": [{
				"Time": 4.098308880322204e-7,
				"TimeDiff": 0.0,
				"PhiDegree": 130.7926498943105,
				"Power": -49.75333641089554
			}, {
				"Time": 4.35348181802224e-7,
				"TimeDiff": 2.551729377000362e-8,
				"PhiDegree": 127.95409237237418,
				"Power": -51.495257926087234
			}, {
				"Time": 4.6504442730968113e-7,
				"TimeDiff": 5.521353927746073e-8,
				"PhiDegree": 234.8474035057582,
				"Power": -53.61753604361803
			}, {
				"Time": 8.989717954329277e-7,
				"TimeDiff": 4.891409074007073e-7,
				"PhiDegree": 159.8094418554297,
				"Power": -78.82262731556722
			}]
	}
}