{
	"SensorDataCollection": {
		"SensorId": 0,
		"SensorDatas": [{
				"Time": 3.678975180044674e-7,
				"TimeDiff": 0.0,
				"PhiDegree": 122.50211963465472,
				"Power": -51.856440564420865
			}, {
				"Time": 3.9612531649349467e-7,
				"TimeDiff": 2.822779848902726e-8,
				"PhiDegree": 119.93655611452895,
				"Power": -56.64595349440526
			}, {
				"Time": 4.285481843857914e-7,
				"TimeDiff": 6.0650666381324e-8,
				"PhiDegree": 242.52996953298228,
				"Power": -60.20064452688575
			}, {
				"Time": 9.650385700760778e-7,
				"TimeDiff": 5.971410520716103e-7,
				"PhiDegree": 161.24543390988063,
				"Power": -82.6725663959736
			}]
	}
}