{
	"SensorDataCollection": {
		"SensorId": 0,
		"SensorDatas": [{
				"Time": 4.7465496462125355e-7,
				"TimeDiff": 0.0,
				"PhiDegree": 133.68012253484596,
				"Power": -50.70895052977866
			}, {
				"Time": 8.428578545200471e-7,
				"TimeDiff": 3.6820288989879357e-7,
				"PhiDegree": 158.40017283935316,
				"Power": -75.39318739185593
			}]
	}
}