{
	"SensorDataCollection": {
		"SensorId": 0,
		"SensorDatas": [{
				"Time": 6.273453612853418e-7,
				"TimeDiff": 0.0,
				"PhiDegree": 35.73315322604094,
				"Power": -55.851479707457855
			}]
	}
}