{
	"SensorDataCollection": {
		"SensorId": 0,
		"SensorDatas": [{
				"Time": 6.020726791684533e-7,
				"TimeDiff": 0.0,
				"PhiDegree": 145.80301407662995,
				"Power": -56.51556016613684
			}, {
				"Time": 5.3548024104945e-7,
				"TimeDiff": -6.659243811900328e-8,
				"PhiDegree": 158.43009806745562,
				"Power": -58.30281418555357
			}, {
				"Time": 5.276389680024289e-7,
				"TimeDiff": -7.443371116602436e-8,
				"PhiDegree": 59.60903925581369,
				"Power": -58.66546835933016
			}, {
				"Time": 6.443126849912865e-7,
				"TimeDiff": 4.2240005822833274e-8,
				"PhiDegree": 162.20948000512385,
				"Power": -72.12260121367001
			}]
	}
}