{
	"SensorDataCollection": {
		"SensorId": 0,
		"SensorDatas": [{
				"Time": 5.380441666974262e-7,
				"TimeDiff": 0.0,
				"PhiDegree": 57.76976584867118,
				"Power": -57.10147002706357
			}, {
				"Time": 6.187336194603799e-7,
				"TimeDiff": 8.068945276295369e-8,
				"PhiDegree": 146.84502146442722,
				"Power": -57.54365637974135
			}, {
				"Time": 5.541469745508314e-7,
				"TimeDiff": 1.610280785340524e-8,
				"PhiDegree": 159.1911063425382,
				"Power": -59.10626276721091
			}, {
				"Time": 6.252801048521015e-7,
				"TimeDiff": 8.723593815467532e-8,
				"PhiDegree": 161.6489734945981,
				"Power": -70.93128761926314
			}]
	}
}