{
	"SensorDataCollection": {
		"SensorId": 0,
		"SensorDatas": [{
				"Time": 4.164395672113857e-7,
				"TimeDiff": 0.0,
				"PhiDegree": 131.83536716434483,
				"Power": -49.72865376745574
			}, {
				"Time": 4.415751303599764e-7,
				"TimeDiff": 2.5135563148590673e-8,
				"PhiDegree": 128.97827112624952,
				"Power": -51.18609678733708
			}, {
				"Time": 8.895836900790644e-7,
				"TimeDiff": 4.731441228676787e-7,
				"PhiDegree": 159.5869226601718,
				"Power": -78.25921023947325
			}]
	}
}