{
	"SensorDataCollection": {
		"SensorId": 0,
		"SensorDatas": [{
				"Time": 3.809572898703575e-7,
				"TimeDiff": 0.0,
				"PhiDegree": 125.46604060396149,
				"Power": -50.70330461674318
			}, {
				"Time": 4.082831607090739e-7,
				"TimeDiff": 2.7325870838716428e-8,
				"PhiDegree": 122.77810242918552,
				"Power": -54.239373290763226
			}, {
				"Time": 4.3981066300384123e-7,
				"TimeDiff": 5.8853373133483744e-8,
				"PhiDegree": 239.8292939598277,
				"Power": -57.30974915321791
			}, {
				"Time": 9.429521052305171e-7,
				"TimeDiff": 5.619948153601596e-7,
				"PhiDegree": 160.78913825072752,
				"Power": -81.4076343316114
			}]
	}
}