{
	"SensorDataCollection": {
		"SensorId": 0,
		"SensorDatas": [{
				"Time": 5.926764262245099e-7,
				"TimeDiff": 0.0,
				"PhiDegree": 38.182843945386516,
				"Power": -54.07197490484093
			}, {
				"Time": 3.878842261710939e-7,
				"TimeDiff": -2.0479220005341597e-7,
				"PhiDegree": 61.76306908514552,
				"Power": -55.221623703247445
			}, {
				"Time": 7.25102526443262e-7,
				"TimeDiff": 1.324261002187521e-7,
				"PhiDegree": 163.97261211116364,
				"Power": -76.34391551925752
			}]
	}
}