{
	"SensorDataCollection": {
		"SensorId": 0,
		"SensorDatas": [{
				"Time": 3.829029208983739e-7,
				"TimeDiff": 0.0,
				"PhiDegree": 125.8726867779626,
				"Power": -50.58099321424348
			}, {
				"Time": 4.1009917025730527e-7,
				"TimeDiff": 2.7196249358931354e-8,
				"PhiDegree": 123.17004798871105,
				"Power": -53.9596855649569
			}, {
				"Time": 4.4149700952443286e-7,
				"TimeDiff": 5.859408862605894e-8,
				"PhiDegree": 239.4549347426069,
				"Power": -56.96105555547801
			}, {
				"Time": 9.398019090876307e-7,
				"TimeDiff": 5.568989881892568e-7,
				"PhiDegree": 160.72220342242468,
				"Power": -81.22542560076921
			}]
	}
}