{
	"SensorDataCollection": {
		"SensorId": 0,
		"SensorDatas": [{
				"Time": 4.769654588384494e-7,
				"TimeDiff": 0.0,
				"PhiDegree": 133.96999677013972,
				"Power": -50.7294847771131
			}]
	}
}