{
	"SensorDataCollection": {
		"SensorId": 0,
		"SensorDatas": [{
				"Time": 5.95302740116168e-7,
				"TimeDiff": 0.0,
				"PhiDegree": 37.984323491443725,
				"Power": -54.19930038222614
			}, {
				"Time": 3.863167826639976e-7,
				"TimeDiff": -2.0898595745217035e-7,
				"PhiDegree": 62.19905059511987,
				"Power": -55.54260878839895
			}, {
				"Time": 7.283100548917769e-7,
				"TimeDiff": 1.330073147756089e-7,
				"PhiDegree": 164.04508530598463,
				"Power": -76.52301084138736
			}]
	}
}