{
	"SensorDataCollection": {
		"SensorId": 0,
		"SensorDatas": [{
				"Time": 4.300514125433943e-7,
				"TimeDiff": 0.0,
				"PhiDegree": 133.82303592782412,
				"Power": -49.82493570264553
			}, {
				"Time": 4.5443470382860573e-7,
				"TimeDiff": 2.4383291285211436e-8,
				"PhiDegree": 130.94087570070587,
				"Power": -50.80041924436887
			}, {
				"Time": 8.708490331738098e-7,
				"TimeDiff": 4.4079762063041547e-7,
				"PhiDegree": 159.12750865495545,
				"Power": -77.12248750030207
			}]
	}
}