{
	"SensorDataCollection": {
		"SensorId": 0,
		"SensorDatas": [{
				"Time": 3.7712448278509317e-7,
				"TimeDiff": 0.0,
				"PhiDegree": 124.64026503997144,
				"Power": -50.97790481076666
			}, {
				"Time": 4.04709226641978e-7,
				"TimeDiff": 2.7584743856884826e-8,
				"PhiDegree": 121.98375214585721,
				"Power": -54.84423079153552
			}, {
				"Time": 4.3649494625073817e-7,
				"TimeDiff": 5.9370463465645e-8,
				"PhiDegree": 240.58660908079662,
				"Power": -58.05288015784734
			}, {
				"Time": 9.492563198058345e-7,
				"TimeDiff": 5.721318370207414e-7,
				"PhiDegree": 160.92167467930298,
				"Power": -81.77092395911598
			}]
	}
}