{
	"SensorDataCollection": {
		"SensorId": 0,
		"SensorDatas": [{
				"Time": 5.848409405720861e-7,
				"TimeDiff": 0.0,
				"PhiDegree": 38.789068974775155,
				"Power": -53.701202195044914
			}, {
				"Time": 3.9271913637544405e-7,
				"TimeDiff": -1.9212180419664207e-7,
				"PhiDegree": 60.47635174977782,
				"Power": -54.34476371738293
			}, {
				"Time": 7.154870267013128e-7,
				"TimeDiff": 1.306460861292267e-7,
				"PhiDegree": 163.75129542038601,
				"Power": -75.80298011966441
			}]
	}
}