{
	"SensorDataCollection": {
		"SensorId": 0,
		"SensorDatas": [{
				"Time": 5.900572907520427e-7,
				"TimeDiff": 0.0,
				"PhiDegree": 38.38312919950734,
				"Power": -53.94647929730067
			}, {
				"Time": 3.894739472824583e-7,
				"TimeDiff": -2.005833434695844e-7,
				"PhiDegree": 61.33062180808245,
				"Power": -54.915320946299374
			}, {
				"Time": 7.218961684392602e-7,
				"TimeDiff": 1.3183887768721747e-7,
				"PhiDegree": 163.89949500782228,
				"Power": -76.16421365005965
			}]
	}
}