{
	"SensorDataCollection": {
		"SensorId": 0,
		"SensorDatas": [{
				"Time": 6.076037956852486e-7,
				"TimeDiff": 0.0,
				"PhiDegree": 146.15669496859718,
				"Power": -56.8544134819803
			}, {
				"Time": 5.310461656538998e-7,
				"TimeDiff": -7.655763003134877e-8,
				"PhiDegree": 58.98796346730738,
				"Power": -58.10539270916627
			}, {
				"Time": 5.416917482151813e-7,
				"TimeDiff": -6.591204747006734e-8,
				"PhiDegree": 158.6895934213653,
				"Power": -58.57244522314588
			}, {
				"Time": 6.379617766360511e-7,
				"TimeDiff": 3.0357980950802523e-8,
				"PhiDegree": 162.02636110517514,
				"Power": -71.72822366636618
			}]
	}
}