{
	"SensorDataCollection": {
		"SensorId": 0,
		"SensorDatas": [{
				"Time": 3.991312523815016e-7,
				"TimeDiff": 0.0,
				"PhiDegree": 128.97922277806958,
				"Power": -49.9205182722236
			}, {
				"Time": 4.252910053608586e-7,
				"TimeDiff": 2.615975297935698e-8,
				"PhiDegree": 126.18158084918217,
				"Power": -52.20893026814039
			}, {
				"Time": 4.5564319287589137e-7,
				"TimeDiff": 5.651194049438975e-8,
				"PhiDegree": 236.56291853132657,
				"Power": -54.664258687661686
			}, {
				"Time": 9.146479440918729e-7,
				"TimeDiff": 5.155166917103712e-7,
				"PhiDegree": 160.17014577080346,
				"Power": -79.75424903041372
			}]
	}
}