{
	"SensorDataCollection": {
		"SensorId": 0,
		"SensorDatas": [{
				"Time": 4.792880436285538e-7,
				"TimeDiff": 0.0,
				"PhiDegree": 134.25706888769807,
				"Power": -50.75550905885835
			}]
	}
}