{
	"SensorDataCollection": {
		"SensorId": 0,
		"SensorDatas": [{
				"Time": 5.362720876284316e-7,
				"TimeDiff": 0.0,
				"PhiDegree": 58.07132611843655,
				"Power": -57.338512154770754
			}, {
				"Time": 6.159429052179023e-7,
				"TimeDiff": 7.967081758947074e-8,
				"PhiDegree": 146.6752734489619,
				"Power": -57.36999448341358
			}, {
				"Time": 5.510292551594405e-7,
				"TimeDiff": 1.475716753100898e-8,
				"PhiDegree": 159.0678541971085,
				"Power": -58.973491250848355
			}, {
				"Time": 6.284479411396228e-7,
				"TimeDiff": 9.217585351119128e-8,
				"PhiDegree": 161.74474803137298,
				"Power": -71.13154803497221
			}]
	}
}