{
	"SensorDataCollection": {
		"SensorId": 0,
		"SensorDatas": [{
				"Time": 3.669052932672657e-7,
				"TimeDiff": 0.0,
				"PhiDegree": 123.22155155977009,
				"Power": -51.43944214372857
			}, {
				"Time": 4.0068377529390947e-7,
				"TimeDiff": 3.3778482026643767e-8,
				"PhiDegree": 120.11191715499552,
				"Power": -56.56151382763308
			}, {
				"Time": 4.27150582834998e-7,
				"TimeDiff": 6.024528956773229e-8,
				"PhiDegree": 241.92640732785458,
				"Power": -59.418838354768
			}, {
				"Time": 9.608085749238107e-7,
				"TimeDiff": 5.939032816565451e-7,
				"PhiDegree": 161.36986998705558,
				"Power": -82.9306547236597
			}]
	}
}