{
	"SensorDataCollection": {
		"SensorId": 0,
		"SensorDatas": [{
				"Time": 5.82243922253775e-7,
				"TimeDiff": 0.0,
				"PhiDegree": 38.994761319024676,
				"Power": -53.58153666014469
			}, {
				"Time": 3.943740633456255e-7,
				"TimeDiff": -1.8786985890814946e-7,
				"PhiDegree": 60.05453571155377,
				"Power": -54.07956417862695
			}, {
				"Time": 7.122842751286894e-7,
				"TimeDiff": 1.3004035287491438e-7,
				"PhiDegree": 163.6761957520304,
				"Power": -75.62144343252756
			}]
	}
}