{
	"SensorDataCollection": {
		"SensorId": 0,
		"SensorDatas": [{
				"Time": 4.816834277193573e-7,
				"TimeDiff": 0.0,
				"PhiDegree": 133.98008646555033,
				"Power": -50.81432317060522
			}, {
				"Time": 8.354251444389788e-7,
				"TimeDiff": 3.537417167196214e-7,
				"PhiDegree": 158.44446044463592,
				"Power": -75.40218010618872
			}]
	}
}