{
	"SensorDataCollection": {
		"SensorId": 0,
		"SensorDatas": [{
				"Time": 5.796544751734628e-7,
				"TimeDiff": 0.0,
				"PhiDegree": 39.20229410601504,
				"Power": -53.46393299664702
			}, {
				"Time": 3.9605018616199255e-7,
				"TimeDiff": -1.8360428901147023e-7,
				"PhiDegree": 59.63626749464063,
				"Power": -53.82715415042213
			}, {
				"Time": 7.090827583352062e-7,
				"TimeDiff": 1.2942828316174346e-7,
				"PhiDegree": 163.60041780077498,
				"Power": -75.43929014956322
			}]
	}
}