{
	"SensorDataCollection": {
		"SensorId": 0,
		"SensorDatas": [{
				"Time": 4.2074154955126694e-7,
				"TimeDiff": 0.0,
				"PhiDegree": 133.15417146735726,
				"Power": -49.67767358704059
			}, {
				"Time": 4.5050132638544267e-7,
				"TimeDiff": 2.9759776834175733e-8,
				"PhiDegree": 129.70103253174094,
				"Power": -51.09668235718313
			}, {
				"Time": 8.790386660159698e-7,
				"TimeDiff": 4.5829711646470286e-7,
				"PhiDegree": 159.56318325554395,
				"Power": -78.10569024524273
			}]
	}
}