{
	"SensorDataCollection": {
		"SensorId": 0,
		"SensorDatas": [{
				"Time": 5.984638775409588e-7,
				"TimeDiff": 0.0,
				"PhiDegree": 145.17970657028,
				"Power": -56.02846327411956
			}, {
				"Time": 5.214006762925148e-7,
				"TimeDiff": -7.706320124844397e-8,
				"PhiDegree": 60.056105395968395,
				"Power": -59.02542550922479
			}, {
				"Time": 6.657958729853154e-7,
				"TimeDiff": 6.733199544435665e-8,
				"PhiDegree": 336.0611261512368,
				"Power": -69.16451953645662
			}, {
				"Time": 6.516873154908903e-7,
				"TimeDiff": 5.322343794993154e-8,
				"PhiDegree": 162.10941539385232,
				"Power": -72.05244847317022
			}]
	}
}