{
	"SensorDataCollection": {
		"SensorId": 0,
		"SensorDatas": [{
				"Time": 4.162057377446517e-7,
				"TimeDiff": 0.0,
				"PhiDegree": 132.48398011853172,
				"Power": -49.64552559736124
			}, {
				"Time": 4.4626809172044964e-7,
				"TimeDiff": 3.006235397579795e-8,
				"PhiDegree": 129.04182619585146,
				"Power": -51.2533878914157
			}, {
				"Time": 8.852949847852977e-7,
				"TimeDiff": 4.6908924704064604e-7,
				"PhiDegree": 159.71398865727699,
				"Power": -78.48598497346067
			}]
	}
}