{
	"SensorDataCollection": {
		"SensorId": 0,
		"SensorDatas": [{
				"Time": 5.370208876614857e-7,
				"TimeDiff": 0.0,
				"PhiDegree": 57.278762477239844,
				"Power": -56.667470442274805
			}, {
				"Time": 6.233526172226303e-7,
				"TimeDiff": 8.633172956114464e-8,
				"PhiDegree": 146.7559930133769,
				"Power": -57.53749883256425
			}, {
				"Time": 5.584546653402283e-7,
				"TimeDiff": 2.143377767874258e-8,
				"PhiDegree": 158.9927196981209,
				"Power": -59.039047887577084
			}, {
				"Time": 6.231779190562142e-7,
				"TimeDiff": 8.615703139472847e-8,
				"PhiDegree": 161.2612118883534,
				"Power": -70.27996825180324
			}]
	}
}