{
	"SensorDataCollection": {
		"SensorId": 0,
		"SensorDatas": [{
				"Time": 4.230306948022022e-7,
				"TimeDiff": 0.0,
				"PhiDegree": 133.48385518381204,
				"Power": -49.70131498747435
			}, {
				"Time": 4.5263999193738487e-7,
				"TimeDiff": 2.960929713518265e-8,
				"PhiDegree": 130.02599038533086,
				"Power": -51.030671939927345
			}, {
				"Time": 8.759128147345035e-7,
				"TimeDiff": 4.528821199323013e-7,
				"PhiDegree": 159.4869729588085,
				"Power": -77.91497982689711
			}]
	}
}