{
	"SensorDataCollection": {
		"SensorId": 0,
		"SensorDatas": [{
				"Time": 5.388318289061914e-7,
				"TimeDiff": 0.0,
				"PhiDegree": 56.98026736904396,
				"Power": -56.451986536509395
			}, {
				"Time": 6.261458675663878e-7,
				"TimeDiff": 8.731403866019642e-8,
				"PhiDegree": 146.92337198152092,
				"Power": -57.709861226891064
			}, {
				"Time": 5.615708105950913e-7,
				"TimeDiff": 2.2738981688899903e-8,
				"PhiDegree": 159.11475933142847,
				"Power": -59.169881090851646
			}, {
				"Time": 6.200190693118615e-7,
				"TimeDiff": 8.118724040567007e-8,
				"PhiDegree": 161.16215695097654,
				"Power": -70.0797003763752
			}]
	}
}