{
	"SensorDataCollection": {
		"SensorId": 0,
		"SensorDatas": [{
				"Time": 4.120453482377226e-7,
				"TimeDiff": 0.0,
				"PhiDegree": 56.03095027015558,
				"Power": -52.06631011916133
			}, {
				"Time": 5.740671692362637e-7,
				"TimeDiff": 1.620218209985411e-7,
				"PhiDegree": 143.46805236512057,
				"Power": -54.6158518132881
			}, {
				"Time": 6.803275463295114e-7,
				"TimeDiff": 2.6828219809178883e-7,
				"PhiDegree": 162.8863626020895,
				"Power": -73.77176783210363
			}]
	}
}