{
	"SensorDataCollection": {
		"SensorId": 0,
		"SensorDatas": [{
				"Time": 5.770727012523897e-7,
				"TimeDiff": 0.0,
				"PhiDegree": 39.411686628634776,
				"Power": -53.348453079113725
			}, {
				"Time": 3.977472368641964e-7,
				"TimeDiff": -1.793254643881933e-7,
				"PhiDegree": 59.221546545660445,
				"Power": -53.58710953833646
			}, {
				"Time": 7.058824931218163e-7,
				"TimeDiff": 1.2880979186942658e-7,
				"PhiDegree": 163.52395260452295,
				"Power": -75.25651781439471
			}]
	}
}