{
	"SensorDataCollection": {
		"SensorId": 0,
		"SensorDatas": [{
				"Time": 3.782446847432657e-7,
				"TimeDiff": 0.0,
				"PhiDegree": 125.75930152804567,
				"Power": -50.52033449143218
			}, {
				"Time": 4.110924897061175e-7,
				"TimeDiff": 3.284780496285179e-8,
				"PhiDegree": 122.52633368620252,
				"Power": -54.5095556529957
			}, {
				"Time": 4.369292479627253e-7,
				"TimeDiff": 5.8684563219459595e-8,
				"PhiDegree": 239.60939376237184,
				"Power": -57.02688985162726
			}, {
				"Time": 9.41859468068262e-7,
				"TimeDiff": 5.636147833249963e-7,
				"PhiDegree": 160.98081230678682,
				"Power": -81.84019173481724
			}]
	}
}