{
	"SensorDataCollection": {
		"SensorId": 0,
		"SensorDatas": [{
				"Time": 3.763045545357355e-7,
				"TimeDiff": 0.0,
				"PhiDegree": 125.34703903779672,
				"Power": -50.64678934784126
			}, {
				"Time": 4.0930808851106305e-7,
				"TimeDiff": 3.300353397532757e-8,
				"PhiDegree": 122.13252321887646,
				"Power": -54.811053632993776
			}, {
				"Time": 4.3525078282879465e-7,
				"TimeDiff": 5.894622829305917e-8,
				"PhiDegree": 239.98827539863078,
				"Power": -57.38497852775092
			}, {
				"Time": 9.450145863311757e-7,
				"TimeDiff": 5.687100317954402e-7,
				"PhiDegree": 161.0467384788255,
				"Power": -82.02289627086819
			}]
	}
}