{
	"SensorDataCollection": {
		"SensorId": 0,
		"SensorDatas": [{
				"Time": 4.0473940490044596e-7,
				"TimeDiff": 0.0,
				"PhiDegree": 57.59807373055078,
				"Power": -52.74268964474486
			}, {
				"Time": 5.633988885432379e-7,
				"TimeDiff": 1.586594836427919e-7,
				"PhiDegree": 142.66006370779365,
				"Power": -54.027866582138046
			}, {
				"Time": 6.930942947072532e-7,
				"TimeDiff": 2.883548898068072e-7,
				"PhiDegree": 163.21103468766194,
				"Power": -74.5191897613647
			}]
	}
}