{
	"SensorDataCollection": {
		"SensorId": 0,
		"SensorDatas": [{
				"Time": 3.944388678770063e-7,
				"TimeDiff": 0.0,
				"PhiDegree": 128.90732789711973,
				"Power": -49.83651131854259
			}, {
				"Time": 4.260399207214464e-7,
				"TimeDiff": 3.160105284444007e-8,
				"PhiDegree": 125.55447441291479,
				"Power": -52.60072492959792
			}, {
				"Time": 4.5102122641937234e-7,
				"TimeDiff": 5.658235854236602e-8,
				"PhiDegree": 236.68307395694805,
				"Power": -54.66959395578252
			}, {
				"Time": 9.16664802453441e-7,
				"TimeDiff": 5.222259345764347e-7,
				"PhiDegree": 160.43708364691864,
				"Power": -80.36472731047184
			}]
	}
}