{
	"SensorDataCollection": {
		"SensorId": 0,
		"SensorDatas": [{
				"Time": 5.767516644779572e-7,
				"TimeDiff": 0.0,
				"PhiDegree": 143.66536680360383,
				"Power": -54.76702716499129
			}, {
				"Time": 5.086029719840718e-7,
				"TimeDiff": -6.814869249388538e-8,
				"PhiDegree": 62.662672991216624,
				"Power": -61.85898974292863
			}, {
				"Time": 6.77139353026275e-7,
				"TimeDiff": 1.0038768854831782e-7,
				"PhiDegree": 162.80328249320053,
				"Power": -73.58331835890445
			}]
	}
}