{
	"SensorDataCollection": {
		"SensorId": 0,
		"SensorDatas": [{
				"Time": 3.965429881599104e-7,
				"TimeDiff": 0.0,
				"PhiDegree": 129.28248701685212,
				"Power": -49.78758670728982
			}, {
				"Time": 4.2798870898077763e-7,
				"TimeDiff": 3.144572082086722e-8,
				"PhiDegree": 125.91788201700804,
				"Power": -52.41880368920087
			}, {
				"Time": 4.528625262124601e-7,
				"TimeDiff": 5.6319538052549695e-8,
				"PhiDegree": 236.33030493032052,
				"Power": -54.43239397242303
			}, {
				"Time": 9.135214537506246e-7,
				"TimeDiff": 5.169784655907142e-7,
				"PhiDegree": 160.36701024780487,
				"Power": -80.17856842730531
			}]
	}
}