{
	"SensorDataCollection": {
		"SensorId": 0,
		"SensorDatas": [{
				"Time": 4.2533369526268606e-7,
				"TimeDiff": 0.0,
				"PhiDegree": 133.80997940775364,
				"Power": -49.7297784387208
			}, {
				"Time": 4.5479308029262417e-7,
				"TimeDiff": 2.9459385029938108e-8,
				"PhiDegree": 130.34788167097776,
				"Power": -50.97256866024058
			}, {
				"Time": 8.727885242348515e-7,
				"TimeDiff": 4.474548289721655e-7,
				"PhiDegree": 159.4102169108052,
				"Power": -77.72389539258589
			}]
	}
}