{
	"SensorDataCollection": {
		"SensorId": 0,
		"SensorDatas": [{
				"Time": 6.150053636444858e-7,
				"TimeDiff": 0.0,
				"PhiDegree": 146.24475410209968,
				"Power": -57.025612131433974
			}, {
				"Time": 5.316767003935897e-7,
				"TimeDiff": -8.332866325089604e-8,
				"PhiDegree": 58.18633279311839,
				"Power": -57.36697376163676
			}, {
				"Time": 5.49121776251361e-7,
				"TimeDiff": -6.588358739312477e-8,
				"PhiDegree": 158.61829820511346,
				"Power": -58.643909822117465
			}, {
				"Time": 6.326654205783347e-7,
				"TimeDiff": 1.766005693384896e-8,
				"PhiDegree": 161.55243778094732,
				"Power": -70.87676828687074
			}]
	}
}