{
	"SensorDataCollection": {
		"SensorId": 0,
		"SensorDatas": [{
				"Time": 4.117281216581121e-7,
				"TimeDiff": 0.0,
				"PhiDegree": 131.799116451476,
				"Power": -49.63472917273296
			}, {
				"Time": 4.4209505733536426e-7,
				"TimeDiff": 3.0366935677252154e-8,
				"PhiDegree": 128.37008473370005,
				"Power": -51.44468912942469
			}, {
				"Time": 8.915573505056443e-7,
				"TimeDiff": 4.798292288475323e-7,
				"PhiDegree": 159.86267654014176,
				"Power": -78.86477208547423
			}]
	}
}