{
	"SensorDataCollection": {
		"SensorId": 0,
		"SensorDatas": [{
				"Time": 4.0080142521829645e-7,
				"TimeDiff": 0.0,
				"PhiDegree": 130.02090942896524,
				"Power": -49.711199014257474
			}, {
				"Time": 4.319372361967183e-7,
				"TimeDiff": 3.1135810978421833e-8,
				"PhiDegree": 126.63478778817972,
				"Power": -52.08865494310682
			}, {
				"Time": 4.565960015656708e-7,
				"TimeDiff": 5.579457634737433e-8,
				"PhiDegree": 235.63336830879322,
				"Power": -53.992366974112656
			}, {
				"Time": 9.072388981623226e-7,
				"TimeDiff": 5.064374729440262e-7,
				"PhiDegree": 160.2254072630495,
				"Power": -79.80510347007407
			}]
	}
}