{
	"SensorDataCollection": {
		"SensorId": 0,
		"SensorDatas": [{
				"Time": 4.02955211516799e-7,
				"TimeDiff": 0.0,
				"PhiDegree": 130.38423775663972,
				"Power": -49.68326182899449
			}, {
				"Time": 4.3393651153687233e-7,
				"TimeDiff": 3.098130002007334e-8,
				"PhiDegree": 126.9883205149376,
				"Power": -51.939757107024846
			}, {
				"Time": 4.584877628435555e-7,
				"TimeDiff": 5.553255132675652e-8,
				"PhiDegree": 235.2891818115502,
				"Power": -53.78889491647786
			}, {
				"Time": 9.040997200581735e-7,
				"TimeDiff": 5.011445085413745e-7,
				"PhiDegree": 160.15386799390447,
				"Power": -79.61779828016988
			}]
	}
}