{
	"SensorDataCollection": {
		"SensorId": 0,
		"SensorDatas": [{
				"Time": 5.334431747939437e-7,
				"TimeDiff": 0.0,
				"PhiDegree": 57.881791682780786,
				"Power": -57.1247458455629
			}, {
				"Time": 6.177822920081262e-7,
				"TimeDiff": 8.433911721418244e-8,
				"PhiDegree": 146.41670160266833,
				"Power": -57.19534018189502
			}, {
				"Time": 5.522301043593851e-7,
				"TimeDiff": 1.8786929565441346e-8,
				"PhiDegree": 158.74451135961166,
				"Power": -58.77606140395224
			}, {
				"Time": 6.295011221926778e-7,
				"TimeDiff": 9.605794739873403e-8,
				"PhiDegree": 161.4563379526022,
				"Power": -70.67850131224827
			}]
	}
}