{
	"SensorDataCollection": {
		"SensorId": 0,
		"SensorDatas": [{
				"Time": 6.122340244213019e-7,
				"TimeDiff": 0.0,
				"PhiDegree": 146.071248351566,
				"Power": -56.85683197641009
			}, {
				"Time": 5.299253467268128e-7,
				"TimeDiff": -8.230867769448916e-8,
				"PhiDegree": 58.49289557209647,
				"Power": -57.618563652499034
			}, {
				"Time": 5.460161430773516e-7,
				"TimeDiff": -6.621788134395028e-8,
				"PhiDegree": 158.490648673769,
				"Power": -58.51132073136529
			}, {
				"Time": 6.358314810578557e-7,
				"TimeDiff": 2.3597456636553792e-8,
				"PhiDegree": 161.64758083539806,
				"Power": -71.0743702587148
			}]
	}
}