{
	"SensorDataCollection": {
		"SensorId": 0,
		"SensorDatas": [{
				"Time": 4.793724488319656e-7,
				"TimeDiff": 0.0,
				"PhiDegree": 133.6931136580046,
				"Power": -50.79376696616899
			}, {
				"Time": 8.385293236861921e-7,
				"TimeDiff": 3.591568748542265e-7,
				"PhiDegree": 158.52822431597457,
				"Power": -75.59764633154123
			}]
	}
}