{
	"SensorDataCollection": {
		"SensorId": 0,
		"SensorDatas": [{
				"Time": 4.1846648688719763e-7,
				"TimeDiff": 0.0,
				"PhiDegree": 132.82089185504182,
				"Power": -49.65901999985516
			}, {
				"Time": 4.4837729001807734e-7,
				"TimeDiff": 2.99108031308797e-8,
				"PhiDegree": 129.37298528544048,
				"Power": -51.170838845118624
			}, {
				"Time": 8.821660614879127e-7,
				"TimeDiff": 4.6369957460071507e-7,
				"PhiDegree": 159.63885333418494,
				"Power": -78.29602561647657
			}]
	}
}