{
	"SensorDataCollection": {
		"SensorId": 0,
		"SensorDatas": [{
				"Time": 4.299803699619326e-7,
				"TimeDiff": 0.0,
				"PhiDegree": 134.45169566316036,
				"Power": -49.800535271082595
			}, {
				"Time": 4.591417124470858e-7,
				"TimeDiff": 2.9161342485153184e-8,
				"PhiDegree": 130.9825575379163,
				"Power": -50.87916391962213
			}, {
				"Time": 8.665446931005593e-7,
				"TimeDiff": 4.3656432313862673e-7,
				"PhiDegree": 159.25504506873574,
				"Power": -77.34060893178324
			}]
	}
}