{
	"SensorDataCollection": {
		"SensorId": 0,
		"SensorDatas": [{
				"Time": 3.7438410803223063e-7,
				"TimeDiff": 0.0,
				"PhiDegree": 124.93052530175987,
				"Power": -50.78343864063058
			}, {
				"Time": 4.0754319268432246e-7,
				"TimeDiff": 3.3159084652091835e-8,
				"PhiDegree": 121.73528299822947,
				"Power": -55.12805342481494
			}, {
				"Time": 4.33591497305735e-7,
				"TimeDiff": 5.920738927350436e-8,
				"PhiDegree": 240.37007367667113,
				"Power": -57.75862636412995
			}, {
				"Time": 9.481709474153287e-7,
				"TimeDiff": 5.737868393830981e-7,
				"PhiDegree": 161.112225814538,
				"Power": -82.20521645341836
			}]
	}
}