{
	"SensorDataCollection": {
		"SensorId": 0,
		"SensorDatas": [{
				"Time": 3.724836496878544e-7,
				"TimeDiff": 0.0,
				"PhiDegree": 124.5097389276564,
				"Power": -50.930644353572376
			}, {
				"Time": 4.0579805672406333e-7,
				"TimeDiff": 3.3314407036208935e-8,
				"PhiDegree": 121.33460671274514,
				"Power": -55.46106168585226
			}, {
				"Time": 4.3195161242148923e-7,
				"TimeDiff": 5.946796273363483e-8,
				"PhiDegree": 240.75478810643492,
				"Power": -58.148319836009136
			}, {
				"Time": 9.513285389502542e-7,
				"TimeDiff": 5.788448892623998e-7,
				"PhiDegree": 161.17727851164128,
				"Power": -82.38715231107953
			}]
	}
}