{
	"SensorDataCollection": {
		"SensorId": 0,
		"SensorDatas": [{
				"Time": 4.1395953663416324e-7,
				"TimeDiff": 0.0,
				"PhiDegree": 132.14340024035576,
				"Power": -49.63736757419974
			}, {
				"Time": 4.441739428721736e-7,
				"TimeDiff": 3.021440623801038e-8,
				"PhiDegree": 128.70753321613316,
				"Power": -51.344583826945055
			}, {
				"Time": 8.884254197656944e-7,
				"TimeDiff": 4.744658831315312e-7,
				"PhiDegree": 159.78859461778788,
				"Power": -78.67556741127487
			}]
	}
}