{
	"SensorDataCollection": {
		"SensorId": 0,
		"SensorDatas": [{
				"Time": 3.923518393997188e-7,
				"TimeDiff": 0.0,
				"PhiDegree": 128.5281612250991,
				"Power": -49.892920057420994
			}, {
				"Time": 4.2410842886764784e-7,
				"TimeDiff": 3.1756589467929034e-8,
				"PhiDegree": 125.18774185139742,
				"Power": -52.7943435925998
			}, {
				"Time": 4.4919716391478135e-7,
				"TimeDiff": 5.684532451506254e-8,
				"PhiDegree": 237.03872154767512,
				"Power": -54.9186999016016
			}, {
				"Time": 9.198095128918286e-7,
				"TimeDiff": 5.274576734921097e-7,
				"PhiDegree": 160.506678005656,
				"Power": -80.55050328605657
			}]
	}
}