{
	"SensorDataCollection": {
		"SensorId": 0,
		"SensorDatas": [{
				"Time": 6.067084196046496e-7,
				"TimeDiff": 0.0,
				"PhiDegree": 145.7194896780672,
				"Power": -56.522262383903296
			}, {
				"Time": 5.264686039001777e-7,
				"TimeDiff": -8.02398157044719e-8,
				"PhiDegree": 59.112095580006645,
				"Power": -58.15077638834481
			}, {
				"Time": 6.42168784032976e-7,
				"TimeDiff": 3.5460364428326375e-8,
				"PhiDegree": 161.8350511758948,
				"Power": -71.4675838844718
			}]
	}
}