{
	"SensorDataCollection": {
		"SensorId": 0,
		"SensorDatas": [{
				"Time": 5.875564796342299e-7,
				"TimeDiff": 0.0,
				"PhiDegree": 144.43652628288973,
				"Power": -55.38683614070192
			}, {
				"Time": 5.148686175473346e-7,
				"TimeDiff": -7.268786208689528e-8,
				"PhiDegree": 61.34319321460609,
				"Power": -60.345466813474104
			}, {
				"Time": 6.53619828590182e-7,
				"TimeDiff": 6.606334895595209e-8,
				"PhiDegree": 335.5864000708096,
				"Power": -68.23614348237078
			}, {
				"Time": 6.64401158529036e-7,
				"TimeDiff": 7.684467889480616e-8,
				"PhiDegree": 162.46299410938445,
				"Power": -72.82308131350335
			}]
	}
}