{
	"SensorDataCollection": {
		"SensorId": 0,
		"SensorDatas": [{
				"Time": 4.095117345239424e-7,
				"TimeDiff": 0.0,
				"PhiDegree": 131.4510932706195,
				"Power": -49.63779991859728
			}, {
				"Time": 4.4003165144004104e-7,
				"TimeDiff": 3.0519916916098635e-8,
				"PhiDegree": 128.0294596017141,
				"Power": -51.55397474321282
			}, {
				"Time": 8.946907612970993e-7,
				"TimeDiff": 4.851790267731568e-7,
				"PhiDegree": 159.93623968123518,
				"Power": -79.05359821039363
			}]
	}
}