{
	"SensorDataCollection": {
		"SensorId": 0,
		"SensorDatas": [{
				"Time": 4.7251307210264797e-7,
				"TimeDiff": 0.0,
				"PhiDegree": 132.8154562024137,
				"Power": -50.766014424788864
			}, {
				"Time": 8.478524570781721e-7,
				"TimeDiff": 3.7533938497552415e-7,
				"PhiDegree": 158.77583333080443,
				"Power": -76.18190170908679
			}]
	}
}