{
	"SensorDataCollection": {
		"SensorId": 0,
		"SensorDatas": [{
				"Time": 3.6874393042463606e-7,
				"TimeDiff": 0.0,
				"PhiDegree": 123.6552697863274,
				"Power": -51.258246270789456
			}, {
				"Time": 4.0236808991426087e-7,
				"TimeDiff": 3.3624159489624806e-8,
				"PhiDegree": 120.52292692144873,
				"Power": -56.17723238522791
			}, {
				"Time": 4.28730932420031e-7,
				"TimeDiff": 5.998700199539492e-8,
				"PhiDegree": 241.53295813312508,
				"Power": -58.977888251361776
			}, {
				"Time": 9.57647364682609e-7,
				"TimeDiff": 5.889034342579729e-7,
				"PhiDegree": 161.30609652635465,
				"Power": -82.74987133476779
			}]
	}
}