{
	"SensorDataCollection": {
		"SensorId": 0,
		"SensorDatas": [{
				"Time": 4.0296129588985834e-7,
				"TimeDiff": 0.0,
				"PhiDegree": 57.99863991989501,
				"Power": -52.93718134931778
			}, {
				"Time": 6.96289379502775e-7,
				"TimeDiff": 2.933280836129166e-7,
				"PhiDegree": 163.29034160310164,
				"Power": -74.70446232800188
			}]
	}
}