{
	"SensorDataCollection": {
		"SensorId": 0,
		"SensorDatas": [{
				"Time": 4.276503270918117e-7,
				"TimeDiff": 0.0,
				"PhiDegree": 134.13258068337154,
				"Power": -49.76290358285648
			}, {
				"Time": 4.5696038758077874e-7,
				"TimeDiff": 2.9310060488967022e-8,
				"PhiDegree": 130.66672955905534,
				"Power": -50.92214086500297
			}, {
				"Time": 8.696658113384267e-7,
				"TimeDiff": 4.42015484246615e-7,
				"PhiDegree": 159.33290950666452,
				"Power": -77.53243803930344
			}]
	}
}