{
	"SensorDataCollection": {
		"SensorId": 0,
		"SensorDatas": [{
				"Time": 5.352246202128725e-7,
				"TimeDiff": 0.0,
				"PhiDegree": 57.57926934638364,
				"Power": -56.891651870906315
			}, {
				"Time": 6.205647344806873e-7,
				"TimeDiff": 8.534011426781476e-8,
				"PhiDegree": 146.58710869544672,
				"Power": -57.36598060479973
			}, {
				"Time": 5.553410821495646e-7,
				"TimeDiff": 2.0116461936692044e-8,
				"PhiDegree": 158.8693110413993,
				"Power": -58.90777440003566
			}, {
				"Time": 6.263386126074814e-7,
				"TimeDiff": 9.111399239460883e-8,
				"PhiDegree": 161.3592673941655,
				"Power": -70.47956828345153
			}]
	}
}