{
	"SensorDataCollection": {
		"SensorId": 0,
		"SensorDatas": [{
				"Time": 5.744987039391662e-7,
				"TimeDiff": 0.0,
				"PhiDegree": 39.6229583283677,
				"Power": -53.23516041806607
			}, {
				"Time": 3.99464948727923e-7,
				"TimeDiff": -1.750337552112432e-7,
				"PhiDegree": 58.810370833860226,
				"Power": -53.35902358021987
			}, {
				"Time": 7.026834965889141e-7,
				"TimeDiff": 1.2818479264974785e-7,
				"PhiDegree": 163.44679104767306,
				"Power": -75.07312399632625
			}]
	}
}