{
	"SensorDataCollection": {
		"SensorId": 0,
		"SensorDatas": [{
				"Time": 4.1019035055768236e-7,
				"TimeDiff": 0.0,
				"PhiDegree": 56.41747956406735,
				"Power": -52.22080962536997
			}, {
				"Time": 5.7138954616507e-7,
				"TimeDiff": 1.6119919560738767e-7,
				"PhiDegree": 143.26888625186868,
				"Power": -54.466292223282466
			}, {
				"Time": 6.83517156717788e-7,
				"TimeDiff": 2.733268061601056e-7,
				"PhiDegree": 162.96866750148132,
				"Power": -73.95957753441539
			}]
	}
}