{
	"SensorDataCollection": {
		"SensorId": 0,
		"SensorDatas": [{
				"Time": 5.821408909441444e-7,
				"TimeDiff": 0.0,
				"PhiDegree": 144.05452478902592,
				"Power": -55.0740122803177
			}, {
				"Time": 5.117018717116224e-7,
				"TimeDiff": -7.043901923252206e-8,
				"PhiDegree": 61.99889402743495,
				"Power": -61.076744876245016
			}, {
				"Time": 6.475491073091812e-7,
				"TimeDiff": 6.540821636503678e-8,
				"PhiDegree": 335.34235062270415,
				"Power": -67.77012316510987
			}, {
				"Time": 6.707672984917306e-7,
				"TimeDiff": 8.862640754758622e-8,
				"PhiDegree": 162.63475385904917,
				"Power": -73.2044917127603
			}]
	}
}