{
	"SensorDataCollection": {
		"SensorId": 0,
		"SensorDatas": [{
				"Time": 4.0731062055444033e-7,
				"TimeDiff": 0.0,
				"PhiDegree": 131.09929554541168,
				"Power": -49.646775868042624
			}, {
				"Time": 4.3798394396676817e-7,
				"TimeDiff": 3.0673323412327837e-8,
				"PhiDegree": 127.68563717155318,
				"Power": -51.67272041642943
			}, {
				"Time": 4.6232030866617085e-7,
				"TimeDiff": 5.500968811173052e-8,
				"PhiDegree": 234.60932017376646,
				"Power": -53.413498377027395
			}, {
				"Time": 8.978256366439236e-7,
				"TimeDiff": 4.905150160894833e-7,
				"PhiDegree": 160.00928923143806,
				"Power": -79.24204505749742
			}]
	}
}