{
	"SensorDataCollection": {
		"SensorId": 0,
		"SensorDatas": [{
				"Time": 4.0835419029546794e-7,
				"TimeDiff": 0.0,
				"PhiDegree": 56.80750279203465,
				"Power": -52.38483115286043
			}, {
				"Time": 5.687188923303472e-7,
				"TimeDiff": 1.6036470203487923e-7,
				"PhiDegree": 143.06784715727335,
				"Power": -54.318403475551435
			}, {
				"Time": 6.86708164444948e-7,
				"TimeDiff": 2.7835397414948005e-7,
				"PhiDegree": 163.05020765608717,
				"Power": -74.14674961940833
			}]
	}
}