{
	"SensorDataCollection": {
		"SensorId": 0,
		"SensorDatas": [{
				"Time": 4.0512502869487506e-7,
				"TimeDiff": 0.0,
				"PhiDegree": 130.743688495348,
				"Power": -49.661859867887514
			}, {
				"Time": 4.359521561264094e-7,
				"TimeDiff": 3.0827127431534355e-8,
				"PhiDegree": 127.33859732625552,
				"Power": -51.80121505671093
			}, {
				"Time": 4.6039593293573274e-7,
				"TimeDiff": 5.527090424085767e-8,
				"PhiDegree": 234.94783613133583,
				"Power": -53.59603778335941
			}, {
				"Time": 9.009619612584621e-7,
				"TimeDiff": 4.95836932563587e-7,
				"PhiDegree": 160.08183031557712,
				"Power": -79.43011195377342
			}]
	}
}