{
	"SensorDataCollection": {
		"SensorId": 0,
		"SensorDatas": [{
				"Time": 5.848454356983847e-7,
				"TimeDiff": 0.0,
				"PhiDegree": 144.24640985470768,
				"Power": -55.22971920691219
			}, {
				"Time": 5.132768417205946e-7,
				"TimeDiff": -7.156859397779004e-8,
				"PhiDegree": 61.67003226305602,
				"Power": -60.70490432058418
			}, {
				"Time": 6.505829925337088e-7,
				"TimeDiff": 6.573755683532413e-8,
				"PhiDegree": 335.46494466499723,
				"Power": -68.00327800161295
			}, {
				"Time": 6.67583478609857e-7,
				"TimeDiff": 8.273804291147236e-8,
				"PhiDegree": 162.5492834634175,
				"Power": -73.01411046780754
			}]
	}
}