{
	"SensorDataCollection": {
		"SensorId": 0,
		"SensorDatas": [{
				"Time": 5.719325882302724e-7,
				"TimeDiff": 0.0,
				"PhiDegree": 39.8361287927904,
				"Power": -53.12412020541548
			}, {
				"Time": 4.012030563769994e-7,
				"TimeDiff": -1.7072953185327297e-7,
				"PhiDegree": 58.40273690247455,
				"Power": -53.14250585165735
			}, {
				"Time": 6.994857861428769e-7,
				"TimeDiff": 1.2755319791260452e-7,
				"PhiDegree": 163.36892385794042,
				"Power": -74.88910629214543
			}]
	}
}