{
	"SensorDataCollection": {
		"SensorId": 0,
		"SensorDatas": [{
				"Time": 4.7478709342542364e-7,
				"TimeDiff": 0.0,
				"PhiDegree": 133.11082383134004,
				"Power": -50.76944363762105
			}, {
				"Time": 8.447429994903333e-7,
				"TimeDiff": 3.699559060649097e-7,
				"PhiDegree": 158.69390433214448,
				"Power": -75.98750904653257
			}]
	}
}