{
	"SensorDataCollection": {
		"SensorId": 0,
		"SensorDatas": [{
				"Time": 3.7060348700116705e-7,
				"TimeDiff": 0.0,
				"PhiDegree": 124.08465992568479,
				"Power": -51.08878297330723
			}, {
				"Time": 4.0407293665087997e-7,
				"TimeDiff": 3.3469449649712924e-8,
				"PhiDegree": 120.93048928550054,
				"Power": -55.810605271156405
			}, {
				"Time": 4.3033134996902606e-7,
				"TimeDiff": 5.972786296785901e-8,
				"PhiDegree": 241.14241713860372,
				"Power": -58.55456492144101
			}, {
				"Time": 9.544873487243891e-7,
				"TimeDiff": 5.838838617232221e-7,
				"PhiDegree": 161.2419007167988,
				"Power": -82.56870390637869
			}]
	}
}