{
	"SensorDataCollection": {
		"SensorId": 0,
		"SensorDatas": [{
				"Time": 5.902739332022461e-7,
				"TimeDiff": 0.0,
				"PhiDegree": 144.62489428507266,
				"Power": -55.545315083820896
			}, {
				"Time": 5.16477043805902e-7,
				"TimeDiff": -7.379688939634416e-8,
				"PhiDegree": 61.01837935247777,
				"Power": -59.99810822452636
			}, {
				"Time": 6.566595745387001e-7,
				"TimeDiff": 6.6385641336454e-8,
				"PhiDegree": 335.7067315535845,
				"Power": -68.46870971765055
			}, {
				"Time": 6.612203599039867e-7,
				"TimeDiff": 7.094642670174053e-8,
				"PhiDegree": 162.3758743667893,
				"Power": -72.63140234807256
			}]
	}
}