{
	"SensorDataCollection": {
		"SensorId": 0,
		"SensorDatas": [{
				"Time": 5.921348447654981e-7,
				"TimeDiff": 0.0,
				"PhiDegree": 38.63621078004124,
				"Power": -53.87088468604627
			}, {
				"Time": 3.9240479074199335e-7,
				"TimeDiff": -1.9973005402350473e-7,
				"PhiDegree": 61.56435386611493,
				"Power": -55.16379148879747
			}, {
				"Time": 7.228286051903584e-7,
				"TimeDiff": 1.3069376042486029e-7,
				"PhiDegree": 163.64538559182623,
				"Power": -75.69083089414111
			}]
	}
}