{
	"SensorDataCollection": {
		"SensorId": 0,
		"SensorDatas": [{
				"Time": 5.342167808152048e-7,
				"TimeDiff": 0.0,
				"PhiDegree": 57.08531942405921,
				"Power": -56.4626246480657
			}, {
				"Time": 6.251880113884074e-7,
				"TimeDiff": 9.097123057320254e-8,
				"PhiDegree": 146.50024769875512,
				"Power": -57.36309574171824
			}, {
				"Time": 5.596594747830332e-7,
				"TimeDiff": 2.544269396782839e-8,
				"PhiDegree": 158.67382952909347,
				"Power": -58.84549582946349
			}, {
				"Time": 6.242578259608667e-7,
				"TimeDiff": 9.004104514566183e-8,
				"PhiDegree": 160.97119931180487,
				"Power": -69.84102658496991
			}]
	}
}