{
	"SensorDataCollection": {
		"SensorId": 0,
		"SensorDatas": [{
				"Time": 6.031088971193408e-7,
				"TimeDiff": 0.0,
				"PhiDegree": 145.10047888560257,
				"Power": -56.04236276158714
			}, {
				"Time": 5.20194876196682e-7,
				"TimeDiff": -8.291402092265882e-8,
				"PhiDegree": 59.55420644948719,
				"Power": -58.486386257550066
			}, {
				"Time": 6.702015199050727e-7,
				"TimeDiff": 6.709262278573189e-8,
				"PhiDegree": 335.91615669716214,
				"Power": -68.98453635060693
			}, {
				"Time": 6.495506153968977e-7,
				"TimeDiff": 4.6441718277556943e-8,
				"PhiDegree": 161.73891000131724,
				"Power": -71.40885908472444
			}]
	}
}