{
	"SensorDataCollection": {
		"SensorId": 0,
		"SensorDatas": [{
				"Time": 4.075604863877945e-7,
				"TimeDiff": 0.0,
				"PhiDegree": 57.849429555222564,
				"Power": -52.94808609441513
			}, {
				"Time": 6.940654261882657e-7,
				"TimeDiff": 2.865049398004712e-7,
				"PhiDegree": 162.94733144584964,
				"Power": -74.05435552024153
			}]
	}
}