{
	"SensorDataCollection": {
		"SensorId": 0,
		"SensorDatas": [{
				"Time": 3.918480211487664e-7,
				"TimeDiff": 0.0,
				"PhiDegree": 129.21374960887718,
				"Power": -49.701100327494956
			}, {
				"Time": 4.287588788322219e-7,
				"TimeDiff": 3.6910857683455496e-8,
				"PhiDegree": 125.29520404382644,
				"Power": -52.819774423118034
			}, {
				"Time": 4.4823672481086795e-7,
				"TimeDiff": 5.6388703662101565e-8,
				"PhiDegree": 236.448806686225,
				"Power": -54.43374260129198
			}, {
				"Time": 9.155529538170449e-7,
				"TimeDiff": 5.237049326682786e-7,
				"PhiDegree": 160.633839183737,
				"Power": -80.7973178201749
			}]
	}
}