{
	"SensorDataCollection": {
		"SensorId": 0,
		"SensorDatas": [{
				"Time": 5.360371955025337e-7,
				"TimeDiff": 0.0,
				"PhiDegree": 56.78592070002156,
				"Power": -56.25112822922796
			}, {
				"Time": 6.279730978759782e-7,
				"TimeDiff": 9.193590237344446e-8,
				"PhiDegree": 146.6682744545849,
				"Power": -57.532511394130665
			}, {
				"Time": 5.627689488472e-7,
				"TimeDiff": 2.6731753344666264e-8,
				"PhiDegree": 158.79737247375655,
				"Power": -58.9752954441514
			}, {
				"Time": 6.21104468495036e-7,
				"TimeDiff": 8.506727299250229e-8,
				"PhiDegree": 160.87084335120815,
				"Power": -69.64213891176178
			}]
	}
}