{
	"SensorDataCollection": {
		"SensorId": 0,
		"SensorDatas": [{
				"Time": 5.976479552245899e-7,
				"TimeDiff": 0.0,
				"PhiDegree": 144.73444501277461,
				"Power": -55.72317203425115
			}, {
				"Time": 5.168453906633088e-7,
				"TimeDiff": -8.080256456128111e-8,
				"PhiDegree": 60.19198905118324,
				"Power": -59.093360232856085
			}, {
				"Time": 6.641147339009133e-7,
				"TimeDiff": 6.646677867632341e-8,
				"PhiDegree": 335.68121603141753,
				"Power": -68.52586168082523
			}, {
				"Time": 6.558911553636097e-7,
				"TimeDiff": 5.8243200139019744e-8,
				"PhiDegree": 161.92157593364468,
				"Power": -71.7943855483626
			}]
	}
}