{
	"SensorDataCollection": {
		"SensorId": 0,
		"SensorDatas": [{
				"Time": 5.869369589530568e-7,
				"TimeDiff": 0.0,
				"PhiDegree": 39.04295254677729,
				"Power": -53.63269335826797
			}, {
				"Time": 3.9562593982316577e-7,
				"TimeDiff": -1.91311019129891e-7,
				"PhiDegree": 60.714476306894475,
				"Power": -54.58365959681397
			}, {
				"Time": 7.164278050522881e-7,
				"TimeDiff": 1.2949084609923131e-7,
				"PhiDegree": 163.49510796454211,
				"Power": -75.3314108211332
			}]
	}
}