{
	"SensorDataCollection": {
		"SensorId": 0,
		"SensorDatas": [{
				"Time": 5.306201615601056e-7,
				"TimeDiff": 0.0,
				"PhiDegree": 57.690238404522596,
				"Power": -56.911901786251974
			}, {
				"Time": 6.196341860358435e-7,
				"TimeDiff": 8.901402447573781e-8,
				"PhiDegree": 146.1596701292911,
				"Power": -57.026932815954126
			}, {
				"Time": 5.53448464299009e-7,
				"TimeDiff": 2.282830273890335e-8,
				"PhiDegree": 158.42258191875067,
				"Power": -58.584626434615345
			}, {
				"Time": 6.305702001490355e-7,
				"TimeDiff": 9.995003858892986e-8,
				"PhiDegree": 161.16889856041252,
				"Power": -70.23685885753879
			}]
	}
}