{
	"SensorDataCollection": {
		"SensorId": 0,
		"SensorDatas": [{
				"Time": 5.814169594204184e-7,
				"TimeDiff": 0.0,
				"PhiDegree": 143.5953073026428,
				"Power": -54.79740508205087
			}, {
				"Time": 5.071911831395163e-7,
				"TimeDiff": -7.422577628090215e-8,
				"PhiDegree": 62.15473582737596,
				"Power": -61.192176775376055
			}, {
				"Time": 6.749512703655355e-7,
				"TimeDiff": 9.353431094511712e-8,
				"PhiDegree": 162.4489573094637,
				"Power": -72.935689112105
			}]
	}
}