{
	"SensorDataCollection": {
		"SensorId": 0,
		"SensorDatas": [{
				"Time": 6.239119583749023e-7,
				"TimeDiff": 0.0,
				"PhiDegree": 36.33979351573795,
				"Power": -55.4467878630397
			}]
	}
}