{
	"SensorDataCollection": {
		"SensorId": 0,
		"SensorDatas": [{
				"Time": 3.6784479847285294e-7,
				"TimeDiff": 0.0,
				"PhiDegree": 124.37592000463111,
				"Power": -50.88446211556979
			}, {
				"Time": 4.069386934942334e-7,
				"TimeDiff": 3.9093895021380444e-8,
				"PhiDegree": 120.68901785871468,
				"Power": -56.10931541881965
			}, {
				"Time": 4.2741207932685234e-7,
				"TimeDiff": 5.95672808539994e-8,
				"PhiDegree": 240.92654108870914,
				"Power": -58.249385792713866
			}, {
				"Time": 9.534196085989751e-7,
				"TimeDiff": 5.855748101261222e-7,
				"PhiDegree": 161.43176619367765,
				"Power": -83.01195199690542
			}]
	}
}