{
	"SensorDataCollection": {
		"SensorId": 0,
		"SensorDatas": [{
				"Time": 3.8766355104606534e-7,
				"TimeDiff": 0.0,
				"PhiDegree": 128.44955200025365,
				"Power": -49.810554367886894
			}, {
				"Time": 4.2493803466965065e-7,
				"TimeDiff": 3.727448362358531e-8,
				"PhiDegree": 124.56079570464375,
				"Power": -53.232134262891094
			}, {
				"Time": 4.445833089541431e-7,
				"TimeDiff": 5.691975790807774e-8,
				"PhiDegree": 237.16556026655786,
				"Power": -54.932743564255446
			}, {
				"Time": 9.218513098632846e-7,
				"TimeDiff": 5.341877588172193e-7,
				"PhiDegree": 160.77137680127504,
				"Power": -81.17035052612579
			}]
	}
}