{
	"SensorDataCollection": {
		"SensorId": 0,
		"SensorDatas": [{
				"Time": 6.105533937892845e-7,
				"TimeDiff": 0.0,
				"PhiDegree": 37.267561169608385,
				"Power": -54.76226576863128
			}, {
				"Time": 7.452690499846987e-7,
				"TimeDiff": 1.347156561954142e-7,
				"PhiDegree": 164.15100863663508,
				"Power": -76.93010429752638
			}]
	}
}