{
	"SensorDataCollection": {
		"SensorId": 0,
		"SensorDatas": [{
				"Time": 4.160253019154277e-7,
				"TimeDiff": 0.0,
				"PhiDegree": 133.13323896933113,
				"Power": -49.58140768694092
			}, {
				"Time": 4.509615907514548e-7,
				"TimeDiff": 3.493628883602713e-8,
				"PhiDegree": 129.1040584091552,
				"Power": -51.320499015059895
			}, {
				"Time": 8.810106760006972e-7,
				"TimeDiff": 4.649853740852695e-7,
				"PhiDegree": 159.8422911211172,
				"Power": -78.71767367013108
			}]
	}
}