{
	"SensorDataCollection": {
		"SensorId": 0,
		"SensorDatas": [{
				"Time": 4.0260295585245395e-7,
				"TimeDiff": 0.0,
				"PhiDegree": 131.05361248825224,
				"Power": -49.553435997147375
			}, {
				"Time": 4.3860967221482106e-7,
				"TimeDiff": 3.6006716362367115e-8,
				"PhiDegree": 127.07423253077918,
				"Power": -51.98816618443965
			}, {
				"Time": 4.5766847155129955e-7,
				"TimeDiff": 5.5065515698845604e-8,
				"PhiDegree": 234.70793189888846,
				"Power": -53.3885422221899
			}, {
				"Time": 8.998307100898506e-7,
				"TimeDiff": 4.972277542373966e-7,
				"PhiDegree": 160.28157872948614,
				"Power": -79.85787778356551
			}]
	}
}