{
	"SensorDataCollection": {
		"SensorId": 0,
		"SensorDatas": [{
				"Time": 3.7165348314417624e-7,
				"TimeDiff": 0.0,
				"PhiDegree": 125.2250584353139,
				"Power": -50.59094079313252
			}, {
				"Time": 4.103847171039126e-7,
				"TimeDiff": 3.873123395973635e-8,
				"PhiDegree": 121.49025012119428,
				"Power": -55.413325184778
			}, {
				"Time": 4.3069432469463564e-7,
				"TimeDiff": 5.904084155045941e-8,
				"PhiDegree": 240.15062194427728,
				"Power": -57.465039452727424
			}, {
				"Time": 9.470960863125724e-7,
				"TimeDiff": 5.754426031683962e-7,
				"PhiDegree": 161.30321157987365,
				"Power": -82.64677315789505
			}]
	}
}