{
	"SensorDataCollection": {
		"SensorId": 0,
		"SensorDatas": [{
				"Time": 4.1375121427940167e-7,
				"TimeDiff": 0.0,
				"PhiDegree": 132.7960456894452,
				"Power": -49.562901579459876
			}, {
				"Time": 4.4886453615421574e-7,
				"TimeDiff": 3.511332187481407e-8,
				"PhiDegree": 128.77355038798447,
				"Power": -51.40916117782413
			}, {
				"Time": 8.841436881367813e-7,
				"TimeDiff": 4.7039247385737966e-7,
				"PhiDegree": 159.91680403205277,
				"Power": -78.90867858734946
			}]
	}
}