{
	"SensorDataCollection": {
		"SensorId": 0,
		"SensorDatas": [{
				"Time": 5.895033341259894e-7,
				"TimeDiff": 0.0,
				"PhiDegree": 144.17271709509671,
				"Power": -55.253978597827825
			}, {
				"Time": 5.119431886986427e-7,
				"TimeDiff": -7.756014542734671e-8,
				"PhiDegree": 61.16410953842449,
				"Power": -60.08836217255836
			}, {
				"Time": 6.55005977986601e-7,
				"TimeDiff": 6.550264386061152e-8,
				"PhiDegree": 335.32062804886925,
				"Power": -67.83562868746972
			}, {
				"Time": 6.654141672138334e-7,
				"TimeDiff": 7.591083308784399e-8,
				"PhiDegree": 162.18904318459215,
				"Power": -72.36789025871737
			}]
	}
}