{
	"SensorDataCollection": {
		"SensorId": 0,
		"SensorDatas": [{
				"Time": 6.347121192325577e-7,
				"TimeDiff": 0.0,
				"PhiDegree": 35.62584263628602,
				"Power": -56.01873249289852
			}]
	}
}