{
	"SensorDataCollection": {
		"SensorId": 0,
		"SensorDatas": [{
				"Time": 6.058484736442864e-7,
				"TimeDiff": 0.0,
				"PhiDegree": 145.28101764993434,
				"Power": -56.20374632270338
			}, {
				"Time": 5.218935566179991e-7,
				"TimeDiff": -8.395491702628725e-8,
				"PhiDegree": 59.2384046395307,
				"Power": -58.19895361842953
			}, {
				"Time": 6.732490813695039e-7,
				"TimeDiff": 6.74006077252175e-8,
				"PhiDegree": 336.0320329984849,
				"Power": -69.21340276136945
			}, {
				"Time": 6.463828576269984e-7,
				"TimeDiff": 4.053438398271203e-8,
				"PhiDegree": 161.64623364297123,
				"Power": -71.21513483116243
			}]
	}
}