{
	"SensorDataCollection": {
		"SensorId": 0,
		"SensorDatas": [{
				"Time": 6.374272317781977e-7,
				"TimeDiff": 0.0,
				"PhiDegree": 35.45114361495524,
				"Power": -56.16475779814442
			}]
	}
}