{
	"SensorDataCollection": {
		"SensorId": 0,
		"SensorDatas": [{
				"Time": 5.947448311823121e-7,
				"TimeDiff": 0.0,
				"PhiDegree": 38.435511046161444,
				"Power": -53.9928925363952
			}, {
				"Time": 3.908269912606305e-7,
				"TimeDiff": -2.0391783992168158e-7,
				"PhiDegree": 61.994498718279445,
				"Power": -55.474871646069175
			}, {
				"Time": 7.260308453010491e-7,
				"TimeDiff": 1.3128601411873697e-7,
				"PhiDegree": 163.71953049763073,
				"Power": -75.8696434910525
			}]
	}
}