{
	"SensorDataCollection": {
		"SensorId": 0,
		"SensorDatas": [{
				"Time": 3.939659790450191e-7,
				"TimeDiff": 0.0,
				"PhiDegree": 129.5897273796837,
				"Power": -49.65766399099806
			}, {
				"Time": 4.3069536466528215e-7,
				"TimeDiff": 3.672938562026304e-8,
				"PhiDegree": 125.65749209695144,
				"Power": -52.63136744117487
			}, {
				"Time": 4.500894160451567e-7,
				"TimeDiff": 5.6123437000137566e-8,
				"PhiDegree": 236.09482103018834,
				"Power": -54.20225242325131
			}, {
				"Time": 9.124057746686856e-7,
				"TimeDiff": 5.184397956236666e-7,
				"PhiDegree": 160.5643585065474,
				"Power": -80.61021306157157
			}]
	}
}