{
	"SensorDataCollection": {
		"SensorId": 0,
		"SensorDatas": [{
				"Time": 5.86801284799822e-7,
				"TimeDiff": 0.0,
				"PhiDegree": 143.98201609070153,
				"Power": -55.100321071896104
			}, {
				"Time": 5.103422884363973e-7,
				"TimeDiff": -7.645899636342472e-8,
				"PhiDegree": 61.492264873613124,
				"Power": -60.44377989450891
			}, {
				"Time": 6.685916656577404e-7,
				"TimeDiff": 8.179038085791843e-8,
				"PhiDegree": 162.27650505617996,
				"Power": -72.5577883847134
			}]
	}
}