{
	"SensorDataCollection": {
		"SensorId": 0,
		"SensorDatas": [{
				"Time": 6.113454298080209e-7,
				"TimeDiff": 0.0,
				"PhiDegree": 145.6372321597634,
				"Power": -56.52988412099515
			}, {
				"Time": 5.253380187464312e-7,
				"TimeDiff": -8.600741106158966e-8,
				"PhiDegree": 58.61297526553628,
				"Power": -57.65486284380785
			}, {
				"Time": 6.400524908489854e-7,
				"TimeDiff": 2.8707061040964555e-8,
				"PhiDegree": 161.45813010975863,
				"Power": -70.82575838212134
			}]
	}
}