{
	"SensorDataCollection": {
		"SensorId": 0,
		"SensorDatas": [{
				"Time": 4.111504699223337e-7,
				"TimeDiff": 0.0,
				"PhiDegree": 57.062056946046745,
				"Power": -52.58072226159359
			}, {
				"Time": 5.707300085670504e-7,
				"TimeDiff": 1.5957953864471677e-7,
				"PhiDegree": 142.80009144626356,
				"Power": -54.21061157740118
			}, {
				"Time": 6.87688314274355e-7,
				"TimeDiff": 2.765378443520213e-7,
				"PhiDegree": 162.78428545453284,
				"Power": -73.68395766809934
			}]
	}
}