{
	"SensorDataCollection": {
		"SensorId": 0,
		"SensorDatas": [{
				"Time": 3.697389896547209e-7,
				"TimeDiff": 0.0,
				"PhiDegree": 124.80267594562133,
				"Power": -50.73224871244258
			}, {
				"Time": 4.0865171597602974e-7,
				"TimeDiff": 3.891272632130883e-8,
				"PhiDegree": 121.0913231072934,
				"Power": -55.75304870062946
			}, {
				"Time": 4.290433664116758e-7,
				"TimeDiff": 5.930437675695491e-8,
				"PhiDegree": 240.53709755370738,
				"Power": -57.84893503602569
			}, {
				"Time": 9.50257249489492e-7,
				"TimeDiff": 5.805182598347711e-7,
				"PhiDegree": 161.3677027545981,
				"Power": -82.82955876303971
			}]
	}
}