{
	"SensorDataCollection": {
		"SensorId": 0,
		"SensorDatas": [{
				"Time": 5.843492560252645e-7,
				"TimeDiff": 0.0,
				"PhiDegree": 39.249031759497804,
				"Power": -53.516626435640845
			}, {
				"Time": 3.972687579274614e-7,
				"TimeDiff": -1.8708049809780304e-7,
				"PhiDegree": 60.29475191061088,
				"Power": -54.31366719935863
			}, {
				"Time": 7.132292780514248e-7,
				"TimeDiff": 1.288800220261603e-7,
				"PhiDegree": 163.41895792520705,
				"Power": -75.15079871375336
			}]
	}
}