{
	"SensorDataCollection": {
		"SensorId": 0,
		"SensorDatas": [{
				"Time": 5.841057961488917e-7,
				"TimeDiff": 0.0,
				"PhiDegree": 143.7895528716972,
				"Power": -54.94811331369783
			}, {
				"Time": 5.087582339707223e-7,
				"TimeDiff": -7.534756217816935e-8,
				"PhiDegree": 61.82247456655428,
				"Power": -60.811605842005235
			}, {
				"Time": 6.717707073102018e-7,
				"TimeDiff": 8.766491116131013e-8,
				"PhiDegree": 162.36313933092057,
				"Power": -72.74705410721972
			}]
	}
}