{
	"SensorDataCollection": {
		"SensorId": 0,
		"SensorDatas": [{
				"Time": 5.922118543254081e-7,
				"TimeDiff": 0.0,
				"PhiDegree": 144.36167580947628,
				"Power": -55.409037470110206
			}, {
				"Time": 5.135607772195169e-7,
				"TimeDiff": -7.865107710589116e-8,
				"PhiDegree": 60.838010777165444,
				"Power": -59.74502743759997
			}, {
				"Time": 6.580393207896252e-7,
				"TimeDiff": 6.582746646421712e-8,
				"PhiDegree": 335.4419330543119,
				"Power": -68.06599003243821
			}, {
				"Time": 6.622382341919801e-7,
				"TimeDiff": 7.002637986657203e-8,
				"PhiDegree": 162.1007422139972,
				"Power": -72.17735810521802
			}]
	}
}