{
	"SensorDataCollection": {
		"SensorId": 0,
		"SensorDatas": [{
				"Time": 5.895321881863527e-7,
				"TimeDiff": 0.0,
				"PhiDegree": 38.838685108114404,
				"Power": -53.75079911816346
			}, {
				"Time": 3.94004528973517e-7,
				"TimeDiff": -1.9552765921283565e-7,
				"PhiDegree": 61.13767807777697,
				"Power": -54.866881050235676
			}, {
				"Time": 7.196275863175805e-7,
				"TimeDiff": 1.300953981312278e-7,
				"PhiDegree": 163.5705809429661,
				"Power": -75.51142078016349
			}]
	}
}