{
	"SensorDataCollection": {
		"SensorId": 0,
		"SensorDatas": [{
				"Time": 5.766323168567659e-7,
				"TimeDiff": 0.0,
				"PhiDegree": 39.878328838353816,
				"Power": -53.18127241445998
			}, {
				"Time": 4.0232301630367936e-7,
				"TimeDiff": -1.7430930055308655e-7,
				"PhiDegree": 59.056453618592016,
				"Power": -53.57875090554998
			}, {
				"Time": 7.036413936463492e-7,
				"TimeDiff": 1.2700907678958326e-7,
				"PhiDegree": 163.1863558931673,
				"Power": -74.60532687478477
			}]
	}
}