{
	"SensorDataCollection": {
		"SensorId": 0,
		"SensorDatas": [{
				"Time": 6.185491562391261e-7,
				"TimeDiff": 0.0,
				"PhiDegree": 36.70608989741007,
				"Power": -55.16866896503316
			}]
	}
}