{
	"SensorDataCollection": {
		"SensorId": 0,
		"SensorDatas": [{
				"Time": 3.897471193818529e-7,
				"TimeDiff": 0.0,
				"PhiDegree": 128.8337019668349,
				"Power": -49.751977135115
			}, {
				"Time": 4.268396907103558e-7,
				"TimeDiff": 3.709257132850286e-8,
				"PhiDegree": 124.9296433721734,
				"Power": -53.0199089342712
			}, {
				"Time": 4.464012845606765e-7,
				"TimeDiff": 5.665416517882357e-8,
				"PhiDegree": 236.8057169809355,
				"Power": -54.67712224097028
			}, {
				"Time": 9.187014701155171e-7,
				"TimeDiff": 5.289543507336642e-7,
				"PhiDegree": 160.7028437221487,
				"Power": -80.98403037841177
			}]
	}
}