{
	"SensorDataCollection": {
		"SensorId": 0,
		"SensorDatas": [{
				"Time": 4.048021650171264e-7,
				"TimeDiff": 0.0,
				"PhiDegree": 131.4097505907683,
				"Power": -49.54360936610061
			}, {
				"Time": 4.406292061380097e-7,
				"TimeDiff": 3.5827041120883285e-8,
				"PhiDegree": 127.42039948018837,
				"Power": -51.85335763879469
			}, {
				"Time": 8.966904287440433e-7,
				"TimeDiff": 4.918882637269169e-7,
				"PhiDegree": 160.2096450627481,
				"Power": -79.66881675113879
			}]
	}
}