{
	"SensorDataCollection": {
		"SensorId": 0,
		"SensorDatas": [{
				"Time": 4.040488295141248e-7,
				"TimeDiff": 0.0,
				"PhiDegree": 58.650642072063455,
				"Power": -53.35744878080182
			}, {
				"Time": 7.004480562397705e-7,
				"TimeDiff": 2.963992267256457e-7,
				"PhiDegree": 163.10740729509467,
				"Power": -74.42228369532053
			}]
	}
}