{
	"SensorDataCollection": {
		"SensorId": 0,
		"SensorDatas": [{
				"Time": 4.114916149285191e-7,
				"TimeDiff": 0.0,
				"PhiDegree": 132.45513727498135,
				"Power": -49.549681908551605
			}, {
				"Time": 4.4678255746586684e-7,
				"TimeDiff": 3.529094253734772e-8,
				"PhiDegree": 128.43995088632903,
				"Power": -51.50651230228672
			}, {
				"Time": 8.872781850535714e-7,
				"TimeDiff": 4.7578657012505224e-7,
				"PhiDegree": 159.99079060230707,
				"Power": -79.09929603600648
			}]
	}
}