{
	"SensorDataCollection": {
		"SensorId": 0,
		"SensorDatas": [{
				"Time": 3.98251972553969e-7,
				"TimeDiff": 0.0,
				"PhiDegree": 130.3296066164898,
				"Power": -49.59211818997214
			}, {
				"Time": 4.3461930254233663e-7,
				"TimeDiff": 3.636732998836765e-8,
				"PhiDegree": 126.37231177079582,
				"Power": -52.28834353851593
			}, {
				"Time": 4.5384570443499524e-7,
				"TimeDiff": 5.559373188102625e-8,
				"PhiDegree": 235.3955864719219,
				"Power": -53.773589771901484
			}, {
				"Time": 9.06115483547707e-7,
				"TimeDiff": 5.07863510993738e-7,
				"PhiDegree": 160.4239497209815,
				"Power": -80.23482800367405
			}]
	}
}