{
	"SensorDataCollection": {
		"SensorId": 0,
		"SensorDatas": [{
				"Time": 4.1667786701298543e-7,
				"TimeDiff": 0.0,
				"PhiDegree": 55.90679901380085,
				"Power": -52.10277223411799
			}, {
				"Time": 5.78734867330095e-7,
				"TimeDiff": 1.6205700031710958e-7,
				"PhiDegree": 143.39925903733402,
				"Power": -54.648247511368425
			}, {
				"Time": 5.056412940325001e-7,
				"TimeDiff": 8.896342701951465e-8,
				"PhiDegree": 62.48904527951998,
				"Power": -61.58584158168483
			}, {
				"Time": 6.781333334168118e-7,
				"TimeDiff": 2.614554664038264e-7,
				"PhiDegree": 162.53397009515407,
				"Power": -73.12369514400348
			}]
	}
}