{
	"SensorDataCollection": {
		"SensorId": 0,
		"SensorDatas": [{
				"Time": 5.378721477961351e-7,
				"TimeDiff": 0.0,
				"PhiDegree": 56.488556701289,
				"Power": -56.048111653179035
			}, {
				"Time": 6.307635373759801e-7,
				"TimeDiff": 9.289138957984497e-8,
				"PhiDegree": 146.83481596255484,
				"Power": -57.70277202515507
			}, {
				"Time": 5.658810106494904e-7,
				"TimeDiff": 2.8008862853355253e-8,
				"PhiDegree": 158.91955713281112,
				"Power": -59.104670339973666
			}, {
				"Time": 6.179530359586878e-7,
				"TimeDiff": 8.008088816255272e-8,
				"PhiDegree": 160.7694634876978,
				"Power": -69.4426030377655
			}]
	}
}