{
	"SensorDataCollection": {
		"SensorId": 0,
		"SensorDatas": [{
				"Time": 5.973620513605111e-7,
				"TimeDiff": 0.0,
				"PhiDegree": 38.236567539020335,
				"Power": -54.11676660743598
			}, {
				"Time": 3.8927139729673277e-7,
				"TimeDiff": -2.080906540637783e-7,
				"PhiDegree": 62.428106035702,
				"Power": -55.80062446169717
			}, {
				"Time": 7.292342905614198e-7,
				"TimeDiff": 1.3187223920090875e-7,
				"PhiDegree": 163.79302410493452,
				"Power": -76.04786092195445
			}]
	}
}