{
	"SensorDataCollection": {
		"SensorId": 0,
		"SensorDatas": [{
				"Time": 5.949267570183439e-7,
				"TimeDiff": 0.0,
				"PhiDegree": 144.5489119476396,
				"Power": -55.56545056776068
			}, {
				"Time": 5.15194896807644e-7,
				"TimeDiff": -7.973186021069988e-8,
				"PhiDegree": 60.51397024539301,
				"Power": -59.41346140825641
			}, {
				"Time": 6.610755861225734e-7,
				"TimeDiff": 6.61488291042295e-8,
				"PhiDegree": 335.5621243067308,
				"Power": -68.29607089784977
			}, {
				"Time": 6.590638892228043e-7,
				"TimeDiff": 6.413713220446048e-8,
				"PhiDegree": 162.01159043641724,
				"Power": -71.9861903652735
			}]
	}
}