{
	"SensorDataCollection": {
		"SensorId": 0,
		"SensorDatas": [{
				"Time": 6.026178157386269e-7,
				"TimeDiff": 0.0,
				"PhiDegree": 37.84387648986297,
				"Power": -54.36989625116399
			}, {
				"Time": 7.356447335498124e-7,
				"TimeDiff": 1.3302691781118551e-7,
				"PhiDegree": 163.93809050935022,
				"Power": -76.40251979604598
			}]
	}
}