{
	"SensorDataCollection": {
		"SensorId": 0,
		"SensorDatas": [{
				"Time": 3.73587966816984e-7,
				"TimeDiff": 0.0,
				"PhiDegree": 125.64308915327183,
				"Power": -50.460159899282715
			}, {
				"Time": 4.121374448526945e-7,
				"TimeDiff": 3.854947803571048e-8,
				"PhiDegree": 121.8858030820558,
				"Power": -55.089620476466536
			}, {
				"Time": 4.323647288359883e-7,
				"TimeDiff": 5.8776762019004304e-8,
				"PhiDegree": 239.76711522829711,
				"Power": -57.097190926202785
			}, {
				"Time": 9.439361310834503e-7,
				"TimeDiff": 5.703481642664663e-7,
				"PhiDegree": 161.23828853639026,
				"Power": -82.4635950190088
			}]
	}
}