{
	"SensorDataCollection": {
		"SensorId": 0,
		"SensorDatas": [{
				"Time": 4.004194721472194e-7,
				"TimeDiff": 0.0,
				"PhiDegree": 130.69357631267954,
				"Power": -49.56953296725197
			}, {
				"Time": 4.3660629653489617e-7,
				"TimeDiff": 3.618682438767679e-8,
				"PhiDegree": 126.72487594453735,
				"Power": -52.133059100482555
			}, {
				"Time": 4.557488820234532e-7,
				"TimeDiff": 5.5329409876233806e-8,
				"PhiDegree": 235.0503172029803,
				"Power": -53.57576952100497
			}, {
				"Time": 9.029723999078693e-7,
				"TimeDiff": 5.025529277606499e-7,
				"PhiDegree": 160.35301195406765,
				"Power": -80.04654834841392
			}]
	}
}