{
	"SensorDataCollection": {
		"SensorId": 0,
		"SensorDatas": [{
				"Time": 4.1297419759123313e-7,
				"TimeDiff": 0.0,
				"PhiDegree": 56.67354075748406,
				"Power": -52.41196751174596
			}, {
				"Time": 5.733912954102226e-7,
				"TimeDiff": 1.6041709781898944e-7,
				"PhiDegree": 143.00167198084287,
				"Power": -54.354796005665406
			}, {
				"Time": 6.845018758204564e-7,
				"TimeDiff": 2.715276782292233e-7,
				"PhiDegree": 162.70162353937,
				"Power": -73.49782754351605
			}]
	}
}