{
	"SensorDataCollection": {
		"SensorId": 0,
		"SensorDatas": [{
				"Time": 6.168655943534011e-7,
				"TimeDiff": 0.0,
				"PhiDegree": 145.98708465571673,
				"Power": -56.86025455597796
			}, {
				"Time": 5.288442576612187e-7,
				"TimeDiff": -8.802133669218235e-8,
				"PhiDegree": 57.99576634930444,
				"Power": -57.15012050703848
			}, {
				"Time": 6.337291605013258e-7,
				"TimeDiff": 1.6863566147924747e-8,
				"PhiDegree": 161.2662706913899,
				"Power": -70.43380451868535
			}]
	}
}