{
	"SensorDataCollection": {
		"SensorId": 0,
		"SensorDatas": [{
				"Time": 3.961007194723856e-7,
				"TimeDiff": 0.0,
				"PhiDegree": 129.96166844331137,
				"Power": -49.62141730293821
			}, {
				"Time": 4.326489159420157e-7,
				"TimeDiff": 3.6548196469630126e-8,
				"PhiDegree": 126.01652269940635,
				"Power": -52.45433693214426
			}, {
				"Time": 4.5195914611556563e-7,
				"TimeDiff": 5.585842664318005e-8,
				"PhiDegree": 235.74375090383626,
				"Power": -53.98231123133807
			}, {
				"Time": 9.092599465550856e-7,
				"TimeDiff": 5.131592270827e-7,
				"PhiDegree": 160.49439695188778,
				"Power": -80.4227163564546
			}]
	}
}