{
	"SensorDataCollection": {
		"SensorId": 0,
		"SensorDatas": [{
				"Time": 5.999864106362273e-7,
				"TimeDiff": 0.0,
				"PhiDegree": 38.03936204180236,
				"Power": -54.242452262277965
			}, {
				"Time": 7.324389251586943e-7,
				"TimeDiff": 1.3245251452246698e-7,
				"PhiDegree": 163.8658747191595,
				"Power": -76.22548555942001
			}]
	}
}