{
	"SensorDataCollection": {
		"SensorId": 0,
		"SensorDatas": [{
				"Time": 6.266027991440499e-7,
				"TimeDiff": 0.0,
				"PhiDegree": 36.15900023590705,
				"Power": -55.58787213878574
			}]
	}
}