{
	"SensorDataCollection": {
		"SensorId": 0,
		"SensorDatas": [{
				"Time": 4.183136415477157e-7,
				"TimeDiff": 0.0,
				"PhiDegree": 133.46675453676943,
				"Power": -49.60502274065007
			}, {
				"Time": 4.5307351192071544e-7,
				"TimeDiff": 3.4759870372999726e-8,
				"PhiDegree": 129.43149603351247,
				"Power": -51.24027231684657
			}, {
				"Time": 8.778791645421625e-7,
				"TimeDiff": 4.595655229944468e-7,
				"PhiDegree": 159.76724648762405,
				"Power": -78.52628205297293
			}]
	}
}