{
	"SensorDataCollection": {
		"SensorId": 0,
		"SensorDatas": [{
				"Time": 6.141026500875826e-7,
				"TimeDiff": 0.0,
				"PhiDegree": 145.81294461194548,
				"Power": -56.69455935262235
			}, {
				"Time": 5.270834926492797e-7,
				"TimeDiff": -8.701915743830292e-8,
				"PhiDegree": 58.30334437067582,
				"Power": -57.39769559069114
			}, {
				"Time": 6.368899330169857e-7,
				"TimeDiff": 2.278728292940303e-8,
				"PhiDegree": 161.36267661704943,
				"Power": -70.63010409194912
			}]
	}
}