{
	"SensorDataCollection": {
		"SensorId": 0,
		"SensorDatas": [{
				"Time": 8.578479066374569e-8,
				"TimeDiff": 0.0,
				"PhiDegree": 193.49573328079578,
				"Power": -35.75665613229585
			}, {
				"Time": 9.722066591228423e-8,
				"TimeDiff": 1.1435875248538545e-8,
				"PhiDegree": 210.90642637358687,
				"Power": -39.07219155343236
			}, {
				"Time": 4.1265103338674394e-7,
				"TimeDiff": 3.2686624272299825e-7,
				"PhiDegree": 51.421806105958645,
				"Power": -50.75808070089701
			}, {
				"Time": 3.332035423046461e-7,
				"TimeDiff": 2.4741875164090044e-7,
				"PhiDegree": 104.49796402423281,
				"Power": -60.15823866284498
			}]
	}
}