{
	"SensorDataCollection": {
		"SensorId": 0,
		"SensorDatas": [{
				"Time": 5.314188276485279e-7,
				"TimeDiff": 0.0,
				"PhiDegree": 56.88983714358827,
				"Power": -56.2588601361244
			}, {
				"Time": 6.27035788551359e-7,
				"TimeDiff": 9.561696090283102e-8,
				"PhiDegree": 146.246004626953,
				"Power": -57.19482249019809
			}, {
				"Time": 6.253536712153265e-7,
				"TimeDiff": 9.39348435667986e-8,
				"PhiDegree": 160.68219576563294,
				"Power": -69.41318176273585
			}]
	}
}