{
	"SensorDataCollection": {
		"SensorId": 0,
		"SensorDatas": [{
				"Time": 6.104920156276359e-7,
				"TimeDiff": 0.0,
				"PhiDegree": 145.20197750041862,
				"Power": -56.216356198612004
			}, {
				"Time": 5.207530388650729e-7,
				"TimeDiff": -8.973897676256301e-8,
				"PhiDegree": 58.73516999141835,
				"Power": -57.69369716434139
			}, {
				"Time": 6.776555595791318e-7,
				"TimeDiff": 6.71635439514959e-8,
				"PhiDegree": 335.88884724555396,
				"Power": -69.03618104909175
			}, {
				"Time": 6.442804067249323e-7,
				"TimeDiff": 3.378839109729637e-8,
				"PhiDegree": 161.27116380053317,
				"Power": -70.58497339123238
			}]
	}
}