{
	"SensorDataCollection": {
		"SensorId": 0,
		"SensorDatas": [{
				"Time": 4.1395475532694266e-7,
				"TimeDiff": 0.0,
				"PhiDegree": 57.31316710946355,
				"Power": -52.77775790144845
			}, {
				"Time": 5.727535012720382e-7,
				"TimeDiff": 1.5879874594509556e-7,
				"PhiDegree": 142.5342218823742,
				"Power": -54.10873067253658
			}, {
				"Time": 6.886832351804441e-7,
				"TimeDiff": 2.7472847985350143e-7,
				"PhiDegree": 162.51912589520128,
				"Power": -73.23202198062691
			}]
	}
}