{
	"SensorDataCollection": {
		"SensorId": 0,
		"SensorDatas": [{
				"Time": 5.968682239462885e-7,
				"TimeDiff": 0.0,
				"PhiDegree": 144.28799307934244,
				"Power": -55.431827000263155
			}, {
				"Time": 5.122930637549313e-7,
				"TimeDiff": -8.457516019135713e-8,
				"PhiDegree": 60.33028846829688,
				"Power": -59.164851052960714
			}, {
				"Time": 6.624629406949293e-7,
				"TimeDiff": 6.559471674864081e-8,
				"PhiDegree": 335.2993945089743,
				"Power": -67.90082410997078
			}, {
				"Time": 6.601019549331664e-7,
				"TimeDiff": 6.323373098687792e-8,
				"PhiDegree": 161.7361309624608,
				"Power": -71.54426882323625
			}]
	}
}