{
	"SensorDataCollection": {
		"SensorId": 0,
		"SensorDatas": [{
				"Time": 5.887695460731262e-7,
				"TimeDiff": 0.0,
				"PhiDegree": 143.71938450615957,
				"Power": -54.97692205049606
			}, {
				"Time": 5.074127046510307e-7,
				"TimeDiff": -8.135684142209548e-8,
				"PhiDegree": 61.312443030799514,
				"Power": -60.18291264540818
			}, {
				"Time": 6.696149611650645e-7,
				"TimeDiff": 8.084541509193826e-8,
				"PhiDegree": 162.00455421220727,
				"Power": -72.11239074886586
			}]
	}
}