{
	"SensorDataCollection": {
		"SensorId": 0,
		"SensorDatas": [{
				"Time": 5.332487941261535e-7,
				"TimeDiff": 0.0,
				"PhiDegree": 56.589539242638715,
				"Power": -56.05140524630154
			}, {
				"Time": 6.298127040608075e-7,
				"TimeDiff": 9.656390993465396e-8,
				"PhiDegree": 146.41466214228853,
				"Power": -57.361297467122526
			}, {
				"Time": 5.639842822416963e-7,
				"TimeDiff": 3.073548811554277e-8,
				"PhiDegree": 158.4813438311822,
				"Power": -58.78650625496971
			}, {
				"Time": 6.222058675499614e-7,
				"TimeDiff": 8.89570734238079e-8,
				"PhiDegree": 160.58055360794853,
				"Power": -69.21568730986462
			}]
	}
}