{
	"SensorDataCollection": {
		"SensorId": 0,
		"SensorDatas": [{
				"Time": 4.682561491750415e-7,
				"TimeDiff": 0.0,
				"PhiDegree": 131.6394388196129,
				"Power": -50.895150026185064
			}, {
				"Time": 8.560019857722157e-7,
				"TimeDiff": 3.877458365971742e-7,
				"PhiDegree": 159.22657881751974,
				"Power": -77.17579078408689
			}]
	}
}