{
	"SensorDataCollection": {
		"SensorId": 0,
		"SensorDatas": [{
				"Time": 5.296035599168679e-7,
				"TimeDiff": 0.0,
				"PhiDegree": 57.192201998749645,
				"Power": -56.47499581661407
			}, {
				"Time": 6.242643545862663e-7,
				"TimeDiff": 9.466079466939838e-8,
				"PhiDegree": 146.07584810952216,
				"Power": -57.02925919041891
			}, {
				"Time": 6.285034231778835e-7,
				"TimeDiff": 9.889986326101558e-8,
				"PhiDegree": 160.78281947571637,
				"Power": -69.61004845334132
			}]
	}
}