{
	"SensorDataCollection": {
		"SensorId": 0,
		"SensorDatas": [{
				"Time": 4.1216237923173753e-7,
				"TimeDiff": 0.0,
				"PhiDegree": 57.70355015929082,
				"Power": -52.961021014357414
			}, {
				"Time": 6.918665076164101e-7,
				"TimeDiff": 2.7970412838467254e-7,
				"PhiDegree": 162.60212851258785,
				"Power": -73.41649160322838
			}]
	}
}