{
	"SensorDataCollection": {
		"SensorId": 0,
		"SensorDatas": [{
				"Time": 4.887247133244427e-7,
				"TimeDiff": 0.0,
				"PhiDegree": 134.271414749396,
				"Power": -50.92419255826675
			}, {
				"Time": 8.279929424641032e-7,
				"TimeDiff": 3.392682291396605e-7,
				"PhiDegree": 158.48954314303916,
				"Power": -75.41230716226758
			}]
	}
}