{
	"SensorDataCollection": {
		"SensorId": 0,
		"SensorDatas": [{
				"Time": 4.910596952705512e-7,
				"TimeDiff": 0.0,
				"PhiDegree": 134.55017931330346,
				"Power": -50.95515686484231
			}, {
				"Time": 8.248896029860379e-7,
				"TimeDiff": 3.3382990771548677e-7,
				"PhiDegree": 158.40456384798867,
				"Power": -75.2145249513338
			}]
	}
}