{
	"SensorDataCollection": {
		"SensorId": 0,
		"SensorDatas": [{
				"Time": 6.077550522682183e-7,
				"TimeDiff": 0.0,
				"PhiDegree": 145.02246241046967,
				"Power": -56.057019642002246
			}, {
				"Time": 5.190291763611752e-7,
				"TimeDiff": -8.872587590704316e-8,
				"PhiDegree": 59.050014213870206,
				"Power": -57.96670038788935
			}, {
				"Time": 6.74611401320605e-7,
				"TimeDiff": 6.685634905238665e-8,
				"PhiDegree": 335.77308164481497,
				"Power": -68.80968990822475
			}, {
				"Time": 6.474412556079073e-7,
				"TimeDiff": 3.9686203339688955e-8,
				"PhiDegree": 161.36597472002418,
				"Power": -70.77807987299514
			}]
	}
}