{
	"SensorDataCollection": {
		"SensorId": 0,
		"SensorDatas": [{
				"Time": 5.914626036243466e-7,
				"TimeDiff": 0.0,
				"PhiDegree": 143.9106501621834,
				"Power": -55.12713275079467
			}, {
				"Time": 5.090228186729053e-7,
				"TimeDiff": -8.243978495144125e-8,
				"PhiDegree": 60.98296919487483,
				"Power": -59.83157737615515
			}, {
				"Time": 6.664423416605358e-7,
				"TimeDiff": 7.497973803618927e-8,
				"PhiDegree": 161.91593132450708,
				"Power": -71.92363534723236
			}]
	}
}