{
	"SensorDataCollection": {
		"SensorId": 0,
		"SensorDatas": [{
				"Time": 5.860831098361085e-7,
				"TimeDiff": 0.0,
				"PhiDegree": 143.5263632692872,
				"Power": -54.82820030496998
			}, {
				"Time": 5.05819475809091e-7,
				"TimeDiff": -8.02636340270175e-8,
				"PhiDegree": 61.64400344000919,
				"Power": -60.54666081310654
			}, {
				"Time": 6.727891675920084e-7,
				"TimeDiff": 8.670605775589994e-8,
				"PhiDegree": 162.092341066108,
				"Power": -72.30052934810091
			}]
	}
}