{
	"SensorDataCollection": {
		"SensorId": 0,
		"SensorDatas": [{
				"Time": 4.6604581951192077e-7,
				"TimeDiff": 0.0,
				"PhiDegree": 131.33287252158328,
				"Power": -50.922806921992716
			}, {
				"Time": 8.59122528427304e-7,
				"TimeDiff": 3.9307670891538326e-7,
				"PhiDegree": 159.30550219952318,
				"Power": -77.36986249892611
			}]
	}
}