{
	"SensorDataCollection": {
		"SensorId": 0,
		"SensorDatas": [{
				"Time": 3.689328246093763e-7,
				"TimeDiff": 0.0,
				"PhiDegree": 125.52394357535596,
				"Power": -50.40053143180667
			}, {
				"Time": 4.1323364397944493e-7,
				"TimeDiff": 4.430081937006864e-8,
				"PhiDegree": 121.24859149985856,
				"Power": -55.69994405535354
			}, {
				"Time": 4.278035559312849e-7,
				"TimeDiff": 5.8870731321908627e-8,
				"PhiDegree": 239.92820113862112,
				"Power": -57.17219131005737
			}, {
				"Time": 9.460317723256686e-7,
				"TimeDiff": 5.770989477162923e-7,
				"PhiDegree": 161.49462920545116,
				"Power": -83.09573841067564
			}]
	}
}