{
	"SensorDataCollection": {
		"SensorId": 0,
		"SensorDatas": [{
				"Time": 6.366614553052898e-7,
				"TimeDiff": 0.0,
				"PhiDegree": 35.86992084990348,
				"Power": -55.89676877663089
			}]
	}
}