{
	"SensorDataCollection": {
		"SensorId": 0,
		"SensorDatas": [{
				"Time": 5.968247218311601e-7,
				"TimeDiff": 0.0,
				"PhiDegree": 38.686421945308815,
				"Power": -53.918862350672015
			}, {
				"Time": 3.9377603740993456e-7,
				"TimeDiff": -2.0304868442122557e-7,
				"PhiDegree": 62.222465603978534,
				"Power": -55.72818307712312
			}, {
				"Time": 7.269732932905132e-7,
				"TimeDiff": 1.301485714593531e-7,
				"PhiDegree": 163.46710015941142,
				"Power": -75.40610138484067
			}]
	}
}