{
	"SensorDataCollection": {
		"SensorId": 0,
		"SensorDatas": [{
				"Time": 5.942238709074429e-7,
				"TimeDiff": 0.0,
				"PhiDegree": 38.88751779121023,
				"Power": -53.800324909079364
			}, {
				"Time": 3.9534206750319493e-7,
				"TimeDiff": -1.9888180340424792e-7,
				"PhiDegree": 61.79461658615256,
				"Power": -55.41242180473755
			}, {
				"Time": 7.237752229183711e-7,
				"TimeDiff": 1.2955135201092823e-7,
				"PhiDegree": 163.3919358952288,
				"Power": -75.22818809191759
			}]
	}
}