{
	"SensorDataCollection": {
		"SensorId": 0,
		"SensorDatas": [{
				"Time": 6.31265874820444e-7,
				"TimeDiff": 0.0,
				"PhiDegree": 36.22482494342955,
				"Power": -55.614250209033074
			}]
	}
}