{
	"SensorDataCollection": {
		"SensorId": 0,
		"SensorDatas": [{
				"Time": 6.132349183531439e-7,
				"TimeDiff": 0.0,
				"PhiDegree": 145.37988843868018,
				"Power": -56.37682556307355
			}, {
				"Time": 5.224925218749078e-7,
				"TimeDiff": -9.074239647823606e-8,
				"PhiDegree": 58.42241273700193,
				"Power": -57.430776165751055
			}, {
				"Time": 6.807024595373568e-7,
				"TimeDiff": 6.746754118421292e-8,
				"PhiDegree": 336.0035769517542,
				"Power": -69.262364905812
			}, {
				"Time": 6.411213394288865e-7,
				"TimeDiff": 2.7886421075742594e-8,
				"PhiDegree": 161.17541827228374,
				"Power": -70.39124153172759
			}]
	}
}