{
	"SensorDataCollection": {
		"SensorId": 0,
		"SensorDatas": [{
				"Time": 4.817905217293955e-7,
				"TimeDiff": 0.0,
				"PhiDegree": 133.41900351174036,
				"Power": -50.86262943484897
			}, {
				"Time": 8.373137272657915e-7,
				"TimeDiff": 3.555232055363959e-7,
				"PhiDegree": 158.74069895285567,
				"Power": -76.00346861809996
			}]
	}
}