{
	"SensorDataCollection": {
		"SensorId": 0,
		"SensorDatas": [{
				"Time": 6.159836811028562e-7,
				"TimeDiff": 0.0,
				"PhiDegree": 145.55621324652054,
				"Power": -56.538388366651645
			}, {
				"Time": 5.242474699015138e-7,
				"TimeDiff": -9.173621120134234e-8,
				"PhiDegree": 58.111740222076534,
				"Power": -57.177685866225204
			}, {
				"Time": 6.379640801859298e-7,
				"TimeDiff": 2.198039908307361e-8,
				"PhiDegree": 161.07872479004882,
				"Power": -70.19688362245208
			}]
	}
}