{
	"SensorDataCollection": {
		"SensorId": 0,
		"SensorDatas": [{
				"Time": 5.813323532346316e-7,
				"TimeDiff": 0.0,
				"PhiDegree": 39.91984653658303,
				"Power": -53.238191428354895
			}, {
				"Time": 4.0349505468967645e-7,
				"TimeDiff": -1.7783729854495517e-7,
				"PhiDegree": 59.70645682680219,
				"Power": -54.03676848729555
			}, {
				"Time": 7.078040614457676e-7,
				"TimeDiff": 1.2647170821113603e-7,
				"PhiDegree": 163.00593351602882,
				"Power": -74.32979158633772
			}]
	}
}