{
	"SensorDataCollection": {
		"SensorId": 0,
		"SensorDatas": [{
				"Time": 3.6509575908874653e-7,
				"TimeDiff": 0.0,
				"PhiDegree": 124.67157398670882,
				"Power": -50.6820071717425
			}, {
				"Time": 4.098115771264471e-7,
				"TimeDiff": 4.471581803770055e-8,
				"PhiDegree": 120.45092780476841,
				"Power": -56.409127229531464
			}, {
				"Time": 4.244989595956476e-7,
				"TimeDiff": 5.9403200506901074e-8,
				"PhiDegree": 240.7076990021539,
				"Power": -57.94473308360115
			}, {
				"Time": 9.523623615001158e-7,
				"TimeDiff": 5.872666024113692e-7,
				"PhiDegree": 161.62205531518038,
				"Power": -83.46259767282183
			}]
	}
}