{
	"SensorDataCollection": {
		"SensorId": 0,
		"SensorDatas": [{
				"Time": 3.670041389575165e-7,
				"TimeDiff": 0.0,
				"PhiDegree": 125.09998666312792,
				"Power": -50.535831448939106
			}, {
				"Time": 4.1151264069798136e-7,
				"TimeDiff": 4.4508501740464855e-8,
				"PhiDegree": 120.8514179467237,
				"Power": -56.04626095206818
			}, {
				"Time": 4.2614139837047905e-7,
				"TimeDiff": 5.9137259412962544e-8,
				"PhiDegree": 240.31643889010337,
				"Power": -57.55018340909797
			}, {
				"Time": 9.491964800547827e-7,
				"TimeDiff": 5.821923410972662e-7,
				"PhiDegree": 161.55855472480584,
				"Power": -83.27936826811148
			}]
	}
}