{
	"SensorDataCollection": {
		"SensorId": 0,
		"SensorDatas": [{
				"Time": 6.205492672261401e-7,
				"TimeDiff": 0.0,
				"PhiDegree": 36.95307782435929,
				"Power": -55.064978307073375
			}, {
				"Time": 7.558098423242565e-7,
				"TimeDiff": 1.352605750981164e-7,
				"PhiDegree": 164.11491995868107,
				"Power": -76.98132139759551
			}]
	}
}