{
	"SensorDataCollection": {
		"SensorId": 0,
		"SensorDatas": [{
				"Time": 5.99432860941409e-7,
				"TimeDiff": 0.0,
				"PhiDegree": 38.48707360203989,
				"Power": -54.039301761909115
			}, {
				"Time": 3.922321395472126e-7,
				"TimeDiff": -2.0720072139419635e-7,
				"PhiDegree": 62.65370701246958,
				"Power": -56.05860640375742
			}, {
				"Time": 7.301726038134518e-7,
				"TimeDiff": 1.307397428720429e-7,
				"PhiDegree": 163.54160587423542,
				"Power": -75.58343098083341
			}]
	}
}