{
	"SensorDataCollection": {
		"SensorId": 0,
		"SensorDatas": [{
				"Time": 5.350933085449702e-7,
				"TimeDiff": 0.0,
				"PhiDegree": 56.29130350333979,
				"Power": -55.852420729383994
			}, {
				"Time": 6.325950289272692e-7,
				"TimeDiff": 9.750172038229891e-8,
				"PhiDegree": 146.58183749241792,
				"Power": -57.52865059857281
			}, {
				"Time": 5.670896746042795e-7,
				"TimeDiff": 3.199636605930927e-8,
				"PhiDegree": 158.60499979037786,
				"Power": -58.914855730721115
			}, {
				"Time": 6.190600419019615e-7,
				"TimeDiff": 8.396673335699123e-8,
				"PhiDegree": 160.4778781114906,
				"Power": -69.01756511822049
			}]
	}
}