{
	"SensorDataCollection": {
		"SensorId": 0,
		"SensorDatas": [{
				"Time": 4.7047975827965686e-7,
				"TimeDiff": 0.0,
				"PhiDegree": 131.94311592005468,
				"Power": -50.87415843397065
			}, {
				"Time": 8.528830792058044e-7,
				"TimeDiff": 3.8240332092614753e-7,
				"PhiDegree": 159.14707805420664,
				"Power": -76.98134083769023
			}]
	}
}