{
	"SensorDataCollection": {
		"SensorId": 0,
		"SensorDatas": [{
				"Time": 5.99580610864433e-7,
				"TimeDiff": 0.0,
				"PhiDegree": 144.47410900712933,
				"Power": -55.58621675715197
			}, {
				"Time": 5.139528765603745e-7,
				"TimeDiff": -8.562773430405856e-8,
				"PhiDegree": 60.0070837787272,
				"Power": -58.84883969047091
			}, {
				"Time": 6.654957528122553e-7,
				"TimeDiff": 6.59151419478223e-8,
				"PhiDegree": 335.4194370992865,
				"Power": -68.12845776507365
			}, {
				"Time": 6.569342345420201e-7,
				"TimeDiff": 5.735362367758706e-8,
				"PhiDegree": 161.64492972651962,
				"Power": -71.35365522509144
			}]
	}
}