{
	"SensorDataCollection": {
		"SensorId": 0,
		"SensorDatas": [{
				"Time": 4.0863578001828943e-7,
				"TimeDiff": 0.0,
				"PhiDegree": 58.49449804089072,
				"Power": -53.358402909713206
			}, {
				"Time": 6.982373488374942e-7,
				"TimeDiff": 2.8960156881920476e-7,
				"PhiDegree": 162.76586243193137,
				"Power": -73.78361567909613
			}]
	}
}