{
	"SensorDataCollection": {
		"SensorId": 0,
		"SensorDatas": [{
				"Time": 4.616657603049742e-7,
				"TimeDiff": 0.0,
				"PhiDegree": 130.7109780677477,
				"Power": -50.99891676444436
			}, {
				"Time": 8.653684511968599e-7,
				"TimeDiff": 4.037026908918857e-7,
				"PhiDegree": 159.46164062559927,
				"Power": -77.75686609998276
			}]
	}
}