{
	"SensorDataCollection": {
		"SensorId": 0,
		"SensorDatas": [{
				"Time": 4.175964124968843e-7,
				"TimeDiff": 0.0,
				"PhiDegree": 56.542543568977564,
				"Power": -52.440496358448286
			}, {
				"Time": 5.780644510094518e-7,
				"TimeDiff": 1.6046803851256747e-7,
				"PhiDegree": 142.93656665788927,
				"Power": -54.39147737358246
			}, {
				"Time": 5.011427022685055e-7,
				"TimeDiff": 8.35462897716212e-8,
				"PhiDegree": 62.65117578147346,
				"Power": -61.7158232582579
			}, {
				"Time": 6.823210868777153e-7,
				"TimeDiff": 2.64724674380831e-7,
				"PhiDegree": 162.3507981250598,
				"Power": -72.86125878812372
			}]
	}
}