{
	"SensorDataCollection": {
		"SensorId": 0,
		"SensorDatas": [{
				"Time": 5.916304042884828e-7,
				"TimeDiff": 0.0,
				"PhiDegree": 39.090379198885415,
				"Power": -53.6837457867821
			}, {
				"Time": 3.9692996786848467e-7,
				"TimeDiff": -1.9470043641999817e-7,
				"PhiDegree": 61.37016723814831,
				"Power": -55.11082189774322
			}, {
				"Time": 7.205784092091338e-7,
				"TimeDiff": 1.2894800492065092e-7,
				"PhiDegree": 163.31610457381862,
				"Power": -75.04968894301145
			}]
	}
}