{
	"SensorDataCollection": {
		"SensorId": 0,
		"SensorDatas": [{
				"Time": 6.050241088790932e-7,
				"TimeDiff": 0.0,
				"PhiDegree": 144.84132494710957,
				"Power": -55.89885633332035
			}, {
				"Time": 5.173210905192793e-7,
				"TimeDiff": -8.770301835981384e-8,
				"PhiDegree": 59.36694715861203,
				"Power": -58.25004528572401
			}, {
				"Time": 6.715700220453107e-7,
				"TimeDiff": 6.654591316621753e-8,
				"PhiDegree": 335.65626701440374,
				"Power": -68.58289982093007
			}, {
				"Time": 6.506038601111952e-7,
				"TimeDiff": 4.557975123210202e-8,
				"PhiDegree": 161.45986413719106,
				"Power": -70.97056174767135
			}]
	}
}