{
	"SensorDataCollection": {
		"SensorId": 0,
		"SensorDatas": [{
				"Time": 5.27803142590917e-7,
				"TimeDiff": 0.0,
				"PhiDegree": 57.49663820637947,
				"Power": -56.700028876389496
			}, {
				"Time": 6.214984754967108e-7,
				"TimeDiff": 9.36953329057938e-8,
				"PhiDegree": 145.9041755582641,
				"Power": -56.86464199940073
			}, {
				"Time": 6.31655094292046e-7,
				"TimeDiff": 1.0385195170112904e-7,
				"PhiDegree": 160.88243935757663,
				"Power": -69.80628748748241
			}]
	}
}