{
	"SensorDataCollection": {
		"SensorId": 0,
		"SensorDatas": [{
				"Time": 4.252618645585837e-7,
				"TimeDiff": 0.0,
				"PhiDegree": 134.44561174759815,
				"Power": -49.70483348914891
			}, {
				"Time": 4.5949641777396156e-7,
				"TimeDiff": 3.423455321537788e-8,
				"PhiDegree": 130.39560337514524,
				"Power": -51.047785101188566
			}, {
				"Time": 8.684937965219059e-7,
				"TimeDiff": 4.432319319633222e-7,
				"PhiDegree": 159.53886737984814,
				"Power": -77.9497956009693
			}]
	}
}