{
	"SensorDataCollection": {
		"SensorId": 0,
		"SensorDatas": [{
				"Time": 6.187382257767884e-7,
				"TimeDiff": 0.0,
				"PhiDegree": 145.7309697454927,
				"Power": -56.70100628289288
			}, {
				"Time": 5.260177281575411e-7,
				"TimeDiff": -9.272049761924726e-8,
				"PhiDegree": 57.80314975737198,
				"Power": -56.93418232642631
			}, {
				"Time": 6.348086559734471e-7,
				"TimeDiff": 1.6070430196658745e-8,
				"PhiDegree": 160.98106976463396,
				"Power": -70.00189909461841
			}]
	}
}