{
	"SensorDataCollection": {
		"SensorId": 0,
		"SensorDatas": [{
				"Time": 4.1944519951827364e-7,
				"TimeDiff": 0.0,
				"PhiDegree": 56.16228411741031,
				"Power": -52.28589613705597
			}, {
				"Time": 5.807304686375737e-7,
				"TimeDiff": 1.612852691193e-7,
				"PhiDegree": 143.13497448902777,
				"Power": -54.535425718141326
			}, {
				"Time": 5.026843141631102e-7,
				"TimeDiff": 8.323911464483656e-8,
				"PhiDegree": 62.31337325057236,
				"Power": -61.31275965215133
			}, {
				"Time": 6.791422521976495e-7,
				"TimeDiff": 2.5969705267937583e-7,
				"PhiDegree": 162.2654519482857,
				"Power": -72.67496185888406
			}]
	}
}