{
	"SensorDataCollection": {
		"SensorId": 0,
		"SensorDatas": [{
				"Time": 5.838952928181621e-7,
				"TimeDiff": 0.0,
				"PhiDegree": 39.709739493094915,
				"Power": -53.34634397286548
			}, {
				"Time": 4.0182227997570105e-7,
				"TimeDiff": -1.820730128424611e-7,
				"PhiDegree": 60.11726616577152,
				"Power": -54.286307315268914
			}, {
				"Time": 7.109956775336385e-7,
				"TimeDiff": 1.2710038471547638e-7,
				"PhiDegree": 163.08452103522384,
				"Power": -74.51065518452887
			}]
	}
}