{
	"SensorDataCollection": {
		"SensorId": 0,
		"SensorDatas": [{
				"Time": 4.2293215000981066e-7,
				"TimeDiff": 0.0,
				"PhiDegree": 134.1229031123994,
				"Power": -49.66689887649619
			}, {
				"Time": 4.573411287115788e-7,
				"TimeDiff": 3.440897870176812e-8,
				"PhiDegree": 130.07724645933123,
				"Power": -51.10414996195185
			}, {
				"Time": 8.716207083486254e-7,
				"TimeDiff": 4.4868855833881475e-7,
				"PhiDegree": 159.6155401754643,
				"Power": -78.14234209584899
			}]
	}
}