{
	"SensorDataCollection": {
		"SensorId": 0,
		"SensorDatas": [{
				"Time": 6.393682899418619e-7,
				"TimeDiff": 0.0,
				"PhiDegree": 35.694718417229254,
				"Power": -56.03985954130857
			}]
	}
}