{
	"SensorDataCollection": {
		"SensorId": 0,
		"SensorDatas": [{
				"Time": 6.046706262225399e-7,
				"TimeDiff": 0.0,
				"PhiDegree": 38.093547904757706,
				"Power": -54.28566816514579
			}, {
				"Time": 7.365748806663673e-7,
				"TimeDiff": 1.319042544438274e-7,
				"PhiDegree": 163.6886749924181,
				"Power": -75.93634784322673
			}]
	}
}