{
	"SensorDataCollection": {
		"SensorId": 0,
		"SensorDatas": [{
				"Time": 4.080609475109102e-7,
				"TimeDiff": 0.0,
				"PhiDegree": 59.53825568214267,
				"Power": -54.02028525526737
			}, {
				"Time": 7.056006227787212e-7,
				"TimeDiff": 2.97539675267811e-7,
				"PhiDegree": 162.66763369000756,
				"Power": -73.70182695582653
			}]
	}
}