{
	"SensorDataCollection": {
		"SensorId": 0,
		"SensorDatas": [{
				"Time": 4.2054336405770963e-7,
				"TimeDiff": 0.0,
				"PhiDegree": 134.4393913087848,
				"Power": -49.608067223687954
			}, {
				"Time": 4.5989926776985985e-7,
				"TimeDiff": 3.935590371215022e-8,
				"PhiDegree": 129.80961608881492,
				"Power": -51.23944166377396
			}, {
				"Time": 8.704641157240277e-7,
				"TimeDiff": 4.4992075166631806e-7,
				"PhiDegree": 159.82141171912355,
				"Power": -78.56833708006423
			}]
	}
}