{
	"SensorDataCollection": {
		"SensorId": 0,
		"SensorDatas": [{
				"Time": 6.206231456631196e-7,
				"TimeDiff": 0.0,
				"PhiDegree": 145.47640548847068,
				"Power": -56.5477396706257
			}, {
				"Time": 5.231972077197478e-7,
				"TimeDiff": -9.74259379433718e-8,
				"PhiDegree": 57.60845417942356,
				"Power": -56.71920891037388
			}, {
				"Time": 6.88156001972123e-7,
				"TimeDiff": 6.75328563090034e-8,
				"PhiDegree": 335.97573732348366,
				"Power": -69.31138876012339
			}, {
				"Time": 6.359038267559473e-7,
				"TimeDiff": 1.5280681092827714e-8,
				"PhiDegree": 160.69684417707455,
				"Power": -69.58073415906526
			}]
	}
}