{
	"SensorDataCollection": {
		"SensorId": 0,
		"SensorDatas": [{
				"Time": 4.86507466697757e-7,
				"TimeDiff": 0.0,
				"PhiDegree": 133.43433593679472,
				"Power": -50.945721017687404
			}, {
				"Time": 8.329964829986093e-7,
				"TimeDiff": 3.464890163008523e-7,
				"PhiDegree": 158.87136902303445,
				"Power": -76.2190049376651
			}]
	}
}