{
	"SensorDataCollection": {
		"SensorId": 0,
		"SensorDatas": [{
				"Time": 5.963242486113865e-7,
				"TimeDiff": 0.0,
				"PhiDegree": 39.13705926418077,
				"Power": -53.73468833038763
			}, {
				"Time": 3.9828563523315614e-7,
				"TimeDiff": -1.9803861337823032e-7,
				"PhiDegree": 62.021479368410574,
				"Power": -55.66115830634057
			}, {
				"Time": 7.24735966055626e-7,
				"TimeDiff": 1.284117174442395e-7,
				"PhiDegree": 163.13915323213874,
				"Power": -74.7759747345458
			}]
	}
}