{
	"SensorDataCollection": {
		"SensorId": 0,
		"SensorDatas": [{
				"Time": 4.158983292175686e-7,
				"TimeDiff": 0.0,
				"PhiDegree": 133.78297773612385,
				"Power": -49.53630269229353
			}, {
				"Time": 4.5565561083810104e-7,
				"TimeDiff": 3.9757281620532436e-8,
				"PhiDegree": 129.16500849995032,
				"Power": -51.38741749778124
			}, {
				"Time": 8.767308281783525e-7,
				"TimeDiff": 4.6083249896078385e-7,
				"PhiDegree": 159.9718468821174,
				"Power": -78.95440996092317
			}]
	}
}