{
	"SensorDataCollection": {
		"SensorId": 0,
		"SensorDatas": [{
				"Time": 5.268022385168266e-7,
				"TimeDiff": 0.0,
				"PhiDegree": 56.99557526689809,
				"Power": -56.26825896163926
			}, {
				"Time": 6.261326387454863e-7,
				"TimeDiff": 9.933040022865972e-8,
				"PhiDegree": 145.82249355354466,
				"Power": -56.86995671672467
			}, {
				"Time": 6.296095616573508e-7,
				"TimeDiff": 1.0280732314052412e-7,
				"PhiDegree": 160.49609653870536,
				"Power": -69.19159584938822
			}]
	}
}