{
	"SensorDataCollection": {
		"SensorId": 0,
		"SensorDatas": [{
				"Time": 6.041213686376419e-7,
				"TimeDiff": 0.0,
				"PhiDegree": 38.5378358578643,
				"Power": -54.085698493007015
			}, {
				"Time": 7.343213241495619e-7,
				"TimeDiff": 1.3019995551192002e-7,
				"PhiDegree": 163.3656900240297,
				"Power": -75.30527274698505
			}]
	}
}