{
	"SensorDataCollection": {
		"SensorId": 0,
		"SensorDatas": [{
				"Time": 4.888074890464832e-7,
				"TimeDiff": 0.0,
				"PhiDegree": 133.71834363662745,
				"Power": -50.960987242794246
			}, {
				"Time": 8.298850235558314e-7,
				"TimeDiff": 3.4107753450934816e-7,
				"PhiDegree": 158.78833136854743,
				"Power": -76.02072242152194
			}]
	}
}