{
	"SensorDataCollection": {
		"SensorId": 0,
		"SensorDatas": [{
				"Time": 5.907500954536811e-7,
				"TimeDiff": 0.0,
				"PhiDegree": 143.45850846867182,
				"Power": -54.859390057485484
			}, {
				"Time": 5.044881769387606e-7,
				"TimeDiff": -8.626191851492049e-8,
				"PhiDegree": 61.13053451741079,
				"Power": -59.922341317630085
			}, {
				"Time": 6.706532959735114e-7,
				"TimeDiff": 7.99032005198303e-8,
				"PhiDegree": 161.73343936844313,
				"Power": -71.67760311179798
			}]
	}
}