{
	"SensorDataCollection": {
		"SensorId": 0,
		"SensorDatas": [{
				"Time": 6.225608354053512e-7,
				"TimeDiff": 0.0,
				"PhiDegree": 37.1984741921504,
				"Power": -54.96636193362873
			}, {
				"Time": 7.567299154508569e-7,
				"TimeDiff": 1.3416908004550567e-7,
				"PhiDegree": 163.8719329431474,
				"Power": -76.52051461372989
			}]
	}
}