{
	"SensorDataCollection": {
		"SensorId": 0,
		"SensorDatas": [{
				"Time": 6.146172644533239e-7,
				"TimeDiff": 0.0,
				"PhiDegree": 37.76264158997107,
				"Power": -54.57907594125949
			}, {
				"Time": 7.471191236196795e-7,
				"TimeDiff": 1.3250185916635555e-7,
				"PhiDegree": 163.65869041865577,
				"Power": -76.00305953814576
			}]
	}
}