{
	"SensorDataCollection": {
		"SensorId": 0,
		"SensorDatas": [{
				"Time": 5.961248257197056e-7,
				"TimeDiff": 0.0,
				"PhiDegree": 143.8404004151464,
				"Power": -55.1544221341336
			}, {
				"Time": 5.077437751492473e-7,
				"TimeDiff": -8.838105057045832e-8,
				"PhiDegree": 60.47106699139417,
				"Power": -59.24005280285567
			}, {
				"Time": 6.64319581857147e-7,
				"TimeDiff": 6.819475613744134e-8,
				"PhiDegree": 161.55303879662154,
				"Power": -71.3017984135245
			}]
	}
}