{
	"SensorDataCollection": {
		"SensorId": 0,
		"SensorDatas": [{
				"Time": 3.8505603014457474e-7,
				"TimeDiff": 0.0,
				"PhiDegree": 128.75828195855385,
				"Power": -49.66692112457447
			}, {
				"Time": 4.276900300369152e-7,
				"TimeDiff": 4.263399989234048e-8,
				"PhiDegree": 124.30722314320447,
				"Power": -53.46650098916085
			}, {
				"Time": 4.417834308163886e-7,
				"TimeDiff": 5.6727400671813856e-8,
				"PhiDegree": 236.9309245034841,
				"Power": -54.686962245639535
			}, {
				"Time": 9.207578156267302e-7,
				"TimeDiff": 5.357017854821554e-7,
				"PhiDegree": 160.9674224148051,
				"Power": -81.6122585105286
			}]
	}
}