{
	"SensorDataCollection": {
		"SensorId": 0,
		"SensorDatas": [{
				"Time": 6.332434014172829e-7,
				"TimeDiff": 0.0,
				"PhiDegree": 36.46836882696703,
				"Power": -55.50337002888878
			}, {
				"Time": 7.695601345276303e-7,
				"TimeDiff": 1.3631673311034743e-7,
				"PhiDegree": 164.14796563482997,
				"Power": -77.20271861078241
			}]
	}
}