{
	"SensorDataCollection": {
		"SensorId": 0,
		"SensorDatas": [{
				"Time": 4.9344305933236e-7,
				"TimeDiff": 0.0,
				"PhiDegree": 134.27838191592352,
				"Power": -51.00732647299252
			}, {
				"Time": 6.549018352331269e-7,
				"TimeDiff": 1.6145877590076694e-7,
				"PhiDegree": 35.08016939527611,
				"Power": -56.63823239985574
			}, {
				"Time": 8.236673932210245e-7,
				"TimeDiff": 3.302243338886645e-7,
				"PhiDegree": 158.62037486192085,
				"Power": -75.6230251000157
			}]
	}
}