{
	"SensorDataCollection": {
		"SensorId": 0,
		"SensorDatas": [{
				"Time": 4.842195114948956e-7,
				"TimeDiff": 0.0,
				"PhiDegree": 133.14763724301272,
				"Power": -50.93593126181683
			}, {
				"Time": 8.361096790546003e-7,
				"TimeDiff": 3.5189016755970463e-7,
				"PhiDegree": 158.95378847973788,
				"Power": -76.41690759670428
			}]
	}
}