{
	"SensorDataCollection": {
		"SensorId": 0,
		"SensorDatas": [{
				"Time": 5.286271258732907e-7,
				"TimeDiff": 0.0,
				"PhiDegree": 56.69228784319178,
				"Power": -56.05622903262562
			}, {
				"Time": 6.288958395629617e-7,
				"TimeDiff": 1.0026871368967098e-7,
				"PhiDegree": 145.99326052477073,
				"Power": -57.03255261576281
			}, {
				"Time": 6.264653711790703e-7,
				"TimeDiff": 9.78382453057796e-8,
				"PhiDegree": 160.39421062176694,
				"Power": -68.99611485150093
			}]
	}
}