{
	"SensorDataCollection": {
		"SensorId": 0,
		"SensorDatas": [{
				"Time": 3.9571422919094227e-7,
				"TimeDiff": 0.0,
				"PhiDegree": 130.6422723714298,
				"Power": -49.4763436331711
			}, {
				"Time": 4.3731037790848215e-7,
				"TimeDiff": 4.159614871753988e-8,
				"PhiDegree": 126.11306076382402,
				"Power": -52.49079613974911
			}, {
				"Time": 4.511033191824028e-7,
				"TimeDiff": 5.5389089991460534e-8,
				"PhiDegree": 235.15490936098232,
				"Power": -53.55680423988295
			}, {
				"Time": 9.050029762746358e-7,
				"TimeDiff": 5.092887470836935e-7,
				"PhiDegree": 160.62298270460505,
				"Power": -80.6720349699024
			}]
	}
}