{
	"SensorDataCollection": {
		"SensorId": 0,
		"SensorDatas": [{
				"Time": 6.06951620164506e-7,
				"TimeDiff": 0.0,
				"PhiDegree": 144.58381177124994,
				"Power": -55.76128680908276
			}, {
				"Time": 5.144528924262904e-7,
				"TimeDiff": -9.249872773821558e-8,
				"PhiDegree": 59.177597795511176,
				"Power": -58.014374411185955
			}, {
				"Time": 6.729522851523376e-7,
				"TimeDiff": 6.600066498783159e-8,
				"PhiDegree": 335.39743966607256,
				"Power": -68.19067512369351
			}, {
				"Time": 6.516724867413318e-7,
				"TimeDiff": 4.4720866576825795e-8,
				"PhiDegree": 161.18172686456379,
				"Power": -70.54294425786951
			}]
	}
}