{
	"SensorDataCollection": {
		"SensorId": 0,
		"SensorDatas": [{
				"Time": 4.0976259476377964e-7,
				"TimeDiff": 0.0,
				"PhiDegree": 59.13609971364652,
				"Power": -53.78967790816711
			}, {
				"Time": 7.02416192512114e-7,
				"TimeDiff": 2.926535977483344e-7,
				"PhiDegree": 162.58655084308901,
				"Power": -73.52076459357052
			}]
	}
}