{
	"SensorDataCollection": {
		"SensorId": 0,
		"SensorDatas": [{
				"Time": 3.97895553148954e-7,
				"TimeDiff": 0.0,
				"PhiDegree": 131.00684847114377,
				"Power": -49.459188103632144
			}, {
				"Time": 4.392851996801052e-7,
				"TimeDiff": 4.138964653115119e-8,
				"PhiDegree": 126.46463906836526,
				"Power": -52.32922067938786
			}, {
				"Time": 4.5301801797380124e-7,
				"TimeDiff": 5.512246482484722e-8,
				"PhiDegree": 234.80856852330857,
				"Power": -53.36472219953532
			}, {
				"Time": 9.018560154128993e-7,
				"TimeDiff": 5.039604622639453e-7,
				"PhiDegree": 160.55265136142737,
				"Power": -80.48278671519996
			}]
	}
}