{
	"SensorDataCollection": {
		"SensorId": 0,
		"SensorDatas": [{
				"Time": 6.015255653918167e-7,
				"TimeDiff": 0.0,
				"PhiDegree": 144.21545121514703,
				"Power": -55.45517718294923
			}, {
				"Time": 5.110657757612063e-7,
				"TimeDiff": -9.045978963061037e-8,
				"PhiDegree": 59.820087415276404,
				"Power": -58.60486687941531
			}, {
				"Time": 6.579925802753048e-7,
				"TimeDiff": 5.646701488348818e-8,
				"PhiDegree": 161.3691670487002,
				"Power": -70.92358110963437
			}]
	}
}