{
	"SensorDataCollection": {
		"SensorId": 0,
		"SensorDatas": [{
				"Time": 5.860326899592859e-7,
				"TimeDiff": 0.0,
				"PhiDegree": 39.96069826186051,
				"Power": -53.29487539395012
			}, {
				"Time": 4.047187190880213e-7,
				"TimeDiff": -1.8131397087126458e-7,
				"PhiDegree": 60.352612225066146,
				"Power": -54.516623800800204
			}, {
				"Time": 7.119736657036981e-7,
				"TimeDiff": 1.2594097574441228e-7,
				"PhiDegree": 162.82762264003995,
				"Power": -74.0621978432907
			}]
	}
}