{
	"SensorDataCollection": {
		"SensorId": 0,
		"SensorDatas": [{
				"Time": 4.2222076250973526e-7,
				"TimeDiff": 0.0,
				"PhiDegree": 56.41441520208519,
				"Power": -52.47032781291847
			}, {
				"Time": 5.827383410239914e-7,
				"TimeDiff": 1.605175785142561e-7,
				"PhiDegree": 142.87250561610986,
				"Power": -54.428428479583744
			}, {
				"Time": 4.997321157733976e-7,
				"TimeDiff": 7.751135326366235e-8,
				"PhiDegree": 62.13562394739674,
				"Power": -61.03977915991324
			}, {
				"Time": 6.801660428925714e-7,
				"TimeDiff": 2.579452803828361e-7,
				"PhiDegree": 161.99773628687714,
				"Power": -72.23680485446918
			}]
	}
}