{
	"SensorDataCollection": {
		"SensorId": 0,
		"SensorDatas": [{
				"Time": 4.7296683967795945e-7,
				"TimeDiff": 0.0,
				"PhiDegree": 131.67294744919462,
				"Power": -50.9749461506856
			}, {
				"Time": 8.517010416435032e-7,
				"TimeDiff": 3.7873420196554376e-7,
				"PhiDegree": 159.3568387096056,
				"Power": -77.40066626112505
			}]
	}
}