{
	"SensorDataCollection": {
		"SensorId": 0,
		"SensorDatas": [{
				"Time": 4.663714028195273e-7,
				"TimeDiff": 0.0,
				"PhiDegree": 130.7543336754874,
				"Power": -51.075164999741276
			}, {
				"Time": 8.610755030499183e-7,
				"TimeDiff": 3.9470410023039095e-7,
				"PhiDegree": 159.591656001121,
				"Power": -77.98626676761597
			}]
	}
}