{
	"SensorDataCollection": {
		"SensorId": 0,
		"SensorDatas": [{
				"Time": 3.914004473502231e-7,
				"TimeDiff": 0.0,
				"PhiDegree": 129.90100455841338,
				"Power": -49.53088548530414
			}, {
				"Time": 4.3341080469715165e-7,
				"TimeDiff": 4.2010357346928563e-8,
				"PhiDegree": 125.40035975283303,
				"Power": -52.84649822067355
			}, {
				"Time": 4.4732400290969626e-7,
				"TimeDiff": 5.592355555947317e-8,
				"PhiDegree": 235.856421479341,
				"Power": -53.97392530319689
			}, {
				"Time": 9.113009465537818e-7,
				"TimeDiff": 5.199004992035586e-7,
				"PhiDegree": 160.76218763274622,
				"Power": -81.049328472636
			}]
	}
}