{
	"SensorDataCollection": {
		"SensorId": 0,
		"SensorDatas": [{
				"Time": 4.707549784381584e-7,
				"TimeDiff": 0.0,
				"PhiDegree": 131.3696057524759,
				"Power": -51.00157517808054
			}, {
				"Time": 8.54824260995809e-7,
				"TimeDiff": 3.8406928255765056e-7,
				"PhiDegree": 159.43568334252527,
				"Power": -77.59625687853412
			}]
	}
}