{
	"SensorDataCollection": {
		"SensorId": 0,
		"SensorDatas": [{
				"Time": 3.809138602124104e-7,
				"TimeDiff": 0.0,
				"PhiDegree": 127.97552161121031,
				"Power": -49.79680743077661
			}, {
				"Time": 4.2396460270192086e-7,
				"TimeDiff": 4.305074248951045e-8,
				"PhiDegree": 123.5622524213193,
				"Power": -53.94169300942674
			}, {
				"Time": 4.3817784322706103e-7,
				"TimeDiff": 5.726398301465062e-8,
				"PhiDegree": 237.6621890291447,
				"Power": -55.224688124068265
			}, {
				"Time": 9.270688468021262e-7,
				"TimeDiff": 5.461549865897157e-7,
				"PhiDegree": 161.1019183037239,
				"Power": -81.98553728332183
			}]
	}
}