{
	"SensorDataCollection": {
		"SensorId": 0,
		"SensorDatas": [{
				"Time": 5.249922143790018e-7,
				"TimeDiff": 0.0,
				"PhiDegree": 57.300962594786064,
				"Power": -56.489177644025546
			}, {
				"Time": 6.233750491799568e-7,
				"TimeDiff": 9.838283480095496e-8,
				"PhiDegree": 145.6502142159149,
				"Power": -56.70834048597639
			}, {
				"Time": 6.327557232685748e-7,
				"TimeDiff": 1.0776350888957298e-7,
				"PhiDegree": 160.59696958617076,
				"Power": -69.38646899492721
			}]
	}
}