{
	"SensorDataCollection": {
		"SensorId": 0,
		"SensorDatas": [{
				"Time": 6.042354709404763e-7,
				"TimeDiff": 0.0,
				"PhiDegree": 144.40045846430806,
				"Power": -55.607584937879565
			}, {
				"Time": 5.127512746572333e-7,
				"TimeDiff": -9.1484196283243e-8,
				"PhiDegree": 59.497781576389976,
				"Power": -58.30417840381308
			}, {
				"Time": 6.699199923609434e-7,
				"TimeDiff": 6.568452142046708e-8,
				"PhiDegree": 335.27863367826365,
				"Power": -67.96570564424087
			}, {
				"Time": 6.548316574960469e-7,
				"TimeDiff": 5.059618655557052e-8,
				"PhiDegree": 161.27589922514784,
				"Power": -70.73356550745706
			}]
	}
}