{
	"SensorDataCollection": {
		"SensorId": 0,
		"SensorDatas": [{
				"Time": 4.090360212713972e-7,
				"TimeDiff": 0.0,
				"PhiDegree": 132.77062668695075,
				"Power": -49.465737125720025
			}, {
				"Time": 4.494008034481167e-7,
				"TimeDiff": 4.0364782176719456e-8,
				"PhiDegree": 128.17548075728504,
				"Power": -51.67174936122713
			}, {
				"Time": 8.861420288040817e-7,
				"TimeDiff": 4.771060075326844e-7,
				"PhiDegree": 160.19350760308834,
				"Power": -79.53054265795693
			}]
	}
}