{
	"SensorDataCollection": {
		"SensorId": 0,
		"SensorDatas": [{
				"Time": 6.119828786835485e-7,
				"TimeDiff": 0.0,
				"PhiDegree": 37.95394514642061,
				"Power": -54.453169543877124
			}, {
				"Time": 7.439178656958391e-7,
				"TimeDiff": 1.319349870122907e-7,
				"PhiDegree": 163.5863855423305,
				"Power": -75.82945779069286
			}]
	}
}