{
	"SensorDataCollection": {
		"SensorId": 0,
		"SensorDatas": [{
				"Time": 6.09673929615596e-7,
				"TimeDiff": 0.0,
				"PhiDegree": 144.76552951089462,
				"Power": -55.91623973216157
			}, {
				"Time": 5.16170469655016e-7,
				"TimeDiff": -9.350345996057992e-8,
				"PhiDegree": 58.859534984601694,
				"Power": -57.73517749894452
			}, {
				"Time": 6.759874454259963e-7,
				"TimeDiff": 6.631351581040037e-8,
				"PhiDegree": 335.51517928677805,
				"Power": -68.41538077812707
			}, {
				"Time": 6.485150936155513e-7,
				"TimeDiff": 3.88411639999553e-8,
				"PhiDegree": 161.08663726044787,
				"Power": -70.35171671478469
			}]
	}
}