{
	"SensorDataCollection": {
		"SensorId": 0,
		"SensorDatas": [{
				"Time": 4.620426240415221e-7,
				"TimeDiff": 0.0,
				"PhiDegree": 130.12745946477793,
				"Power": -51.17721460659962
			}, {
				"Time": 8.673330341559047e-7,
				"TimeDiff": 4.052904101143826e-7,
				"PhiDegree": 159.74537919930836,
				"Power": -78.37470756629102
			}]
	}
}