{
	"SensorDataCollection": {
		"SensorId": 0,
		"SensorDatas": [{
				"Time": 6.067348407188002e-7,
				"TimeDiff": 0.0,
				"PhiDegree": 38.341525153069114,
				"Power": -54.20643028814061
			}, {
				"Time": 7.375189502736298e-7,
				"TimeDiff": 1.307841095548296e-7,
				"PhiDegree": 163.4398933055379,
				"Power": -75.4805664797475
			}]
	}
}