{
	"SensorDataCollection": {
		"SensorId": 0,
		"SensorDatas": [{
				"Time": 3.829760102784995e-7,
				"TimeDiff": 0.0,
				"PhiDegree": 128.36901830202265,
				"Power": -49.72776092707437
			}, {
				"Time": 4.2581831793749217e-7,
				"TimeDiff": 4.2842307658992675e-8,
				"PhiDegree": 123.93636718300924,
				"Power": -53.69765722083818
			}, {
				"Time": 4.39971678454462e-7,
				"TimeDiff": 5.699566817596252e-8,
				"PhiDegree": 237.29505859010658,
				"Power": -54.9493399510678
			}, {
				"Time": 9.239126948456188e-7,
				"TimeDiff": 5.409366845671193e-7,
				"PhiDegree": 161.03490003668904,
				"Power": -81.79909871143643
			}]
	}
}