{
	"SensorDataCollection": {
		"SensorId": 0,
		"SensorDatas": [{
				"Time": 5.988219882838094e-7,
				"TimeDiff": 0.0,
				"PhiDegree": 144.02877145381646,
				"Power": -55.304107773125864
			}, {
				"Time": 5.093965557413342e-7,
				"TimeDiff": -8.942543254247524e-8,
				"PhiDegree": 60.1445158774909,
				"Power": -58.91672633662846
			}, {
				"Time": 6.611552299502982e-7,
				"TimeDiff": 6.233324166648873e-8,
				"PhiDegree": 161.46154281797138,
				"Power": -71.11299180278931
			}]
	}
}