{
	"SensorDataCollection": {
		"SensorId": 0,
		"SensorDatas": [{
				"Time": 4.2038418217821397e-7,
				"TimeDiff": 0.0,
				"PhiDegree": 56.79326364788647,
				"Power": -52.629472941975465
			}, {
				"Time": 5.800815515220569e-7,
				"TimeDiff": 1.5969736934384288e-7,
				"PhiDegree": 142.67358191864807,
				"Power": -54.288070770308394
			}, {
				"Time": 4.981813684459706e-7,
				"TimeDiff": 7.779718626775662e-8,
				"PhiDegree": 62.474879704264474,
				"Power": -61.438720240762194
			}, {
				"Time": 6.833401150101098e-7,
				"TimeDiff": 2.629559328318958e-7,
				"PhiDegree": 162.08419934982365,
				"Power": -72.422008792872
			}]
	}
}