{
	"SensorDataCollection": {
		"SensorId": 0,
		"SensorDatas": [{
				"Time": 4.240756422124519e-7,
				"TimeDiff": 0.0,
				"PhiDegree": 56.03886457363916,
				"Power": -52.32016813713311
			}, {
				"Time": 5.85402090991735e-7,
				"TimeDiff": 1.6132644877928308e-7,
				"PhiDegree": 143.06962135013103,
				"Power": -54.570469591579794
			}, {
				"Time": 5.01300274844287e-7,
				"TimeDiff": 7.722463263183509e-8,
				"PhiDegree": 61.79847893982347,
				"Power": -60.654309571796006
			}, {
				"Time": 6.76993534224067e-7,
				"TimeDiff": 2.529178920116151e-7,
				"PhiDegree": 161.9104626619257,
				"Power": -72.05100343600304
			}]
	}
}