{
	"SensorDataCollection": {
		"SensorId": 0,
		"SensorDatas": [{
				"Time": 5.885940775388027e-7,
				"TimeDiff": 0.0,
				"PhiDegree": 39.75209096590327,
				"Power": -53.40163059326356
			}, {
				"Time": 4.0307864426317487e-7,
				"TimeDiff": -1.8551543327562784e-7,
				"PhiDegree": 60.76481315077807,
				"Power": -54.78314082292542
			}, {
				"Time": 7.151622410914178e-7,
				"TimeDiff": 1.265681635526151e-7,
				"PhiDegree": 162.90654752260124,
				"Power": -74.24150991537377
			}]
	}
}