{
	"SensorDataCollection": {
		"SensorId": 0,
		"SensorDatas": [{
				"Time": 6.151367018663127e-7,
				"TimeDiff": 0.0,
				"PhiDegree": 145.1241308147304,
				"Power": -56.229732110332364
			}, {
				"Time": 5.196528680233766e-7,
				"TimeDiff": -9.548383384293605e-8,
				"PhiDegree": 58.22976539219097,
				"Power": -57.207538374678705
			}, {
				"Time": 6.820662152621409e-7,
				"TimeDiff": 6.69295133958282e-8,
				"PhiDegree": 335.74751247205046,
				"Power": -68.86396469437656
			}, {
				"Time": 6.422057451122134e-7,
				"TimeDiff": 2.7069043245900718e-8,
				"PhiDegree": 160.89365434813655,
				"Power": -69.96744065094734
			}]
	}
}