{
	"SensorDataCollection": {
		"SensorId": 0,
		"SensorDatas": [{
				"Time": 5.937399565502249e-7,
				"TimeDiff": 0.0,
				"PhiDegree": 39.340289550561415,
				"Power": -53.621597404210746
			}, {
				"Time": 3.9986184650133123e-7,
				"TimeDiff": -1.9387811004889367e-7,
				"PhiDegree": 61.599250796918966,
				"Power": -55.35496204216419
			}, {
				"Time": 7.21543408952233e-7,
				"TimeDiff": 1.2780345240200808e-7,
				"PhiDegree": 163.06230388790098,
				"Power": -74.59839647513148
			}]
	}
}