{
	"SensorDataCollection": {
		"SensorId": 0,
		"SensorDatas": [{
				"Time": 6.015150501044107e-7,
				"TimeDiff": 0.0,
				"PhiDegree": 38.735850102473364,
				"Power": -53.96679478878701
			}, {
				"Time": 7.311249404470892e-7,
				"TimeDiff": 1.2960989034267849e-7,
				"PhiDegree": 163.29083780175415,
				"Power": -75.12941088935656
			}]
	}
}