{
	"SensorDataCollection": {
		"SensorId": 0,
		"SensorDatas": [{
				"Time": 6.278893747306765e-7,
				"TimeDiff": 0.0,
				"PhiDegree": 36.83031612734155,
				"Power": -55.232065079496394
			}, {
				"Time": 7.63142811069025e-7,
				"TimeDiff": 1.3525343633834844e-7,
				"PhiDegree": 164.011109476974,
				"Power": -76.86271445954895
			}]
	}
}