{
	"SensorDataCollection": {
		"SensorId": 0,
		"SensorDatas": [{
				"Time": 6.093553743050627e-7,
				"TimeDiff": 0.0,
				"PhiDegree": 38.146900648730764,
				"Power": -54.32893769492233
			}, {
				"Time": 7.407178027289561e-7,
				"TimeDiff": 1.313624284238934e-7,
				"PhiDegree": 163.51345580325383,
				"Power": -75.65529413657461
			}]
	}
}