{
	"SensorDataCollection": {
		"SensorId": 0,
		"SensorDatas": [{
				"Time": 5.989159785099667e-7,
				"TimeDiff": 0.0,
				"PhiDegree": 38.935585365703446,
				"Power": -53.849772999581404
			}, {
				"Time": 3.9673122455088924e-7,
				"TimeDiff": -2.0218475395907747e-7,
				"PhiDegree": 62.447039823466575,
				"Power": -55.98150665958491
			}, {
				"Time": 7.279298155328562e-7,
				"TimeDiff": 1.2901383702288954e-7,
				"PhiDegree": 163.21532834729877,
				"Power": -74.95297888376484
			}]
	}
}