{
	"SensorDataCollection": {
		"SensorId": 0,
		"SensorDatas": [{
				"Time": 5.93434165161957e-7,
				"TimeDiff": 0.0,
				"PhiDegree": 143.65031913867085,
				"Power": -55.006166922003445
			}, {
				"Time": 5.061075950422296e-7,
				"TimeDiff": -8.732657011972739e-8,
				"PhiDegree": 60.799740234135754,
				"Power": -59.575152295998336
			}, {
				"Time": 6.674856117865178e-7,
				"TimeDiff": 7.405144662456081e-8,
				"PhiDegree": 161.64366703377064,
				"Power": -71.49000185272851
			}]
	}
}