{
	"SensorDataCollection": {
		"SensorId": 0,
		"SensorDatas": [{
				"Time": 4.063795714038821e-7,
				"TimeDiff": 0.0,
				"PhiDegree": 59.94375956907194,
				"Power": -54.262472272514486
			}, {
				"Time": 7.08786453442197e-7,
				"TimeDiff": 3.0240688203831494e-7,
				"PhiDegree": 162.74798779947707,
				"Power": -73.88230412134831
			}]
	}
}