{
	"SensorDataCollection": {
		"SensorId": 0,
		"SensorDatas": [{
				"Time": 3.935491043155807e-7,
				"TimeDiff": 0.0,
				"PhiDegree": 130.2736697523108,
				"Power": -49.50016461125914
			}, {
				"Time": 4.353521711785455e-7,
				"TimeDiff": 4.180306686296481e-8,
				"PhiDegree": 125.75830621445142,
				"Power": -52.66311305698517
			}, {
				"Time": 4.4920524362566717e-7,
				"TimeDiff": 5.565613931008646e-8,
				"PhiDegree": 235.5041899144534,
				"Power": -53.75976531758866
			}, {
				"Time": 9.081512913333392e-7,
				"TimeDiff": 5.146021870177585e-7,
				"PhiDegree": 160.69282651290237,
				"Power": -80.86088229704333
			}]
	}
}