{
	"SensorDataCollection": {
		"SensorId": 0,
		"SensorDatas": [{
				"Time": 4.1821398526591365e-7,
				"TimeDiff": 0.0,
				"PhiDegree": 134.11300718223347,
				"Power": -49.56982553921061
			}, {
				"Time": 4.5777019662083256e-7,
				"TimeDiff": 3.955621135491891e-8,
				"PhiDegree": 129.48880620937342,
				"Power": -51.309432525228644
			}, {
				"Time": 8.73596719169254e-7,
				"TimeDiff": 4.553827339033403e-7,
				"PhiDegree": 159.8968990857565,
				"Power": -78.76157148206094
			}]
	}
}