{
	"SensorDataCollection": {
		"SensorId": 0,
		"SensorDatas": [{
				"Time": 6.359297714688093e-7,
				"TimeDiff": 0.0,
				"PhiDegree": 36.28968422125037,
				"Power": -55.64101921441912
			}, {
				"Time": 7.727704222280555e-7,
				"TimeDiff": 1.3684065075924622e-7,
				"PhiDegree": 164.21554114944288,
				"Power": -77.37190285578998
			}]
	}
}