{
	"SensorDataCollection": {
		"SensorId": 0,
		"SensorDatas": [{
				"Time": 4.0453408934226017e-7,
				"TimeDiff": 0.0,
				"PhiDegree": 132.07678570696524,
				"Power": -49.445489592179726
			}, {
				"Time": 4.4530713544951143e-7,
				"TimeDiff": 4.077304610725126e-8,
				"PhiDegree": 127.50048313939837,
				"Power": -51.90583233984151
			}, {
				"Time": 8.92423401238194e-7,
				"TimeDiff": 4.878893118959339e-7,
				"PhiDegree": 160.33868272241236,
				"Power": -79.91263932214545
			}]
	}
}