{
	"SensorDataCollection": {
		"SensorId": 0,
		"SensorDatas": [{
				"Time": 4.6855643669531415e-7,
				"TimeDiff": 0.0,
				"PhiDegree": 131.0634087501924,
				"Power": -51.034915432831355
			}, {
				"Time": 8.579490872961973e-7,
				"TimeDiff": 3.8939265060088316e-7,
				"PhiDegree": 159.5139537861593,
				"Power": -77.79145742986348
			}]
	}
}