{
	"SensorDataCollection": {
		"SensorId": 0,
		"SensorDatas": [{
				"Time": 6.413208330538548e-7,
				"TimeDiff": 0.0,
				"PhiDegree": 35.93681441392999,
				"Power": -55.920111996330746
			}]
	}
}