{
	"SensorDataCollection": {
		"SensorId": 0,
		"SensorDatas": [{
				"Time": 5.911631998708447e-7,
				"TimeDiff": 0.0,
				"PhiDegree": 39.54529411157623,
				"Power": -53.51055830025949
			}, {
				"Time": 4.0145960157502063e-7,
				"TimeDiff": -1.8970359829582407e-7,
				"PhiDegree": 61.180360452342654,
				"Power": -55.06244145794021
			}, {
				"Time": 7.183521614536855e-7,
				"TimeDiff": 1.2718896158284084e-7,
				"PhiDegree": 162.9847716035652,
				"Power": -74.42024216977993
			}]
	}
}