{
	"SensorDataCollection": {
		"SensorId": 0,
		"SensorDatas": [{
				"Time": 5.304667230531213e-7,
				"TimeDiff": 0.0,
				"PhiDegree": 56.3910955600457,
				"Power": -55.852870475019756
			}, {
				"Time": 6.316645779935457e-7,
				"TimeDiff": 1.011978549404244e-7,
				"PhiDegree": 146.16253196291825,
				"Power": -57.196093372101416
			}, {
				"Time": 6.23323181662325e-7,
				"TimeDiff": 9.285645860920369e-8,
				"PhiDegree": 160.29129715717067,
				"Power": -68.80002626179828
			}]
	}
}