{
	"SensorDataCollection": {
		"SensorId": 0,
		"SensorDatas": [{
				"Time": 4.1856614209935083e-7,
				"TimeDiff": 0.0,
				"PhiDegree": 57.17541997640053,
				"Power": -52.79788701748873
			}, {
				"Time": 6.86515728891091e-7,
				"TimeDiff": 2.679495867917402e-7,
				"PhiDegree": 162.16986270245317,
				"Power": -72.60661659336569
			}]
	}
}