{
	"SensorDataCollection": {
		"SensorId": 0,
		"SensorDatas": [{
				"Time": 5.880727068403547e-7,
				"TimeDiff": 0.0,
				"PhiDegree": 143.2649490543502,
				"Power": -54.71414076148828
			}, {
				"Time": 5.028856827724404e-7,
				"TimeDiff": -8.518702406791435e-8,
				"PhiDegree": 61.46344817324435,
				"Power": -60.28194738028503
			}, {
				"Time": 6.73822611087808e-7,
				"TimeDiff": 8.574990424745322e-8,
				"PhiDegree": 161.82236743390933,
				"Power": -71.86460325900485
			}]
	}
}