{
	"SensorDataCollection": {
		"SensorId": 0,
		"SensorDatas": [{
				"Time": 4.819437952987737e-7,
				"TimeDiff": 0.0,
				"PhiDegree": 132.85822368970258,
				"Power": -50.93177932985195
			}, {
				"Time": 8.392245923973306e-7,
				"TimeDiff": 3.572807970985569e-7,
				"PhiDegree": 159.0355962792666,
				"Power": -76.61442869086136
			}]
	}
}