{
	"SensorDataCollection": {
		"SensorId": 0,
		"SensorDatas": [{
				"Time": 4.0927096073961265e-7,
				"TimeDiff": 0.0,
				"PhiDegree": 60.17771331728066,
				"Power": -54.488676658715804
			}, {
				"Time": 7.097831712024145e-7,
				"TimeDiff": 3.0051221046280187e-7,
				"PhiDegree": 162.49076132556118,
				"Power": -73.44499908369801
			}]
	}
}