{
	"SensorDataCollection": {
		"SensorId": 0,
		"SensorDatas": [{
				"Time": 3.7623099766758435e-7,
				"TimeDiff": 0.0,
				"PhiDegree": 127.88764046200292,
				"Power": -49.71620711871151
			}, {
				"Time": 4.2492551110899625e-7,
				"TimeDiff": 4.8694513441411905e-8,
				"PhiDegree": 122.9386160900038,
				"Power": -54.45465768200707
			}, {
				"Time": 4.3357511529304175e-7,
				"TimeDiff": 5.73441176254574e-8,
				"PhiDegree": 237.79887644003782,
				"Power": -55.25136389084457
			}, {
				"Time": 9.291546028385685e-7,
				"TimeDiff": 5.529236051709842e-7,
				"PhiDegree": 161.36322062530706,
				"Power": -82.62377929748271
			}]
	}
}