{
	"SensorDataCollection": {
		"SensorId": 0,
		"SensorDatas": [{
				"Time": 6.010184825737101e-7,
				"TimeDiff": 0.0,
				"PhiDegree": 39.183010173527,
				"Power": -53.78551573529809
			}, {
				"Time": 3.9969241647042863e-7,
				"TimeDiff": -2.0132606610328147e-7,
				"PhiDegree": 62.66828980459344,
				"Power": -56.23479368220738
			}, {
				"Time": 7.289003566199474e-7,
				"TimeDiff": 1.2788187404623728e-7,
				"PhiDegree": 162.96422217258439,
				"Power": -74.50997970677075
			}]
	}
}