{
	"SensorDataCollection": {
		"SensorId": 0,
		"SensorDatas": [{
				"Time": 3.931884218541799e-7,
				"TimeDiff": 0.0,
				"PhiDegree": 130.95896473253336,
				"Power": -49.36401759162875
			}, {
				"Time": 4.40010296999373e-7,
				"TimeDiff": 4.682187514519306e-8,
				"PhiDegree": 125.85698611457556,
				"Power": -52.69589115556309
			}, {
				"Time": 4.4836899098355266e-7,
				"TimeDiff": 5.5180569129372736e-8,
				"PhiDegree": 234.91129242259504,
				"Power": -53.34210784743715
			}, {
				"Time": 9.039014166168499e-7,
				"TimeDiff": 5.1071299476267e-7,
				"PhiDegree": 160.82250321277297,
				"Power": -81.11687468674383
			}]
	}
}