{
	"SensorDataCollection": {
		"SensorId": 0,
		"SensorDatas": [{
				"Time": 4.111806820254035e-7,
				"TimeDiff": 0.0,
				"PhiDegree": 133.7690121962004,
				"Power": -49.437937314183145
			}, {
				"Time": 4.561594892755952e-7,
				"TimeDiff": 4.4978807250191705e-8,
				"PhiDegree": 128.57537502013844,
				"Power": -51.630113845574556
			}, {
				"Time": 8.787333569771088e-7,
				"TimeDiff": 4.6755267495170524e-7,
				"PhiDegree": 160.25075872495538,
				"Power": -79.58371126249138
			}]
	}
}