{
	"SensorDataCollection": {
		"SensorId": 0,
		"SensorDatas": [{
				"Time": 4.624673300183161e-7,
				"TimeDiff": 0.0,
				"PhiDegree": 129.54495227805026,
				"Power": -51.378311422220335
			}, {
				"Time": 8.693187911573135e-7,
				"TimeDiff": 4.0685146113899734e-7,
				"PhiDegree": 160.02782840375747,
				"Power": -79.00203212375656
			}]
	}
}