{
	"SensorDataCollection": {
		"SensorId": 0,
		"SensorDatas": [{
				"Time": 4.776776887604904e-7,
				"TimeDiff": 0.0,
				"PhiDegree": 131.7057951667798,
				"Power": -51.05409461324325
			}, {
				"Time": 8.474045443217599e-7,
				"TimeDiff": 3.697268555612695e-7,
				"PhiDegree": 159.48842017090183,
				"Power": -77.63060396412317
			}]
	}
}