{
	"SensorDataCollection": {
		"SensorId": 0,
		"SensorDatas": [{
				"Time": 6.036085010855679e-7,
				"TimeDiff": 0.0,
				"PhiDegree": 38.98290560726018,
				"Power": -53.89913721720728
			}, {
				"Time": 7.320912457356311e-7,
				"TimeDiff": 1.2848274465006327e-7,
				"PhiDegree": 163.04072693860235,
				"Power": -74.68550455515401
			}]
	}
}