{
	"SensorDataCollection": {
		"SensorId": 0,
		"SensorDatas": [{
				"Time": 3.7828924488798084e-7,
				"TimeDiff": 0.0,
				"PhiDegree": 128.28648891380237,
				"Power": -49.64455146867763
			}, {
				"Time": 4.267489650640228e-7,
				"TimeDiff": 4.845972017604197e-8,
				"PhiDegree": 123.31458855901634,
				"Power": -54.19094121671938
			}, {
				"Time": 4.3536234310439314e-7,
				"TimeDiff": 5.7073098216412295e-8,
				"PhiDegree": 237.42729969041653,
				"Power": -54.96862670935762
			}, {
				"Time": 9.259935370222748e-7,
				"TimeDiff": 5.47704292134294e-7,
				"PhiDegree": 161.29724445097239,
				"Power": -82.43685320359174
			}]
	}
}