{
	"SensorDataCollection": {
		"SensorId": 0,
		"SensorDatas": [{
				"Time": 6.486833434564519e-7,
				"TimeDiff": 0.0,
				"PhiDegree": 35.829503202808205,
				"Power": -56.0835690771336
			}, {
				"Time": 8.131301185625118e-7,
				"TimeDiff": 1.6444677510605988e-7,
				"PhiDegree": 158.58218079472272,
				"Power": -75.43614886851958
			}, {
				"Time": 7.865214566840073e-7,
				"TimeDiff": 1.3783811322755535e-7,
				"PhiDegree": 164.2461150620925,
				"Power": -77.58552218159772
			}]
	}
}