{
	"SensorDataCollection": {
		"SensorId": 0,
		"SensorDatas": [{
				"Time": 4.14340030478418e-7,
				"TimeDiff": 0.0,
				"PhiDegree": 58.97673842607646,
				"Power": -53.78291357288933
			}, {
				"Time": 7.002434976739478e-7,
				"TimeDiff": 2.859034671955298e-7,
				"PhiDegree": 162.24434495917805,
				"Power": -72.90482805775494
			}]
	}
}