{
	"SensorDataCollection": {
		"SensorId": 0,
		"SensorDatas": [{
				"Time": 5.927428097656316e-7,
				"TimeDiff": 0.0,
				"PhiDegree": 143.1993811430401,
				"Power": -54.74759621223963
			}, {
				"Time": 5.015687937418543e-7,
				"TimeDiff": -9.117401602377732e-8,
				"PhiDegree": 60.94650653248854,
				"Power": -59.662106173418564
			}, {
				"Time": 6.717066003391083e-7,
				"TimeDiff": 7.896379057347672e-8,
				"PhiDegree": 161.46316876030247,
				"Power": -71.25312505562025
			}]
	}
}