{
	"SensorDataCollection": {
		"SensorId": 0,
		"SensorDatas": [{
				"Time": 4.160695143251779e-7,
				"TimeDiff": 0.0,
				"PhiDegree": 58.582980486292556,
				"Power": -53.56985489469059
			}, {
				"Time": 6.970665372703167e-7,
				"TimeDiff": 2.8099702294513883e-7,
				"PhiDegree": 162.16070793480702,
				"Power": -72.72362287145322
			}]
	}
}