{
	"SensorDataCollection": {
		"SensorId": 0,
		"SensorDatas": [{
				"Time": 6.405944711576995e-7,
				"TimeDiff": 0.0,
				"PhiDegree": 36.35359899158385,
				"Power": -55.66816021201831
			}, {
				"Time": 7.768922899481e-7,
				"TimeDiff": 1.3629781879040043e-7,
				"PhiDegree": 164.04568055484128,
				"Power": -77.0850603342679
			}]
	}
}