{
	"SensorDataCollection": {
		"SensorId": 0,
		"SensorDatas": [{
				"Time": 4.158248686262004e-7,
				"TimeDiff": 0.0,
				"PhiDegree": 134.43302969934783,
				"Power": -49.51021256774638
			}, {
				"Time": 4.6035013604135356e-7,
				"TimeDiff": 4.452526741515316e-8,
				"PhiDegree": 129.22471555234418,
				"Power": -51.45413174247014
			}, {
				"Time": 8.724555069682829e-7,
				"TimeDiff": 4.5663063834208253e-7,
				"PhiDegree": 160.1026730498519,
				"Power": -79.19633221461848
			}]
	}
}