{
	"SensorDataCollection": {
		"SensorId": 0,
		"SensorDatas": [{
				"Time": 6.034826998931016e-7,
				"TimeDiff": 0.0,
				"PhiDegree": 143.9584659027946,
				"Power": -55.32992599965142
			}, {
				"Time": 5.081841805281508e-7,
				"TimeDiff": -9.52985193649508e-8,
				"PhiDegree": 59.63096833900456,
				"Power": -58.36148648381017
			}, {
				"Time": 6.590661190171602e-7,
				"TimeDiff": 5.55834191240586e-8,
				"PhiDegree": 161.09429638864984,
				"Power": -70.50386163693821
			}]
	}
}