{
	"SensorDataCollection": {
		"SensorId": 0,
		"SensorDatas": [{
				"Time": 5.932931787591951e-7,
				"TimeDiff": 0.0,
				"PhiDegree": 39.79377158255493,
				"Power": -53.45671032245784
			}, {
				"Time": 4.0438617056855066e-7,
				"TimeDiff": -1.8890700819064447e-7,
				"PhiDegree": 61.40825438300429,
				"Power": -55.302214418458476
			}, {
				"Time": 7.193356250069715e-7,
				"TimeDiff": 1.2604244624777637e-7,
				"PhiDegree": 162.73063743404163,
				"Power": -73.98003504224334
			}]
	}
}