{
	"SensorDataCollection": {
		"SensorId": 0,
		"SensorDatas": [{
				"Time": 4.889357933222788e-7,
				"TimeDiff": 0.0,
				"PhiDegree": 133.16551129932728,
				"Power": -51.01802673578575
			}, {
				"Time": 8.317995699590445e-7,
				"TimeDiff": 3.4286377663676573e-7,
				"PhiDegree": 159.08575221451494,
				"Power": -76.6390055504447
			}]
	}
}