{
	"SensorDataCollection": {
		"SensorId": 0,
		"SensorDatas": [{
				"Time": 6.088103432290896e-7,
				"TimeDiff": 0.0,
				"PhiDegree": 38.587816224415825,
				"Power": -54.1320747126359
			}, {
				"Time": 7.38476888976023e-7,
				"TimeDiff": 1.2966654574693333e-7,
				"PhiDegree": 163.1917523804812,
				"Power": -75.03487997959718
			}]
	}
}