{
	"SensorDataCollection": {
		"SensorId": 0,
		"SensorDatas": [{
				"Time": 4.020636931332779e-7,
				"TimeDiff": 0.0,
				"PhiDegree": 132.39542256385576,
				"Power": -49.354885557990514
			}, {
				"Time": 4.4795885940705146e-7,
				"TimeDiff": 4.589516627377354e-8,
				"PhiDegree": 127.24067816808085,
				"Power": -52.08633686107835
			}, {
				"Time": 8.913062947009552e-7,
				"TimeDiff": 4.892426015676773e-7,
				"PhiDegree": 160.540667078494,
				"Power": -80.35356976699984
			}]
	}
}