{
	"SensorDataCollection": {
		"SensorId": 0,
		"SensorDatas": [{
				"Time": 4.981614124983874e-7,
				"TimeDiff": 0.0,
				"PhiDegree": 134.2852171030298,
				"Power": -51.08967537204208
			}, {
				"Time": 6.541054560129559e-7,
				"TimeDiff": 1.5594404351456855e-7,
				"PhiDegree": 35.4873257802741,
				"Power": -56.36635851133349
			}, {
				"Time": 8.193461840092753e-7,
				"TimeDiff": 3.2118477151088794e-7,
				"PhiDegree": 158.75258728201396,
				"Power": -75.83864908951556
			}]
	}
}