{
	"SensorDataCollection": {
		"SensorId": 0,
		"SensorDatas": [{
				"Time": 4.134958332824698e-7,
				"TimeDiff": 0.0,
				"PhiDegree": 134.10288541875855,
				"Power": -49.47165961583542
			}, {
				"Time": 4.582474555600499e-7,
				"TimeDiff": 4.475162227758014e-8,
				"PhiDegree": 128.9015298238016,
				"Power": -51.53798697502492
			}, {
				"Time": 8.75593700853483e-7,
				"TimeDiff": 4.6209786757101327e-7,
				"PhiDegree": 160.17698132427154,
				"Power": -79.39022546370299
			}]
	}
}