{
	"SensorDataCollection": {
		"SensorId": 0,
		"SensorDatas": [{
				"Time": 4.79904041200008e-7,
				"TimeDiff": 0.0,
				"PhiDegree": 132.0032018995801,
				"Power": -51.034834832411434
			}, {
				"Time": 8.442802506257367e-7,
				"TimeDiff": 3.6437620942572876e-7,
				"PhiDegree": 159.40907770550692,
				"Power": -77.43307855916578
			}]
	}
}