{
	"SensorDataCollection": {
		"SensorId": 0,
		"SensorDatas": [{
				"Time": 4.043209106480643e-7,
				"TimeDiff": 0.0,
				"PhiDegree": 132.74461481646082,
				"Power": -49.36750437582516
			}, {
				"Time": 4.499859166380385e-7,
				"TimeDiff": 4.56650059899742e-8,
				"PhiDegree": 127.57890159074265,
				"Power": -51.95860407851984
			}, {
				"Time": 8.881609436717014e-7,
				"TimeDiff": 4.838400330236371e-7,
				"PhiDegree": 160.46895960193578,
				"Power": -80.16171872658218
			}]
	}
}