{
	"SensorDataCollection": {
		"SensorId": 0,
		"SensorDatas": [{
				"Time": 5.954178966337774e-7,
				"TimeDiff": 0.0,
				"PhiDegree": 143.39171747616453,
				"Power": -54.89095262279834
			}, {
				"Time": 5.031976072519563e-7,
				"TimeDiff": -9.222028938182112e-8,
				"PhiDegree": 60.61439013625028,
				"Power": -59.3191283410242
			}, {
				"Time": 6.685439069208621e-7,
				"TimeDiff": 7.312601028708466e-8,
				"PhiDegree": 161.37225861122113,
				"Power": -71.06668907948333
			}]
	}
}