{
	"SensorDataCollection": {
		"SensorId": 0,
		"SensorDatas": [{
				"Time": 8.007939949870382e-8,
				"TimeDiff": 0.0,
				"PhiDegree": 180.0,
				"Power": -35.14875543526388
			}, {
				"Time": 1.063322913413491e-7,
				"TimeDiff": 2.6252891842645282e-8,
				"PhiDegree": 221.13992104281942,
				"Power": -37.81577832583001
			}, {
				"Time": 3.9936631034975887e-7,
				"TimeDiff": 3.1928691085105504e-7,
				"PhiDegree": 49.25602358542298,
				"Power": -49.730647007891264
			}, {
				"Time": 3.129909502280279e-7,
				"TimeDiff": 2.3291155072932406e-7,
				"PhiDegree": 104.82408337532436,
				"Power": -59.26258614495862
			}]
	}
}