{
	"SensorDataCollection": {
		"SensorId": 0,
		"SensorDatas": [{
				"Time": 3.803656245572624e-7,
				"TimeDiff": 0.0,
				"PhiDegree": 128.6810017589316,
				"Power": -49.58134981657926
			}, {
				"Time": 4.2859063770704575e-7,
				"TimeDiff": 4.822501314978334e-8,
				"PhiDegree": 123.68734582428712,
				"Power": -53.94052553952078
			}, {
				"Time": 4.371677313575019e-7,
				"TimeDiff": 5.680210680023951e-8,
				"PhiDegree": 237.05877657670985,
				"Power": -54.699239787811905
			}, {
				"Time": 9.228337074429458e-7,
				"TimeDiff": 5.424680828856834e-7,
				"PhiDegree": 161.2308163764964,
				"Power": -82.24951671990495
			}]
	}
}