{
	"SensorDataCollection": {
		"SensorId": 0,
		"SensorDatas": [{
				"Time": 3.9982157800649796e-7,
				"TimeDiff": 0.0,
				"PhiDegree": 132.04230067871174,
				"Power": -49.348019502016314
			}, {
				"Time": 4.4594755367072247e-7,
				"TimeDiff": 4.612597566422451e-8,
				"PhiDegree": 126.89939186276557,
				"Power": -52.2236416302746
			}, {
				"Time": 8.944530319911882e-7,
				"TimeDiff": 4.946314539846902e-7,
				"PhiDegree": 160.61187012386063,
				"Power": -80.54501114625839
			}]
	}
}