{
	"SensorDataCollection": {
		"SensorId": 0,
		"SensorDatas": [{
				"Time": 4.2870801012667347e-7,
				"TimeDiff": 0.0,
				"PhiDegree": 55.91811167836446,
				"Power": -52.355490246432055
			}, {
				"Time": 5.900744629119826e-7,
				"TimeDiff": 1.613664527853091e-7,
				"PhiDegree": 143.00530309691842,
				"Power": -54.60580541122238
			}, {
				"Time": 4.999569422682e-7,
				"TimeDiff": 7.124893214152655e-8,
				"PhiDegree": 61.28077569440853,
				"Power": -60.01750463178067
			}, {
				"Time": 6.748709689653123e-7,
				"TimeDiff": 2.4616295883863886e-7,
				"PhiDegree": 161.553226606268,
				"Power": -71.43897569413446
			}]
	}
}