{
	"SensorDataCollection": {
		"SensorId": 0,
		"SensorDatas": [{
				"Time": 3.88846620252708e-7,
				"TimeDiff": 0.0,
				"PhiDegree": 130.2163798968491,
				"Power": -49.407391838070154
			}, {
				"Time": 4.361348649984882e-7,
				"TimeDiff": 4.7288244745780195e-8,
				"PhiDegree": 125.1464343999433,
				"Power": -53.06407724923457
			}, {
				"Time": 4.4456643044362036e-7,
				"TimeDiff": 5.5719810190912357e-8,
				"PhiDegree": 235.61506020008326,
				"Power": -53.7475073289514
			}, {
				"Time": 9.102070089192993e-7,
				"TimeDiff": 5.213603886665913e-7,
				"PhiDegree": 160.96049465203703,
				"Power": -81.49606473789655
			}]
	}
}