{
	"SensorDataCollection": {
		"SensorId": 0,
		"SensorDatas": [{
				"Time": 8.341604114448315e-8,
				"TimeDiff": 0.0,
				"PhiDegree": 179.99999999999997,
				"Power": -35.509619842643126
			}, {
				"Time": 1.0886726724799629e-7,
				"TimeDiff": 2.5451226103513137e-8,
				"PhiDegree": 219.9845425326753,
				"Power": -38.12982432414755
			}, {
				"Time": 3.97196595367549e-7,
				"TimeDiff": 3.1378055422306585e-7,
				"PhiDegree": 49.620684186384146,
				"Power": -49.786929799028286
			}, {
				"Time": 3.138612123547428e-7,
				"TimeDiff": 2.3044517121025963e-7,
				"PhiDegree": 105.41292848307744,
				"Power": -58.67401901431806
			}]
	}
}