{
	"SensorDataCollection": {
		"SensorId": 0,
		"SensorDatas": [{
				"Time": 5.980996330793659e-7,
				"TimeDiff": 0.0,
				"PhiDegree": 143.58233116056175,
				"Power": -55.035825045446614
			}, {
				"Time": 5.048432186208647e-7,
				"TimeDiff": -9.325641445850125e-8,
				"PhiDegree": 60.28442787858843,
				"Power": -58.988242455988484
			}, {
				"Time": 6.653829125983345e-7,
				"TimeDiff": 6.72832795189686e-8,
				"PhiDegree": 161.28048446657616,
				"Power": -70.87966697515517
			}]
	}
}