{
	"SensorDataCollection": {
		"SensorId": 0,
		"SensorDatas": [{
				"Time": 4.935250436777732e-7,
				"TimeDiff": 0.0,
				"PhiDegree": 133.73059687128364,
				"Power": -51.04342082856209
			}, {
				"Time": 6.59550513997049e-7,
				"TimeDiff": 1.6602547031927577e-7,
				"PhiDegree": 35.15078635429863,
				"Power": -56.653499491412475
			}, {
				"Time": 8.255693878817315e-7,
				"TimeDiff": 3.320443442039583e-7,
				"PhiDegree": 158.92042616162755,
				"Power": -76.23960625540121
			}]
	}
}