{
	"SensorDataCollection": {
		"SensorId": 0,
		"SensorDatas": [{
				"Time": 6.192986784758791e-7,
				"TimeDiff": 0.0,
				"PhiDegree": 37.81763986055307,
				"Power": -54.61925952926738
			}, {
				"Time": 7.512631754245351e-7,
				"TimeDiff": 1.3196449694865597e-7,
				"PhiDegree": 163.48609600278348,
				"Power": -75.72698619057658
			}]
	}
}