{
	"SensorDataCollection": {
		"SensorId": 0,
		"SensorDatas": [{
				"Time": 4.710773070395421e-7,
				"TimeDiff": 0.0,
				"PhiDegree": 130.7968230912074,
				"Power": -51.15088861132679
			}, {
				"Time": 8.567870332167598e-7,
				"TimeDiff": 3.857097261772177e-7,
				"PhiDegree": 159.72297358848982,
				"Power": -78.22077762913032
			}]
	}
}