{
	"SensorDataCollection": {
		"SensorId": 0,
		"SensorDatas": [{
				"Time": 4.059935426966317e-7,
				"TimeDiff": 0.0,
				"PhiDegree": 60.99479101001451,
				"Power": -55.01839433279207
			}, {
				"Time": 7.161500852627803e-7,
				"TimeDiff": 3.1015654256614864e-7,
				"PhiDegree": 162.65138980826183,
				"Power": -73.80225765279314
			}]
	}
}