{
	"SensorDataCollection": {
		"SensorId": 0,
		"SensorDatas": [{
				"Time": 6.352322980762109e-7,
				"TimeDiff": 0.0,
				"PhiDegree": 36.710392000852444,
				"Power": -55.39750545242045
			}, {
				"Time": 7.704782373261251e-7,
				"TimeDiff": 1.352459392499142e-7,
				"PhiDegree": 163.90927534540407,
				"Power": -76.74876851408995
			}]
	}
}