{
	"SensorDataCollection": {
		"SensorId": 0,
		"SensorDatas": [{
				"Time": 6.43284756534417e-7,
				"TimeDiff": 0.0,
				"PhiDegree": 36.17743646543772,
				"Power": -55.80541108627733
			}, {
				"Time": 8.069213565126321e-7,
				"TimeDiff": 1.6363659997821506e-7,
				"PhiDegree": 158.40915041158394,
				"Power": -75.03212197206255
			}, {
				"Time": 7.801009471260977e-7,
				"TimeDiff": 1.3681619059168065e-7,
				"PhiDegree": 164.11304181792448,
				"Power": -77.25240894527278
			}]
	}
}