{
	"SensorDataCollection": {
		"SensorId": 0,
		"SensorDatas": [{
				"Time": 3.975948207637849e-7,
				"TimeDiff": 0.0,
				"PhiDegree": 131.68520973544102,
				"Power": -49.34711051872421
			}, {
				"Time": 4.43952213513439e-7,
				"TimeDiff": 4.6357392749654084e-8,
				"PhiDegree": 126.55502542917472,
				"Power": -52.370804008081564
			}, {
				"Time": 8.976011409628766e-7,
				"TimeDiff": 5.000063201990916e-7,
				"PhiDegree": 160.6825738244383,
				"Power": -80.73604257736409
			}]
	}
}