{
	"SensorDataCollection": {
		"SensorId": 0,
		"SensorDatas": [{
				"Time": 4.088796506977727e-7,
				"TimeDiff": 0.0,
				"PhiDegree": 133.43136955764362,
				"Power": -49.409217658280596
			}, {
				"Time": 4.54086440163135e-7,
				"TimeDiff": 4.52067894653623e-8,
				"PhiDegree": 128.24623146829632,
				"Power": -51.73075646790255
			}, {
				"Time": 8.818744597215431e-7,
				"TimeDiff": 4.7299480902377037e-7,
				"PhiDegree": 160.32401067860783,
				"Power": -79.77678906011548
			}]
	}
}