{
	"SensorDataCollection": {
		"SensorId": 0,
		"SensorDatas": [{
				"Time": 6.061838562622583e-7,
				"TimeDiff": 0.0,
				"PhiDegree": 144.1440241508266,
				"Power": -55.47906169422447
			}, {
				"Time": 5.098792051528306e-7,
				"TimeDiff": -9.630465110942773e-8,
				"PhiDegree": 59.30747091567146,
				"Power": -58.06501216210529
			}, {
				"Time": 6.559103697899647e-7,
				"TimeDiff": 4.9726513527706356e-8,
				"PhiDegree": 160.9998580253113,
				"Power": -70.31507725065929
			}]
	}
}