{
	"SensorDataCollection": {
		"SensorId": 0,
		"SensorDatas": [{
				"Time": 4.268471782362232e-7,
				"TimeDiff": 0.0,
				"PhiDegree": 56.28906367777059,
				"Power": -52.50137765578144
			}, {
				"Time": 5.874129479231949e-7,
				"TimeDiff": 1.605657696869717e-7,
				"PhiDegree": 142.80946408657837,
				"Power": -54.46563115295156
			}, {
				"Time": 4.983622174118161e-7,
				"TimeDiff": 7.151503917559289e-8,
				"PhiDegree": 61.61719564509955,
				"Power": -60.38566399844893
			}, {
				"Time": 6.780369893451104e-7,
				"TimeDiff": 2.5118981110888716e-7,
				"PhiDegree": 161.64244364019834,
				"Power": -71.62424186466997
			}]
	}
}