{
	"SensorDataCollection": {
		"SensorId": 0,
		"SensorDatas": [{
				"Time": 6.27236210883369e-7,
				"TimeDiff": 0.0,
				"PhiDegree": 37.25698421306296,
				"Power": -55.00174221081757
			}, {
				"Time": 7.608655189150138e-7,
				"TimeDiff": 1.3362930803164472e-7,
				"PhiDegree": 163.70035743361706,
				"Power": -76.24031284713821
			}]
	}
}