{
	"SensorDataCollection": {
		"SensorId": 0,
		"SensorDatas": [{
				"Time": 3.910093111469275e-7,
				"TimeDiff": 0.0,
				"PhiDegree": 130.58973373201036,
				"Power": -49.38227975282136
			}, {
				"Time": 4.3806415944344345e-7,
				"TimeDiff": 4.705484829651595e-8,
				"PhiDegree": 125.50328176062716,
				"Power": -52.87443544750896
			}, {
				"Time": 4.4645929086426616e-7,
				"TimeDiff": 5.5449979717338664e-8,
				"PhiDegree": 235.26167779691022,
				"Power": -53.539219312632255
			}, {
				"Time": 9.07053555114807e-7,
				"TimeDiff": 5.160442439678794e-7,
				"PhiDegree": 160.89173875218796,
				"Power": -81.30667502639159
			}]
	}
}