{
	"SensorDataCollection": {
		"SensorId": 0,
		"SensorDatas": [{
				"Time": 5.004968576499015e-7,
				"TimeDiff": 0.0,
				"PhiDegree": 134.55866111606252,
				"Power": -51.12025803617894
			}, {
				"Time": 6.513914956878134e-7,
				"TimeDiff": 1.5089463803791186e-7,
				"PhiDegree": 35.65770243060914,
				"Power": -56.224402681707375
			}, {
				"Time": 8.162372487852724e-7,
				"TimeDiff": 3.157403911353709e-7,
				"PhiDegree": 158.6677084714571,
				"Power": -75.6375908749033
			}]
	}
}