{
	"SensorDataCollection": {
		"SensorId": 0,
		"SensorDatas": [{
				"Time": 3.953836808869469e-7,
				"TimeDiff": 0.0,
				"PhiDegree": 131.32411065068436,
				"Power": -49.35237017527025
			}, {
				"Time": 4.4197305517079535e-7,
				"TimeDiff": 4.658937428384847e-8,
				"PhiDegree": 126.20756219915762,
				"Power": -52.52811895364907
			}, {
				"Time": 4.5029531655030535e-7,
				"TimeDiff": 5.491163566335847e-8,
				"PhiDegree": 234.56389198680472,
				"Power": -53.155851709192774
			}, {
				"Time": 9.00750607234006e-7,
				"TimeDiff": 5.053669263470591e-7,
				"PhiDegree": 160.7527832016212,
				"Power": -80.92666382152888
			}]
	}
}