{
	"SensorDataCollection": {
		"SensorId": 0,
		"SensorDatas": [{
				"Time": 4.231798954061599e-7,
				"TimeDiff": 0.0,
				"PhiDegree": 57.0406756773109,
				"Power": -52.819605625692674
			}, {
				"Time": 4.952248075888007e-7,
				"TimeDiff": 7.204491218264077e-8,
				"PhiDegree": 62.29647689703475,
				"Power": -61.1616882753287
			}, {
				"Time": 6.843738936582974e-7,
				"TimeDiff": 2.611939982521375e-7,
				"PhiDegree": 161.81840025398856,
				"Power": -71.99302465494823
			}]
	}
}