{
	"SensorDataCollection": {
		"SensorId": 0,
		"SensorDatas": [{
				"Time": 7.340611620714516e-8,
				"TimeDiff": 0.0,
				"PhiDegree": 180.0,
				"Power": -34.37622585859634
			}, {
				"Time": 1.0140169552056534e-7,
				"TimeDiff": 2.799557931342018e-8,
				"PhiDegree": 223.62141221053497,
				"Power": -37.265363243838024
			}, {
				"Time": 4.037534864850444e-7,
				"TimeDiff": 3.3034737027789926e-7,
				"PhiDegree": 48.53853253323809,
				"Power": -49.646878439884944
			}, {
				"Time": 3.11350417692329e-7,
				"TimeDiff": 2.3794430148518387e-7,
				"PhiDegree": 103.63683195780105,
				"Power": -60.54590184790641
			}]
	}
}