{
	"SensorDataCollection": {
		"SensorId": 0,
		"SensorDatas": [{
				"Time": 4.667444670920686e-7,
				"TimeDiff": 0.0,
				"PhiDegree": 130.1766608460237,
				"Power": -51.24986395350413
			}, {
				"Time": 8.630498582144056e-7,
				"TimeDiff": 3.96305391122337e-7,
				"PhiDegree": 159.87650764199392,
				"Power": -78.61221414947678
			}]
	}
}