{
	"SensorDataCollection": {
		"SensorId": 0,
		"SensorDatas": [{
				"Time": 4.95837420574825e-7,
				"TimeDiff": 0.0,
				"PhiDegree": 134.00920348768486,
				"Power": -51.0640150406019
			}, {
				"Time": 6.568251524358456e-7,
				"TimeDiff": 1.6098773186102063e-7,
				"PhiDegree": 35.318358593214526,
				"Power": -56.50940201668294
			}, {
				"Time": 8.224569037654903e-7,
				"TimeDiff": 3.2661948319066524e-7,
				"PhiDegree": 158.83682421419854,
				"Power": -76.0393215159242
			}]
	}
}