{
	"SensorDataCollection": {
		"SensorId": 0,
		"SensorDatas": [{
				"Time": 5.958607245698588e-7,
				"TimeDiff": 0.0,
				"PhiDegree": 39.58842564959941,
				"Power": -53.564244679720446
			}, {
				"Time": 4.028000242524531e-7,
				"TimeDiff": -1.930607003174057e-7,
				"PhiDegree": 61.824995874221166,
				"Power": -55.59924843556155
			}, {
				"Time": 7.225225287431512e-7,
				"TimeDiff": 1.2666180417329238e-7,
				"PhiDegree": 162.80918611783147,
				"Power": -74.15724670666543
			}]
	}
}