{
	"SensorDataCollection": {
		"SensorId": 0,
		"SensorDatas": [{
				"Time": 5.984358583529139e-7,
				"TimeDiff": 0.0,
				"PhiDegree": 39.38484437159846,
				"Power": -53.673865928745784
			}, {
				"Time": 4.012353554753137e-7,
				"TimeDiff": -1.9720050287760016e-7,
				"PhiDegree": 62.24501000527948,
				"Power": -55.90995008360372
			}, {
				"Time": 7.257107785017181e-7,
				"TimeDiff": 1.2727492014880421e-7,
				"PhiDegree": 162.8870447743537,
				"Power": -74.33389434850439
			}]
	}
}