{
	"SensorDataCollection": {
		"SensorId": 0,
		"SensorDatas": [{
				"Time": 6.166662378018933e-7,
				"TimeDiff": 0.0,
				"PhiDegree": 38.00772569923205,
				"Power": -54.494925843741584
			}, {
				"Time": 7.480647688651205e-7,
				"TimeDiff": 1.313985310632272e-7,
				"PhiDegree": 163.41345354130573,
				"Power": -75.55478543235661
			}]
	}
}