{
	"SensorDataCollection": {
		"SensorId": 0,
		"SensorDatas": [{
				"Time": 4.0762188953805133e-7,
				"TimeDiff": 0.0,
				"PhiDegree": 60.58460978222119,
				"Power": -54.747353814750156
			}, {
				"Time": 7.129659277935724e-7,
				"TimeDiff": 3.053440382555211e-7,
				"PhiDegree": 162.57143417710947,
				"Power": -73.62391287439624
			}]
	}
}