{
	"SensorDataCollection": {
		"SensorId": 0,
		"SensorDatas": [{
				"Time": 6.007879300572685e-7,
				"TimeDiff": 0.0,
				"PhiDegree": 143.77124107307728,
				"Power": -55.182165182258075
			}, {
				"Time": 5.065054641223516e-7,
				"TimeDiff": -9.428246593491687e-8,
				"PhiDegree": 59.95662054312733,
				"Power": -58.66913087919792
			}, {
				"Time": 6.622236417024235e-7,
				"TimeDiff": 6.143571164515504e-8,
				"PhiDegree": 161.1878344283493,
				"Power": -70.69205803477064
			}]
	}
}