{
	"SensorDataCollection": {
		"SensorId": 0,
		"SensorDatas": [{
				"Time": 4.213739177526969e-7,
				"TimeDiff": 0.0,
				"PhiDegree": 57.42135493460132,
				"Power": -52.99250060172909
			}, {
				"Time": 4.936824533418752e-7,
				"TimeDiff": 7.23085355891783e-8,
				"PhiDegree": 62.63933109262997,
				"Power": -61.57029743200809
			}, {
				"Time": 6.875447327656974e-7,
				"TimeDiff": 2.6617081501300047e-7,
				"PhiDegree": 161.90516184566968,
				"Power": -72.17654337859807
			}]
	}
}