{
	"SensorDataCollection": {
		"SensorId": 0,
		"SensorDatas": [{
				"Time": 6.245837500778121e-7,
				"TimeDiff": 0.0,
				"PhiDegree": 37.442285418744774,
				"Power": -54.872713682150064
			}, {
				"Time": 7.576635654941112e-7,
				"TimeDiff": 1.330798154162991e-7,
				"PhiDegree": 163.6295404307306,
				"Power": -76.06974789646661
			}]
	}
}