{
	"SensorDataCollection": {
		"SensorId": 0,
		"SensorDatas": [{
				"Time": 2.674246261614444e-7,
				"TimeDiff": 0.0,
				"PhiDegree": 127.01058541124678,
				"Power": -46.352755735856675
			}, {
				"Time": 3.2601734017185535e-7,
				"TimeDiff": 5.859271401041093e-8,
				"PhiDegree": 240.4109141717048,
				"Power": -52.68001520009895
			}, {
				"Time": 2.9203185033004574e-7,
				"TimeDiff": 2.460722416860132e-8,
				"PhiDegree": 256.11713173937017,
				"Power": -59.7031494972818
			}, {
				"Time": 4.0064714595535147e-7,
				"TimeDiff": 1.3322251979390704e-7,
				"PhiDegree": 246.3093105971726,
				"Power": -65.16478219897184
			}]
	}
}