{
	"SensorDataCollection": {
		"SensorId": 0,
		"SensorDatas": [{
				"Time": 6.45981072366846e-7,
				"TimeDiff": 0.0,
				"PhiDegree": 36.002742899095125,
				"Power": -55.94389311164261
			}, {
				"Time": 8.100248141121128e-7,
				"TimeDiff": 1.640437417452668e-7,
				"PhiDegree": 158.49599716832557,
				"Power": -75.23432516738272
			}, {
				"Time": 7.833106737356585e-7,
				"TimeDiff": 1.373296013688125e-7,
				"PhiDegree": 164.17985112805954,
				"Power": -77.41922884961662
			}]
	}
}