{
	"SensorDataCollection": {
		"SensorId": 0,
		"SensorDatas": [{
				"Time": 4.065929790263648e-7,
				"TimeDiff": 0.0,
				"PhiDegree": 133.0899171573321,
				"Power": -49.38567861922101
			}, {
				"Time": 4.5202851345775726e-7,
				"TimeDiff": 4.5435534431392465e-8,
				"PhiDegree": 127.91407992210083,
				"Power": -51.84016662721896
			}, {
				"Time": 8.850169936837445e-7,
				"TimeDiff": 4.784240146573798e-7,
				"PhiDegree": 160.39674254178036,
				"Power": -79.96945836167174
			}]
	}
}