{
	"SensorDataCollection": {
		"SensorId": 0,
		"SensorDatas": [{
				"Time": 4.1263027920629875e-7,
				"TimeDiff": 0.0,
				"PhiDegree": 59.3737783540968,
				"Power": -54.006832000622566
			}, {
				"Time": 7.034219367081209e-7,
				"TimeDiff": 2.9079165750182213e-7,
				"PhiDegree": 162.32722632461616,
				"Power": -73.0854581875854
			}]
	}
}