{
	"SensorDataCollection": {
		"SensorId": 0,
		"SensorDatas": [{
				"Time": 4.250043947356603e-7,
				"TimeDiff": 0.0,
				"PhiDegree": 56.66324830959045,
				"Power": -52.65599203143361
			}, {
				"Time": 5.847583580845307e-7,
				"TimeDiff": 1.5975396334887044e-7,
				"PhiDegree": 142.61184467446427,
				"Power": -54.327125743694396
			}, {
				"Time": 4.967847841067811e-7,
				"TimeDiff": 7.178038937112082e-8,
				"PhiDegree": 61.955763788948474,
				"Power": -60.766936763962576
			}, {
				"Time": 6.812046384480419e-7,
				"TimeDiff": 2.562002437123816e-7,
				"PhiDegree": 161.73083115591405,
				"Power": -71.80892451245592
			}]
	}
}