{
	"SensorDataCollection": {
		"SensorId": 0,
		"SensorDatas": [{
				"Time": 3.715490425500533e-7,
				"TimeDiff": 0.0,
				"PhiDegree": 127.79754428459191,
				"Power": -49.63532009627211
			}, {
				"Time": 4.259365308918397e-7,
				"TimeDiff": 5.4387488341786416e-8,
				"PhiDegree": 122.31786707687495,
				"Power": -54.99576218131361
			}, {
				"Time": 4.28974907911313e-7,
				"TimeDiff": 5.74258653612597e-8,
				"PhiDegree": 237.93849625523123,
				"Power": -55.28115783505565
			}, {
				"Time": 9.31259597508161e-7,
				"TimeDiff": 5.597105549581076e-7,
				"PhiDegree": 161.6233470551921,
				"Power": -83.27111479276253
			}]
	}
}