{
	"SensorDataCollection": {
		"SensorId": 0,
		"SensorDatas": [{
				"Time": 6.425779407304701e-7,
				"TimeDiff": 0.0,
				"PhiDegree": 36.5932092008548,
				"Power": -55.56130895459073
			}, {
				"Time": 8.025932147239335e-7,
				"TimeDiff": 1.6001527399346343e-7,
				"PhiDegree": 158.54298384250285,
				"Power": -75.24605586484307
			}, {
				"Time": 7.778160515666514e-7,
				"TimeDiff": 1.3523811083618125e-7,
				"PhiDegree": 163.80936228274174,
				"Power": -76.63928318328715
			}]
	}
}