{
	"SensorDataCollection": {
		"SensorId": 0,
		"SensorDatas": [{
				"Time": 6.225202423882363e-7,
				"TimeDiff": 0.0,
				"PhiDegree": 145.2233878036895,
				"Power": -56.40033012849213
			}, {
				"Time": 5.203827940568418e-7,
				"TimeDiff": -1.0213744833139449e-7,
				"PhiDegree": 57.41165034375497,
				"Power": -56.50525162406427
			}, {
				"Time": 6.895211621023791e-7,
				"TimeDiff": 6.70009197141428e-8,
				"PhiDegree": 335.72249619061796,
				"Power": -68.91816560155262
			}, {
				"Time": 6.370145920007219e-7,
				"TimeDiff": 1.4494349612485573e-8,
				"PhiDegree": 160.41360285045312,
				"Power": -69.17000589028893
			}]
	}
}