{
	"SensorDataCollection": {
		"SensorId": 0,
		"SensorDatas": [{
				"Time": 4.823886917767255e-7,
				"TimeDiff": 0.0,
				"PhiDegree": 131.73800131383263,
				"Power": -51.13260392390063
			}, {
				"Time": 8.431125617897057e-7,
				"TimeDiff": 3.607238700129802e-7,
				"PhiDegree": 159.62134200689752,
				"Power": -77.86574591133237
			}]
	}
}