{
	"SensorDataCollection": {
		"SensorId": 0,
		"SensorDatas": [{
				"Time": 3.8200126800110135e-7,
				"TimeDiff": 0.0,
				"PhiDegree": 129.77519857144105,
				"Power": -49.347547953117854
			}, {
				"Time": 4.3508413678593606e-7,
				"TimeDiff": 5.3082868784834706e-8,
				"PhiDegree": 124.17486152356543,
				"Power": -53.71032039147386
			}, {
				"Time": 4.380590706195996e-7,
				"TimeDiff": 5.6057802618498225e-8,
				"PhiDegree": 236.08891343047745,
				"Power": -53.962547748451115
			}, {
				"Time": 9.154422662737445e-7,
				"TimeDiff": 5.334409982726431e-7,
				"PhiDegree": 161.29415772195097,
				"Power": -82.32997111622063
			}]
	}
}