{
	"SensorDataCollection": {
		"SensorId": 0,
		"SensorDatas": [{
				"Time": 6.088913141691556e-7,
				"TimeDiff": 0.0,
				"PhiDegree": 144.32793413022964,
				"Power": -55.62952765957016
			}, {
				"Time": 5.115903758970071e-7,
				"TimeDiff": -9.730093827214853e-8,
				"PhiDegree": 58.98612737769168,
				"Power": -57.77942036374232
			}, {
				"Time": 6.527564197421726e-7,
				"TimeDiff": 4.386510557301701e-8,
				"PhiDegree": 160.90450679738484,
				"Power": -70.1257044394016
			}]
	}
}