{
	"SensorDataCollection": {
		"SensorId": 0,
		"SensorDatas": [{
				"Time": 6.00558581653936e-7,
				"TimeDiff": 0.0,
				"PhiDegree": 39.630882420241406,
				"Power": -53.61775122377031
			}, {
				"Time": 4.0419109352961827e-7,
				"TimeDiff": -1.9636748812431775e-7,
				"PhiDegree": 62.46527471811786,
				"Power": -56.158748777819284
			}, {
				"Time": 7.26699603637915e-7,
				"TimeDiff": 1.26141021983979e-7,
				"PhiDegree": 162.63561755104578,
				"Power": -73.90166362371208
			}]
	}
}