{
	"SensorDataCollection": {
		"SensorId": 0,
		"SensorDatas": [{
				"Time": 3.884815718339011e-7,
				"TimeDiff": 0.0,
				"PhiDegree": 130.9099206384208,
				"Power": -49.267909686315676
			}, {
				"Time": 4.4078471954328484e-7,
				"TimeDiff": 5.230314770938373e-8,
				"PhiDegree": 125.25140043223118,
				"Power": -53.088188239348185
			}, {
				"Time": 4.437214354211396e-7,
				"TimeDiff": 5.523986358723851e-8,
				"PhiDegree": 235.01616853313215,
				"Power": -53.320772935523365
			}, {
				"Time": 9.05966777590301e-7,
				"TimeDiff": 5.174852057563999e-7,
				"PhiDegree": 161.09113062084097,
				"Power": -81.76024948400402
			}]
	}
}