{
	"SensorDataCollection": {
		"SensorId": 0,
		"SensorDatas": [{
				"Time": 5.005554455765616e-7,
				"TimeDiff": 0.0,
				"PhiDegree": 134.01854323656386,
				"Power": -51.14568764098391
			}, {
				"Time": 6.560480782850566e-7,
				"TimeDiff": 1.5549263270849498e-7,
				"PhiDegree": 35.72460096194447,
				"Power": -56.24527745073786
			}, {
				"Time": 8.181429089722069e-7,
				"TimeDiff": 3.1758746339564526e-7,
				"PhiDegree": 158.97037394415892,
				"Power": -76.26164598057618
			}, {
				"Time": 7.938512211084283e-7,
				"TimeDiff": 2.9329577553186664e-7,
				"PhiDegree": 164.14510885889516,
				"Power": -77.46704147346385
			}]
	}
}