{
	"SensorDataCollection": {
		"SensorId": 0,
		"SensorDatas": [{
				"Time": 3.73603284055279e-7,
				"TimeDiff": 0.0,
				"PhiDegree": 128.2018890782669,
				"Power": -49.56093932602769
			}, {
				"Time": 4.277296473068044e-7,
				"TimeDiff": 5.4126363251525386e-8,
				"PhiDegree": 122.69558848941008,
				"Power": -54.71202231789431
			}, {
				"Time": 4.3075537658228664e-7,
				"TimeDiff": 5.715209252700762e-8,
				"PhiDegree": 237.56237018346494,
				"Power": -54.99074983333851
			}, {
				"Time": 9.280937055206451e-7,
				"TimeDiff": 5.544904214653661e-7,
				"PhiDegree": 161.55840701001438,
				"Power": -83.08372431326758
			}]
	}
}