{
	"SensorDataCollection": {
		"SensorId": 0,
		"SensorDatas": [{
				"Time": 4.671648985788145e-7,
				"TimeDiff": 0.0,
				"PhiDegree": 129.59996924703083,
				"Power": -51.44690175546587
			}, {
				"Time": 8.650454475257532e-7,
				"TimeDiff": 3.978805489469387e-7,
				"PhiDegree": 160.1600520053656,
				"Power": -79.24780714974139
			}]
	}
}