{
	"SensorDataCollection": {
		"SensorId": 0,
		"SensorDatas": [{
				"Time": 6.266179013536571e-7,
				"TimeDiff": 0.0,
				"PhiDegree": 37.684518069087645,
				"Power": -54.783929799841644
			}, {
				"Time": 7.586107423251942e-7,
				"TimeDiff": 1.319928409715371e-7,
				"PhiDegree": 163.3877488866837,
				"Power": -75.62873970449297
			}]
	}
}