{
	"SensorDataCollection": {
		"SensorId": 0,
		"SensorDatas": [{
				"Time": 6.372324583343058e-7,
				"TimeDiff": 0.0,
				"PhiDegree": 36.9509001076825,
				"Power": -55.2965538703651
			}, {
				"Time": 7.714096797986823e-7,
				"TimeDiff": 1.3417722146437647e-7,
				"PhiDegree": 163.67115734726812,
				"Power": -76.30454256085368
			}]
	}
}