{
	"SensorDataCollection": {
		"SensorId": 0,
		"SensorDatas": [{
				"Time": 6.673283291558652e-8,
				"TimeDiff": 0.0,
				"PhiDegree": 180.0,
				"Power": -33.52343830942306
			}, {
				"Time": 9.668048896632725e-8,
				"TimeDiff": 2.9947656050740735e-8,
				"PhiDegree": 226.35081452640986,
				"Power": -36.85047286397804
			}, {
				"Time": 4.082026105686448e-7,
				"TimeDiff": 3.4146977765305826e-7,
				"PhiDegree": 47.83657368715411,
				"Power": -49.59939842516388
			}, {
				"Time": 3.0984495427473143e-7,
				"TimeDiff": 2.431121213591449e-7,
				"PhiDegree": 102.43752408766493,
				"Power": -61.991112422227275
			}]
	}
}