{
	"SensorDataCollection": {
		"SensorId": 0,
		"SensorDatas": [{
				"Time": 4.087776945013263e-7,
				"TimeDiff": 0.0,
				"PhiDegree": 134.09253000284724,
				"Power": -49.3723763402694
			}, {
				"Time": 4.5877275513061313e-7,
				"TimeDiff": 4.999506062928685e-8,
				"PhiDegree": 128.31553686119648,
				"Power": -51.789812532028066
			}, {
				"Time": 8.776115102453946e-7,
				"TimeDiff": 4.688338157440683e-7,
				"PhiDegree": 160.4557822662742,
				"Power": -80.02840825811984
			}]
	}
}