{
	"SensorDataCollection": {
		"SensorId": 0,
		"SensorDatas": [{
				"Time": 5.27691082406536e-7,
				"TimeDiff": 0.0,
				"PhiDegree": 56.19056183405958,
				"Power": -55.65557850692221
			}, {
				"Time": 6.335286120942659e-7,
				"TimeDiff": 1.0583752968772986e-7,
				"PhiDegree": 145.91188064106996,
				"Power": -57.036776039648515
			}, {
				"Time": 6.244563254036522e-7,
				"TimeDiff": 9.676524299711616e-8,
				"PhiDegree": 160.00308315712232,
				"Power": -68.39485049590911
			}]
	}
}