{
	"SensorDataCollection": {
		"SensorId": 0,
		"SensorDatas": [{
				"Time": 4.757834651995481e-7,
				"TimeDiff": 0.0,
				"PhiDegree": 130.83847197098686,
				"Power": -51.22609084822005
			}, {
				"Time": 8.525031092811179e-7,
				"TimeDiff": 3.767196440815698e-7,
				"PhiDegree": 159.85561164971543,
				"Power": -78.46054122177408
			}]
	}
}