{
	"SensorDataCollection": {
		"SensorId": 0,
		"SensorDatas": [{
				"Time": 6.031321163980606e-7,
				"TimeDiff": 0.0,
				"PhiDegree": 39.428705371046185,
				"Power": -53.72598433664925
			}, {
				"Time": 7.298848606284553e-7,
				"TimeDiff": 1.2675274423039465e-7,
				"PhiDegree": 162.71378860673258,
				"Power": -74.07682073663798
			}]
	}
}