{
	"SensorDataCollection": {
		"SensorId": 0,
		"SensorDatas": [{
				"Time": 6.339619126980719e-8,
				"TimeDiff": 0.0,
				"PhiDegree": 179.99999999999997,
				"Power": -33.06094444849193
			}, {
				"Time": 9.440827837296111e-8,
				"TimeDiff": 3.101208710315392e-8,
				"PhiDegree": 227.8162131479444,
				"Power": -36.70867334001203
			}, {
				"Time": 4.104497746626104e-7,
				"TimeDiff": 3.470535833928032e-7,
				"PhiDegree": 47.49132687018034,
				"Power": -49.588516308182804
			}, {
				"Time": 3.0914349704965297e-7,
				"TimeDiff": 2.4574730577984577e-7,
				"PhiDegree": 101.83362224860429,
				"Power": -62.78373956494295
			}]
	}
}