{
	"SensorDataCollection": {
		"SensorId": 0,
		"SensorDatas": [{
				"Time": 6.108970187014509e-7,
				"TimeDiff": 0.0,
				"PhiDegree": 38.83242924939356,
				"Power": -54.06249601664746
			}, {
				"Time": 7.394486428722676e-7,
				"TimeDiff": 1.2855162417081667e-7,
				"PhiDegree": 162.94425901721695,
				"Power": -74.59900578187272
			}]
	}
}