{
	"SensorDataCollection": {
		"SensorId": 0,
		"SensorDatas": [{
				"Time": 3.97349901837851e-7,
				"TimeDiff": 0.0,
				"PhiDegree": 132.36450258684476,
				"Power": -49.25588970009446
			}, {
				"Time": 4.486203091912621e-7,
				"TimeDiff": 5.1270407353411106e-8,
				"PhiDegree": 126.6435309851311,
				"Power": -52.41304218326695
			}, {
				"Time": 8.933509258343963e-7,
				"TimeDiff": 4.960010239965453e-7,
				"PhiDegree": 160.81373320798662,
				"Power": -80.99473997665783
			}]
	}
}