{
	"SensorDataCollection": {
		"SensorId": 0,
		"SensorDatas": [{
				"Time": 6.134997740103217e-7,
				"TimeDiff": 0.0,
				"PhiDegree": 38.63703255441155,
				"Power": -54.17842284294548
			}, {
				"Time": 7.426391833942873e-7,
				"TimeDiff": 1.2913940938396562e-7,
				"PhiDegree": 163.0197629147813,
				"Power": -74.77197753699728
			}]
	}
}