{
	"SensorDataCollection": {
		"SensorId": 0,
		"SensorDatas": [{
				"Time": 4.041627158020364e-7,
				"TimeDiff": 0.0,
				"PhiDegree": 133.41305760282125,
				"Power": -49.30965701434832
			}, {
				"Time": 4.5466552340461376e-7,
				"TimeDiff": 5.0502807602577386e-8,
				"PhiDegree": 127.65570595283464,
				"Power": -52.0116400422133
			}, {
				"Time": 8.839031221576018e-7,
				"TimeDiff": 4.797404063555654e-7,
				"PhiDegree": 160.60049227214955,
				"Power": -80.41619897623995
			}]
	}
}