{
	"SensorDataCollection": {
		"SensorId": 0,
		"SensorDatas": [{
				"Time": 4.714466474595321e-7,
				"TimeDiff": 0.0,
				"PhiDegree": 130.224880799033,
				"Power": -51.32209655209263
			}, {
				"Time": 8.587712478300684e-7,
				"TimeDiff": 3.8732460037053627e-7,
				"PhiDegree": 160.00894341267855,
				"Power": -78.85500470777745
			}]
	}
}