{
	"SensorDataCollection": {
		"SensorId": 0,
		"SensorDatas": [{
				"Time": 3.9960588532567233e-7,
				"TimeDiff": 0.0,
				"PhiDegree": 132.7179891024281,
				"Power": -49.26818037939847
			}, {
				"Time": 4.5061968545019003e-7,
				"TimeDiff": 5.1013800124517706e-8,
				"PhiDegree": 126.98393617034898,
				"Power": -52.269727700609025
			}, {
				"Time": 8.902002927569106e-7,
				"TimeDiff": 4.905944074312383e-7,
				"PhiDegree": 160.74315585476725,
				"Power": -80.80231264352003
			}]
	}
}