{
	"SensorDataCollection": {
		"SensorId": 0,
		"SensorDatas": [{
				"Time": 6.187264195751947e-7,
				"TimeDiff": 0.0,
				"PhiDegree": 38.25118211865744,
				"Power": -54.415598679129076
			}, {
				"Time": 7.490240839326591e-7,
				"TimeDiff": 1.3029766435746447e-7,
				"PhiDegree": 163.1688403680136,
				"Power": -75.11629640528798
			}]
	}
}