{
	"SensorDataCollection": {
		"SensorId": 0,
		"SensorDatas": [{
				"Time": 6.39902082163064e-7,
				"TimeDiff": 0.0,
				"PhiDegree": 36.77130765430017,
				"Power": -55.4282620960532
			}, {
				"Time": 7.994887598644591e-7,
				"TimeDiff": 1.5958667770139503e-7,
				"PhiDegree": 158.45551217517476,
				"Power": -75.0417610675874
			}, {
				"Time": 7.746123023186814e-7,
				"TimeDiff": 1.347102201556174e-7,
				"PhiDegree": 163.7405455682713,
				"Power": -76.47217465963568
			}]
	}
}