{
	"SensorDataCollection": {
		"SensorId": 0,
		"SensorDatas": [{
				"Time": 2.7009648381924806e-7,
				"TimeDiff": 0.0,
				"PhiDegree": 126.58450972515186,
				"Power": -46.51516665675149
			}, {
				"Time": 3.289229733302841e-7,
				"TimeDiff": 5.882648951103602e-8,
				"PhiDegree": 240.69790630054956,
				"Power": -52.96712059761714
			}, {
				"Time": 2.952721082305164e-7,
				"TimeDiff": 2.517562441126835e-8,
				"PhiDegree": 256.2724809126169,
				"Power": -59.97910888781519
			}, {
				"Time": 3.9759395042598656e-7,
				"TimeDiff": 1.274974666067385e-7,
				"PhiDegree": 246.1161128406644,
				"Power": -64.7771221780036
			}]
	}
}