{
	"SensorDataCollection": {
		"SensorId": 0,
		"SensorDatas": [{
				"Time": 6.47948052926945e-7,
				"TimeDiff": 0.0,
				"PhiDegree": 36.24143376718224,
				"Power": -55.83126200823449
			}, {
				"Time": 8.088076716552006e-7,
				"TimeDiff": 1.608596187282556e-7,
				"PhiDegree": 158.71591171223886,
				"Power": -75.6534750206219
			}, {
				"Time": 7.842268750062983e-7,
				"TimeDiff": 1.3627882207935334e-7,
				"PhiDegree": 163.9453084292796,
				"Power": -76.97193738168744
			}]
	}
}