{
	"SensorDataCollection": {
		"SensorId": 0,
		"SensorDatas": [{
				"Time": 3.777666721612429e-7,
				"TimeDiff": 0.0,
				"PhiDegree": 128.99728745801858,
				"Power": -49.4380102623105
			}, {
				"Time": 4.3137094932794647e-7,
				"TimeDiff": 5.3604277166703556e-8,
				"PhiDegree": 123.44152990245085,
				"Power": -54.185323523574084
			}, {
				"Time": 4.343713148832898e-7,
				"TimeDiff": 5.6604642722046904e-8,
				"PhiDegree": 236.81944815398026,
				"Power": -54.45076261455466
			}, {
				"Time": 9.217655351790045e-7,
				"TimeDiff": 5.439988630177615e-7,
				"PhiDegree": 161.4271890854042,
				"Power": -82.70768648003042
			}]
	}
}