{
	"SensorDataCollection": {
		"SensorId": 0,
		"SensorDatas": [{
				"Time": 3.928840864207339e-7,
				"TimeDiff": 0.0,
				"PhiDegree": 131.6454197373772,
				"Power": -49.24922752929062
			}, {
				"Time": 4.4466970066665055e-7,
				"TimeDiff": 5.178561424591663e-8,
				"PhiDegree": 125.95359829171643,
				"Power": -52.72963538867258
			}, {
				"Time": 8.996562158310108e-7,
				"TimeDiff": 5.067721294102769e-7,
				"PhiDegree": 160.95340439733522,
				"Power": -81.37833485155505
			}]
	}
}