{
	"SensorDataCollection": {
		"SensorId": 0,
		"SensorDatas": [{
				"Time": 7.006947456136585e-8,
				"TimeDiff": 0.0,
				"PhiDegree": 180.00000000000003,
				"Power": -33.960962307107025
			}, {
				"Time": 9.901301542289497e-8,
				"TimeDiff": 2.894354086152912e-8,
				"PhiDegree": 224.95358013446085,
				"Power": -37.03822551051522
			}, {
				"Time": 4.0597043166278804e-7,
				"TimeDiff": 3.359009571014222e-7,
				"PhiDegree": 48.18562988978856,
				"Power": -49.6187550075647
			}, {
				"Time": 3.1058067545466625e-7,
				"TimeDiff": 2.405112008933004e-7,
				"PhiDegree": 103.03863133366521,
				"Power": -61.24653790081595
			}]
	}
}