{
	"SensorDataCollection": {
		"SensorId": 0,
		"SensorDatas": [{
				"Time": 4.868567323761323e-7,
				"TimeDiff": 0.0,
				"PhiDegree": 132.32403417867192,
				"Power": -51.10179005368617
			}, {
				"Time": 8.368601738829542e-7,
				"TimeDiff": 3.5000344150682187e-7,
				"PhiDegree": 159.4622431073657,
				"Power": -77.46716038655879
			}]
	}
}