{
	"SensorDataCollection": {
		"SensorId": 0,
		"SensorDatas": [{
				"Time": 3.6951351062955433e-7,
				"TimeDiff": 0.0,
				"PhiDegree": 127.38872412951503,
				"Power": -49.71872982804305
			}, {
				"Time": 4.241620820701582e-7,
				"TimeDiff": 5.464857144060386e-8,
				"PhiDegree": 121.93696865817489,
				"Power": -55.29366109135648
			}, {
				"Time": 4.272130793122278e-7,
				"TimeDiff": 5.769956868267347e-8,
				"PhiDegree": 238.31774107452617,
				"Power": -55.585738099569
			}, {
				"Time": 9.34426677717426e-7,
				"TimeDiff": 5.649131670878717e-7,
				"PhiDegree": 161.68784697629732,
				"Power": -83.45808672082485
			}]
	}
}