{
	"SensorDataCollection": {
		"SensorId": 0,
		"SensorDatas": [{
				"Time": 3.756759282265266e-7,
				"TimeDiff": 0.0,
				"PhiDegree": 128.60179197971584,
				"Power": -49.49527098370311
			}, {
				"Time": 4.2954119753194365e-7,
				"TimeDiff": 5.3865269305417035e-8,
				"PhiDegree": 123.07014005639743,
				"Power": -54.44201363735107
			}, {
				"Time": 4.3255425514786063e-7,
				"TimeDiff": 5.687832692133402e-8,
				"PhiDegree": 237.1893565649911,
				"Power": -54.71408830133802
			}, {
				"Time": 9.249290139561884e-7,
				"TimeDiff": 5.492530857296619e-7,
				"PhiDegree": 161.4930224890407,
				"Power": -82.89591496913653
			}]
	}
}