{
	"SensorDataCollection": {
		"SensorId": 0,
		"SensorDatas": [{
				"Time": 6.506421547313391e-7,
				"TimeDiff": 0.0,
				"PhiDegree": 36.067726869861794,
				"Power": -55.96809229149517
			}, {
				"Time": 8.119176312683622e-7,
				"TimeDiff": 1.6127547653702304e-7,
				"PhiDegree": 158.80138255946702,
				"Power": -75.85659505141385
			}, {
				"Time": 7.874339221282415e-7,
				"TimeDiff": 1.3679176739690238e-7,
				"PhiDegree": 164.01245121862362,
				"Power": -77.13748703184183
			}]
	}
}