{
	"SensorDataCollection": {
		"SensorId": 0,
		"SensorDatas": [{
				"Time": 4.982426204533867e-7,
				"TimeDiff": 0.0,
				"PhiDegree": 133.74261806862282,
				"Power": -51.12508920586052
			}, {
				"Time": 6.587597546207347e-7,
				"TimeDiff": 1.6051713416734797e-7,
				"PhiDegree": 35.55515286687983,
				"Power": -56.38556180676292
			}, {
				"Time": 8.212581864447139e-7,
				"TimeDiff": 3.230155659913272e-7,
				"PhiDegree": 159.05390853577885,
				"Power": -76.46357316349429
			}, {
				"Time": 7.970614471647076e-7,
				"TimeDiff": 2.988188267113209e-7,
				"PhiDegree": 164.21063646394632,
				"Power": -77.63105031702423
			}]
	}
}