{
	"SensorDataCollection": {
		"SensorId": 0,
		"SensorDatas": [{
				"Time": 4.779720572041165e-7,
				"TimeDiff": 0.0,
				"PhiDegree": 131.1410747194614,
				"Power": -51.18838379561531
			}, {
				"Time": 8.493713548758111e-7,
				"TimeDiff": 3.7139929767169463e-7,
				"PhiDegree": 159.77809738481184,
				"Power": -78.26268855643826
			}]
	}
}