{
	"SensorDataCollection": {
		"SensorId": 0,
		"SensorDatas": [{
				"Time": 4.936521218235635e-7,
				"TimeDiff": 0.0,
				"PhiDegree": 133.18304382158152,
				"Power": -51.09937463957657
			}, {
				"Time": 6.642001806275835e-7,
				"TimeDiff": 1.7054805880402003e-7,
				"PhiDegree": 35.220414724006666,
				"Power": -56.66934412945301
			}, {
				"Time": 8.274939192943991e-7,
				"TimeDiff": 3.3384179747083564e-7,
				"PhiDegree": 159.21908994111402,
				"Power": -76.86622239248737
			}]
	}
}