{
	"SensorDataCollection": {
		"SensorId": 0,
		"SensorDatas": [{
				"Time": 5.979925890180547e-7,
				"TimeDiff": 0.0,
				"PhiDegree": 39.834797114463576,
				"Power": -53.51158087785282
			}, {
				"Time": 4.057443642776127e-7,
				"TimeDiff": -1.9224822474044196e-7,
				"PhiDegree": 62.047468062803574,
				"Power": -55.84363062958313
			}, {
				"Time": 7.235157112567292e-7,
				"TimeDiff": 1.2552312223867453e-7,
				"PhiDegree": 162.55675835074035,
				"Power": -73.72595613081879
			}]
	}
}