{
	"SensorDataCollection": {
		"SensorId": 0,
		"SensorDatas": [{
				"Time": 6.213501320492088e-7,
				"TimeDiff": 0.0,
				"PhiDegree": 38.06069547534456,
				"Power": -54.536748064171604
			}, {
				"Time": 7.522184115287853e-7,
				"TimeDiff": 1.308682794795764e-7,
				"PhiDegree": 163.24242980823269,
				"Power": -75.2876470384299
			}]
	}
}