{
	"SensorDataCollection": {
		"SensorId": 0,
		"SensorDatas": [{
				"Time": 4.913747767088252e-7,
				"TimeDiff": 0.0,
				"PhiDegree": 132.89934952200315,
				"Power": -51.09455835623798
			}, {
				"Time": 6.669287910242019e-7,
				"TimeDiff": 1.7555401431537674e-7,
				"PhiDegree": 35.055096423635135,
				"Power": -56.81277657408617
			}, {
				"Time": 8.306143357991091e-7,
				"TimeDiff": 3.3923955909028397e-7,
				"PhiDegree": 159.30075024574808,
				"Power": -77.0669412836428
			}]
	}
}