{
	"SensorDataCollection": {
		"SensorId": 0,
		"SensorDatas": [{
				"Time": 4.801738596940962e-7,
				"TimeDiff": 0.0,
				"PhiDegree": 131.44091064171693,
				"Power": -51.157283460514606
			}, {
				"Time": 8.462411665643035e-7,
				"TimeDiff": 3.660673068702073e-7,
				"PhiDegree": 159.70000953615326,
				"Power": -78.06442312757905
			}]
	}
}