{
	"SensorDataCollection": {
		"SensorId": 0,
		"SensorDatas": [{
				"Time": 6.452599564711443e-7,
				"TimeDiff": 0.0,
				"PhiDegree": 36.416589581100574,
				"Power": -55.695655066163994
			}, {
				"Time": 8.056995257831111e-7,
				"TimeDiff": 1.6043956931196684e-7,
				"PhiDegree": 158.62978123058647,
				"Power": -75.44996125491065
			}, {
				"Time": 7.810209136770716e-7,
				"TimeDiff": 1.3576095720592734e-7,
				"PhiDegree": 163.87761432630555,
				"Power": -76.80587009711076
			}]
	}
}