{
	"SensorDataCollection": {
		"SensorId": 0,
		"SensorDatas": [{
				"Time": 6.170506666662695e-7,
				"TimeDiff": 0.0,
				"PhiDegree": 144.86995476778353,
				"Power": -56.088478400652576
			}, {
				"Time": 5.168191535049622e-7,
				"TimeDiff": -1.0023151316130734e-7,
				"PhiDegree": 58.03500325822794,
				"Power": -56.98519906310966
			}, {
				"Time": 6.834435396861836e-7,
				"TimeDiff": 6.639287301991406e-8,
				"PhiDegree": 335.4924749943833,
				"Power": -68.4747472815104
			}, {
				"Time": 6.433056292262033e-7,
				"TimeDiff": 2.6254962559933737e-8,
				"PhiDegree": 160.61284713721082,
				"Power": -69.55405259753056
			}]
	}
}