{
	"SensorDataCollection": {
		"SensorId": 0,
		"SensorDatas": [{
				"Time": 4.111063784386077e-7,
				"TimeDiff": 0.0,
				"PhiDegree": 134.42652205856675,
				"Power": -49.41124480124786
			}, {
				"Time": 4.608488816534348e-7,
				"TimeDiff": 4.9742503214827085e-8,
				"PhiDegree": 128.64102028928832,
				"Power": -51.69185410120494
			}, {
				"Time": 8.7446782629508e-7,
				"TimeDiff": 4.6336144785647233e-7,
				"PhiDegree": 160.38264662828948,
				"Power": -79.83388480151794
			}]
	}
}