{
	"SensorDataCollection": {
		"SensorId": 0,
		"SensorDatas": [{
				"Time": 5.295549554710894e-7,
				"TimeDiff": 0.0,
				"PhiDegree": 55.89059851343867,
				"Power": -55.464821109314315
			}, {
				"Time": 6.362946886224913e-7,
				"TimeDiff": 1.0673973315140195e-7,
				"PhiDegree": 146.08027393355465,
				"Power": -57.198332792639036
			}, {
				"Time": 6.21321894192286e-7,
				"TimeDiff": 9.176693872119661e-8,
				"PhiDegree": 159.89786195578597,
				"Power": -68.19959346329568
			}]
	}
}