{
	"SensorDataCollection": {
		"SensorId": 0,
		"SensorDatas": [{
				"Time": 4.736082668214192e-7,
				"TimeDiff": 0.0,
				"PhiDegree": 130.53308103762598,
				"Power": -51.27059605295699
			}, {
				"Time": 8.556364125838269e-7,
				"TimeDiff": 3.8202814576240777e-7,
				"PhiDegree": 159.93255834686624,
				"Power": -78.6579802179532
			}]
	}
}