{
	"SensorDataCollection": {
		"SensorId": 0,
		"SensorDatas": [{
				"Time": 6.197825066349692e-7,
				"TimeDiff": 0.0,
				"PhiDegree": 145.0474510454373,
				"Power": -56.243842215962474
			}, {
				"Time": 5.185933008750916e-7,
				"TimeDiff": -1.011892057598776e-7,
				"PhiDegree": 57.722255925815844,
				"Power": -56.740438403280535
			}, {
				"Time": 6.86480967897454e-7,
				"TimeDiff": 6.669846126248477e-8,
				"PhiDegree": 335.60799470386166,
				"Power": -68.69659309427182
			}, {
				"Time": 6.401591429718953e-7,
				"TimeDiff": 2.0376636336926096e-8,
				"PhiDegree": 160.51371450202973,
				"Power": -69.36232376212934
			}]
	}
}