{
	"SensorDataCollection": {
		"SensorId": 0,
		"SensorDatas": [{
				"Time": 4.650451510641002e-7,
				"TimeDiff": 0.0,
				"PhiDegree": 129.28321708315423,
				"Power": -51.52063113796919
			}, {
				"Time": 8.681847792435413e-7,
				"TimeDiff": 4.031396281794411e-7,
				"PhiDegree": 160.23478701809836,
				"Power": -79.44358375185098
			}]
	}
}