{
	"SensorDataCollection": {
		"SensorId": 0,
		"SensorDatas": [{
				"Time": 3.798752170090098e-7,
				"TimeDiff": 0.0,
				"PhiDegree": 129.38841090678793,
				"Power": -49.38886355377117
			}, {
				"Time": 4.3321867206522404e-7,
				"TimeDiff": 5.3343455056214254e-8,
				"PhiDegree": 123.80976707832997,
				"Power": -53.94155387010282
			}, {
				"Time": 4.362063285823583e-7,
				"TimeDiff": 5.633111157334854e-8,
				"PhiDegree": 236.45263678931528,
				"Power": -54.200376579982446
			}, {
				"Time": 9.186032817188551e-7,
				"TimeDiff": 5.387280647098453e-7,
				"PhiDegree": 161.36090233626246,
				"Power": -82.51903859953002
			}]
	}
}