{
	"SensorDataCollection": {
		"SensorId": 0,
		"SensorDatas": [{
				"Time": 4.064630598291514e-7,
				"TimeDiff": 0.0,
				"PhiDegree": 133.75472247273586,
				"Power": -49.33845436098157
			}, {
				"Time": 4.5671156798792617e-7,
				"TimeDiff": 5.0248508158774795e-8,
				"PhiDegree": 127.98710487254121,
				"Power": -51.896324208887165
			}, {
				"Time": 8.8075661391789e-7,
				"TimeDiff": 4.742935540887386e-7,
				"PhiDegree": 160.5283957001281,
				"Power": -80.22251310221162
			}]
	}
}