{
	"SensorDataCollection": {
		"SensorId": 0,
		"SensorDatas": [{
				"Time": 5.221874752837648e-7,
				"TimeDiff": 0.0,
				"PhiDegree": 57.10318265567015,
				"Power": -56.27940030045839
			}, {
				"Time": 6.252637964814819e-7,
				"TimeDiff": 1.0307632119771717e-7,
				"PhiDegree": 145.39778223154718,
				"Power": -56.55790406822365
			}, {
				"Time": 6.338720051146964e-7,
				"TimeDiff": 1.1168452983093161e-7,
				"PhiDegree": 160.31249822805654,
				"Power": -68.97709920729764
			}, {
				"Time": 6.92564085874766e-7,
				"TimeDiff": 1.703766105910012e-7,
				"PhiDegree": 335.8359919553309,
				"Power": -69.13945661492475
			}]
	}
}