{
	"SensorDataCollection": {
		"SensorId": 0,
		"SensorDatas": [{
				"Time": 3.841445344739411e-7,
				"TimeDiff": 0.0,
				"PhiDegree": 130.15768747911008,
				"Power": -49.313790792019745
			}, {
				"Time": 4.369671162622135e-7,
				"TimeDiff": 5.282258178827238e-8,
				"PhiDegree": 124.53682402960264,
				"Power": -53.49125197976966
			}, {
				"Time": 4.399293170088339e-7,
				"TimeDiff": 5.5784782534892806e-8,
				"PhiDegree": 235.72826819297245,
				"Power": -53.736906772254486
			}, {
				"Time": 9.122825017126618e-7,
				"TimeDiff": 5.281379672387207e-7,
				"PhiDegree": 161.22695066512233,
				"Power": -82.14048385480753
			}]
	}
}