{
	"SensorDataCollection": {
		"SensorId": 0,
		"SensorDatas": [{
				"Time": 6.116049899267053e-7,
				"TimeDiff": 0.0,
				"PhiDegree": 144.51021396603403,
				"Power": -55.78128045404465
			}, {
				"Time": 5.133175312889134e-7,
				"TimeDiff": -9.828745863779189e-8,
				"PhiDegree": 58.666936299518476,
				"Power": -57.504432662990396
			}, {
				"Time": 6.773771300467143e-7,
				"TimeDiff": 6.577214012000902e-8,
				"PhiDegree": 335.2583299503392,
				"Power": -68.03027002024999
			}, {
				"Time": 6.496042950798397e-7,
				"TimeDiff": 3.799930515313447e-8,
				"PhiDegree": 160.80822994052582,
				"Power": -69.9357428653338
			}]
	}
}