{
	"SensorDataCollection": {
		"SensorId": 0,
		"SensorDatas": [{
				"Time": 5.258417750556915e-7,
				"TimeDiff": 0.0,
				"PhiDegree": 56.49264333597496,
				"Power": -55.85478516178809
			}, {
				"Time": 6.307680558413887e-7,
				"TimeDiff": 1.0492628078569715e-7,
				"PhiDegree": 145.74201192414563,
				"Power": -56.87616267171654
			}, {
				"Time": 6.275928415983714e-7,
				"TimeDiff": 1.017510665426799e-7,
				"PhiDegree": 160.10725298038912,
				"Power": -68.58952095391878
			}, {
				"Time": 6.986579794301742e-7,
				"TimeDiff": 1.7281620437448267e-7,
				"PhiDegree": 336.06001538911573,
				"Power": -69.5811628690738
			}]
	}
}