{
	"SensorDataCollection": {
		"SensorId": 0,
		"SensorDatas": [{
				"Time": 4.6929879475129786e-7,
				"TimeDiff": 0.0,
				"PhiDegree": 129.9138503948346,
				"Power": -51.38079539640408
			}, {
				"Time": 8.619075983043943e-7,
				"TimeDiff": 3.9260880355309644e-7,
				"PhiDegree": 160.0847727052088,
				"Power": -79.05161392047395
			}]
	}
}