{
	"SensorDataCollection": {
		"SensorId": 0,
		"SensorDatas": [{
				"Time": 6.292617878744304e-7,
				"TimeDiff": 0.0,
				"PhiDegree": 37.49879519856145,
				"Power": -54.909869671291744
			}, {
				"Time": 7.61808714683513e-7,
				"TimeDiff": 1.3254692680908267e-7,
				"PhiDegree": 163.45949366698073,
				"Power": -75.79848541274177
			}]
	}
}