{
	"SensorDataCollection": {
		"SensorId": 0,
		"SensorDatas": [{
				"Time": 3.9510921496357166e-7,
				"TimeDiff": 0.0,
				"PhiDegree": 132.006993049801,
				"Power": -49.24950140080445
			}, {
				"Time": 4.4663690966762226e-7,
				"TimeDiff": 5.1527694704050594e-8,
				"PhiDegree": 126.30009028344654,
				"Power": -52.56624681677411
			}, {
				"Time": 8.965029049081778e-7,
				"TimeDiff": 5.013936899446061e-7,
				"PhiDegree": 160.8838143866769,
				"Power": -81.18674741651404
			}]
	}
}