{
	"SensorDataCollection": {
		"SensorId": 0,
		"SensorDatas": [{
				"Time": 3.906747820516756e-7,
				"TimeDiff": 0.0,
				"PhiDegree": 131.27974225872916,
				"Power": -49.255287755366425
			}, {
				"Time": 4.4271889801479905e-7,
				"TimeDiff": 5.204411596312345e-8,
				"PhiDegree": 125.60403984757798,
				"Power": -52.903511351974956
			}, {
				"Time": 4.456428681453147e-7,
				"TimeDiff": 5.496808609363908e-8,
				"PhiDegree": 234.6646904335686,
				"Power": -53.12960166709907
			}, {
				"Time": 9.028108446473668e-7,
				"TimeDiff": 5.121360625956912e-7,
				"PhiDegree": 161.02250818232415,
				"Power": -81.56950221510775
			}]
	}
}