{
	"SensorDataCollection": {
		"SensorId": 0,
		"SensorDatas": [{
				"Time": 6.143248011360066e-7,
				"TimeDiff": 0.0,
				"PhiDegree": 144.69088159538424,
				"Power": -55.934277769457
			}, {
				"Time": 5.15060510524339e-7,
				"TimeDiff": -9.926429061166759e-8,
				"PhiDegree": 58.34989574023324,
				"Power": -57.23977935271708
			}, {
				"Time": 6.804089145117657e-7,
				"TimeDiff": 6.608411337575913e-8,
				"PhiDegree": 335.37592437130087,
				"Power": -68.25263665520357
			}, {
				"Time": 6.464540225048306e-7,
				"TimeDiff": 3.2129221368824076e-8,
				"PhiDegree": 160.7110144622722,
				"Power": -69.74519229372697
			}]
	}
}