{
	"SensorDataCollection": {
		"SensorId": 0,
		"SensorDatas": [{
				"Time": 3.863047298867791e-7,
				"TimeDiff": 0.0,
				"PhiDegree": 130.535915371178,
				"Power": -49.28732919929665
			}, {
				"Time": 4.3886738505066787e-7,
				"TimeDiff": 5.256265516388879e-8,
				"PhiDegree": 124.89566620350215,
				"Power": -53.2839901026306
			}, {
				"Time": 4.4181684545811e-7,
				"TimeDiff": 5.551211557133092e-8,
				"PhiDegree": 235.37069038325723,
				"Power": -53.523096804318925
			}, {
				"Time": 9.091240010783794e-7,
				"TimeDiff": 5.228192711916004e-7,
				"PhiDegree": 161.15927652987062,
				"Power": -81.95057667726269
			}]
	}
}