{
	"SensorDataCollection": {
		"SensorId": 0,
		"SensorDatas": [{
				"Time": 6.319122307852039e-7,
				"TimeDiff": 0.0,
				"PhiDegree": 37.31462836922634,
				"Power": -55.03731577208771
			}, {
				"Time": 7.650078715407148e-7,
				"TimeDiff": 1.3309564075551083e-7,
				"PhiDegree": 163.53063850460515,
				"Power": -75.96769985957056
			}]
	}
}