{
	"SensorDataCollection": {
		"SensorId": 0,
		"SensorDatas": [{
				"Time": 6.499262104903621e-7,
				"TimeDiff": 0.0,
				"PhiDegree": 36.47867574180061,
				"Power": -55.72348641055363
			}, {
				"Time": 8.076024803913092e-7,
				"TimeDiff": 1.576762699009471e-7,
				"PhiDegree": 158.93648587404098,
				"Power": -76.08077184711752
			}, {
				"Time": 7.851561868386582e-7,
				"TimeDiff": 1.3522997634829613e-7,
				"PhiDegree": 163.7113170272229,
				"Power": -76.53406883099295
			}]
	}
}