{
	"SensorDataCollection": {
		"SensorId": 0,
		"SensorDatas": [{
				"Time": 4.0638789367758984e-7,
				"TimeDiff": 0.0,
				"PhiDegree": 134.41986329998844,
				"Power": -49.31113835376276
			}, {
				"Time": 4.6139534934699965e-7,
				"TimeDiff": 5.5007455669409814e-8,
				"PhiDegree": 128.05864733494454,
				"Power": -51.952608422959585
			}, {
				"Time": 8.765009295608822e-7,
				"TimeDiff": 4.701130358832924e-7,
				"PhiDegree": 160.6613280000063,
				"Power": -80.48110381602754
			}]
	}
}