{
	"SensorDataCollection": {
		"SensorId": 0,
		"SensorDatas": [{
				"Time": 5.0065850275928e-7,
				"TimeDiff": 0.0,
				"PhiDegree": 133.4785997473897,
				"Power": -51.19041938985015
			}, {
				"Time": 6.607055426576306e-7,
				"TimeDiff": 1.6004703989835066e-7,
				"PhiDegree": 35.79055641606915,
				"Power": -56.26661368133003
			}, {
				"Time": 8.200712928815085e-7,
				"TimeDiff": 3.1941279012222853e-7,
				"PhiDegree": 159.2716243649046,
				"Power": -76.89594397815057
			}, {
				"Time": 7.979758121679978e-7,
				"TimeDiff": 2.9731730940871785e-7,
				"PhiDegree": 163.98009984325802,
				"Power": -77.19022771375161
			}]
	}
}