{
	"SensorDataCollection": {
		"SensorId": 0,
		"SensorDatas": [{
				"Time": 6.135481181688302e-7,
				"TimeDiff": 0.0,
				"PhiDegree": 144.2565105963514,
				"Power": -55.65201867331017
			}, {
				"Time": 5.104704579778873e-7,
				"TimeDiff": -1.0307766019094291e-7,
				"PhiDegree": 58.47218701210113,
				"Power": -57.27451528021584
			}, {
				"Time": 6.507087828515214e-7,
				"TimeDiff": 3.716066468269127e-8,
				"PhiDegree": 160.5307612031764,
				"Power": -69.5298689962699
			}]
	}
}