{
	"SensorDataCollection": {
		"SensorId": 0,
		"SensorDatas": [{
				"Time": 5.230628766537823e-7,
				"TimeDiff": 0.0,
				"PhiDegree": 56.29087503750682,
				"Power": -55.65458410205383
			}, {
				"Time": 6.326523293841513e-7,
				"TimeDiff": 1.0958945273036902e-7,
				"PhiDegree": 145.49225516787627,
				"Power": -56.72553213057107
			}, {
				"Time": 6.287359976329108e-7,
				"TimeDiff": 1.0567312097912848e-7,
				"PhiDegree": 159.82133167068724,
				"Power": -68.19310834115566
			}, {
				"Time": 7.000185629775522e-7,
				"TimeDiff": 1.769556863237699e-7,
				"PhiDegree": 335.8104085784912,
				"Power": -69.19106044592431
			}]
	}
}