{
	"SensorDataCollection": {
		"SensorId": 0,
		"SensorDatas": [{
				"Time": 6.24429404967748e-7,
				"TimeDiff": 0.0,
				"PhiDegree": 144.9719124183457,
				"Power": -56.25865601993914
			}, {
				"Time": 5.175745867892036e-7,
				"TimeDiff": -1.0685481817854437e-7,
				"PhiDegree": 57.21270854030956,
				"Power": -56.29236356421035
			}, {
				"Time": 6.908997389482203e-7,
				"TimeDiff": 6.647033398047227e-8,
				"PhiDegree": 335.47026074861975,
				"Power": -68.53391200943977
			}, {
				"Time": 6.381408702753485e-7,
				"TimeDiff": 1.3711465307600493e-8,
				"PhiDegree": 160.13135445241238,
				"Power": -68.76942363212355
			}]
	}
}