{
	"SensorDataCollection": {
		"SensorId": 0,
		"SensorDatas": [{
				"Time": 2.8086604975077386e-7,
				"TimeDiff": 0.0,
				"PhiDegree": 128.36535069695353,
				"Power": -46.5643350667097
			}, {
				"Time": 3.3851260849972516e-7,
				"TimeDiff": 5.7646558748951295e-8,
				"PhiDegree": 239.00408791387147,
				"Power": -52.044488150460424
			}, {
				"Time": 3.3858125539636314e-7,
				"TimeDiff": 5.771520564558928e-8,
				"PhiDegree": 120.98893348633759,
				"Power": -52.050752326093885
			}, {
				"Time": 4.001764744530404e-7,
				"TimeDiff": 1.1931042470226652e-7,
				"PhiDegree": 244.17504064093245,
				"Power": -61.83770515913217
			}]
	}
}