{
	"SensorDataCollection": {
		"SensorId": 0,
		"SensorDatas": [{
				"Time": 4.2418935414213766e-7,
				"TimeDiff": 0.0,
				"PhiDegree": 57.664029667786,
				"Power": -53.18812303165666
			}, {
				"Time": 4.907214742369261e-7,
				"TimeDiff": 6.653212009478845e-8,
				"PhiDegree": 62.46028344104092,
				"Power": -61.289123552355235
			}, {
				"Time": 6.885883672033586e-7,
				"TimeDiff": 2.64399013061221e-7,
				"PhiDegree": 161.6412577392364,
				"Power": -71.75643934820326
			}]
	}
}