{
	"SensorDataCollection": {
		"SensorId": 0,
		"SensorDatas": [{
				"Time": 5.249219741932994e-7,
				"TimeDiff": 0.0,
				"PhiDegree": 55.98790986228525,
				"Power": -55.4595856936898
			}, {
				"Time": 6.354046993431463e-7,
				"TimeDiff": 1.1048272514984686e-7,
				"PhiDegree": 145.66270471323247,
				"Power": -56.883225308470074
			}, {
				"Time": 6.256052127584656e-7,
				"TimeDiff": 1.0068323856516624e-7,
				"PhiDegree": 159.71592048915102,
				"Power": -67.99986791022893
			}, {
				"Time": 7.030635587445322e-7,
				"TimeDiff": 1.7814158455123274e-7,
				"PhiDegree": 335.921828952751,
				"Power": -69.40955831269778
			}]
	}
}