{
	"SensorDataCollection": {
		"SensorId": 0,
		"SensorDatas": [{
				"Time": 2.7278298484399465e-7,
				"TimeDiff": 0.0,
				"PhiDegree": 126.16680372240467,
				"Power": -46.67977119149927
			}, {
				"Time": 3.318367144109932e-7,
				"TimeDiff": 5.9053729566998525e-8,
				"PhiDegree": 240.97986544741462,
				"Power": -53.254737184934896
			}, {
				"Time": 2.9851448967435736e-7,
				"TimeDiff": 2.5731504830362713e-8,
				"PhiDegree": 256.4244564638607,
				"Power": -60.25249774547052
			}, {
				"Time": 3.9454534545912425e-7,
				"TimeDiff": 1.217623606151296e-7,
				"PhiDegree": 245.91992719251803,
				"Power": -64.38850724038639
			}]
	}
}