{
	"SensorDataCollection": {
		"SensorId": 0,
		"SensorDatas": [{
				"Time": 4.3334224151994447e-7,
				"TimeDiff": 0.0,
				"PhiDegree": 55.799940969159955,
				"Power": -52.391791686578244
			}, {
				"Time": 5.947475667324106e-7,
				"TimeDiff": 1.6140532521246614e-7,
				"PhiDegree": 142.94199549924318,
				"Power": -54.64141473972461
			}, {
				"Time": 4.986546454163122e-7,
				"TimeDiff": 6.531240389636777e-8,
				"PhiDegree": 60.760325681213644,
				"Power": -59.40224905040388
			}, {
				"Time": 6.727748039523e-7,
				"TimeDiff": 2.394325624323555e-7,
				"PhiDegree": 161.19375042171913,
				"Power": -70.83866932300948
			}]
	}
}