{
	"SensorDataCollection": {
		"SensorId": 0,
		"SensorDatas": [{
				"Time": 3.9039700558347414e-7,
				"TimeDiff": 0.0,
				"PhiDegree": 131.97083305946165,
				"Power": -49.14991413933578
			}, {
				"Time": 4.4737497721695935e-7,
				"TimeDiff": 5.697797163348522e-8,
				"PhiDegree": 125.70270094392426,
				"Power": -52.93365564605179
			}, {
				"Time": 8.985728814566256e-7,
				"TimeDiff": 5.081758758731514e-7,
				"PhiDegree": 161.15451180819156,
				"Power": -81.83795994880921
			}]
	}
}