{
	"SensorDataCollection": {
		"SensorId": 0,
		"SensorDatas": [{
				"Time": 4.98368495673649e-7,
				"TimeDiff": 0.0,
				"PhiDegree": 133.20024450289813,
				"Power": -51.179988040706604
			}, {
				"Time": 6.634149634579504e-7,
				"TimeDiff": 1.6504646778430138e-7,
				"PhiDegree": 35.62202815545372,
				"Power": -56.40525767427384
			}, {
				"Time": 8.231927970191727e-7,
				"TimeDiff": 3.248243013455237e-7,
				"PhiDegree": 159.3538217635381,
				"Power": -77.09870435779229
			}, {
				"Time": 8.011834075048458e-7,
				"TimeDiff": 3.028149118311968e-7,
				"PhiDegree": 164.04595110820236,
				"Power": -77.35301001587256
			}]
	}
}