{
	"SensorDataCollection": {
		"SensorId": 0,
		"SensorDatas": [{
				"Time": 6.054518962523239e-7,
				"TimeDiff": 0.0,
				"PhiDegree": 143.7031471407815,
				"Power": -55.21033894130578
			}, {
				"Time": 5.053081850501509e-7,
				"TimeDiff": -1.0014371120217296e-7,
				"PhiDegree": 59.439694391129024,
				"Power": -58.11874483429938
			}, {
				"Time": 6.601547766473213e-7,
				"TimeDiff": 5.4702880394997455e-8,
				"PhiDegree": 160.82032601577768,
				"Power": -70.09420840345693
			}]
	}
}