{
	"SensorDataCollection": {
		"SensorId": 0,
		"SensorDatas": [{
				"Time": 3.7944286178598444e-7,
				"TimeDiff": 0.0,
				"PhiDegree": 130.09754048262909,
				"Power": -49.219352612506086
			}, {
				"Time": 4.3529395764267766e-7,
				"TimeDiff": 5.5851095856693215e-8,
				"PhiDegree": 235.84388770439176,
				"Power": -53.7280601677428
			}, {
				"Time": 4.3784864237732826e-7,
				"TimeDiff": 5.840578059134382e-8,
				"PhiDegree": 123.92959981638263,
				"Power": -53.94465809954585
			}, {
				"Time": 9.143776350536455e-7,
				"TimeDiff": 5.349347732676611e-7,
				"PhiDegree": 161.49219131999465,
				"Power": -82.79425335220725
			}]
	}
}