{
	"SensorDataCollection": {
		"SensorId": 0,
		"SensorDatas": [{
				"Time": 4.6974064121923734e-7,
				"TimeDiff": 0.0,
				"PhiDegree": 129.34054911942835,
				"Power": -51.58690598760447
			}, {
				"Time": 8.639187131269463e-7,
				"TimeDiff": 3.94178071907709e-7,
				"PhiDegree": 160.36820646997649,
				"Power": -79.69631307172041
			}]
	}
}