{
	"SensorDataCollection": {
		"SensorId": 0,
		"SensorDatas": [{
				"Time": 6.217000765127771e-7,
				"TimeDiff": 0.0,
				"PhiDegree": 144.79541142240356,
				"Power": -56.10522006634821
			}, {
				"Time": 5.157753505666324e-7,
				"TimeDiff": -1.0592472594614472e-7,
				"PhiDegree": 57.52431607637551,
				"Power": -56.52330337168233
			}, {
				"Time": 6.878656377354002e-7,
				"TimeDiff": 6.616556122262314e-8,
				"PhiDegree": 335.3548755414517,
				"Power": -68.31433748187172
			}, {
				"Time": 6.412798985033325e-7,
				"TimeDiff": 1.9579821990555434e-8,
				"PhiDegree": 160.23267351441328,
				"Power": -68.960390579363
			}]
	}
}