{
	"SensorDataCollection": {
		"SensorId": 0,
		"SensorDatas": [{
				"Time": 3.8817354615817473e-7,
				"TimeDiff": 0.0,
				"PhiDegree": 131.6046640048771,
				"Power": -49.15030747626767
			}, {
				"Time": 4.4543602257601985e-7,
				"TimeDiff": 5.726247641784512e-8,
				"PhiDegree": 125.35417466454021,
				"Power": -53.11354369139296
			}, {
				"Time": 9.017313002323808e-7,
				"TimeDiff": 5.13557754074206e-7,
				"PhiDegree": 161.22299448797907,
				"Power": -82.03007757508198
			}]
	}
}