{
	"SensorDataCollection": {
		"SensorId": 0,
		"SensorDatas": [{
				"Time": 3.002977481201393e-8,
				"TimeDiff": 0.0,
				"PhiDegree": 180.0,
				"Power": -25.841207986431385
			}, {
				"Time": 7.612905708787418e-8,
				"TimeDiff": 4.6099282275860246e-8,
				"PhiDegree": 246.76777630510924,
				"Power": -40.34336593057273
			}, {
				"Time": 4.33693589412912e-7,
				"TimeDiff": 4.0366381460089806e-7,
				"PhiDegree": 44.240057675706055,
				"Power": -49.88804935931927
			}, {
				"Time": 4.785595600372032e-7,
				"TimeDiff": 4.4852978522518924e-7,
				"PhiDegree": 140.78305400784163,
				"Power": -51.79397684655686
			}]
	}
}