{
	"SensorDataCollection": {
		"SensorId": 0,
		"SensorDatas": [{
				"Time": 2.6693133166234605e-8,
				"TimeDiff": 0.0,
				"PhiDegree": 180.0,
				"Power": -24.640970819945696
			}, {
				"Time": 7.487569242457043e-8,
				"TimeDiff": 4.818255925833583e-8,
				"PhiDegree": 249.1146379684087,
				"Power": -41.66852520995921
			}, {
				"Time": 4.360902494298377e-7,
				"TimeDiff": 4.093971162636031e-7,
				"PhiDegree": 43.93420975102372,
				"Power": -49.95365663587573
			}, {
				"Time": 4.7597914693715204e-7,
				"TimeDiff": 4.492860137709174e-7,
				"PhiDegree": 140.5291086059019,
				"Power": -51.654599612971225
			}]
	}
}