{
	"SensorDataCollection": {
		"SensorId": 0,
		"SensorDatas": [{
				"Time": 4.739991233638927e-7,
				"TimeDiff": 0.0,
				"PhiDegree": 129.96441721915235,
				"Power": -51.45093500126532
			}, {
				"Time": 8.576362706331286e-7,
				"TimeDiff": 3.8363714726923587e-7,
				"PhiDegree": 160.21842242150564,
				"Power": -79.30134946159933
			}]
	}
}