{
	"SensorDataCollection": {
		"SensorId": 0,
		"SensorDatas": [{
				"Time": 4.2598339578114526e-7,
				"TimeDiff": 0.0,
				"PhiDegree": 57.284835652181485,
				"Power": -53.01082347673997
			}, {
				"Time": 4.922731056953792e-7,
				"TimeDiff": 6.628970991423394e-8,
				"PhiDegree": 62.11593289192858,
				"Power": -60.88476425241528
			}, {
				"Time": 6.854223560805059e-7,
				"TimeDiff": 2.594389602993606e-7,
				"PhiDegree": 161.55340863363364,
				"Power": -71.5740201720997
			}]
	}
}