{
	"SensorDataCollection": {
		"SensorId": 0,
		"SensorDatas": [{
				"Time": 3.859661232030952e-7,
				"TimeDiff": 0.0,
				"PhiDegree": 131.23429127959324,
				"Power": -49.157207066201394
			}, {
				"Time": 4.4099182811058353e-7,
				"TimeDiff": 5.502570490748835e-8,
				"PhiDegree": 234.76761540087716,
				"Power": -53.10452963935393
			}, {
				"Time": 4.435136937364602e-7,
				"TimeDiff": 5.754757053336501e-8,
				"PhiDegree": 125.00261403559635,
				"Power": -53.30425976262421
			}, {
				"Time": 9.048909982441215e-7,
				"TimeDiff": 5.189248750410264e-7,
				"PhiDegree": 161.290999008769,
				"Power": -82.22176556838035
			}]
	}
}