{
	"SensorDataCollection": {
		"SensorId": 0,
		"SensorDatas": [{
				"Time": 4.0405956938496663e-7,
				"TimeDiff": 0.0,
				"PhiDegree": 134.08193275022225,
				"Power": -49.27195009863425
			}, {
				"Time": 4.593459305174005e-7,
				"TimeDiff": 5.528636113243386e-8,
				"PhiDegree": 127.73094528459775,
				"Power": -52.06490953291629
			}, {
				"Time": 8.796500040163676e-7,
				"TimeDiff": 4.7559043463140094e-7,
				"PhiDegree": 160.73329757194207,
				"Power": -80.67622926107845
			}]
	}
}