{
	"SensorDataCollection": {
		"SensorId": 0,
		"SensorDatas": [{
				"Time": 5.19389025570277e-7,
				"TimeDiff": 0.0,
				"PhiDegree": 56.903269050342494,
				"Power": -56.07075079692959
			}, {
				"Time": 6.271646074163489e-7,
				"TimeDiff": 1.0777558184607198e-7,
				"PhiDegree": 145.14687554345366,
				"Power": -56.413211480890595
			}, {
				"Time": 6.35003857281244e-7,
				"TimeDiff": 1.1561483171096707e-7,
				"PhiDegree": 160.02903400549852,
				"Power": -68.57788711847837
			}, {
				"Time": 6.93936617664217e-7,
				"TimeDiff": 1.7454759209394001e-7,
				"PhiDegree": 335.584636494414,
				"Power": -68.75322946927935
			}]
	}
}