{
	"SensorDataCollection": {
		"SensorId": 0,
		"SensorDatas": [{
				"Time": 3.8160049786666863e-7,
				"TimeDiff": 0.0,
				"PhiDegree": 130.4807700543657,
				"Power": -49.19147985780654
			}, {
				"Time": 4.371760333915583e-7,
				"TimeDiff": 5.557553552488967e-8,
				"PhiDegree": 235.48201781097214,
				"Power": -53.50852379976752
			}, {
				"Time": 4.3971978377532804e-7,
				"TimeDiff": 5.8119285908659406e-8,
				"PhiDegree": 124.29033851387615,
				"Power": -53.71947765176871
			}, {
				"Time": 9.112141787401035e-7,
				"TimeDiff": 5.296136808734349e-7,
				"PhiDegree": 161.42559271546307,
				"Power": -82.6038532581837
			}]
	}
}