{
	"SensorDataCollection": {
		"SensorId": 0,
		"SensorDatas": [{
				"Time": 4.915703600648034e-7,
				"TimeDiff": 0.0,
				"PhiDegree": 132.34971219984112,
				"Power": -51.181124912419904
			}, {
				"Time": 6.715771071096606e-7,
				"TimeDiff": 1.8000674704485726e-7,
				"PhiDegree": 35.12462230526544,
				"Power": -56.827520499402425
			}, {
				"Time": 8.325673222998952e-7,
				"TimeDiff": 3.4099696223509186e-7,
				"PhiDegree": 159.5967134935254,
				"Power": -77.7044837122505
			}, {
				"Time": 8.108124428981369e-7,
				"TimeDiff": 3.192420828333336e-7,
				"PhiDegree": 164.24037759869145,
				"Power": -77.8383698495594
			}]
	}
}