{
	"SensorDataCollection": {
		"SensorId": 0,
		"SensorDatas": [{
				"Time": 5.212185081428072e-7,
				"TimeDiff": 0.0,
				"PhiDegree": 56.59599292179863,
				"Power": -55.85823280695172
			}, {
				"Time": 6.299056073396834e-7,
				"TimeDiff": 1.086870991968762e-7,
				"PhiDegree": 145.32031758919825,
				"Power": -56.568849009448456
			}, {
				"Time": 6.318688895358615e-7,
				"TimeDiff": 1.1065038139305426e-7,
				"PhiDegree": 159.92569791661313,
				"Power": -68.38578174050345
			}, {
				"Time": 6.969762375768153e-7,
				"TimeDiff": 1.757577294340081e-7,
				"PhiDegree": 335.6980150685169,
				"Power": -68.9722816035691
			}]
	}
}