{
	"SensorDataCollection": {
		"SensorId": 0,
		"SensorDatas": [{
				"Time": 4.870998442603392e-7,
				"TimeDiff": 0.0,
				"PhiDegree": 131.7695844852056,
				"Power": -51.210482506864594
			}, {
				"Time": 8.388251633492645e-7,
				"TimeDiff": 3.5172531908892533e-7,
				"PhiDegree": 159.75562335044944,
				"Power": -78.10623929695606
			}]
	}
}