{
	"SensorDataCollection": {
		"SensorId": 0,
		"SensorDatas": [{
				"Time": 3.689181584386294e-7,
				"TimeDiff": 0.0,
				"PhiDegree": 128.11514027567048,
				"Power": -49.4769395893819
			}, {
				"Time": 4.26150855713839e-7,
				"TimeDiff": 5.7232697275209614e-8,
				"PhiDegree": 237.70036030581105,
				"Power": -55.01586426033276
			}, {
				"Time": 4.2876002133720615e-7,
				"TimeDiff": 5.984186289857677e-8,
				"PhiDegree": 122.07949189028812,
				"Power": -55.26094490047983
			}, {
				"Time": 9.302130694399805e-7,
				"TimeDiff": 5.612949110013511e-7,
				"PhiDegree": 161.81838490341318,
				"Power": -83.73982752438596
			}]
	}
}