{
	"SensorDataCollection": {
		"SensorId": 0,
		"SensorDatas": [{
				"Time": 5.029602187502074e-7,
				"TimeDiff": 0.0,
				"PhiDegree": 133.7544137568683,
				"Power": -51.20600626294507
			}, {
				"Time": 6.580018851128461e-7,
				"TimeDiff": 1.5504166636263868e-7,
				"PhiDegree": 35.96047108508569,
				"Power": -56.12907988163012
			}, {
				"Time": 8.169514894456055e-7,
				"TimeDiff": 3.1399127069539803e-7,
				"PhiDegree": 159.1887989980144,
				"Power": -76.69276896228577
			}, {
				"Time": 7.947692794164984e-7,
				"TimeDiff": 2.91809060666291e-7,
				"PhiDegree": 163.9137171301974,
				"Power": -77.02694434993882
			}]
	}
}