{
	"SensorDataCollection": {
		"SensorId": 0,
		"SensorDatas": [{
				"Time": 4.676325695213478e-7,
				"TimeDiff": 0.0,
				"PhiDegree": 129.02437290634566,
				"Power": -51.66627681302836
			}, {
				"Time": 8.670621243694392e-7,
				"TimeDiff": 3.994295548480914e-7,
				"PhiDegree": 160.44228427743076,
				"Power": -79.89315345155342
			}]
	}
}