{
	"SensorDataCollection": {
		"SensorId": 0,
		"SensorDatas": [{
				"Time": 3.994458231651847e-7,
				"TimeDiff": 0.0,
				"PhiDegree": 133.3943131692505,
				"Power": -49.20895777192926
			}, {
				"Time": 4.552927782377444e-7,
				"TimeDiff": 5.584695507255968e-8,
				"PhiDegree": 127.06674514160844,
				"Power": -52.316286854629936
			}, {
				"Time": 8.859522722588609e-7,
				"TimeDiff": 4.865064490936762e-7,
				"PhiDegree": 160.87570128156392,
				"Power": -81.06519173705922
			}]
	}
}