{
	"SensorDataCollection": {
		"SensorId": 0,
		"SensorDatas": [{
				"Time": 4.224140494926239e-7,
				"TimeDiff": 0.0,
				"PhiDegree": 58.046427873133396,
				"Power": -53.375006399380425
			}, {
				"Time": 6.917559822911311e-7,
				"TimeDiff": 2.6934193279850725e-7,
				"PhiDegree": 161.72830250943463,
				"Power": -71.93829280510784
			}]
	}
}