{
	"SensorDataCollection": {
		"SensorId": 0,
		"SensorDatas": [{
				"Time": 4.0891488884195585e-7,
				"TimeDiff": 0.0,
				"PhiDegree": 61.221486489162906,
				"Power": -55.25391880932614
			}, {
				"Time": 7.171520930150176e-7,
				"TimeDiff": 3.082372041730618e-7,
				"PhiDegree": 162.39694007402338,
				"Power": -73.37288387765189
			}]
	}
}