{
	"SensorDataCollection": {
		"SensorId": 0,
		"SensorDatas": [{
				"Time": 3.336641645779326e-8,
				"TimeDiff": 0.0,
				"PhiDegree": 180.0,
				"Power": -26.915304664344077
			}, {
				"Time": 7.750589464720368e-8,
				"TimeDiff": 4.413947818941042e-8,
				"PhiDegree": 244.50059891879246,
				"Power": -39.29147517906932
			}, {
				"Time": 4.313094245467836e-7,
				"TimeDiff": 3.979430080889903e-7,
				"PhiDegree": 44.54929578712187,
				"Power": -49.82827530219302
			}, {
				"Time": 4.811492731387304e-7,
				"TimeDiff": 4.4778285668093713e-7,
				"PhiDegree": 141.0342706552995,
				"Power": -51.93647439734586
			}]
	}
}