{
	"SensorDataCollection": {
		"SensorId": 0,
		"SensorDatas": [{
				"Time": 1.3346566583117303e-8,
				"TimeDiff": 0.0,
				"PhiDegree": 180.0,
				"Power": -18.661807523139856
			}, {
				"Time": 7.121781236029455e-8,
				"TimeDiff": 5.7871245777177245e-8,
				"PhiDegree": 259.1986246288913,
				"Power": -51.53455986384735
			}]
	}
}