{
	"SensorDataCollection": {
		"SensorId": 0,
		"SensorDatas": [{
				"Time": 3.926362290403399e-7,
				"TimeDiff": 0.0,
				"PhiDegree": 132.33284019998774,
				"Power": -49.1557988644289
			}, {
				"Time": 4.4933034242787354e-7,
				"TimeDiff": 5.669411338753362e-8,
				"PhiDegree": 126.04820652961284,
				"Power": -52.764283393692025
			}, {
				"Time": 8.954157554536828e-7,
				"TimeDiff": 5.027795264133429e-7,
				"PhiDegree": 161.0855461062589,
				"Power": -81.64541258911447
			}]
	}
}