{
	"SensorDataCollection": {
		"SensorId": 0,
		"SensorDatas": [{
				"Time": 6.027659301153017e-7,
				"TimeDiff": 0.0,
				"PhiDegree": 143.5153957438045,
				"Power": -55.06587458399855
			}, {
				"Time": 5.036198821784225e-7,
				"TimeDiff": -9.91460479368792e-8,
				"PhiDegree": 59.76656998414454,
				"Power": -58.422109930970976
			}, {
				"Time": 6.633071170457565e-7,
				"TimeDiff": 6.054118693045479e-8,
				"PhiDegree": 160.91501400449008,
				"Power": -70.28117941120885
			}]
	}
}