{
	"SensorDataCollection": {
		"SensorId": 0,
		"SensorDatas": [{
				"Time": 6.162593535972184e-7,
				"TimeDiff": 0.0,
				"PhiDegree": 144.43772775306655,
				"Power": -55.80186142173375
			}, {
				"Time": 5.122231252503172e-7,
				"TimeDiff": -1.0403622834690128e-7,
				"PhiDegree": 58.15405177505609,
				"Power": -57.014128725127335
			}, {
				"Time": 6.475638834173885e-7,
				"TimeDiff": 3.130452982017008e-8,
				"PhiDegree": 160.43236325392544,
				"Power": -69.34061363655934
			}]
	}
}