{
	"SensorDataCollection": {
		"SensorId": 0,
		"SensorDatas": [{
				"Time": 4.29626748670859e-7,
				"TimeDiff": 0.0,
				"PhiDegree": 56.536029997805166,
				"Power": -52.68382134379529
			}, {
				"Time": 5.894358328037797e-7,
				"TimeDiff": 1.598090841329207e-7,
				"PhiDegree": 142.5510871938674,
				"Power": -54.3663758393383
			}, {
				"Time": 4.954292081450504e-7,
				"TimeDiff": 6.580245947419138e-8,
				"PhiDegree": 61.43376405166358,
				"Power": -60.11726249331514
			}, {
				"Time": 6.790952354523732e-7,
				"TimeDiff": 2.4946848678151414e-7,
				"PhiDegree": 161.37525410448038,
				"Power": -71.2074811257932
			}]
	}
}