{
	"SensorDataCollection": {
		"SensorId": 0,
		"SensorDatas": [{
				"Time": 4.206577190602051e-7,
				"TimeDiff": 0.0,
				"PhiDegree": 58.43203655379516,
				"Power": -53.57177567936235
			}, {
				"Time": 6.949251794101959e-7,
				"TimeDiff": 2.742674603499908e-7,
				"PhiDegree": 161.81455354413836,
				"Power": -72.11958151262154
			}]
	}
}