{
	"SensorDataCollection": {
		"SensorId": 0,
		"SensorDatas": [{
				"Time": 3.948909483597189e-7,
				"TimeDiff": 0.0,
				"PhiDegree": 132.69072756855957,
				"Power": -49.167741471675626
			}, {
				"Time": 4.5130190490155254e-7,
				"TimeDiff": 5.641095654183362e-8,
				"PhiDegree": 126.3907057205427,
				"Power": -52.605124717577866
			}, {
				"Time": 8.922599359463931e-7,
				"TimeDiff": 4.973689875866742e-7,
				"PhiDegree": 161.01609245578874,
				"Power": -81.45243543715438
			}]
	}
}