{
	"SensorDataCollection": {
		"SensorId": 0,
		"SensorDatas": [{
				"Time": 3.7098696804979265e-7,
				"TimeDiff": 0.0,
				"PhiDegree": 128.5205797533344,
				"Power": -49.40869376931056
			}, {
				"Time": 4.2794307409124566e-7,
				"TimeDiff": 5.695610604145301e-8,
				"PhiDegree": 237.32275131501072,
				"Power": -54.73164937719005
			}, {
				"Time": 4.305413786549554e-7,
				"TimeDiff": 5.9554410605162726e-8,
				"PhiDegree": 122.45573089501829,
				"Power": -54.97100386905443
			}, {
				"Time": 9.270436035230115e-7,
				"TimeDiff": 5.560566354732189e-7,
				"PhiDegree": 161.75403786132756,
				"Power": -83.55156839464425
			}]
	}
}