{
	"SensorDataCollection": {
		"SensorId": 0,
		"SensorDatas": [{
				"Time": 4.017454635093793e-7,
				"TimeDiff": 0.0,
				"PhiDegree": 133.74009714705912,
				"Power": -49.237828370141926
			}, {
				"Time": 4.573116724091983e-7,
				"TimeDiff": 5.5566208899819004e-8,
				"PhiDegree": 127.4003169059399,
				"Power": -52.18604971550002
			}, {
				"Time": 8.828004564825762e-7,
				"TimeDiff": 4.810549929731968e-7,
				"PhiDegree": 160.8047535799252,
				"Power": -80.87092529135307
			}]
	}
}