{
	"SensorDataCollection": {
		"SensorId": 0,
		"SensorDatas": [{
				"Time": 3.837750134372817e-7,
				"TimeDiff": 0.0,
				"PhiDegree": 130.8596735681136,
				"Power": -49.17084944704557
			}, {
				"Time": 4.3907539801117683e-7,
				"TimeDiff": 5.5300384573895145e-8,
				"PhiDegree": 235.12326448338612,
				"Power": -53.30079575915957
			}, {
				"Time": 4.4160820781561285e-7,
				"TimeDiff": 5.783319437833116e-8,
				"PhiDegree": 124.64800607635026,
				"Power": -53.506126547002395
			}, {
				"Time": 9.080519621379877e-7,
				"TimeDiff": 5.242769487007059e-7,
				"PhiDegree": 161.35853017142347,
				"Power": -82.41302406946983
			}]
	}
}