{
	"SensorDataCollection": {
		"SensorId": 0,
		"SensorDatas": [{
				"Time": 4.3147559322867777e-7,
				"TimeDiff": 0.0,
				"PhiDegree": 56.166400854619916,
				"Power": -52.53356692903449
			}, {
				"Time": 5.920882547273945e-7,
				"TimeDiff": 1.6061266149871672e-7,
				"PhiDegree": 142.74741807264508,
				"Power": -54.50306810346281
			}, {
				"Time": 4.970333436116512e-7,
				"TimeDiff": 6.55577503829734e-8,
				"PhiDegree": 61.095952323682326,
				"Power": -59.7533732106653
			}, {
				"Time": 6.759341718289677e-7,
				"TimeDiff": 2.444585786002899e-7,
				"PhiDegree": 161.28492655778777,
				"Power": -71.02335966814988
			}]
	}
}