{
	"SensorDataCollection": {
		"SensorId": 0,
		"SensorDatas": [{
				"Time": 2.0019849874675955e-8,
				"TimeDiff": 0.0,
				"PhiDegree": 180.0,
				"Power": -21.856463186956113
			}, {
				"Time": 7.276427933287805e-8,
				"TimeDiff": 5.2744429458202096e-8,
				"PhiDegree": 254.0300635114766,
				"Power": -45.42384500088525
			}]
	}
}