{
	"SensorDataCollection": {
		"SensorId": 0,
		"SensorDatas": [{
				"Time": 6.08144306228587e-7,
				"TimeDiff": 0.0,
				"PhiDegree": 143.88923807463328,
				"Power": -55.35621419458566
			}, {
				"Time": 5.070128246769422e-7,
				"TimeDiff": -1.0113148155164485e-7,
				"PhiDegree": 59.11500628124897,
				"Power": -57.82654824598454
			}, {
				"Time": 6.570042565249798e-7,
				"TimeDiff": 4.885995029639277e-8,
				"PhiDegree": 160.72472965283316,
				"Power": -69.90666640434475
			}]
	}
}