{
	"SensorDataCollection": {
		"SensorId": 0,
		"SensorDatas": [{
				"Time": 2.767735801185009e-7,
				"TimeDiff": 0.0,
				"PhiDegree": 127.28212815273602,
				"Power": -46.60491791636066
			}, {
				"Time": 3.3512484668000403e-7,
				"TimeDiff": 5.8351266561503146e-8,
				"PhiDegree": 239.9821374906891,
				"Power": -52.61432533418022
			}, {
				"Time": 3.351941873821581e-7,
				"TimeDiff": 5.842060726365721e-8,
				"PhiDegree": 120.01101470416336,
				"Power": -52.62091153631101
			}, {
				"Time": 3.9731484675842775e-7,
				"TimeDiff": 1.2054126663992686e-7,
				"PhiDegree": 245.04130160208527,
				"Power": -63.06153303297654
			}]
	}
}