{
	"SensorDataCollection": {
		"SensorId": 0,
		"SensorDatas": [{
				"Time": 5.974136768078371e-7,
				"TimeDiff": 0.0,
				"PhiDegree": 143.13483843114417,
				"Power": -54.78136445472501
			}, {
				"Time": 5.002929466659544e-7,
				"TimeDiff": -9.712073014188269e-8,
				"PhiDegree": 60.42688580157562,
				"Power": -59.06354851498374
			}, {
				"Time": 6.696171558248365e-7,
				"TimeDiff": 7.220347901699947e-8,
				"PhiDegree": 161.10171414997623,
				"Power": -70.65340949249736
			}]
	}
}