{
	"SensorDataCollection": {
		"SensorId": 0,
		"SensorDatas": [{
				"Time": 6.108430748366627e-7,
				"TimeDiff": 0.0,
				"PhiDegree": 144.07368660149078,
				"Power": -55.503455373704625
			}, {
				"Time": 5.087336368376386e-7,
				"TimeDiff": -1.0210943799902409e-7,
				"PhiDegree": 58.792504414171795,
				"Power": -57.54523154891534
			}, {
				"Time": 6.538555829910397e-7,
				"TimeDiff": 4.301250815437695e-8,
				"PhiDegree": 160.62821232112196,
				"Power": -69.71855327867121
			}]
	}
}