{
	"SensorDataCollection": {
		"SensorId": 0,
		"SensorDatas": [{
				"Time": 3.97160899627346e-7,
				"TimeDiff": 0.0,
				"PhiDegree": 133.04453763960936,
				"Power": -49.18552947353862
			}, {
				"Time": 4.532894532902068e-7,
				"TimeDiff": 5.612855366286083e-8,
				"PhiDegree": 126.73021342733821,
				"Power": -52.45588700433984
			}, {
				"Time": 8.891054368467095e-7,
				"TimeDiff": 4.919445372193635e-7,
				"PhiDegree": 160.9461458661668,
				"Power": -81.25902847701232
			}]
	}
}