{
	"SensorDataCollection": {
		"SensorId": 0,
		"SensorDatas": [{
				"Time": 3.751793906941963e-7,
				"TimeDiff": 0.0,
				"PhiDegree": 129.31794532853309,
				"Power": -49.297890179260236
			}, {
				"Time": 4.315825754146661e-7,
				"TimeDiff": 5.6403184720469825e-8,
				"PhiDegree": 236.5770225383511,
				"Power": -54.20400410764975
			}, {
				"Time": 4.34159099263162e-7,
				"TimeDiff": 5.8979708568965705e-8,
				"PhiDegree": 123.19886679890305,
				"Power": -54.43194739272991
			}, {
				"Time": 9.207082156957897e-7,
				"TimeDiff": 5.455288250015934e-7,
				"PhiDegree": 161.6240151303472,
				"Power": -83.17376730912574
			}]
	}
}