{
	"SensorDataCollection": {
		"SensorId": 0,
		"SensorDatas": [{
				"Time": 4.2779593867858577e-7,
				"TimeDiff": 0.0,
				"PhiDegree": 56.90883852290747,
				"Power": -52.842816529816446
			}, {
				"Time": 4.938424062994495e-7,
				"TimeDiff": 6.60464676208637e-8,
				"PhiDegree": 61.7737585582913,
				"Power": -60.49427063357143
			}, {
				"Time": 6.822579712521215e-7,
				"TimeDiff": 2.544620325735357e-7,
				"PhiDegree": 161.46474441104033,
				"Power": -71.39103437491335
			}]
	}
}