{
	"SensorDataCollection": {
		"SensorId": 0,
		"SensorDatas": [{
				"Time": 4.960903596420845e-7,
				"TimeDiff": 0.0,
				"PhiDegree": 132.9193260625851,
				"Power": -51.174859873217386
			}, {
				"Time": 6.661300771893264e-7,
				"TimeDiff": 1.7003971754724187e-7,
				"PhiDegree": 35.45487228441337,
				"Power": -56.54497843001448
			}, {
				"Time": 8.263159825848063e-7,
				"TimeDiff": 3.3022562294272174e-7,
				"PhiDegree": 159.435397974142,
				"Power": -77.30104866151437
			}, {
				"Time": 8.043920527155406e-7,
				"TimeDiff": 3.0830169307345605e-7,
				"PhiDegree": 164.11127710970254,
				"Power": -77.51529318057196
			}]
	}
}