{
	"SensorDataCollection": {
		"SensorId": 0,
		"SensorDatas": [{
				"Time": 3.7307414766337106e-7,
				"TimeDiff": 0.0,
				"PhiDegree": 128.92150262279077,
				"Power": -49.34911266847712
			}, {
				"Time": 4.29753724654759e-7,
				"TimeDiff": 5.6679576991387954e-8,
				"PhiDegree": 236.94830807956606,
				"Power": -54.46116681784055
			}, {
				"Time": 4.3234114762081416e-7,
				"TimeDiff": 5.92669999574431e-8,
				"PhiDegree": 122.82885342905684,
				"Power": -54.69480828792351
			}, {
				"Time": 9.238753148904103e-7,
				"TimeDiff": 5.508011672270393e-7,
				"PhiDegree": 161.68924940044286,
				"Power": -83.36288178617639
			}]
	}
}