{
	"SensorDataCollection": {
		"SensorId": 0,
		"SensorDatas": [{
				"Time": 4.938242589571256e-7,
				"TimeDiff": 0.0,
				"PhiDegree": 132.63582255230344,
				"Power": -51.17518675755146
			}, {
				"Time": 6.688508145226012e-7,
				"TimeDiff": 1.750265555654756e-7,
				"PhiDegree": 35.289074918059555,
				"Power": -56.685743320325074
			}, {
				"Time": 8.294408305846075e-7,
				"TimeDiff": 3.356165716274819e-7,
				"PhiDegree": 159.51635968492425,
				"Power": -77.50297553609745
			}, {
				"Time": 8.076017352864655e-7,
				"TimeDiff": 3.1377747632933996e-7,
				"PhiDegree": 164.17608393962163,
				"Power": -77.67707914324214
			}]
	}
}