{
	"SensorDataCollection": {
		"SensorId": 0,
		"SensorDatas": [{
				"Time": 6.000864943447231e-7,
				"TimeDiff": 0.0,
				"PhiDegree": 143.3259656465615,
				"Power": -54.92286728958592
			}, {
				"Time": 5.019480809078599e-7,
				"TimeDiff": -9.813841343686324e-8,
				"PhiDegree": 60.09563374783359,
				"Power": -58.736941740185785
			}, {
				"Time": 6.664612518907425e-7,
				"TimeDiff": 6.637475754601938e-8,
				"PhiDegree": 161.0088059951367,
				"Power": -70.46757966345687
			}]
	}
}