{
	"SensorDataCollection": {
		"SensorId": 0,
		"SensorDatas": [{
				"Time": 5.075981395063184e-7,
				"TimeDiff": 0.0,
				"PhiDegree": 134.29850625992992,
				"Power": -51.25207623252979
			}, {
				"Time": 6.526121461511298e-7,
				"TimeDiff": 1.4501400664481132e-7,
				"PhiDegree": 36.30451639393292,
				"Power": -55.85748071737932
			}, {
				"Time": 8.107170632041221e-7,
				"TimeDiff": 3.031189236978037e-7,
				"PhiDegree": 159.02123676957012,
				"Power": -76.2851812288789
			}, {
				"Time": 7.88359453528112e-7,
				"TimeDiff": 2.807613140217936e-7,
				"PhiDegree": 163.77933214667695,
				"Power": -76.698866801023
			}]
	}
}