{
	"SensorDataCollection": {
		"SensorId": 0,
		"SensorDatas": [{
				"Time": 4.102580901244683e-7,
				"TimeDiff": 0.0,
				"PhiDegree": 61.85427064247863,
				"Power": -55.78226187943679
			}, {
				"Time": 7.213448326195876e-7,
				"TimeDiff": 3.1108674249511935e-7,
				"PhiDegree": 162.2244728433264,
				"Power": -73.12895584134685
			}]
	}
}