{
	"SensorDataCollection": {
		"SensorId": 0,
		"SensorDatas": [{
				"Time": 3.7689662816370584e-7,
				"TimeDiff": 0.0,
				"PhiDegree": 130.42424819853022,
				"Power": -49.09471965556155
			}, {
				"Time": 4.325369072383162e-7,
				"TimeDiff": 5.564027907461036e-8,
				"PhiDegree": 235.59573373542872,
				"Power": -53.495592757326435
			}, {
				"Time": 4.406210702355489e-7,
				"TimeDiff": 6.372444207184307e-8,
				"PhiDegree": 123.68742013586866,
				"Power": -54.18092081889492
			}, {
				"Time": 9.133239526296958e-7,
				"TimeDiff": 5.3642732446599e-7,
				"PhiDegree": 161.69068422817438,
				"Power": -83.26662351855452
			}]
	}
}