{
	"SensorDataCollection": {
		"SensorId": 0,
		"SensorDatas": [{
				"Time": 6.101167045397637e-7,
				"TimeDiff": 0.0,
				"PhiDegree": 143.6360943752421,
				"Power": -55.2389214890257
			}, {
				"Time": 5.0415223026527e-7,
				"TimeDiff": -1.0596447427449374e-7,
				"PhiDegree": 58.92035531444774,
				"Power": -57.58883575936078
			}, {
				"Time": 6.581132420342406e-7,
				"TimeDiff": 4.7996537494476914e-8,
				"PhiDegree": 160.45052221196931,
				"Power": -69.50805662253134
			}]
	}
}