{
	"SensorDataCollection": {
		"SensorId": 0,
		"SensorDatas": [{
				"Time": 6.074330371619135e-7,
				"TimeDiff": 0.0,
				"PhiDegree": 143.44948881172215,
				"Power": -55.09629469421901
			}, {
				"Time": 5.02437885487581e-7,
				"TimeDiff": -1.049951516743325e-7,
				"PhiDegree": 59.24623286798648,
				"Power": -57.87668996800724
			}, {
				"Time": 6.612584784932082e-7,
				"TimeDiff": 5.382544133129468e-8,
				"PhiDegree": 160.5472639807458,
				"Power": -69.69434536451
			}]
	}
}