{
	"SensorDataCollection": {
		"SensorId": 0,
		"SensorDatas": [{
				"Time": 6.312985010828619e-7,
				"TimeDiff": 0.0,
				"PhiDegree": 37.739050165519004,
				"Power": -54.82277320504589
			}, {
				"Time": 7.627653400729637e-7,
				"TimeDiff": 1.314668389901018e-7,
				"PhiDegree": 163.21922982373047,
				"Power": -75.36613877953117
			}]
	}
}