{
	"SensorDataCollection": {
		"SensorId": 0,
		"SensorDatas": [{
				"Time": 6.128067868717846e-7,
				"TimeDiff": 0.0,
				"PhiDegree": 143.821063574555,
				"Power": -55.382949365284716
			}, {
				"Time": 5.058827731249648e-7,
				"TimeDiff": -1.069240137468198e-7,
				"PhiDegree": 58.59669689861663,
				"Power": -57.31185810776961
			}, {
				"Time": 6.549698998102357e-7,
				"TimeDiff": 4.216311293845111e-8,
				"PhiDegree": 160.35285159316234,
				"Power": -69.32121412206145
			}]
	}
}