{
	"SensorDataCollection": {
		"SensorId": 0,
		"SensorDatas": [{
				"Time": 4.34251175602613e-7,
				"TimeDiff": 0.0,
				"PhiDegree": 56.41152062911394,
				"Power": -52.71287854973434
			}, {
				"Time": 4.941149780732533e-7,
				"TimeDiff": 5.986380247064029e-8,
				"PhiDegree": 60.9089437625169,
				"Power": -59.48959537447449
			}, {
				"Time": 6.770121497395673e-7,
				"TimeDiff": 2.427609741369543e-7,
				"PhiDegree": 161.01747506584366,
				"Power": -70.61748055283769
			}]
	}
}