{
	"SensorDataCollection": {
		"SensorId": 0,
		"SensorDatas": [{
				"Time": 4.1507378244139314e-7,
				"TimeDiff": 0.0,
				"PhiDegree": 60.635823546098685,
				"Power": -54.942356993952146
			}, {
				"Time": 7.118193424352607e-7,
				"TimeDiff": 2.9674555999386753e-7,
				"PhiDegree": 161.97849523254754,
				"Power": -72.59981131171978
			}]
	}
}