{
	"SensorDataCollection": {
		"SensorId": 0,
		"SensorDatas": [{
				"Time": 6.234126934768915e-7,
				"TimeDiff": 0.0,
				"PhiDegree": 38.302147111912994,
				"Power": -54.45897188868787
			}, {
				"Time": 7.531872176901083e-7,
				"TimeDiff": 1.2977452421321675e-7,
				"PhiDegree": 162.99938607096954,
				"Power": -74.85781453314897
			}]
	}
}