{
	"SensorDataCollection": {
		"SensorId": 0,
		"SensorDatas": [{
				"Time": 3.3366416457793257e-9,
				"TimeDiff": 0.0,
				"PhiDegree": 0.0,
				"Power": -7.588971125627514
			}, {
				"Time": 7.003555622182841e-8,
				"TimeDiff": 6.669891457604908e-8,
				"PhiDegree": 272.7307254926658,
				"Power": -74.88997455189039
			}]
	}
}