{
	"SensorDataCollection": {
		"SensorId": 0,
		"SensorDatas": [{
				"Time": 4.13447856925212e-7,
				"TimeDiff": 0.0,
				"PhiDegree": 61.038812068890145,
				"Power": -55.2098315685636
			}, {
				"Time": 7.149930351670288e-7,
				"TimeDiff": 3.015451782418168e-7,
				"PhiDegree": 162.06121594279404,
				"Power": -72.7767359272483
			}]
	}
}