{
	"SensorDataCollection": {
		"SensorId": 0,
		"SensorDatas": [{
				"Time": 4.2701229973823473e-7,
				"TimeDiff": 0.0,
				"PhiDegree": 57.9035000415985,
				"Power": -53.38468757999354
			}, {
				"Time": 4.877653453986007e-7,
				"TimeDiff": 6.075304566036594e-8,
				"PhiDegree": 62.27906374544932,
				"Power": -61.008025899807734
			}, {
				"Time": 6.89646565783275e-7,
				"TimeDiff": 2.626342660450403e-7,
				"PhiDegree": 161.3781579379307,
				"Power": -71.34603090704438
			}]
	}
}