{
	"SensorDataCollection": {
		"SensorId": 0,
		"SensorDatas": [{
				"Time": 3.747416177372934e-7,
				"TimeDiff": 0.0,
				"PhiDegree": 130.0358842931769,
				"Power": -49.12406870319914
			}, {
				"Time": 4.3066040898424923e-7,
				"TimeDiff": 5.591879124695584e-8,
				"PhiDegree": 235.96199564543411,
				"Power": -53.7210699822387
			}, {
				"Time": 4.387791463580665e-7,
				"TimeDiff": 6.40375286207731e-8,
				"PhiDegree": 123.32488335564027,
				"Power": -54.4243222045818
			}, {
				"Time": 9.164922742453271e-7,
				"TimeDiff": 5.417506565080336e-7,
				"PhiDegree": 161.756213622267,
				"Power": -83.4574923476763
			}]
	}
}