{
	"SensorDataCollection": {
		"SensorId": 0,
		"SensorDatas": [{
				"Time": 3.6629877229740035e-7,
				"TimeDiff": 0.0,
				"PhiDegree": 128.43728851305102,
				"Power": -49.321628828768695
			}, {
				"Time": 4.233342631877319e-7,
				"TimeDiff": 5.703549089033156e-8,
				"PhiDegree": 237.45905133617185,
				"Power": -54.7520733497184
			}, {
				"Time": 4.31590836094712e-7,
				"TimeDiff": 6.529206379731168e-8,
				"PhiDegree": 121.84423969327763,
				"Power": -55.527543344296774
			}, {
				"Time": 9.291773444923113e-7,
				"TimeDiff": 5.62878572194911e-7,
				"PhiDegree": 162.01385982613243,
				"Power": -84.21659754339137
			}]
	}
}