{
	"SensorDataCollection": {
		"SensorId": 0,
		"SensorDatas": [{
				"Time": 3.7906875752681395e-7,
				"TimeDiff": 0.0,
				"PhiDegree": 130.80817879152968,
				"Power": -49.07282178294689
			}, {
				"Time": 4.344309274614774e-7,
				"TimeDiff": 5.536216993466345e-8,
				"PhiDegree": 235.23265073322884,
				"Power": -53.28225945760491
			}, {
				"Time": 4.4248048787180686e-7,
				"TimeDiff": 6.34117303449929e-8,
				"PhiDegree": 124.04692426232818,
				"Power": -53.949725347988064
			}, {
				"Time": 9.101568340114986e-7,
				"TimeDiff": 5.310880764846846e-7,
				"PhiDegree": 161.62469869539535,
				"Power": -83.07531681991406
			}]
	}
}