{
	"SensorDataCollection": {
		"SensorId": 0,
		"SensorDatas": [{
				"Time": 3.6838229249464604e-7,
				"TimeDiff": 0.0,
				"PhiDegree": 128.84378720047457,
				"Power": -49.259621953085386
			}, {
				"Time": 4.251383553923687e-7,
				"TimeDiff": 5.6756062897722676e-8,
				"PhiDegree": 237.07996653069,
				"Power": -54.474158391348
			}, {
				"Time": 4.333605573168384e-7,
				"TimeDiff": 6.497826482219238e-8,
				"PhiDegree": 122.21898993005503,
				"Power": -55.23150617297415
			}, {
				"Time": 9.260043335718054e-7,
				"TimeDiff": 5.576220410771594e-7,
				"PhiDegree": 161.95011012224538,
				"Power": -84.02747582554736
			}]
	}
}