{
	"SensorDataCollection": {
		"SensorId": 0,
		"SensorDatas": [{
				"Time": 3.62187995352359e-7,
				"TimeDiff": 0.0,
				"PhiDegree": 127.61036513192117,
				"Power": -49.472775142089915
			}, {
				"Time": 4.197823862187139e-7,
				"TimeDiff": 5.75943908663549e-8,
				"PhiDegree": 238.22691175430865,
				"Power": -55.3507876675375
			}, {
				"Time": 4.2810746687217474e-7,
				"TimeDiff": 6.591947151981574e-8,
				"PhiDegree": 121.08552571405008,
				"Power": -56.162604188910876
			}, {
				"Time": 9.355267821022855e-7,
				"TimeDiff": 5.733387867499265e-7,
				"PhiDegree": 162.14006153140974,
				"Power": -84.59353494508872
			}]
	}
}