{
	"SensorDataCollection": {
		"SensorId": 0,
		"SensorDatas": [{
				"Time": 4.2524878032625655e-7,
				"TimeDiff": 0.0,
				"PhiDegree": 58.2843508495965,
				"Power": -53.57590929280245
			}, {
				"Time": 4.862222261610931e-7,
				"TimeDiff": 6.097344583483657e-8,
				"PhiDegree": 62.62712293130414,
				"Power": -61.42233427346835
			}, {
				"Time": 6.928093426653869e-7,
				"TimeDiff": 2.6756056233913036e-7,
				"PhiDegree": 161.4662720679803,
				"Power": -71.5267892171608
			}]
	}
}