{
	"SensorDataCollection": {
		"SensorId": 0,
		"SensorDatas": [{
				"Time": 2.876415115681278e-7,
				"TimeDiff": 0.0,
				"PhiDegree": 128.99507749299713,
				"Power": -46.685755261793275
			}, {
				"Time": 3.392383205614913e-7,
				"TimeDiff": 5.159680899336353e-8,
				"PhiDegree": 122.2454010316119,
				"Power": -51.29885637695109
			}, {
				"Time": 3.448326025561561e-7,
				"TimeDiff": 5.7191090988028286e-8,
				"PhiDegree": 238.33910733641022,
				"Power": -51.78811565987516
			}, {
				"Time": 4.001496544288127e-7,
				"TimeDiff": 1.1250814286068492e-7,
				"PhiDegree": 243.1067641151487,
				"Power": -60.357372384093935
			}]
	}
}