{
	"SensorDataCollection": {
		"SensorId": 0,
		"SensorDatas": [{
				"Time": 3.704841462405427e-7,
				"TimeDiff": 0.0,
				"PhiDegree": 129.2456935805183,
				"Power": -49.20622932758192
			}, {
				"Time": 4.2696090033831067e-7,
				"TimeDiff": 5.647675409776795e-8,
				"PhiDegree": 236.70410174569213,
				"Power": -54.20995997785026
			}, {
				"Time": 4.3514866635430886e-7,
				"TimeDiff": 6.466452011376614e-8,
				"PhiDegree": 122.59067611857539,
				"Power": -54.94922715427076
			}, {
				"Time": 9.228324769017873e-7,
				"TimeDiff": 5.523483306612446e-7,
				"PhiDegree": 161.8859221117221,
				"Power": -83.83791804815809
			}]
	}
}