{
	"SensorDataCollection": {
		"SensorId": 0,
		"SensorDatas": [{
				"Time": 5.994213853352841e-7,
				"TimeDiff": 0.0,
				"PhiDegree": 142.8796750726198,
				"Power": -54.67728001501354
			}, {
				"Time": 4.973937066130386e-7,
				"TimeDiff": -1.0202767872224547e-7,
				"PhiDegree": 60.2371935411862,
				"Power": -58.80845747632503
			}, {
				"Time": 6.707052867122945e-7,
				"TimeDiff": 7.128390137701034e-8,
				"PhiDegree": 160.83204153761608,
				"Power": -70.2498879144291
			}]
	}
}