{
	"SensorDataCollection": {
		"SensorId": 0,
		"SensorDatas": [{
				"Time": 6.392437764619427e-7,
				"TimeDiff": 0.0,
				"PhiDegree": 37.18989893320053,
				"Power": -55.200414969820486
			}, {
				"Time": 7.951621651834024e-7,
				"TimeDiff": 1.5591838872145974e-7,
				"PhiDegree": 158.5908487609354,
				"Power": -75.25907438029921
			}, {
				"Time": 7.723544136832414e-7,
				"TimeDiff": 1.3311063722129867e-7,
				"PhiDegree": 163.433617780372,
				"Power": -75.8697721908955
			}]
	}
}