{
	"SensorDataCollection": {
		"SensorId": 0,
		"SensorDatas": [{
				"Time": 2.794357300980578e-7,
				"TimeDiff": 0.0,
				"PhiDegree": 126.86770837123375,
				"Power": -46.759406865851815
			}, {
				"Time": 3.323090823549943e-7,
				"TimeDiff": 5.287335225693649e-8,
				"PhiDegree": 120.29875878203865,
				"Power": -52.34685605937531
			}, {
				"Time": 3.380180644046842e-7,
				"TimeDiff": 5.8582334306626385e-8,
				"PhiDegree": 240.26508018509614,
				"Power": -52.88908604872728
			}, {
				"Time": 3.942923205158013e-7,
				"TimeDiff": 1.148565904177435e-7,
				"PhiDegree": 244.83670846150488,
				"Power": -62.684245527747365
			}]
	}
}