{
	"SensorDataCollection": {
		"SensorId": 0,
		"SensorDatas": [{
				"Time": 4.718723868239906e-11,
				"TimeDiff": 0.0,
				"PhiDegree": 225.0000000000102,
				"Power": 29.399992216699196
			}, {
				"Time": 6.702852592346916e-7,
				"TimeDiff": 6.702380719960092e-7,
				"PhiDegree": 345.64250696153687,
				"Power": -91.8523534767888
			}]
	}
}