{
	"SensorDataCollection": {
		"SensorId": 0,
		"SensorDatas": [{
				"Time": 5.165969674488961e-7,
				"TimeDiff": 0.0,
				"PhiDegree": 56.70119201151336,
				"Power": -55.86328488333805
			}, {
				"Time": 6.290773726306768e-7,
				"TimeDiff": 1.1248040518178073e-7,
				"PhiDegree": 144.8974899048591,
				"Power": -56.27414430861087
			}, {
				"Time": 6.361511966592032e-7,
				"TimeDiff": 1.1955422921030713e-7,
				"PhiDegree": 159.74658538191375,
				"Power": -68.18855408746836
			}, {
				"Time": 6.953224518034075e-7,
				"TimeDiff": 1.7872548435451144e-7,
				"PhiDegree": 335.3342781748363,
				"Power": -68.37577325770285
			}]
	}
}