{
	"SensorDataCollection": {
		"SensorId": 0,
		"SensorDatas": [{
				"Time": 4.1184254549140625e-7,
				"TimeDiff": 0.0,
				"PhiDegree": 61.44496241443575,
				"Power": -55.48966236533715
			}, {
				"Time": 7.181682050638961e-7,
				"TimeDiff": 3.063256595724898e-7,
				"PhiDegree": 162.14320537200877,
				"Power": -72.95311703541526
			}]
	}
}