{
	"SensorDataCollection": {
		"SensorId": 0,
		"SensorDatas": [{
				"Time": 6.445725790816384e-7,
				"TimeDiff": 0.0,
				"PhiDegree": 36.83134059950204,
				"Power": -55.45929261111698
			}, {
				"Time": 8.013786776092726e-7,
				"TimeDiff": 1.568060985276342e-7,
				"PhiDegree": 158.765008702103,
				"Power": -75.67073111955455
			}, {
				"Time": 7.787530136850922e-7,
				"TimeDiff": 1.341804346034538e-7,
				"PhiDegree": 163.5736086639986,
				"Power": -76.20294514712486
			}]
	}
}