{
	"SensorDataCollection": {
		"SensorId": 0,
		"SensorDatas": [{
				"Time": 6.472463296270488e-7,
				"TimeDiff": 0.0,
				"PhiDegree": 36.654278914032886,
				"Power": -55.590744455892164
			}, {
				"Time": 8.044896782762464e-7,
				"TimeDiff": 1.5724334864919757e-7,
				"PhiDegree": 158.85107893922003,
				"Power": -75.8759545063371
			}, {
				"Time": 7.819540356375465e-7,
				"TimeDiff": 1.3470770601049766e-7,
				"PhiDegree": 163.64274475805126,
				"Power": -76.36876223133096
			}]
	}
}