{
	"SensorDataCollection": {
		"SensorId": 0,
		"SensorDatas": [{
				"Time": 3.8346320712848045e-7,
				"TimeDiff": 0.0,
				"PhiDegree": 131.56290699012516,
				"Power": -49.050330475472805
			}, {
				"Time": 4.3827062304400114e-7,
				"TimeDiff": 5.480741591552069e-8,
				"PhiDegree": 234.51597097051453,
				"Power": -52.89059675476082
			}, {
				"Time": 4.462509276579823e-7,
				"TimeDiff": 6.278772052950182e-8,
				"PhiDegree": 124.75687508721586,
				"Power": -53.522542385974816
			}, {
				"Time": 9.038262563480192e-7,
				"TimeDiff": 5.203630492195388e-7,
				"PhiDegree": 161.4913407446094,
				"Power": -82.69138836589448
			}]
	}
}