{
	"SensorDataCollection": {
		"SensorId": 0,
		"SensorDatas": [{
				"Time": 6.236296024854858e-7,
				"TimeDiff": 0.0,
				"PhiDegree": 144.54492661136175,
				"Power": -55.972205395247045
			}, {
				"Time": 5.129636236095954e-7,
				"TimeDiff": -1.106659788758904e-7,
				"PhiDegree": 57.324203866312516,
				"Power": -56.3072322075009
			}, {
				"Time": 6.424160291223455e-7,
				"TimeDiff": 1.878642663685975e-8,
				"PhiDegree": 159.95261986606613,
				"Power": -68.568313839817
			}]
	}
}