{
	"SensorDataCollection": {
		"SensorId": 0,
		"SensorDatas": [{
				"Time": 6.047558701393287e-7,
				"TimeDiff": 0.0,
				"PhiDegree": 143.26122908466635,
				"Power": -54.955114301103336
			}, {
				"Time": 5.00739905160316e-7,
				"TimeDiff": -1.0401596497901272e-7,
				"PhiDegree": 59.57433115979553,
				"Power": -58.17571043258354
			}, {
				"Time": 6.64405582285723e-7,
				"TimeDiff": 5.964971214639434e-8,
				"PhiDegree": 160.64308954304818,
				"Power": -69.88008018253694
			}]
	}
}