{
	"SensorDataCollection": {
		"SensorId": 0,
		"SensorDatas": [{
				"Time": 6.18189650599716e-7,
				"TimeDiff": 0.0,
				"PhiDegree": 38.68550216340141,
				"Power": -54.224735722121494
			}, {
				"Time": 7.468080948833186e-7,
				"TimeDiff": 1.2861844428360263e-7,
				"PhiDegree": 162.84969212657623,
				"Power": -74.516303119039
			}]
	}
}