{
	"SensorDataCollection": {
		"SensorId": 0,
		"SensorDatas": [{
				"Time": 4.2350420607727917e-7,
				"TimeDiff": 0.0,
				"PhiDegree": 58.668356479221146,
				"Power": -53.77702422957067
			}, {
				"Time": 6.959737432024074e-7,
				"TimeDiff": 2.724695371251283e-7,
				"PhiDegree": 161.55358514170712,
				"Power": -71.706997153631
			}]
	}
}