{
	"SensorDataCollection": {
		"SensorId": 0,
		"SensorDatas": [{
				"Time": 4.3241419858014105e-7,
				"TimeDiff": 0.0,
				"PhiDegree": 56.77981678561475,
				"Power": -52.867428525206705
			}, {
				"Time": 4.925013372345153e-7,
				"TimeDiff": 6.008713865437424e-8,
				"PhiDegree": 61.24814957211663,
				"Power": -59.8491460691929
			}, {
				"Time": 6.801682035077734e-7,
				"TimeDiff": 2.4775400492763236e-7,
				"PhiDegree": 161.10890177671794,
				"Power": -70.800446857389
			}]
	}
}