{
	"SensorDataCollection": {
		"SensorId": 0,
		"SensorDatas": [{
				"Time": 6.020852901833357e-7,
				"TimeDiff": 0.0,
				"PhiDegree": 143.0712972206651,
				"Power": -54.81542682619882
			}, {
				"Time": 4.990584563171308e-7,
				"TimeDiff": -1.0302683386620484e-7,
				"PhiDegree": 59.9046512297695,
				"Power": -58.486196469856935
			}, {
				"Time": 6.675545270018424e-7,
				"TimeDiff": 6.546923681850673e-8,
				"PhiDegree": 160.73801132458235,
				"Power": -70.06526101792946
			}]
	}
}