{
	"SensorDataCollection": {
		"SensorId": 0,
		"SensorDatas": [{
				"Time": 4.2007283466362807e-7,
				"TimeDiff": 0.0,
				"PhiDegree": 59.445848862945226,
				"Power": -54.21019426248448
			}, {
				"Time": 7.023073274410962e-7,
				"TimeDiff": 2.822344927774681e-7,
				"PhiDegree": 161.7258498428549,
				"Power": -72.06576514977138
			}]
	}
}