{
	"SensorDataCollection": {
		"SensorId": 0,
		"SensorDatas": [{
				"Time": 3.9472897430216066e-7,
				"TimeDiff": 0.0,
				"PhiDegree": 133.375120757044,
				"Power": -49.10709398785606
			}, {
				"Time": 4.559680058600446e-7,
				"TimeDiff": 6.123903155788392e-8,
				"PhiDegree": 126.47946676866272,
				"Power": -52.6447009536075
			}, {
				"Time": 8.880217681967097e-7,
				"TimeDiff": 4.932927938945491e-7,
				"PhiDegree": 161.14963386151018,
				"Power": -81.72388298156343
			}]
	}
}