{
	"SensorDataCollection": {
		"SensorId": 0,
		"SensorDatas": [{
				"Time": 5.202905340556217e-7,
				"TimeDiff": 0.0,
				"PhiDegree": 56.0869539626915,
				"Power": -55.455683244234365
			}, {
				"Time": 6.345485527801672e-7,
				"TimeDiff": 1.142580187245455e-7,
				"PhiDegree": 145.2439864152837,
				"Power": -56.58054329199345
			}, {
				"Time": 6.298947538822094e-7,
				"TimeDiff": 1.0960421982658772e-7,
				"PhiDegree": 159.53645525174608,
				"Power": -67.80659765190983
			}, {
				"Time": 7.013923803120516e-7,
				"TimeDiff": 1.8110184625642988e-7,
				"PhiDegree": 335.56177487421184,
				"Power": -68.80971439160041
			}]
	}
}