{
	"SensorDataCollection": {
		"SensorId": 0,
		"SensorDatas": [{
				"Time": 4.0166941453438775e-7,
				"TimeDiff": 0.0,
				"PhiDegree": 134.41304809817007,
				"Power": -49.20986676512625
			}, {
				"Time": 4.6198936977678137e-7,
				"TimeDiff": 6.031995524239361e-8,
				"PhiDegree": 127.47771210248527,
				"Power": -52.23639563130061
			}, {
				"Time": 8.785546724745298e-7,
				"TimeDiff": 4.76885257940142e-7,
				"PhiDegree": 160.93871299614864,
				"Power": -81.13810365117635
			}]
	}
}