{
	"SensorDataCollection": {
		"SensorId": 0,
		"SensorDatas": [{
				"Time": 6.286631801588232e-7,
				"TimeDiff": 0.0,
				"PhiDegree": 37.92517884911592,
				"Power": -54.699908875282645
			}, {
				"Time": 7.595713953408593e-7,
				"TimeDiff": 1.309082151820361e-7,
				"PhiDegree": 163.14656465862492,
				"Power": -75.19722085867113
			}]
	}
}