{
	"SensorDataCollection": {
		"SensorId": 0,
		"SensorDatas": [{
				"Time": 3.9017610295333485e-7,
				"TimeDiff": 0.0,
				"PhiDegree": 132.6628071774476,
				"Power": -49.06616324550177
			}, {
				"Time": 4.5203235562313585e-7,
				"TimeDiff": 6.1856252669801e-8,
				"PhiDegree": 125.79932927246689,
				"Power": -52.964802207416994
			}, {
				"Time": 8.943397330296371e-7,
				"TimeDiff": 5.041636300763023e-7,
				"PhiDegree": 161.28776576367534,
				"Power": -82.11220355239847
			}]
	}
}