{
	"SensorDataCollection": {
		"SensorId": 0,
		"SensorDatas": [{
				"Time": 2.735473268760488e-7,
				"TimeDiff": 0.0,
				"PhiDegree": 125.19011977782758,
				"Power": -46.90389050628674
			}, {
				"Time": 3.331666619718822e-7,
				"TimeDiff": 5.961933509583338e-8,
				"PhiDegree": 241.76002682993337,
				"Power": -53.89788268972228
			}, {
				"Time": 3.025511133320219e-7,
				"TimeDiff": 2.9003786455973113e-8,
				"PhiDegree": 255.95854593009506,
				"Power": -59.82907994275347
			}, {
				"Time": 3.9014131645255507e-7,
				"TimeDiff": 1.1659398957650627e-7,
				"PhiDegree": 246.1673679955167,
				"Power": -64.69755999959014
			}]
	}
}