{
	"SensorDataCollection": {
		"SensorId": 0,
		"SensorDatas": [{
				"Time": 6.339404287521629e-7,
				"TimeDiff": 0.0,
				"PhiDegree": 37.55447091890601,
				"Power": -54.947174638155104
			}, {
				"Time": 7.889531154455919e-7,
				"TimeDiff": 1.55012686693429e-7,
				"PhiDegree": 158.4139458912512,
				"Power": -74.8458190588627
			}, {
				"Time": 7.659605014412507e-7,
				"TimeDiff": 1.320200726890878e-7,
				"PhiDegree": 163.29128886659527,
				"Power": -75.53453548043962
			}]
	}
}