{
	"SensorDataCollection": {
		"SensorId": 0,
		"SensorDatas": [{
				"Time": 6.372927332926104e-7,
				"TimeDiff": 0.0,
				"PhiDegree": 145.41500053331237,
				"Power": -56.735323833466694
			}, {
				"Time": 6.267697571512547e-7,
				"TimeDiff": -1.0522976141355677e-8,
				"PhiDegree": 159.42981775867202,
				"Power": -67.61479877168352
			}, {
				"Time": 7.044314376013995e-7,
				"TimeDiff": 6.71387043087891e-8,
				"PhiDegree": 335.6740521235969,
				"Power": -69.02630247864553
			}]
	}
}