{
	"SensorDataCollection": {
		"SensorId": 0,
		"SensorDatas": [{
				"Time": 6.419050354586481e-7,
				"TimeDiff": 0.0,
				"PhiDegree": 37.00987562065818,
				"Power": -55.32916956671596
			}, {
				"Time": 7.982694994520955e-7,
				"TimeDiff": 1.563644639934474e-7,
				"PhiDegree": 158.67826779840777,
				"Power": -75.46510370321175
			}, {
				"Time": 7.755531349638954e-7,
				"TimeDiff": 1.3364809950524729e-7,
				"PhiDegree": 163.50390196624582,
				"Power": -76.03661574033696
			}]
	}
}