{
	"SensorDataCollection": {
		"SensorId": 0,
		"SensorDatas": [{
				"Time": 6.209146888250968e-7,
				"TimeDiff": 0.0,
				"PhiDegree": 144.36632836439412,
				"Power": -55.82300356351723
			}, {
				"Time": 5.111699373630546e-7,
				"TimeDiff": -1.0974475146204218e-7,
				"PhiDegree": 57.63901239520092,
				"Power": -56.54342286809016
			}, {
				"Time": 6.455515151689538e-7,
				"TimeDiff": 2.4636826343857063e-8,
				"PhiDegree": 160.05413683773062,
				"Power": -68.75736742214514
			}]
	}
}