{
	"SensorDataCollection": {
		"SensorId": 0,
		"SensorDatas": [{
				"Time": 1.668320822889663e-8,
				"TimeDiff": 0.0,
				"PhiDegree": 0.0,
				"Power": -20.30881048585075
			}, {
				"Time": 7.19178378056325e-8,
				"TimeDiff": 5.5234629576735875e-8,
				"PhiDegree": 283.4134317214265,
				"Power": -48.08294725880491
			}]
	}
}