{
	"SensorDataCollection": {
		"SensorId": 0,
		"SensorDatas": [{
				"Time": 6.182058612276929e-7,
				"TimeDiff": 0.0,
				"PhiDegree": 144.18616320594896,
				"Power": -55.675032872837605
			}, {
				"Time": 5.093917911939259e-7,
				"TimeDiff": -1.08814070033767e-7,
				"PhiDegree": 57.95602836983605,
				"Power": -56.78941919878528
			}, {
				"Time": 6.48689008196907e-7,
				"TimeDiff": 3.0483146969214084e-8,
				"PhiDegree": 160.1546721147962,
				"Power": -68.94586906867939
			}]
	}
}