{
	"SensorDataCollection": {
		"SensorId": 0,
		"SensorDatas": [{
				"Time": 3.7260402327739484e-7,
				"TimeDiff": 0.0,
				"PhiDegree": 129.643046150649,
				"Power": -49.161143569609095
			}, {
				"Time": 4.288016627353706e-7,
				"TimeDiff": 5.619763945797573e-8,
				"PhiDegree": 236.33144806700767,
				"Power": -53.95906376357419
			}, {
				"Time": 4.3695493746707024e-7,
				"TimeDiff": 6.43509141896754e-8,
				"PhiDegree": 122.95930478364417,
				"Power": -54.68029735392503
			}, {
				"Time": 9.196617864250736e-7,
				"TimeDiff": 5.470577631476787e-7,
				"PhiDegree": 161.82129142144308,
				"Power": -83.64792371180903
			}]
	}
}