{
	"SensorDataCollection": {
		"SensorId": 0,
		"SensorDatas": [{
				"Time": 6.673283291558651e-9,
				"TimeDiff": 0.0,
				"PhiDegree": 0.0,
				"Power": -13.539750978187255
			}, {
				"Time": 7.02735986535337e-8,
				"TimeDiff": 6.360031536197505e-8,
				"PhiDegree": 275.4491014114867,
				"Power": -62.99613188131222
			}]
	}
}