{
	"SensorDataCollection": {
		"SensorId": 0,
		"SensorDatas": [{
				"Time": 6.400425425974998e-7,
				"TimeDiff": 0.0,
				"PhiDegree": 145.5845466980179,
				"Power": -56.89111148196895
			}, {
				"Time": 6.23646953288077e-7,
				"TimeDiff": -1.6395589309422778e-8,
				"PhiDegree": 159.32211195191508,
				"Power": -67.42245474702892
			}, {
				"Time": 7.074731767052996e-7,
				"TimeDiff": 6.74306341077998e-8,
				"PhiDegree": 335.7853643385774,
				"Power": -69.24262514965693
			}]
	}
}