{
	"SensorDataCollection": {
		"SensorId": 0,
		"SensorDatas": [{
				"Time": 6.129947530353454e-7,
				"TimeDiff": 0.0,
				"PhiDegree": 39.07537249287521,
				"Power": -53.99759119382338
			}, {
				"Time": 7.404341575687307e-7,
				"TimeDiff": 1.2743940453338527e-7,
				"PhiDegree": 162.69741988361346,
				"Power": -74.17267368540783
			}]
	}
}