{
	"SensorDataCollection": {
		"SensorId": 0,
		"SensorDatas": [{
				"Time": 2.6693133166234605e-8,
				"TimeDiff": 0.0,
				"PhiDegree": 0.0,
				"Power": -24.640970819945696
			}, {
				"Time": 7.487569242457043e-8,
				"TimeDiff": 4.818255925833583e-8,
				"PhiDegree": 290.88536203159134,
				"Power": -41.66852520995921
			}]
	}
}