{
	"SensorDataCollection": {
		"SensorId": 0,
		"SensorDatas": [{
				"Time": 6.155032000475097e-7,
				"TimeDiff": 0.0,
				"PhiDegree": 144.00441403463614,
				"Power": -55.52833416725994
			}, {
				"Time": 5.076293484056138e-7,
				"TimeDiff": -1.0787385164189593e-7,
				"PhiDegree": 58.27525547516482,
				"Power": -57.04547649931526
			}, {
				"Time": 6.518284792251611e-7,
				"TimeDiff": 3.632527917765138e-8,
				"PhiDegree": 160.254239258405,
				"Power": -69.13381813985961
			}]
	}
}