{
	"SensorDataCollection": {
		"SensorId": 0,
		"SensorDatas": [{
				"Time": 4.305952404638308e-7,
				"TimeDiff": 0.0,
				"PhiDegree": 57.15123997538373,
				"Power": -53.03073189467386
			}, {
				"Time": 4.909050714284632e-7,
				"TimeDiff": 6.030983096463236e-8,
				"PhiDegree": 61.589573390638286,
				"Power": -60.22182050749714
			}, {
				"Time": 6.833259731533248e-7,
				"TimeDiff": 2.52730732689494e-7,
				"PhiDegree": 161.199483718604,
				"Power": -70.98286034069933
			}]
	}
}