{
	"SensorDataCollection": {
		"SensorId": 0,
		"SensorDatas": [{
				"Time": 3.9702789398850194e-7,
				"TimeDiff": 0.0,
				"PhiDegree": 133.72512425795313,
				"Power": -49.13603300734553
			}, {
				"Time": 4.579596137426257e-7,
				"TimeDiff": 6.093171975412375e-8,
				"PhiDegree": 126.81512812780217,
				"Power": -52.49929320181275
			}, {
				"Time": 8.848647420264141e-7,
				"TimeDiff": 4.878368480379122e-7,
				"PhiDegree": 161.07982841355354,
				"Power": -81.52906305859133
			}]
	}
}