{
	"SensorDataCollection": {
		"SensorId": 0,
		"SensorDatas": [{
				"Time": 6.104080834584465e-7,
				"TimeDiff": 0.0,
				"PhiDegree": 39.272791585365624,
				"Power": -53.886805801279266
			}, {
				"Time": 7.372491755048391e-7,
				"TimeDiff": 1.268410920463926e-7,
				"PhiDegree": 162.62029667485186,
				"Power": -74.00006080666569
			}]
	}
}