{
	"SensorDataCollection": {
		"SensorId": 0,
		"SensorDatas": [{
				"Time": 4.2879453056382127e-7,
				"TimeDiff": 0.0,
				"PhiDegree": 57.52579857760958,
				"Power": -53.20305839772777
			}, {
				"Time": 4.893263506960647e-7,
				"TimeDiff": 6.05318201322434e-8,
				"PhiDegree": 61.933212558859395,
				"Power": -60.60798660765647
			}, {
				"Time": 6.864854349975894e-7,
				"TimeDiff": 2.576909044337681e-7,
				"PhiDegree": 161.2892320993733,
				"Power": -71.16472149876013
			}]
	}
}