{
	"SensorDataCollection": {
		"SensorId": 0,
		"SensorDatas": [{
				"Time": 3.812577132329506e-7,
				"TimeDiff": 0.0,
				"PhiDegree": 131.18771766063475,
				"Power": -49.05811042356535
			}, {
				"Time": 4.3634224148222896e-7,
				"TimeDiff": 5.508452824927836e-8,
				"PhiDegree": 234.8727342143621,
				"Power": -53.0807100940451
			}, {
				"Time": 4.443571796584011e-7,
				"TimeDiff": 6.309946642545051e-8,
				"PhiDegree": 124.40340567593205,
				"Power": -53.730380381522224
			}, {
				"Time": 9.069909309929633e-7,
				"TimeDiff": 5.257332177600126e-7,
				"PhiDegree": 161.55825242152258,
				"Power": -82.88357188098868
			}]
	}
}