{
	"SensorDataCollection": {
		"SensorId": 0,
		"SensorDatas": [{
				"Time": 3.8792267906037177e-7,
				"TimeDiff": 0.0,
				"PhiDegree": 132.3004083597778,
				"Power": -49.05458983177172
			}, {
				"Time": 4.50088729189841e-7,
				"TimeDiff": 6.216605012946925e-8,
				"PhiDegree": 125.45482439698783,
				"Power": -53.140069430451774
			}, {
				"Time": 8.975006441502399e-7,
				"TimeDiff": 5.095779650898681e-7,
				"PhiDegree": 161.35610223065245,
				"Power": -82.30570444501453
			}]
	}
}