{
	"SensorDataCollection": {
		"SensorId": 0,
		"SensorDatas": [{
				"Time": 2.855536931372796e-7,
				"TimeDiff": 0.0,
				"PhiDegree": 128.47474230863068,
				"Power": -46.69259801233906
			}, {
				"Time": 3.3746986624663747e-7,
				"TimeDiff": 5.1916173109357875e-8,
				"PhiDegree": 121.76626936909139,
				"Power": -51.53672883101402
			}, {
				"Time": 3.430929848784352e-7,
				"TimeDiff": 5.753929174115562e-8,
				"PhiDegree": 238.81339454326235,
				"Power": -52.03920423608429
			}, {
				"Time": 3.986514999678798e-7,
				"TimeDiff": 1.130978068306002e-7,
				"PhiDegree": 243.53446002963446,
				"Power": -60.90350888812807
			}]
	}
}