{
	"SensorDataCollection": {
		"SensorId": 0,
		"SensorDatas": [{
				"Time": 3.6161137070102894e-7,
				"TimeDiff": 0.0,
				"PhiDegree": 128.35183775631842,
				"Power": -49.23408848551527
			}, {
				"Time": 4.1872790069999337e-7,
				"TimeDiff": 5.711652999896443e-8,
				"PhiDegree": 237.59835099211782,
				"Power": -54.775519932188644
			}, {
				"Time": 4.326892113025755e-7,
				"TimeDiff": 7.107784060154657e-8,
				"PhiDegree": 121.23578399653704,
				"Power": -56.11168874852716
			}, {
				"Time": 9.313301052325785e-7,
				"TimeDiff": 5.697187345315496e-7,
				"PhiDegree": 162.27248593688762,
				"Power": -84.89112862289035
			}]
	}
}