{
	"SensorDataCollection": {
		"SensorId": 0,
		"SensorDatas": [{
				"Time": 5.123165129673781e-7,
				"TimeDiff": 0.0,
				"PhiDegree": 134.30496725128916,
				"Power": -51.33215625465874
			}, {
				"Time": 6.519154433113627e-7,
				"TimeDiff": 1.3959893034398457e-7,
				"PhiDegree": 36.71447391436041,
				"Power": -55.620469307429346
			}, {
				"Time": 7.860985627355164e-7,
				"TimeDiff": 2.737820497681382e-7,
				"PhiDegree": 163.47788275792652,
				"Power": -76.10536683172676
			}, {
				"Time": 8.064092939041739e-7,
				"TimeDiff": 2.940927809367957e-7,
				"PhiDegree": 159.1577160585245,
				"Power": -76.51638554050703
			}]
	}
}