{
	"SensorDataCollection": {
		"SensorId": 0,
		"SensorDatas": [{
				"Time": 4.179849365531748e-7,
				"TimeDiff": 0.0,
				"PhiDegree": 60.86010159802146,
				"Power": -55.16972430678902
			}, {
				"Time": 7.128586738399058e-7,
				"TimeDiff": 2.9487373728673097e-7,
				"PhiDegree": 161.72346978234452,
				"Power": -72.19139623721404
			}]
	}
}