{
	"SensorDataCollection": {
		"SensorId": 0,
		"SensorDatas": [{
				"Time": 4.80851980561635e-7,
				"TimeDiff": 0.0,
				"PhiDegree": 130.3184913259162,
				"Power": -51.46530781985837
			}, {
				"Time": 8.502279993629326e-7,
				"TimeDiff": 3.6937601880129756e-7,
				"PhiDegree": 160.2778100952791,
				"Power": -79.35703532905254
			}]
	}
}