{
	"SensorDataCollection": {
		"SensorId": 0,
		"SensorDatas": [{
				"Time": 6.005954962402786e-8,
				"TimeDiff": 0.0,
				"PhiDegree": 0.0,
				"Power": -32.57023523663831
			}, {
				"Time": 9.220084304858391e-8,
				"TimeDiff": 3.214129342455605e-8,
				"PhiDegree": 310.6471740796238,
				"Power": -36.62041969432215
			}, {
				"Time": 3.084765375220811e-7,
				"TimeDiff": 2.4841698789805326e-7,
				"PhiDegree": 78.77295862792077,
				"Power": -63.629188131526575
			}]
	}
}