{
	"SensorDataCollection": {
		"SensorId": 0,
		"SensorDatas": [{
				"Time": 3.670305810357258e-8,
				"TimeDiff": 0.0,
				"PhiDegree": 0.0,
				"Power": -27.876460532665725
			}, {
				"Time": 7.899974956911423e-8,
				"TimeDiff": 4.229669146554165e-8,
				"PhiDegree": 297.68415308127754,
				"Power": -38.464845559621395
			}]
	}
}