{
	"SensorDataCollection": {
		"SensorId": 0,
		"SensorDatas": [{
				"Time": 3.002977481201393e-8,
				"TimeDiff": 0.0,
				"PhiDegree": 0.0,
				"Power": -25.841207986431385
			}, {
				"Time": 7.612905708787418e-8,
				"TimeDiff": 4.6099282275860246e-8,
				"PhiDegree": 293.2322236948907,
				"Power": -40.34336593057273
			}]
	}
}