{
	"SensorDataCollection": {
		"SensorId": 0,
		"SensorDatas": [{
				"Time": 4.337634139513124e-8,
				"TimeDiff": 0.0,
				"PhiDegree": 0.0,
				"Power": -29.521220519083013
			}, {
				"Time": 8.231253216039168e-8,
				"TimeDiff": 3.8936190765260446e-8,
				"PhiDegree": 301.8010446868261,
				"Power": -37.34680122109751
			}, {
				"Time": 3.0566670033452746e-7,
				"TimeDiff": 2.622903589393962e-7,
				"PhiDegree": 81.84177046503481,
				"Power": -68.88496409411238
			}]
	}
}