{
	"SensorDataCollection": {
		"SensorId": 0,
		"SensorDatas": [{
				"Time": 4.3161315058348783e-7,
				"TimeDiff": 0.0,
				"PhiDegree": 57.7636184801087,
				"Power": -53.39624501289842
			}, {
				"Time": 4.863846325029471e-7,
				"TimeDiff": 5.477148191945922e-8,
				"PhiDegree": 61.74828009278861,
				"Power": -60.33139538323215
			}, {
				"Time": 6.87563062611461e-7,
				"TimeDiff": 2.559499120279731e-7,
				"PhiDegree": 161.02587807646034,
				"Power": -70.7648664031297
			}]
	}
}