{
	"SensorDataCollection": {
		"SensorId": 0,
		"SensorDatas": [{
				"Time": 5.338626633246921e-8,
				"TimeDiff": 0.0,
				"PhiDegree": 0.0,
				"Power": -31.48762985425863
			}, {
				"Time": 8.799965562858684e-8,
				"TimeDiff": 3.461338929611763e-8,
				"PhiDegree": 307.34871278238705,
				"Power": -36.64117173364974
			}, {
				"Time": 3.072469985752378e-7,
				"TimeDiff": 2.5386073224276857e-7,
				"PhiDegree": 79.99367823567812,
				"Power": -65.50184485080939
			}]
	}
}