{
	"SensorDataCollection": {
		"SensorId": 0,
		"SensorDatas": [{
				"Time": 2.8014218554356074e-7,
				"TimeDiff": 0.0,
				"PhiDegree": 125.91227704141718,
				"Power": -46.960905431039805
			}, {
				"Time": 3.2774702658958974e-7,
				"TimeDiff": 4.7604841046029e-8,
				"PhiDegree": 120.08941266460846,
				"Power": -52.371085578127335
			}, {
				"Time": 3.39290974131862e-7,
				"TimeDiff": 5.9148788588301275e-8,
				"PhiDegree": 241.03383585086956,
				"Power": -53.48861627623606
			}, {
				"Time": 3.898568773827951e-7,
				"TimeDiff": 1.0971469183923439e-7,
				"PhiDegree": 245.07203944750782,
				"Power": -62.94405013151288
			}]
	}
}