{
	"SensorDataCollection": {
		"SensorId": 0,
		"SensorDatas": [{
				"Time": 4.003969974935191e-8,
				"TimeDiff": 0.0,
				"PhiDegree": 0.0,
				"Power": -28.740161526869677
			}, {
				"Time": 8.060411598576582e-8,
				"TimeDiff": 4.056441623641391e-8,
				"PhiDegree": 299.7848902552979,
				"Power": -37.82643262813461
			}]
	}
}