{
	"SensorDataCollection": {
		"SensorId": 0,
		"SensorDatas": [{
				"Time": 6.254862528733951e-7,
				"TimeDiff": 0.0,
				"PhiDegree": 38.54200210428542,
				"Power": -54.38583134987991
			}, {
				"Time": 7.54169541612222e-7,
				"TimeDiff": 1.286832887388269e-7,
				"PhiDegree": 162.7569711217368,
				"Power": -74.43723078440802
			}]
	}
}