{
	"SensorDataCollection": {
		"SensorId": 0,
		"SensorDatas": [{
				"Time": 2.923347601701976e-7,
				"TimeDiff": 0.0,
				"PhiDegree": 129.09182869358878,
				"Power": -46.813957248090446
			}, {
				"Time": 3.3822785414711393e-7,
				"TimeDiff": 4.589309397691634e-8,
				"PhiDegree": 123.02505233302774,
				"Power": -50.837425135476366
			}, {
				"Time": 3.494257188731134e-7,
				"TimeDiff": 5.709095870291582e-8,
				"PhiDegree": 238.16059557063375,
				"Power": -51.79510819119896
			}, {
				"Time": 3.9870835547466e-7,
				"TimeDiff": 1.0637359530446243e-7,
				"PhiDegree": 242.46223347688056,
				"Power": -59.48750107140488
			}]
	}
}