{
	"SensorDataCollection": {
		"SensorId": 0,
		"SensorDatas": [{
				"Time": 6.492437734481359e-7,
				"TimeDiff": 0.0,
				"PhiDegree": 36.89050975599352,
				"Power": -55.490581975856244
			}, {
				"Time": 7.829002659685764e-7,
				"TimeDiff": 1.3365649252044047e-7,
				"PhiDegree": 163.40843899740315,
				"Power": -75.94082884222622
			}, {
				"Time": 8.032918681362656e-7,
				"TimeDiff": 1.5404809468812967e-7,
				"PhiDegree": 159.0730399332707,
				"Power": -76.31027181751406
			}]
	}
}