{
	"SensorDataCollection": {
		"SensorId": 0,
		"SensorDatas": [{
				"Time": 6.419342790736677e-7,
				"TimeDiff": 0.0,
				"PhiDegree": 145.33886295088269,
				"Power": -56.74587119913045
			}, {
				"Time": 6.248329656390766e-7,
				"TimeDiff": -1.7101313434591124e-8,
				"PhiDegree": 159.03585820851663,
				"Power": -67.04850445038781
			}, {
				"Time": 7.088482522790622e-7,
				"TimeDiff": 6.69139732053945e-8,
				"PhiDegree": 335.5393941808422,
				"Power": -68.86604024561305
			}]
	}
}