{
	"SensorDataCollection": {
		"SensorId": 0,
		"SensorDatas": [{
				"Time": 6.386196594561719e-7,
				"TimeDiff": 0.0,
				"PhiDegree": 37.60933080717604,
				"Power": -54.98461683526419
			}, {
				"Time": 7.701188184159689e-7,
				"TimeDiff": 1.31499158959797e-7,
				"PhiDegree": 163.12489911507882,
				"Power": -75.27764728561573
			}, {
				"Time": 7.908400555349936e-7,
				"TimeDiff": 1.5222039607882169e-7,
				"PhiDegree": 158.72766540365535,
				"Power": -75.4816311052987
			}]
	}
}