{
	"SensorDataCollection": {
		"SensorId": 0,
		"SensorDatas": [{
				"Time": 4.3703460483971767e-7,
				"TimeDiff": 0.0,
				"PhiDegree": 56.65352249987058,
				"Power": -52.89335598218577
			}, {
				"Time": 4.912019389271896e-7,
				"TimeDiff": 5.4167334087471906e-8,
				"PhiDegree": 60.719715082791375,
				"Power": -59.226215057241944
			}, {
				"Time": 6.781048322337872e-7,
				"TimeDiff": 2.4107022739406954e-7,
				"PhiDegree": 160.7508797107866,
				"Power": -70.22107533455826
			}]
	}
}