{
	"SensorDataCollection": {
		"SensorId": 0,
		"SensorDatas": [{
				"Time": 5.11977199720913e-7,
				"TimeDiff": 0.0,
				"PhiDegree": 56.80828997163969,
				"Power": -55.870016524282406
			}, {
				"Time": 6.2828348702138e-7,
				"TimeDiff": 1.1630628730046693e-7,
				"PhiDegree": 144.47357053198812,
				"Power": -55.99204177724464
			}, {
				"Time": 6.40439637412051e-7,
				"TimeDiff": 1.2846243769113794e-7,
				"PhiDegree": 159.569869846381,
				"Power": -67.9975956024197
			}]
	}
}