{
	"SensorDataCollection": {
		"SensorId": 0,
		"SensorDatas": [{
				"Time": 4.873885220302362e-7,
				"TimeDiff": 0.0,
				"PhiDegree": 131.21573977069613,
				"Power": -51.33961112130855
			}, {
				"Time": 8.213524775966393e-7,
				"TimeDiff": 3.339639555664031e-7,
				"PhiDegree": 164.20602188496238,
				"Power": -77.88270277561749
			}, {
				"Time": 8.40812042857571e-7,
				"TimeDiff": 3.5342352082733483e-7,
				"PhiDegree": 160.0476246761499,
				"Power": -78.75546243488296
			}]
	}
}