{
	"SensorDataCollection": {
		"SensorId": 0,
		"SensorDatas": [{
				"Time": 4.280907467863859e-7,
				"TimeDiff": 0.0,
				"PhiDegree": 58.51911883068482,
				"Power": -53.77761559846641
			}, {
				"Time": 4.832616128584474e-7,
				"TimeDiff": 5.517086607206154e-8,
				"PhiDegree": 62.4452365467742,
				"Power": -61.136968355575846
			}, {
				"Time": 6.938771489883985e-7,
				"TimeDiff": 2.6578640220201256e-7,
				"PhiDegree": 161.20504265319778,
				"Power": -71.1247093356169
			}]
	}
}