{
	"SensorDataCollection": {
		"SensorId": 0,
		"SensorDatas": [{
				"Time": 4.229495817913673e-7,
				"TimeDiff": 0.0,
				"PhiDegree": 59.675627529802604,
				"Power": -54.4247232220235
			}, {
				"Time": 7.033607145563914e-7,
				"TimeDiff": 2.804111327650241e-7,
				"PhiDegree": 161.46775389103792,
				"Power": -71.66045583629534
			}]
	}
}