{
	"SensorDataCollection": {
		"SensorId": 0,
		"SensorDatas": [{
				"Time": 5.030849135971133e-7,
				"TimeDiff": 0.0,
				"PhiDegree": 133.21712267315232,
				"Power": -51.25987968033343
			}, {
				"Time": 6.626624180108618e-7,
				"TimeDiff": 1.5957750441374844e-7,
				"PhiDegree": 36.02457357920099,
				"Power": -56.15246170453868
			}, {
				"Time": 7.989030663409661e-7,
				"TimeDiff": 2.9581815274385277e-7,
				"PhiDegree": 163.75009465493312,
				"Power": -76.75854059973165
			}, {
				"Time": 8.188962744873016e-7,
				"TimeDiff": 3.1581136089018825e-7,
				"PhiDegree": 159.48996814670494,
				"Power": -77.33660309412657
			}]
	}
}