{
	"SensorDataCollection": {
		"SensorId": 0,
		"SensorDatas": [{
				"Time": 6.228799629273458e-7,
				"TimeDiff": 0.0,
				"PhiDegree": 38.73324184973825,
				"Power": -54.27100658254264
			}, {
				"Time": 7.509835132437059e-7,
				"TimeDiff": 1.2810355031636008e-7,
				"PhiDegree": 162.68151103478687,
				"Power": -74.26760650188989
			}]
	}
}