{
	"SensorDataCollection": {
		"SensorId": 0,
		"SensorDatas": [{
				"Time": 6.39192608078913e-7,
				"TimeDiff": 0.0,
				"PhiDegree": 145.16876427809754,
				"Power": -56.592956997850024
			}, {
				"Time": 6.279498714732453e-7,
				"TimeDiff": -1.1242736605667745e-8,
				"PhiDegree": 159.1447832962748,
				"Power": -67.23937497601844
			}, {
				"Time": 7.058124391669273e-7,
				"TimeDiff": 6.661983108801431e-8,
				"PhiDegree": 335.4272403002405,
				"Power": -68.65161143217348
			}]
	}
}