{
	"SensorDataCollection": {
		"SensorId": 0,
		"SensorDatas": [{
				"Time": 4.3887761000180755e-7,
				"TimeDiff": 0.0,
				"PhiDegree": 56.28963572937277,
				"Power": -52.74308636499026
			}, {
				"Time": 4.928424246544943e-7,
				"TimeDiff": 5.396481465268678e-8,
				"PhiDegree": 60.38136876991741,
				"Power": -58.88384445647344
			}, {
				"Time": 6.749556249752688e-7,
				"TimeDiff": 2.3607801497346127e-7,
				"PhiDegree": 160.65750168252697,
				"Power": -70.03873684360514
			}]
	}
}