{
	"SensorDataCollection": {
		"SensorId": 0,
		"SensorDatas": [{
				"Time": 6.307194782412331e-7,
				"TimeDiff": 0.0,
				"PhiDegree": 38.16427459987895,
				"Power": -54.62055177270564
			}, {
				"Time": 7.605454734753751e-7,
				"TimeDiff": 1.29825995234142e-7,
				"PhiDegree": 162.90599397623947,
				"Power": -74.77493379704323
			}, {
				"Time": 7.815205795013119e-7,
				"TimeDiff": 1.508011012600788e-7,
				"PhiDegree": 158.46141918119804,
				"Power": -74.8558122279297
			}]
	}
}