{
	"SensorDataCollection": {
		"SensorId": 0,
		"SensorDatas": [{
				"Time": 6.41266147469843e-7,
				"TimeDiff": 0.0,
				"PhiDegree": 37.427394400856095,
				"Power": -55.108990669335284
			}, {
				"Time": 7.733123902665764e-7,
				"TimeDiff": 1.3204624279673348e-7,
				"PhiDegree": 163.196662675339,
				"Power": -75.44420046279328
			}, {
				"Time": 7.939502830152463e-7,
				"TimeDiff": 1.5268413554540333e-7,
				"PhiDegree": 158.81502445635164,
				"Power": -75.68941531836867
			}]
	}
}