{
	"SensorDataCollection": {
		"SensorId": 0,
		"SensorDatas": [{
				"Time": 4.671298304091056e-8,
				"TimeDiff": 0.0,
				"PhiDegree": 0.0,
				"Power": -30.23258858928316
			}, {
				"Time": 8.411865870547948e-8,
				"TimeDiff": 3.740567566456892e-8,
				"PhiDegree": 303.7329299902813,
				"Power": -37.002029893144
			}, {
				"Time": 3.061580106499767e-7,
				"TimeDiff": 2.594450276090661e-7,
				"PhiDegree": 81.22364373711913,
				"Power": -67.66732471821618
			}]
	}
}