{
	"SensorDataCollection": {
		"SensorId": 0,
		"SensorDatas": [{
				"Time": 5.672290797824854e-8,
				"TimeDiff": 0.0,
				"PhiDegree": 0.0,
				"Power": -32.04738921988833
			}, {
				"Time": 9.006294602852714e-8,
				"TimeDiff": 3.33400380502786e-8,
				"PhiDegree": 309.0364041472168,
				"Power": -36.59451015559293
			}, {
				"Time": 3.0784429991487527e-7,
				"TimeDiff": 2.5112139193662675e-7,
				"PhiDegree": 79.38209955758796,
				"Power": -64.53303177814902
			}]
	}
}