{
	"SensorDataCollection": {
		"SensorId": 0,
		"SensorDatas": [{
				"Time": 4.212747739878382e-7,
				"TimeDiff": 0.0,
				"PhiDegree": 60.06734408586064,
				"Power": -54.66171914088551
			}, {
				"Time": 7.065251303307171e-7,
				"TimeDiff": 2.8525035634287884e-7,
				"PhiDegree": 161.55375637776712,
				"Power": -71.83796899062648
			}]
	}
}