{
	"SensorDataCollection": {
		"SensorId": 0,
		"SensorDatas": [{
				"Time": 6.17470122017156e-7,
				"TimeDiff": 0.0,
				"PhiDegree": 143.75391873259267,
				"Power": -55.41010953569749
			}, {
				"Time": 5.047943032683775e-7,
				"TimeDiff": -1.1267581874877845e-7,
				"PhiDegree": 58.07610953457941,
				"Power": -56.81736927942836
			}, {
				"Time": 6.529633059619879e-7,
				"TimeDiff": 3.549318394483197e-8,
				"PhiDegree": 159.97867208387058,
				"Power": -68.7473249475764
			}]
	}
}