{
	"SensorDataCollection": {
		"SensorId": 0,
		"SensorDatas": [{
				"Time": 6.147823357508552e-7,
				"TimeDiff": 0.0,
				"PhiDegree": 143.57005925776258,
				"Power": -55.267891883642164
			}, {
				"Time": 5.030378846509508e-7,
				"TimeDiff": -1.1174445109990438e-7,
				"PhiDegree": 58.398672302529754,
				"Power": -57.07935197899138
			}, {
				"Time": 6.560992929894474e-7,
				"TimeDiff": 4.131695723859216e-8,
				"PhiDegree": 160.07843254332602,
				"Power": -68.93342193435038
			}]
	}
}