{
	"SensorDataCollection": {
		"SensorId": 0,
		"SensorDatas": [{
				"Time": 4.985390043253023e-7,
				"TimeDiff": 0.0,
				"PhiDegree": 132.65819339052914,
				"Power": -51.254370769503865
			}, {
				"Time": 6.680710634968007e-7,
				"TimeDiff": 1.695320591714984e-7,
				"PhiDegree": 35.68797136242879,
				"Power": -56.42542555353755
			}, {
				"Time": 8.053119191193827e-7,
				"TimeDiff": 3.0677291479408044e-7,
				"PhiDegree": 163.88295296900284,
				"Power": -77.08216523712329
			}, {
				"Time": 8.251498567144801e-7,
				"TimeDiff": 3.266108523891778e-7,
				"PhiDegree": 159.6523204918979,
				"Power": -77.74414908345355
			}]
	}
}