{
	"SensorDataCollection": {
		"SensorId": 0,
		"SensorDatas": [{
				"Time": 6.067576326533794e-7,
				"TimeDiff": 0.0,
				"PhiDegree": 143.00873453352207,
				"Power": -54.84976553272786
			}, {
				"Time": 4.978656303355967e-7,
				"TimeDiff": -1.0889200231778275e-7,
				"PhiDegree": 59.3798704611795,
				"Power": -57.92998107729872
			}, {
				"Time": 6.655189631980844e-7,
				"TimeDiff": 5.876133054470496e-8,
				"PhiDegree": 160.37206882680414,
				"Power": -69.48849621557234
			}]
	}
}