{
	"SensorDataCollection": {
		"SensorId": 0,
		"SensorDatas": [{
				"Time": 5.099915343749609e-7,
				"TimeDiff": 0.0,
				"PhiDegree": 134.03670431076958,
				"Power": -51.30678110074318
			}, {
				"Time": 6.545932167762445e-7,
				"TimeDiff": 1.4460168240128358e-7,
				"PhiDegree": 36.539876671021986,
				"Power": -55.75163761235633
			}, {
				"Time": 7.892980049201731e-7,
				"TimeDiff": 2.793064705452122e-7,
				"PhiDegree": 163.5467636343886,
				"Power": -76.26940526066079
			}, {
				"Time": 8.095284674000968e-7,
				"TimeDiff": 2.995369330251359e-7,
				"PhiDegree": 159.24173983928182,
				"Power": -76.72207710014354
			}]
	}
}