{
	"SensorDataCollection": {
		"SensorId": 0,
		"SensorDatas": [{
				"Time": 6.20164211456474e-7,
				"TimeDiff": 0.0,
				"PhiDegree": 143.93618264261116,
				"Power": -55.55367507289819
			}, {
				"Time": 5.065666098207175e-7,
				"TimeDiff": -1.135976016357565e-7,
				"PhiDegree": 57.75579375100597,
				"Power": -56.56570472285536
			}, {
				"Time": 6.498293175590873e-7,
				"TimeDiff": 2.966510610261334e-8,
				"PhiDegree": 159.87794906970413,
				"Power": -68.56069292169883
			}]
	}
}