{
	"SensorDataCollection": {
		"SensorId": 0,
		"SensorDatas": [{
				"Time": 4.744365923996359e-7,
				"TimeDiff": 0.0,
				"PhiDegree": 129.39674627142423,
				"Power": -51.652947443174654
			}, {
				"Time": 8.596573780184583e-7,
				"TimeDiff": 3.852207856188224e-7,
				"PhiDegree": 160.50294938317018,
				"Power": -79.95467409133808
			}]
	}
}