{
	"SensorDataCollection": {
		"SensorId": 0,
		"SensorDatas": [{
				"Time": 6.359796642597657e-7,
				"TimeDiff": 0.0,
				"PhiDegree": 37.7927795370567,
				"Power": -54.86172361786805
			}, {
				"Time": 7.669264647747884e-7,
				"TimeDiff": 1.3094680051502274e-7,
				"PhiDegree": 163.05253800471104,
				"Power": -75.11058618145812
			}, {
				"Time": 7.877316810514469e-7,
				"TimeDiff": 1.5175201679168122e-7,
				"PhiDegree": 158.6396167105451,
				"Power": -75.27343433498237
			}]
	}
}