{
	"SensorDataCollection": {
		"SensorId": 0,
		"SensorDatas": [{
				"Time": 5.175248526180966e-7,
				"TimeDiff": 0.0,
				"PhiDegree": 55.88085072280091,
				"Power": -55.2581418516982
			}, {
				"Time": 6.364566192212641e-7,
				"TimeDiff": 1.1893176660316747e-7,
				"PhiDegree": 144.9972016478084,
				"Power": -56.44108119479647
			}, {
				"Time": 6.310690244118719e-7,
				"TimeDiff": 1.1354417179377531e-7,
				"PhiDegree": 159.25263201357413,
				"Power": -67.42972115215284
			}, {
				"Time": 7.027793538240851e-7,
				"TimeDiff": 1.8525450120598842e-7,
				"PhiDegree": 335.3141179059942,
				"Power": -68.43694012823565
			}]
	}
}