{
	"SensorDataCollection": {
		"SensorId": 0,
		"SensorDatas": [{
				"Time": 4.2635780147700266e-7,
				"TimeDiff": 0.0,
				"PhiDegree": 58.90151696782394,
				"Power": -53.98300044175552
			}, {
				"Time": 6.970367019253671e-7,
				"TimeDiff": 2.706789004483644e-7,
				"PhiDegree": 161.2934072922687,
				"Power": -71.30382666874331
			}]
	}
}