{
	"SensorDataCollection": {
		"SensorId": 0,
		"SensorDatas": [{
				"Time": 5.008060017450541e-7,
				"TimeDiff": 0.0,
				"PhiDegree": 132.93892640308866,
				"Power": -51.254452370139376
			}, {
				"Time": 6.653638702885827e-7,
				"TimeDiff": 1.6455786854352858e-7,
				"PhiDegree": 35.85558842426399,
				"Power": -56.28839158597316
			}, {
				"Time": 8.021069536320567e-7,
				"TimeDiff": 3.0130095188700257e-7,
				"PhiDegree": 163.8167891971453,
				"Power": -76.92059828461602
			}, {
				"Time": 8.220222405902909e-7,
				"TimeDiff": 3.2121623884523684e-7,
				"PhiDegree": 159.57145309543625,
				"Power": -77.54059075605824
			}]
	}
}