{
	"SensorDataCollection": {
		"SensorId": 0,
		"SensorDatas": [{
				"Time": 5.053755787027184e-7,
				"TimeDiff": 0.0,
				"PhiDegree": 133.49280348901928,
				"Power": -51.27050520909043
			}, {
				"Time": 6.599667771619623e-7,
				"TimeDiff": 1.5459119845924391e-7,
				"PhiDegree": 36.19494066930019,
				"Power": -56.01766959938345
			}, {
				"Time": 7.957002702701833e-7,
				"TimeDiff": 2.9032469156746484e-7,
				"PhiDegree": 163.68286311276606,
				"Power": -76.59599038618313
			}, {
				"Time": 8.157719773737184e-7,
				"TimeDiff": 3.10396398671e-7,
				"PhiDegree": 159.40785887801755,
				"Power": -77.13218735422308
			}]
	}
}