{
	"SensorDataCollection": {
		"SensorId": 0,
		"SensorDatas": [{
				"Time": 4.1637037924329747e-7,
				"TimeDiff": 0.0,
				"PhiDegree": 61.26113974760675,
				"Power": -55.441474272587215
			}, {
				"Time": 7.1602775989565e-7,
				"TimeDiff": 2.9965738065235253e-7,
				"PhiDegree": 161.8072002320166,
				"Power": -72.36731203536749
			}]
	}
}