{
	"SensorDataCollection": {
		"SensorId": 0,
		"SensorDatas": [{
				"Time": 6.2028067054688e-7,
				"TimeDiff": 0.0,
				"PhiDegree": 38.92608654280573,
				"Power": -54.15793636944093
			}, {
				"Time": 7.477987985996462e-7,
				"TimeDiff": 1.275181280527662e-7,
				"PhiDegree": 162.6054080782521,
				"Power": -74.09746507478201
			}]
	}
}