{
	"SensorDataCollection": {
		"SensorId": 0,
		"SensorDatas": [{
				"Time": 5.156606765836099e-7,
				"TimeDiff": 0.0,
				"PhiDegree": 56.18777690307999,
				"Power": -55.453177672112616
			}, {
				"Time": 6.337263860952489e-7,
				"TimeDiff": 1.1806570951163903e-7,
				"PhiDegree": 144.82415919549985,
				"Power": -56.29027908931495
			}, {
				"Time": 6.341903912990031e-7,
				"TimeDiff": 1.1852971471539324e-7,
				"PhiDegree": 159.35941948357154,
				"Power": -67.61954109717007
			}]
	}
}