{
	"SensorDataCollection": {
		"SensorId": 0,
		"SensorDatas": [{
				"Time": 6.125256684392107e-7,
				"TimeDiff": 0.0,
				"PhiDegree": 39.514409541270396,
				"Power": -53.829756118114645
			}, {
				"Time": 7.382527069956381e-7,
				"TimeDiff": 1.2572703855642733e-7,
				"PhiDegree": 162.37316156634333,
				"Power": -73.58392380812583
			}]
	}
}