{
	"SensorDataCollection": {
		"SensorId": 0,
		"SensorDatas": [{
				"Time": 4.85196513782079e-7,
				"TimeDiff": 0.0,
				"PhiDegree": 130.9193457875028,
				"Power": -51.37494510171169
			}, {
				"Time": 8.43949175931131e-7,
				"TimeDiff": 3.5875266214905204e-7,
				"PhiDegree": 160.12492381013885,
				"Power": -78.95642287640325
			}]
	}
}