{
	"SensorDataCollection": {
		"SensorId": 0,
		"SensorDatas": [{
				"Time": 6.073923079582384e-7,
				"TimeDiff": 0.0,
				"PhiDegree": 39.9149435824886,
				"Power": -53.62068646259188
			}, {
				"Time": 7.318955312251331e-7,
				"TimeDiff": 1.2450322326689476e-7,
				"PhiDegree": 162.21496648681693,
				"Power": -73.23895199729779
			}]
	}
}