{
	"SensorDataCollection": {
		"SensorId": 0,
		"SensorDatas": [{
				"Time": 5.138114051156267e-7,
				"TimeDiff": 0.0,
				"PhiDegree": 56.496921339448804,
				"Power": -55.65706016904991
			}, {
				"Time": 6.310019834129463e-7,
				"TimeDiff": 1.1719057829731961e-7,
				"PhiDegree": 144.64962088978874,
				"Power": -56.1405868976166
			}, {
				"Time": 6.37313939604932e-7,
				"TimeDiff": 1.2350253448930525e-7,
				"PhiDegree": 159.46516056275084,
				"Power": -67.80883309776638
			}]
	}
}