{
	"SensorDataCollection": {
		"SensorId": 0,
		"SensorDatas": [{
				"Time": 2.8211222273095814e-7,
				"TimeDiff": 0.0,
				"PhiDegree": 126.46113113046974,
				"Power": -46.91603231862484
			}, {
				"Time": 3.2943250527444337e-7,
				"TimeDiff": 4.732028254348524e-8,
				"PhiDegree": 120.59153546654665,
				"Power": -52.07363060829576
			}, {
				"Time": 3.4091938522241127e-7,
				"TimeDiff": 5.880716249145313e-8,
				"PhiDegree": 240.5432137210661,
				"Power": -53.16446773100829
			}, {
				"Time": 3.912748994450612e-7,
				"TimeDiff": 1.0916267671410306e-7,
				"PhiDegree": 244.62895708827034,
				"Power": -62.30635167993573
			}]
	}
}