{
	"SensorDataCollection": {
		"SensorId": 0,
		"SensorDatas": [{
				"Time": 6.151034330861374e-7,
				"TimeDiff": 0.0,
				"PhiDegree": 39.316654347457494,
				"Power": -53.93725958620084
			}, {
				"Time": 7.414333781927668e-7,
				"TimeDiff": 1.2632994510662933e-7,
				"PhiDegree": 162.45124151519823,
				"Power": -73.75562510421265
			}]
	}
}