{
	"SensorDataCollection": {
		"SensorId": 0,
		"SensorDatas": [{
				"Time": 2.7628086976806593e-7,
				"TimeDiff": 0.0,
				"PhiDegree": 124.79134560147504,
				"Power": -47.07835326080803
			}, {
				"Time": 3.361098630002162e-7,
				"TimeDiff": 5.982899323215026e-8,
				"PhiDegree": 242.02915899972675,
				"Power": -54.19269220921956
			}, {
				"Time": 3.0578912919687577e-7,
				"TimeDiff": 2.9508259428809836e-8,
				"PhiDegree": 256.11023146070886,
				"Power": -60.095040559052904
			}, {
				"Time": 3.8709153920144e-7,
				"TimeDiff": 1.1081066943337405e-7,
				"PhiDegree": 245.96780865305786,
				"Power": -64.30096296716837
			}]
	}
}