{
	"SensorDataCollection": {
		"SensorId": 0,
		"SensorDatas": [{
				"Time": 3.336641645779326e-8,
				"TimeDiff": 0.0,
				"PhiDegree": 0.0,
				"Power": -26.915304664344077
			}, {
				"Time": 7.750589464720368e-8,
				"TimeDiff": 4.413947818941042e-8,
				"PhiDegree": 295.49940108120757,
				"Power": -39.29147517906932
			}]
	}
}