{
	"SensorDataCollection": {
		"SensorId": 0,
		"SensorDatas": [{
				"Time": 6.28099453276131e-7,
				"TimeDiff": 0.0,
				"PhiDegree": 38.35235156204114,
				"Power": -54.50236218518634
			}, {
				"Time": 7.573568671255733e-7,
				"TimeDiff": 1.292574138494423e-7,
				"PhiDegree": 162.8317961921793,
				"Power": -74.60633938479788
			}, {
				"Time": 7.784178974962274e-7,
				"TimeDiff": 1.5031844422009638e-7,
				"PhiDegree": 158.3712544564151,
				"Power": -74.64639173862136
			}]
	}
}