{
	"SensorDataCollection": {
		"SensorId": 0,
		"SensorDatas": [{
				"Time": 2.861283443932001e-7,
				"TimeDiff": 0.0,
				"PhiDegree": 127.53592049164263,
				"Power": -46.85188597952525
			}, {
				"Time": 3.3287820412635635e-7,
				"TimeDiff": 4.674985973315623e-8,
				"PhiDegree": 121.58033747251143,
				"Power": -51.53091736229794
			}, {
				"Time": 3.442501277725526e-7,
				"TimeDiff": 5.8121783379352496e-8,
				"PhiDegree": 239.57607083380174,
				"Power": -52.56838537517808
			}, {
				"Time": 3.941803777291998e-7,
				"TimeDiff": 1.0805203333599969e-7,
				"PhiDegree": 243.7524866692602,
				"Power": -61.107549303523285
			}]
	}
}