{
	"SensorDataCollection": {
		"SensorId": 0,
		"SensorDatas": [{
				"Time": 6.040959021300411e-7,
				"TimeDiff": 0.0,
				"PhiDegree": 142.81831904994715,
				"Power": -54.71338450555626
			}, {
				"Time": 4.961744411707805e-7,
				"TimeDiff": -1.0792146095926056e-7,
				"PhiDegree": 59.711446371497516,
				"Power": -58.23605419478194
			}, {
				"Time": 6.686626646706663e-7,
				"TimeDiff": 6.456676254062525e-8,
				"PhiDegree": 160.4681081876769,
				"Power": -69.67244719391766
			}]
	}
}