{
	"SensorDataCollection": {
		"SensorId": 0,
		"SensorDatas": [{
				"Time": 4.3340214977000405e-7,
				"TimeDiff": 0.0,
				"PhiDegree": 57.39050586043498,
				"Power": -53.21967144884698
			}, {
				"Time": 4.879728705611443e-7,
				"TimeDiff": 5.457072079114022e-8,
				"PhiDegree": 61.40317276126472,
				"Power": -59.94962775562149
			}, {
				"Time": 6.84408575479414e-7,
				"TimeDiff": 2.5100642570940997e-7,
				"PhiDegree": 160.93505655579253,
				"Power": -70.58413992266014
			}]
	}
}