{
	"SensorDataCollection": {
		"SensorId": 0,
		"SensorDatas": [{
				"Time": 6.094260061327408e-7,
				"TimeDiff": 0.0,
				"PhiDegree": 143.19748461718177,
				"Power": -54.98767480717639
			}, {
				"Time": 4.995733800181215e-7,
				"TimeDiff": -1.0985262611461932e-7,
				"PhiDegree": 59.05055051313024,
				"Power": -57.63537169079646
			}, {
				"Time": 6.623771493514665e-7,
				"TimeDiff": 5.295114321872569e-8,
				"PhiDegree": 160.27511811588255,
				"Power": -69.30400809240415
			}]
	}
}