{
	"SensorDataCollection": {
		"SensorId": 0,
		"SensorDatas": [{
				"Time": 4.1477637901886105e-7,
				"TimeDiff": 0.0,
				"PhiDegree": 61.66528023208857,
				"Power": -55.725575562811315
			}, {
				"Time": 7.191983616280842e-7,
				"TimeDiff": 3.044219826092231e-7,
				"PhiDegree": 161.89019260258493,
				"Power": -72.54269718518096
			}]
	}
}