{
	"SensorDataCollection": {
		"SensorId": 0,
		"SensorDatas": [{
				"Time": 4.895934560247898e-7,
				"TimeDiff": 0.0,
				"PhiDegree": 131.5094718745728,
				"Power": -51.31060056207892
			}, {
				"Time": 8.181423095455764e-7,
				"TimeDiff": 3.2854885352078654e-7,
				"PhiDegree": 164.14242172140462,
				"Power": -77.72356210088441
			}, {
				"Time": 8.376764516379542e-7,
				"TimeDiff": 3.4808299561316433e-7,
				"PhiDegree": 159.9697467071559,
				"Power": -78.55406678950534
			}]
	}
}