{
	"SensorDataCollection": {
		"SensorId": 0,
		"SensorDatas": [{
				"Time": 6.465782828470526e-7,
				"TimeDiff": 0.0,
				"PhiDegree": 37.067998684673064,
				"Power": -55.36201363402091
			}, {
				"Time": 7.797031287146639e-7,
				"TimeDiff": 1.3312484586761126e-7,
				"PhiDegree": 163.33842563135642,
				"Power": -75.77578957754255
			}, {
				"Time": 8.001762105234193e-7,
				"TimeDiff": 1.535979276763667e-7,
				"PhiDegree": 158.9877042111295,
				"Power": -76.10373764575355
			}]
	}
}