{
	"SensorDataCollection": {
		"SensorId": 0,
		"SensorDatas": [{
				"Time": 4.940414079792213e-7,
				"TimeDiff": 0.0,
				"PhiDegree": 132.08903248601888,
				"Power": -51.2708557112192
			}, {
				"Time": 6.735023956447883e-7,
				"TimeDiff": 1.794609876655669e-7,
				"PhiDegree": 35.356786797463855,
				"Power": -56.702674978864906
			}, {
				"Time": 8.117250335934374e-7,
				"TimeDiff": 3.1768362561421603e-7,
				"PhiDegree": 164.01371265624329,
				"Power": -77.40383419643179
			}, {
				"Time": 8.314099645316086e-7,
				"TimeDiff": 3.3736855655238725e-7,
				"PhiDegree": 159.812229238472,
				"Power": -78.14997312374965
			}]
	}
}