{
	"SensorDataCollection": {
		"SensorId": 0,
		"SensorDatas": [{
				"Time": 5.076778379682778e-7,
				"TimeDiff": 0.0,
				"PhiDegree": 133.7659902216663,
				"Power": -51.28618551884274
			}, {
				"Time": 6.57277019243817e-7,
				"TimeDiff": 1.495991812755392e-7,
				"PhiDegree": 36.36670366618975,
				"Power": -55.88404978327716
			}, {
				"Time": 7.924985786498496e-7,
				"TimeDiff": 2.848207406815718e-7,
				"PhiDegree": 163.6150882462374,
				"Power": -76.43294586203568
			}, {
				"Time": 8.126493684992413e-7,
				"TimeDiff": 3.0497153053096356e-7,
				"PhiDegree": 159.32511842784243,
				"Power": -76.92734487905946
			}]
	}
}