{
	"SensorDataCollection": {
		"SensorId": 0,
		"SensorDatas": [{
				"Time": 2.881733690386861e-7,
				"TimeDiff": 0.0,
				"PhiDegree": 128.06198869562718,
				"Power": -46.831833134780666
			}, {
				"Time": 3.346376546957936e-7,
				"TimeDiff": 4.64642856571075e-8,
				"PhiDegree": 122.0670299670931,
				"Power": -51.284305930775986
			}, {
				"Time": 3.4595174754484445e-7,
				"TimeDiff": 5.7778378506158326e-8,
				"PhiDegree": 239.0995507636141,
				"Power": -52.29512885287515
			}, {
				"Time": 3.9566732408002516e-7,
				"TimeDiff": 1.0749395504133904e-7,
				"PhiDegree": 243.31912921352207,
				"Power": -60.54462429901608
			}]
	}
}