{
	"SensorDataCollection": {
		"SensorId": 0,
		"SensorDatas": [{
				"Time": 4.7022942696197704e-7,
				"TimeDiff": 0.0,
				"PhiDegree": 128.7683825037357,
				"Power": -51.8151284131321
			}, {
				"Time": 8.6595087070623e-7,
				"TimeDiff": 3.95721443744253e-7,
				"PhiDegree": 160.65031682340475,
				"Power": -80.35090790081864
			}]
	}
}