{
	"SensorDataCollection": {
		"SensorId": 0,
		"SensorDatas": [{
				"Time": 6.255709739201155e-7,
				"TimeDiff": 0.0,
				"PhiDegree": 144.2959917557464,
				"Power": -55.84468185223477
			}, {
				"Time": 5.101582229036256e-7,
				"TimeDiff": -1.154127510164899e-7,
				"PhiDegree": 57.121888299669685,
				"Power": -56.0922807494842
			}, {
				"Time": 6.435674534010748e-7,
				"TimeDiff": 1.79964794809593e-8,
				"PhiDegree": 159.6735616738538,
				"Power": -68.18582721509674
			}]
	}
}