{
	"SensorDataCollection": {
		"SensorId": 0,
		"SensorDatas": [{
				"Time": 6.4391904824493e-7,
				"TimeDiff": 0.0,
				"PhiDegree": 37.24695531777145,
				"Power": -55.23480323041257
			}, {
				"Time": 7.765071652960766e-7,
				"TimeDiff": 1.325881170511466e-7,
				"PhiDegree": 163.267835834411,
				"Power": -75.6102473425563
			}, {
				"Time": 7.970623418003966e-7,
				"TimeDiff": 1.5314329355546662e-7,
				"PhiDegree": 158.901701537988,
				"Power": -75.8967848400176
			}]
	}
}