{
	"SensorDataCollection": {
		"SensorId": 0,
		"SensorDatas": [{
				"Time": 2.944501184012566e-7,
				"TimeDiff": 0.0,
				"PhiDegree": 129.5957515820334,
				"Power": -46.8154606935763
			}, {
				"Time": 3.40057850289783e-7,
				"TimeDiff": 4.5607731888526415e-8,
				"PhiDegree": 123.49641189036421,
				"Power": -50.63598193654039
			}, {
				"Time": 3.5119737076569794e-7,
				"TimeDiff": 5.674725236444134e-8,
				"PhiDegree": 237.69814595648708,
				"Power": -51.567196900879196
			}, {
				"Time": 4.00261930425634e-7,
				"TimeDiff": 1.0581181202437737e-7,
				"PhiDegree": 242.03871569296226,
				"Power": -58.991730892280785
			}]
	}
}