{
	"SensorDataCollection": {
		"SensorId": 0,
		"SensorDatas": [{
				"Time": 4.918111419160025e-7,
				"TimeDiff": 0.0,
				"PhiDegree": 131.80056256478335,
				"Power": -51.28773869606215
			}, {
				"Time": 6.7622639847942e-7,
				"TimeDiff": 1.8441525656341757e-7,
				"PhiDegree": 35.193192257539025,
				"Power": -56.84282699021787
			}, {
				"Time": 8.149331575276256e-7,
				"TimeDiff": 3.2312201561162317e-7,
				"PhiDegree": 164.07832057200247,
				"Power": -77.5639398594588
			}, {
				"Time": 8.345424196517093e-7,
				"TimeDiff": 3.4273127773570685e-7,
				"PhiDegree": 159.8912836680514,
				"Power": -78.35223673146925
			}]
	}
}