{
	"SensorDataCollection": {
		"SensorId": 0,
		"SensorDatas": [{
				"Time": 6.121009356908531e-7,
				"TimeDiff": 0.0,
				"PhiDegree": 143.384587010996,
				"Power": -55.12706547646465
			}, {
				"Time": 5.012975209702762e-7,
				"TimeDiff": -1.1080341472057692e-7,
				"PhiDegree": 58.72348511914648,
				"Power": -57.35192558987208
			}, {
				"Time": 6.592372501191369e-7,
				"TimeDiff": 4.713631442828374e-8,
				"PhiDegree": 160.1772435840781,
				"Power": -69.11898317689322
			}]
	}
}