{
	"SensorDataCollection": {
		"SensorId": 0,
		"SensorDatas": [{
				"Time": 4.3621651974147247e-7,
				"TimeDiff": 0.0,
				"PhiDegree": 57.62668844174033,
				"Power": -53.40957114297254
			}, {
				"Time": 4.850458968057835e-7,
				"TimeDiff": 4.882937706431099e-8,
				"PhiDegree": 61.214520473300254,
				"Power": -59.67773544312948
			}, {
				"Time": 6.855057090561155e-7,
				"TimeDiff": 2.4928918931464304e-7,
				"PhiDegree": 160.67147021085543,
				"Power": -70.19462156020188
			}]
	}
}