{
	"SensorDataCollection": {
		"SensorId": 0,
		"SensorDatas": [{
				"Time": 3.92310352233297e-7,
				"TimeDiff": 0.0,
				"PhiDegree": 133.70979126905019,
				"Power": -49.03304102668426
			}, {
				"Time": 4.586551892509027e-7,
				"TimeDiff": 6.63448370176057e-8,
				"PhiDegree": 126.23165357467796,
				"Power": -52.8360596222186
			}, {
				"Time": 8.869493278124679e-7,
				"TimeDiff": 4.946389755791709e-7,
				"PhiDegree": 161.3536165233951,
				"Power": -82.19704730223648
			}]
	}
}