{
	"SensorDataCollection": {
		"SensorId": 0,
		"SensorDatas": [{
				"Time": 4.380121346709058e-7,
				"TimeDiff": 0.0,
				"PhiDegree": 57.25806027203132,
				"Power": -53.23786430074691
			}, {
				"Time": 4.866613812824355e-7,
				"TimeDiff": 4.864924661152975e-8,
				"PhiDegree": 60.87023036952362,
				"Power": -59.313940851741336
			}, {
				"Time": 6.823580267173396e-7,
				"TimeDiff": 2.4434589204643383e-7,
				"PhiDegree": 160.5787386678661,
				"Power": -70.01451766803808
			}]
	}
}