{
	"SensorDataCollection": {
		"SensorId": 0,
		"SensorDatas": [{
				"Time": 4.435059890457348e-7,
				"TimeDiff": 0.0,
				"PhiDegree": 56.17029425336251,
				"Power": -52.774372204053634
			}, {
				"Time": 4.916118715330213e-7,
				"TimeDiff": 4.810588248728648e-8,
				"PhiDegree": 59.85110748331286,
				"Power": -58.29992904438089
			}, {
				"Time": 6.729259046777815e-7,
				"TimeDiff": 2.2941991563204668e-7,
				"PhiDegree": 160.29534238396968,
				"Power": -69.47107546557352
			}]
	}
}