{
	"SensorDataCollection": {
		"SensorId": 0,
		"SensorDatas": [{
				"Time": 5.091882290847965e-7,
				"TimeDiff": 0.0,
				"PhiDegree": 56.60275155531341,
				"Power": -55.66067293666251
			}, {
				"Time": 6.30228187828699e-7,
				"TimeDiff": 1.2103995874390254e-7,
				"PhiDegree": 144.22669458054355,
				"Power": -55.866872328365176
			}, {
				"Time": 6.416119607108694e-7,
				"TimeDiff": 1.3242373162607297e-7,
				"PhiDegree": 159.29064970996572,
				"Power": -67.62582743097505
			}]
	}
}