{
	"SensorDataCollection": {
		"SensorId": 0,
		"SensorDatas": [{
				"Time": 4.3982573196381953e-7,
				"TimeDiff": 0.0,
				"PhiDegree": 56.892457108208276,
				"Power": -53.07493275249848
			}, {
				"Time": 4.882943215011555e-7,
				"TimeDiff": 4.846858953733597e-8,
				"PhiDegree": 60.52823071589862,
				"Power": -58.96327793403837
			}, {
				"Time": 6.792121483436378e-7,
				"TimeDiff": 2.3938641637981825e-7,
				"PhiDegree": 160.48514787624012,
				"Power": -69.83389192705988
			}]
	}
}