{
	"SensorDataCollection": {
		"SensorId": 0,
		"SensorDatas": [{
				"Time": 8.007939949870382e-8,
				"TimeDiff": 0.0,
				"PhiDegree": 0.0,
				"Power": -35.14875543526388
			}, {
				"Time": 1.063322913413491e-7,
				"TimeDiff": 2.6252891842645282e-8,
				"PhiDegree": 318.8600789571806,
				"Power": -37.81577832583001
			}, {
				"Time": 1.8446645038768743e-7,
				"TimeDiff": 1.0438705088898361e-7,
				"PhiDegree": 295.7289058749812,
				"Power": -50.98082258345154
			}, {
				"Time": 4.853648774305433e-7,
				"TimeDiff": 4.052854779318394e-7,
				"PhiDegree": 230.1320959849757,
				"Power": -51.68824069037551
			}]
	}
}