{
	"SensorDataCollection": {
		"SensorId": 0,
		"SensorDatas": [{
				"Time": 5.128917361189492e-7,
				"TimeDiff": 0.0,
				"PhiDegree": 55.98035651203633,
				"Power": -55.252661593278305
			}, {
				"Time": 6.356544352896831e-7,
				"TimeDiff": 1.227626991707339e-7,
				"PhiDegree": 144.57832593310155,
				"Power": -56.15915916676022
			}, {
				"Time": 6.353742451301831e-7,
				"TimeDiff": 1.2248250901123385e-7,
				"PhiDegree": 159.07784579503442,
				"Power": -67.25059897735358
			}]
	}
}