{
	"SensorDataCollection": {
		"SensorId": 0,
		"SensorDatas": [{
				"Time": 7.297495815270949e-7,
				"TimeDiff": 0.0,
				"PhiDegree": 161.8854914355036,
				"Power": -72.66141728202062
			}]
	}
}