{
	"SensorDataCollection": {
		"SensorId": 0,
		"SensorDatas": [{
				"Time": 6.485949493712358e-7,
				"TimeDiff": 0.0,
				"PhiDegree": 37.303189086793466,
				"Power": -55.26937662430524
			}, {
				"Time": 7.806663486318614e-7,
				"TimeDiff": 1.3207139926062556e-7,
				"PhiDegree": 163.1038190119719,
				"Power": -75.35757075593975
			}, {
				"Time": 7.989858679622547e-7,
				"TimeDiff": 1.503909185910189e-7,
				"PhiDegree": 159.21106665392682,
				"Power": -76.54525118036014
			}]
	}
}