{
	"SensorDataCollection": {
		"SensorId": 0,
		"SensorDatas": [{
				"Time": 4.7076500577125263e-7,
				"TimeDiff": 0.0,
				"PhiDegree": 128.19746093942118,
				"Power": -52.06546216927667
			}, {
				"Time": 8.680039232473124e-7,
				"TimeDiff": 3.9723891747605974e-7,
				"PhiDegree": 160.93109943016304,
				"Power": -81.01551673894511
			}]
	}
}