{
	"SensorDataCollection": {
		"SensorId": 0,
		"SensorDatas": [{
				"Time": 3.7436281551049984e-7,
				"TimeDiff": 0.0,
				"PhiDegree": 130.75538933731008,
				"Power": -48.973811471334926
			}, {
				"Time": 4.29788074568496e-7,
				"TimeDiff": 5.5425259057996155e-8,
				"PhiDegree": 235.3444007218934,
				"Power": -53.26525235802316
			}, {
				"Time": 4.434012717554115e-7,
				"TimeDiff": 6.903845624491163e-8,
				"PhiDegree": 123.44827324292906,
				"Power": -54.419009274809454
			}, {
				"Time": 9.122812569393874e-7,
				"TimeDiff": 5.379184414288876e-7,
				"PhiDegree": 161.88963326526817,
				"Power": -83.74725177726194
			}]
	}
}