{
	"SensorDataCollection": {
		"SensorId": 0,
		"SensorDatas": [{
				"Time": 4.4537221036209197e-7,
				"TimeDiff": 0.0,
				"PhiDegree": 55.81371672188148,
				"Power": -52.63625315569763
			}, {
				"Time": 6.061182125958679e-7,
				"TimeDiff": 1.6074600223377591e-7,
				"PhiDegree": 142.56702412826755,
				"Power": -54.61662398205402
			}, {
				"Time": 4.932961338542801e-7,
				"TimeDiff": 4.7923923492188146e-8,
				"PhiDegree": 59.51598462752881,
				"Power": -57.986564264843565
			}, {
				"Time": 6.69785591128417e-7,
				"TimeDiff": 2.2441338076632507e-7,
				"PhiDegree": 160.1991041080913,
				"Power": -69.28888527581168
			}]
	}
}