{
	"SensorDataCollection": {
		"SensorId": 0,
		"SensorDatas": [{
				"Time": 6.27570701223403e-7,
				"TimeDiff": 0.0,
				"PhiDegree": 38.78026791366612,
				"Power": -54.3172290301776
			}, {
				"Time": 7.551653305431573e-7,
				"TimeDiff": 1.2759462931975436e-7,
				"PhiDegree": 162.51519116852086,
				"Power": -74.02564882888701
			}, {
				"Time": 7.740885903897243e-7,
				"TimeDiff": 1.4651788916632136e-7,
				"PhiDegree": 158.50980408266176,
				"Power": -74.86711223775607
			}]
	}
}