{
	"SensorDataCollection": {
		"SensorId": 0,
		"SensorDatas": [{
				"Time": 6.380298314752979e-7,
				"TimeDiff": 0.0,
				"PhiDegree": 38.0295607258777,
				"Power": -54.780866290210966
			}, {
				"Time": 7.679057112241853e-7,
				"TimeDiff": 1.2987587974888743e-7,
				"PhiDegree": 162.81439193477368,
				"Power": -74.69560564502646
			}, {
				"Time": 7.865225048578816e-7,
				"TimeDiff": 1.4849267338258375e-7,
				"PhiDegree": 158.8659849297595,
				"Power": -75.70958647605016
			}]
	}
}