{
	"SensorDataCollection": {
		"SensorId": 0,
		"SensorDatas": [{
				"Time": 6.22134292449413e-7,
				"TimeDiff": 0.0,
				"PhiDegree": 143.68778057708988,
				"Power": -55.43767369664336
			}, {
				"Time": 5.037476846494667e-7,
				"TimeDiff": -1.183866077999463e-7,
				"PhiDegree": 57.553315647519625,
				"Power": -56.34304113278512
			}, {
				"Time": 6.509847317088753e-7,
				"TimeDiff": 2.885043925946234e-8,
				"PhiDegree": 159.60220190696916,
				"Power": -68.18483046138624
			}]
	}
}