{
	"SensorDataCollection": {
		"SensorId": 0,
		"SensorDatas": [{
				"Time": 6.249731039947275e-7,
				"TimeDiff": 0.0,
				"PhiDegree": 38.971860466168096,
				"Power": -54.20554408123368
			}, {
				"Time": 7.519835211775762e-7,
				"TimeDiff": 1.2701041718284869e-7,
				"PhiDegree": 162.4388075129758,
				"Power": -73.8569004337564
			}, {
				"Time": 7.709848801629127e-7,
				"TimeDiff": 1.4601177616818517e-7,
				"PhiDegree": 158.41896489364441,
				"Power": -74.65544645115958
			}]
	}
}