{
	"SensorDataCollection": {
		"SensorId": 0,
		"SensorDatas": [{
				"Time": 4.64641730848127e-7,
				"TimeDiff": 0.0,
				"PhiDegree": 127.22736518922072,
				"Power": -52.41066956961278
			}, {
				"Time": 8.774706615281255e-7,
				"TimeDiff": 4.1282893067999853e-7,
				"PhiDegree": 161.1446386054891,
				"Power": -81.60830781857047
			}]
	}
}