{
	"SensorDataCollection": {
		"SensorId": 0,
		"SensorDatas": [{
				"Time": 6.383764225131303e-7,
				"TimeDiff": 0.0,
				"PhiDegree": 144.75189667453915,
				"Power": -56.30703353274423
			}, {
				"Time": 6.322587227796219e-7,
				"TimeDiff": -6.117699733508373e-9,
				"PhiDegree": 158.96986997826204,
				"Power": -67.06222205018162
			}]
	}
}