{
	"SensorDataCollection": {
		"SensorId": 0,
		"SensorDatas": [{
				"Time": 5.05521701361881e-7,
				"TimeDiff": 0.0,
				"PhiDegree": 132.95816106687522,
				"Power": -51.33334771967411
			}, {
				"Time": 6.646302827470586e-7,
				"TimeDiff": 1.5910858138517763e-7,
				"PhiDegree": 36.2572088287672,
				"Power": -56.043012032321556
			}, {
				"Time": 7.998431648565644e-7,
				"TimeDiff": 2.9432146349468346e-7,
				"PhiDegree": 163.52062645076307,
				"Power": -76.33574407554832
			}, {
				"Time": 8.177331824531519e-7,
				"TimeDiff": 3.1221148109127096e-7,
				"PhiDegree": 159.70893623282126,
				"Power": -77.78572508574258
			}]
	}
}