{
	"SensorDataCollection": {
		"SensorId": 0,
		"SensorDatas": [{
				"Time": 4.1615416794480676e-7,
				"TimeDiff": 0.0,
				"PhiDegree": 62.287674221020566,
				"Power": -56.26265694705533
			}, {
				"Time": 7.234100214329149e-7,
				"TimeDiff": 3.0725585348810814e-7,
				"PhiDegree": 161.72115915090922,
				"Power": -72.31523842892989
			}]
	}
}