{
	"SensorDataCollection": {
		"SensorId": 0,
		"SensorDatas": [{
				"Time": 5.123954775297327e-7,
				"TimeDiff": 0.0,
				"PhiDegree": 133.7773535172476,
				"Power": -51.36564013610979
			}, {
				"Time": 6.565852663210654e-7,
				"TimeDiff": 1.4418978879133274e-7,
				"PhiDegree": 36.7738127311446,
				"Power": -55.650468353315034
			}, {
				"Time": 7.902495299142753e-7,
				"TimeDiff": 2.778540523845426e-7,
				"PhiDegree": 163.3147513700221,
				"Power": -75.84885711306174
			}, {
				"Time": 8.083518966681078e-7,
				"TimeDiff": 2.959564191383751e-7,
				"PhiDegree": 159.46288808477627,
				"Power": -77.16745780682261
			}]
	}
}