{
	"SensorDataCollection": {
		"SensorId": 0,
		"SensorDatas": [{
				"Time": 3.9001217080118027e-7,
				"TimeDiff": 0.0,
				"PhiDegree": 133.35546411688415,
				"Power": -49.00403883787109
			}, {
				"Time": 4.5669099348511006e-7,
				"TimeDiff": 6.667882268392979e-8,
				"PhiDegree": 125.89398648285515,
				"Power": -52.996888803965646
			}, {
				"Time": 8.901114680598561e-7,
				"TimeDiff": 5.000992972586758e-7,
				"PhiDegree": 161.42228643563965,
				"Power": -82.39239401794373
			}]
	}
}