{
	"SensorDataCollection": {
		"SensorId": 0,
		"SensorDatas": [{
				"Time": 6.411042184331846e-7,
				"TimeDiff": 0.0,
				"PhiDegree": 144.92399195265813,
				"Power": -56.4560128290791
			}, {
				"Time": 6.29145468108952e-7,
				"TimeDiff": -1.1958750324232593e-8,
				"PhiDegree": 158.86082515896396,
				"Power": -66.87333936302979
			}]
	}
}