{
	"SensorDataCollection": {
		"SensorId": 0,
		"SensorDatas": [{
				"Time": 3.679061727279955e-7,
				"TimeDiff": 0.0,
				"PhiDegree": 129.57443849554875,
				"Power": -49.066780142813045
			}, {
				"Time": 4.241759344136677e-7,
				"TimeDiff": 5.626976168567221e-8,
				"PhiDegree": 236.45668414968094,
				"Power": -53.960569457459115
			}, {
				"Time": 4.3796360817849853e-7,
				"TimeDiff": 7.005743545050304e-8,
				"PhiDegree": 122.35555648246394,
				"Power": -55.20517603500237
			}, {
				"Time": 9.218005368519082e-7,
				"TimeDiff": 5.538943641239127e-7,
				"PhiDegree": 162.08303749342076,
				"Power": -84.32119357829222
			}]
	}
}