{
	"SensorDataCollection": {
		"SensorId": 0,
		"SensorDatas": [{
				"Time": 5.009979032815004e-7,
				"TimeDiff": 0.0,
				"PhiDegree": 132.39961867074953,
				"Power": -51.337785333245535
			}, {
				"Time": 6.700230431725308e-7,
				"TimeDiff": 1.690251398910304e-7,
				"PhiDegree": 35.9197160814357,
				"Power": -56.310592175192824
			}, {
				"Time": 8.06244544809148e-7,
				"TimeDiff": 3.052466415276477e-7,
				"PhiDegree": 163.6551534469184,
				"Power": -76.65791298371971
			}, {
				"Time": 8.239955918278355e-7,
				"TimeDiff": 3.229976885463352e-7,
				"PhiDegree": 159.8698538714415,
				"Power": -78.19569786928473
			}]
	}
}