{
	"SensorDataCollection": {
		"SensorId": 0,
		"SensorDatas": [{
				"Time": 3.7219313451505457e-7,
				"TimeDiff": 0.0,
				"PhiDegree": 130.3662977246873,
				"Power": -48.99703659580936
			}, {
				"Time": 4.2789952183250683e-7,
				"TimeDiff": 5.570638731745226e-8,
				"PhiDegree": 235.71191493143712,
				"Power": -53.48440189151826
			}, {
				"Time": 4.4157094507848823e-7,
				"TimeDiff": 6.937781056343366e-8,
				"PhiDegree": 123.08702941535702,
				"Power": -54.66834826358273
			}, {
				"Time": 9.154531872614512e-7,
				"TimeDiff": 5.432600527463966e-7,
				"PhiDegree": 161.954548225203,
				"Power": -83.93901187222342
			}]
	}
}