{
	"SensorDataCollection": {
		"SensorId": 0,
		"SensorDatas": [{
				"Time": 4.6666789321924285e-7,
				"TimeDiff": 0.0,
				"PhiDegree": 127.55355560244666,
				"Power": -52.28702490894602
			}, {
				"Time": 8.743137376238015e-7,
				"TimeDiff": 4.076458444045587e-7,
				"PhiDegree": 161.0739727213537,
				"Power": -81.41116105886115
			}]
	}
}