{
	"SensorDataCollection": {
		"SensorId": 0,
		"SensorDatas": [{
				"Time": 4.326801302498119e-7,
				"TimeDiff": 0.0,
				"PhiDegree": 58.373046098330114,
				"Power": -53.78038953795681
			}, {
				"Time": 4.81867995436259e-7,
				"TimeDiff": 4.9187865186447056e-8,
				"PhiDegree": 61.90996322896936,
				"Power": -60.4462156578673
			}, {
				"Time": 6.918063871194416e-7,
				"TimeDiff": 2.5912625686962966e-7,
				"PhiDegree": 160.85440056172723,
				"Power": -70.55326379217112
			}]
	}
}