{
	"SensorDataCollection": {
		"SensorId": 0,
		"SensorDatas": [{
				"Time": 4.920970559158971e-7,
				"TimeDiff": 0.0,
				"PhiDegree": 131.25200070742838,
				"Power": -51.41439787066017
			}, {
				"Time": 6.808766451546147e-7,
				"TimeDiff": 1.8877958923871767e-7,
				"PhiDegree": 35.260825668395434,
				"Power": -56.85867410040525
			}, {
				"Time": 8.190603260000675e-7,
				"TimeDiff": 3.2696327008417047e-7,
				"PhiDegree": 163.91789545309888,
				"Power": -77.29649748164361
			}, {
				"Time": 8.36539471241215e-7,
				"TimeDiff": 3.444424153253179e-7,
				"PhiDegree": 160.18445511976375,
				"Power": -79.01031395225525
			}]
	}
}