{
	"SensorDataCollection": {
		"SensorId": 0,
		"SensorDatas": [{
				"Time": 6.194487712910429e-7,
				"TimeDiff": 0.0,
				"PhiDegree": 143.50501896732854,
				"Power": -55.29723011557226
			}, {
				"Time": 5.019654253199619e-7,
				"TimeDiff": -1.17483345971081e-7,
				"PhiDegree": 57.87471652307481,
				"Power": -56.59024845439569
			}, {
				"Time": 6.541131843126049e-7,
				"TimeDiff": 3.4664413021562006e-8,
				"PhiDegree": 159.704067425564,
				"Power": -68.37013500400968
			}]
	}
}