{
	"SensorDataCollection": {
		"SensorId": 0,
		"SensorDatas": [{
				"Time": 6.459440170735303e-7,
				"TimeDiff": 0.0,
				"PhiDegree": 37.482552586181164,
				"Power": -55.14506743095042
			}, {
				"Time": 7.774743447310114e-7,
				"TimeDiff": 1.315303276574811e-7,
				"PhiDegree": 163.03235304673154,
				"Power": -75.19282360210798
			}, {
				"Time": 7.958673419811307e-7,
				"TimeDiff": 1.499233249076004e-7,
				"PhiDegree": 159.12580966855217,
				"Power": -76.33698041984107
			}]
	}
}