{
	"SensorDataCollection": {
		"SensorId": 0,
		"SensorDatas": [{
				"Time": 6.354049072169567e-7,
				"TimeDiff": 0.0,
				"PhiDegree": 38.21491858712314,
				"Power": -54.66251519624785
			}, {
				"Time": 7.647186774096821e-7,
				"TimeDiff": 1.2931377019272546e-7,
				"PhiDegree": 162.740526509521,
				"Power": -74.5288692349846
			}, {
				"Time": 7.834112106016915e-7,
				"TimeDiff": 1.4800630338473485e-7,
				"PhiDegree": 158.77799989117426,
				"Power": -75.4996010157321
			}]
	}
}