{
	"SensorDataCollection": {
		"SensorId": 0,
		"SensorDatas": [{
				"Time": 3.832092564299869e-7,
				"TimeDiff": 0.0,
				"PhiDegree": 132.26717869410282,
				"Power": -48.952238693530816
			}, {
				"Time": 4.508952254914563e-7,
				"TimeDiff": 6.768596906146937e-8,
				"PhiDegree": 124.86350173766031,
				"Power": -53.54041270949446
			}, {
				"Time": 8.996054524597942e-7,
				"TimeDiff": 5.163961960298073e-7,
				"PhiDegree": 161.62539829537442,
				"Power": -82.9757380526726
			}]
	}
}