{
	"SensorDataCollection": {
		"SensorId": 0,
		"SensorDatas": [{
				"Time": 4.344391101485983e-7,
				"TimeDiff": 0.0,
				"PhiDegree": 57.99834841926242,
				"Power": -53.59032055908449
			}, {
				"Time": 4.834480430609584e-7,
				"TimeDiff": 4.900893291236013e-8,
				"PhiDegree": 61.56109900085799,
				"Power": -60.05503229179118
			}, {
				"Time": 6.886551706234542e-7,
				"TimeDiff": 2.5421606047485595e-7,
				"PhiDegree": 160.76335380497474,
				"Power": -70.3742035796298
			}]
	}
}