{
	"SensorDataCollection": {
		"SensorId": 0,
		"SensorDatas": [{
				"Time": 3.969509412093349e-7,
				"TimeDiff": 0.0,
				"PhiDegree": 134.40607087447634,
				"Power": -49.107402643754654
			}, {
				"Time": 4.626307597688946e-7,
				"TimeDiff": 6.567981855955967e-8,
				"PhiDegree": 126.89832825397957,
				"Power": -52.543218243366965
			}, {
				"Time": 8.806289106328817e-7,
				"TimeDiff": 4.836779694235467e-7,
				"PhiDegree": 161.214797729623,
				"Power": -81.80500437036828
			}]
	}
}