{
	"SensorDataCollection": {
		"SensorId": 0,
		"SensorDatas": [{
				"Time": 5.147095974604023e-7,
				"TimeDiff": 0.0,
				"PhiDegree": 134.04553513937645,
				"Power": -51.38622905455094
			}, {
				"Time": 6.53915650316066e-7,
				"TimeDiff": 1.392060528556637e-7,
				"PhiDegree": 36.94883351012149,
				"Power": -55.522115816569155
			}, {
				"Time": 7.870539557702583e-7,
				"TimeDiff": 2.72344358309856e-7,
				"PhiDegree": 163.2450113556901,
				"Power": -75.68558594847886
			}, {
				"Time": 8.052281655598034e-7,
				"TimeDiff": 2.9051856809940104e-7,
				"PhiDegree": 159.37959857082342,
				"Power": -76.96049143765566
			}]
	}
}