{
	"SensorDataCollection": {
		"SensorId": 0,
		"SensorDatas": [{
				"Time": 4.292183634822777e-7,
				"TimeDiff": 0.0,
				"PhiDegree": 59.13157338853462,
				"Power": -54.18964571322098
			}, {
				"Time": 4.787620217427118e-7,
				"TimeDiff": 4.9543658260434084e-8,
				"PhiDegree": 62.61453430738809,
				"Power": -61.27185190454324
			}, {
				"Time": 6.981139898252722e-7,
				"TimeDiff": 2.688956263429945e-7,
				"PhiDegree": 161.03402708989307,
				"Power": -70.90981948753762
			}]
	}
}