{
	"SensorDataCollection": {
		"SensorId": 0,
		"SensorDatas": [{
				"Time": 7.340611620714516e-8,
				"TimeDiff": 0.0,
				"PhiDegree": 0.0,
				"Power": -34.37622585859634
			}, {
				"Time": 1.0140169552056534e-7,
				"TimeDiff": 2.799557931342018e-8,
				"PhiDegree": 316.37858778946503,
				"Power": -37.265363243838024
			}]
	}
}