{
	"SensorDataCollection": {
		"SensorId": 0,
		"SensorDatas": [{
				"Time": 4.3093980572027346e-7,
				"TimeDiff": 0.0,
				"PhiDegree": 58.750786430109294,
				"Power": -53.98006527610872
			}, {
				"Time": 4.803059296604523e-7,
				"TimeDiff": 4.9366123940178874e-8,
				"PhiDegree": 62.26110972048466,
				"Power": -60.85168422510475
			}, {
				"Time": 6.949593346714864e-7,
				"TimeDiff": 2.6401952895121296e-7,
				"PhiDegree": 160.9446214080436,
				"Power": -70.73180234987329
			}]
	}
}