{
	"SensorDataCollection": {
		"SensorId": 0,
		"SensorDatas": [{
				"Time": 4.987541006319657e-7,
				"TimeDiff": 0.0,
				"PhiDegree": 132.11656137010382,
				"Power": -51.34823597240026
			}, {
				"Time": 6.727280362326724e-7,
				"TimeDiff": 1.739739356007067e-7,
				"PhiDegree": 35.75300166832342,
				"Power": -56.4460457059819
			}, {
				"Time": 8.094468817657524e-7,
				"TimeDiff": 3.1069278113378664e-7,
				"PhiDegree": 163.72161884820454,
				"Power": -76.81827572040412
			}, {
				"Time": 8.271292061809293e-7,
				"TimeDiff": 3.2837510554896355e-7,
				"PhiDegree": 159.94939861550168,
				"Power": -78.40001941893085
			}]
	}
}