{
	"SensorDataCollection": {
		"SensorId": 0,
		"SensorDatas": [{
				"Time": 5.110324447932227e-7,
				"TimeDiff": 0.0,
				"PhiDegree": 56.290426398281454,
				"Power": -55.45213618588316
			}, {
				"Time": 6.329383317047354e-7,
				"TimeDiff": 1.219058869115127e-7,
				"PhiDegree": 144.40326389886167,
				"Power": -56.012426271258065
			}, {
				"Time": 6.384920019651976e-7,
				"TimeDiff": 1.27459557171975e-7,
				"PhiDegree": 159.18476749649403,
				"Power": -67.43846807207755
			}]
	}
}