{
	"SensorDataCollection": {
		"SensorId": 0,
		"SensorDatas": [{
				"Time": 7.006947456136585e-8,
				"TimeDiff": 0.0,
				"PhiDegree": 0.0,
				"Power": -33.960962307107025
			}, {
				"Time": 9.901301542289497e-8,
				"TimeDiff": 2.894354086152912e-8,
				"PhiDegree": 315.0464198655392,
				"Power": -37.03822551051522
			}]
	}
}