{
	"SensorDataCollection": {
		"SensorId": 0,
		"SensorDatas": [{
				"Time": 3.8097307061922065e-7,
				"TimeDiff": 0.0,
				"PhiDegree": 131.89582960315488,
				"Power": -48.947444668983294
			}, {
				"Time": 4.489962702455394e-7,
				"TimeDiff": 6.802319962631877e-8,
				"PhiDegree": 124.5141368111918,
				"Power": -53.74293236672577
			}, {
				"Time": 9.027725909551383e-7,
				"TimeDiff": 5.217995203359177e-7,
				"PhiDegree": 161.69215259566312,
				"Power": -83.16928839315389
			}]
	}
}