{
	"SensorDataCollection": {
		"SensorId": 0,
		"SensorDatas": [{
				"Time": 4.834008558834405e-7,
				"TimeDiff": 0.0,
				"PhiDegree": 130.06260057133935,
				"Power": -51.59012415109518
			}, {
				"Time": 8.318928001246786e-7,
				"TimeDiff": 3.484919442412381e-7,
				"PhiDegree": 164.17253675311792,
				"Power": -77.92750285071955
			}, {
				"Time": 8.491078260247475e-7,
				"TimeDiff": 3.6570697014130704e-7,
				"PhiDegree": 160.48975199484383,
				"Power": -79.81778311490069
			}]
	}
}