{
	"SensorDataCollection": {
		"SensorId": 0,
		"SensorDatas": [{
				"Time": 4.855551144612612e-7,
				"TimeDiff": 0.0,
				"PhiDegree": 130.3639365830507,
				"Power": -51.53628560079355
			}, {
				"Time": 8.286831590233242e-7,
				"TimeDiff": 3.4312804456206303e-7,
				"PhiDegree": 164.10961585890928,
				"Power": -77.77045592298879
			}, {
				"Time": 8.459635023841575e-7,
				"TimeDiff": 3.604083879228963e-7,
				"PhiDegree": 160.41427836298422,
				"Power": -79.61658797996623
			}]
	}
}