{
	"SensorDataCollection": {
		"SensorId": 0,
		"SensorDatas": [{
				"Time": 4.812600878040292e-7,
				"TimeDiff": 0.0,
				"PhiDegree": 129.75857524811158,
				"Power": -51.65087956773178
			}, {
				"Time": 8.351034367697367e-7,
				"TimeDiff": 3.5384334896570747e-7,
				"PhiDegree": 164.23497391110942,
				"Power": -78.08408312541758
			}, {
				"Time": 8.522536121494703e-7,
				"TimeDiff": 3.7099352434544115e-7,
				"PhiDegree": 160.5646685886416,
				"Power": -80.01852937747152
			}]
	}
}