{
	"SensorDataCollection": {
		"SensorId": 0,
		"SensorDatas": [{
				"Time": 6.339619126980719e-8,
				"TimeDiff": 0.0,
				"PhiDegree": 0.0,
				"Power": -33.06094444849193
			}, {
				"Time": 9.440827837296111e-8,
				"TimeDiff": 3.101208710315392e-8,
				"PhiDegree": 312.18378685205556,
				"Power": -36.70867334001203
			}, {
				"Time": 3.0914349704965297e-7,
				"TimeDiff": 2.4574730577984577e-7,
				"PhiDegree": 78.16637775139571,
				"Power": -62.78373956494295
			}]
	}
}