{
	"SensorDataCollection": {
		"SensorId": 0,
		"SensorDatas": [{
				"Time": 4.177162592742821e-7,
				"TimeDiff": 0.0,
				"PhiDegree": 61.88250003759145,
				"Power": -55.961611302413644
			}, {
				"Time": 7.202425024443419e-7,
				"TimeDiff": 3.0252624317005973e-7,
				"PhiDegree": 161.63790851429246,
				"Power": -72.14137531110626
			}]
	}
}