{
	"SensorDataCollection": {
		"SensorId": 0,
		"SensorDatas": [{
				"Time": 6.146540710003756e-7,
				"TimeDiff": 0.0,
				"PhiDegree": 39.75435840736086,
				"Power": -53.77716410871902
			}, {
				"Time": 7.39269936048501e-7,
				"TimeDiff": 1.2461586504812534e-7,
				"PhiDegree": 162.1267019945181,
				"Power": -73.17683134296745
			}]
	}
}