{
	"SensorDataCollection": {
		"SensorId": 0,
		"SensorDatas": [{
				"Time": 4.899033901348448e-7,
				"TimeDiff": 0.0,
				"PhiDegree": 130.95861721905064,
				"Power": -51.44860446315229
			}, {
				"Time": 6.836038353374497e-7,
				"TimeDiff": 1.9370044520260495e-7,
				"PhiDegree": 35.099378865930326,
				"Power": -56.998203325359654
			}, {
				"Time": 8.222669100802399e-7,
				"TimeDiff": 3.323635199453952e-7,
				"PhiDegree": 163.98230082097712,
				"Power": -77.4549550030128
			}, {
				"Time": 8.396793082660186e-7,
				"TimeDiff": 3.4977591813117387e-7,
				"PhiDegree": 160.26163601938032,
				"Power": -79.21285287379236
			}]
	}
}