{
	"SensorDataCollection": {
		"SensorId": 0,
		"SensorDatas": [{
				"Time": 3.787530768395111e-7,
				"TimeDiff": 0.0,
				"PhiDegree": 131.52011138117393,
				"Power": -48.94927618216475
			}, {
				"Time": 4.336175326480043e-7,
				"TimeDiff": 5.486445580849318e-8,
				"PhiDegree": 234.61905054573026,
				"Power": -52.862949730880416
			}, {
				"Time": 4.4711415027123044e-7,
				"TimeDiff": 6.836107343171934e-8,
				"PhiDegree": 124.16181740062696,
				"Power": -53.95664928730871
			}, {
				"Time": 9.059409463200461e-7,
				"TimeDiff": 5.27187869480535e-7,
				"PhiDegree": 161.75844006458635,
				"Power": -83.36239050841587
			}]
	}
}