{
	"SensorDataCollection": {
		"SensorId": 0,
		"SensorDatas": [{
				"Time": 6.275240808777485e-7,
				"TimeDiff": 0.0,
				"PhiDegree": 144.04860182484276,
				"Power": -55.72253578721066
			}, {
				"Time": 5.073592533901683e-7,
				"TimeDiff": -1.2016482748758025e-7,
				"PhiDegree": 56.91733791397134,
				"Power": -55.87850674272022
			}, {
				"Time": 6.447340894011358e-7,
				"TimeDiff": 1.721000852338728e-8,
				"PhiDegree": 159.395506808143,
				"Power": -67.81267531330344
			}]
	}
}