{
	"SensorDataCollection": {
		"SensorId": 0,
		"SensorDatas": [{
				"Time": 3.6369113255942955e-7,
				"TimeDiff": 0.0,
				"PhiDegree": 128.76406676516584,
				"Power": -49.169544338100806
			}, {
				"Time": 4.205252802230884e-7,
				"TimeDiff": 5.683414766365886e-8,
				"PhiDegree": 237.21451423714922,
				"Power": -54.489882961197424
			}, {
				"Time": 4.344288319848584e-7,
				"TimeDiff": 7.073769942542884e-8,
				"PhiDegree": 121.61205729138509,
				"Power": -55.795467042155664
			}, {
				"Time": 9.281524588307467e-7,
				"TimeDiff": 5.644613262713171e-7,
				"PhiDegree": 162.20976872848917,
				"Power": -84.70159445552633
			}]
	}
}