{
	"SensorDataCollection": {
		"SensorId": 0,
		"SensorDatas": [{
				"Time": 8.341604114448315e-8,
				"TimeDiff": 0.0,
				"PhiDegree": 0.0,
				"Power": -35.509619842643126
			}, {
				"Time": 1.0886726724799629e-7,
				"TimeDiff": 2.5451226103513137e-8,
				"PhiDegree": 320.0154574673247,
				"Power": -38.12982432414755
			}, {
				"Time": 1.859392293594288e-7,
				"TimeDiff": 1.0252318821494564e-7,
				"PhiDegree": 296.6551735088958,
				"Power": -50.18415868794513
			}, {
				"Time": 4.875104572763663e-7,
				"TimeDiff": 4.040944161318832e-7,
				"PhiDegree": 229.83111266546382,
				"Power": -51.630364840846056
			}]
	}
}