{
	"SensorDataCollection": {
		"SensorId": 0,
		"SensorDatas": [{
				"Time": 7.674275785292449e-8,
				"TimeDiff": 0.0,
				"PhiDegree": 0.0,
				"Power": -34.77151079941187
			}, {
				"Time": 1.0384265424526255e-7,
				"TimeDiff": 2.7099896392338055e-8,
				"PhiDegree": 317.6487872484182,
				"Power": -37.526194090887344
			}, {
				"Time": 4.832328102348443e-7,
				"TimeDiff": 4.064900523819198e-7,
				"PhiDegree": 230.4357436773942,
				"Power": -51.75306165944927
			}]
	}
}