{
	"SensorDataCollection": {
		"SensorId": 0,
		"SensorDatas": [{
				"Time": 5.032538242702809e-7,
				"TimeDiff": 0.0,
				"PhiDegree": 132.68014506196386,
				"Power": -51.3328730682979
			}, {
				"Time": 6.673237687853136e-7,
				"TimeDiff": 1.6406994451503263e-7,
				"PhiDegree": 36.087780621565095,
				"Power": -56.176236571061764
			}, {
				"Time": 8.030433014624214e-7,
				"TimeDiff": 2.9978947719214045e-7,
				"PhiDegree": 163.5881580409277,
				"Power": -76.49706966332613
			}, {
				"Time": 8.20863577789184e-7,
				"TimeDiff": 3.1760975351890313e-7,
				"PhiDegree": 159.78970196421298,
				"Power": -77.99093276083893
			}]
	}
}