{
	"SensorDataCollection": {
		"SensorId": 0,
		"SensorDatas": [{
				"Time": 6.167696077315895e-7,
				"TimeDiff": 0.0,
				"PhiDegree": 143.32066768490594,
				"Power": -55.158167928080786
			}, {
				"Time": 5.001990733683408e-7,
				"TimeDiff": -1.1657053436324873e-7,
				"PhiDegree": 58.19839756851442,
				"Power": -56.84776696331032
			}, {
				"Time": 6.572436848080168e-7,
				"TimeDiff": 4.0474077076427317e-8,
				"PhiDegree": 159.80496287448722,
				"Power": -68.55492261247169
			}]
	}
}