{
	"SensorDataCollection": {
		"SensorId": 0,
		"SensorDatas": [{
				"Time": 5.100926851298112e-7,
				"TimeDiff": 0.0,
				"PhiDegree": 133.5067445319366,
				"Power": -51.34987258115575
			}, {
				"Time": 6.592609593525692e-7,
				"TimeDiff": 1.49168274222758e-7,
				"PhiDegree": 36.60021103062632,
				"Power": -55.78009273820409
			}, {
				"Time": 7.934462654274699e-7,
				"TimeDiff": 2.833535802976587e-7,
				"PhiDegree": 163.38392953158086,
				"Power": -76.011639442794
			}, {
				"Time": 8.114773228119154e-7,
				"TimeDiff": 3.0138463768210415e-7,
				"PhiDegree": 159.54553618877483,
				"Power": -77.37398640990928
			}]
	}
}