{
	"SensorDataCollection": {
		"SensorId": 0,
		"SensorDatas": [{
				"Time": 6.087711010332495e-7,
				"TimeDiff": 0.0,
				"PhiDegree": 142.75790535450002,
				"Power": -54.7497122681807
			}, {
				"Time": 4.94997157036184e-7,
				"TimeDiff": -1.1377394399706557e-7,
				"PhiDegree": 59.18315370278783,
				"Power": -57.684972375718544
			}, {
				"Time": 6.666471850499483e-7,
				"TimeDiff": 5.78760840166988e-8,
				"PhiDegree": 160.1019594251334,
				"Power": -69.1061743068528
			}]
	}
}