{
	"SensorDataCollection": {
		"SensorId": 0,
		"SensorDatas": [{
				"Time": 6.223825533821783e-7,
				"TimeDiff": 0.0,
				"PhiDegree": 39.16505013001857,
				"Power": -54.09564458091711
			}, {
				"Time": 7.488030596530982e-7,
				"TimeDiff": 1.2642050627091991e-7,
				"PhiDegree": 162.3617748566108,
				"Power": -73.68764572505438
			}]
	}
}