{
	"SensorDataCollection": {
		"SensorId": 0,
		"SensorDatas": [{
				"Time": 4.225259952766953e-7,
				"TimeDiff": 0.0,
				"PhiDegree": 60.68523080445159,
				"Power": -55.13338277487645
			}, {
				"Time": 7.107492315226994e-7,
				"TimeDiff": 2.8822323624600405e-7,
				"PhiDegree": 161.3837069540265,
				"Power": -71.61668124756086
			}]
	}
}