{
	"SensorDataCollection": {
		"SensorId": 0,
		"SensorDatas": [{
				"Time": 4.943035095682794e-7,
				"TimeDiff": 0.0,
				"PhiDegree": 131.54277257461368,
				"Power": -51.386379782604934
			}, {
				"Time": 6.781549045025627e-7,
				"TimeDiff": 1.838513949342833e-7,
				"PhiDegree": 35.423569688960306,
				"Power": -56.720117887965614
			}, {
				"Time": 8.158547849934528e-7,
				"TimeDiff": 3.2155127542517347e-7,
				"PhiDegree": 163.85298389777316,
				"Power": -77.13756625046508
			}, {
				"Time": 8.334011636144431e-7,
				"TimeDiff": 3.3909765404616374e-7,
				"PhiDegree": 160.1066928036942,
				"Power": -78.80732826180665
			}]
	}
}