{
	"SensorDataCollection": {
		"SensorId": 0,
		"SensorDatas": [{
				"Time": 4.416570900947931e-7,
				"TimeDiff": 0.0,
				"PhiDegree": 56.52987127418334,
				"Power": -52.92051846229562
			}, {
				"Time": 4.899445429268138e-7,
				"TimeDiff": 4.8287452832020704e-8,
				"PhiDegree": 60.1885228590966,
				"Power": -58.625389087778615
			}, {
				"Time": 6.76068099117628e-7,
				"TimeDiff": 2.344110090228349e-7,
				"PhiDegree": 160.39068634417401,
				"Power": -69.6527444546654
			}]
	}
}