{
	"SensorDataCollection": {
		"SensorId": 0,
		"SensorDatas": [{
				"Time": 4.770197485079355e-7,
				"TimeDiff": 0.0,
				"PhiDegree": 129.14238170337643,
				"Power": -51.79392915470072
			}, {
				"Time": 8.585495075401001e-7,
				"TimeDiff": 3.815297590321646e-7,
				"PhiDegree": 160.71285414655338,
				"Power": -80.41867387072502
			}]
	}
}