{
	"SensorDataCollection": {
		"SensorId": 0,
		"SensorDatas": [{
				"Time": 4.2751603163101017e-7,
				"TimeDiff": 0.0,
				"PhiDegree": 59.51540993540044,
				"Power": -54.40944010797375
			}, {
				"Time": 7.012703295359287e-7,
				"TimeDiff": 2.737542979049185e-7,
				"PhiDegree": 161.12262817581566,
				"Power": -71.08731551939853
			}]
	}
}