{
	"SensorDataCollection": {
		"SensorId": 0,
		"SensorDatas": [{
				"Time": 6.248260892312557e-7,
				"TimeDiff": 0.0,
				"PhiDegree": 143.86896931627143,
				"Power": -55.57945608963752
			}, {
				"Time": 5.055456831164631e-7,
				"TimeDiff": -1.192804061147926e-7,
				"PhiDegree": 57.23419094594966,
				"Power": -56.1058796457947
			}, {
				"Time": 6.478583566641105e-7,
				"TimeDiff": 2.303226743285478e-8,
				"PhiDegree": 159.49935291422963,
				"Power": -67.99901013473877
			}]
	}
}