{
	"SensorDataCollection": {
		"SensorId": 0,
		"SensorDatas": [{
				"Time": 3.765495614772379e-7,
				"TimeDiff": 0.0,
				"PhiDegree": 131.13997935181112,
				"Power": -48.957979833418605
			}, {
				"Time": 4.316941552222437e-7,
				"TimeDiff": 5.5144593745005805e-8,
				"PhiDegree": 234.98011704153058,
				"Power": -53.05822216252837
			}, {
				"Time": 4.452490790625714e-7,
				"TimeDiff": 6.869951758533351e-8,
				"PhiDegree": 123.80653285189182,
				"Power": -54.18189423849984
			}, {
				"Time": 9.091105058317235e-7,
				"TimeDiff": 5.325609443544856e-7,
				"PhiDegree": 161.8242654064984,
				"Power": -83.55504481840282
			}]
	}
}