{
	"SensorDataCollection": {
		"SensorId": 0,
		"SensorDatas": [{
				"Time": 7.329215835176959e-7,
				"TimeDiff": 0.0,
				"PhiDegree": 161.96659117448104,
				"Power": -72.833734865317
			}]
	}
}