{
	"SensorDataCollection": {
		"SensorId": 0,
		"SensorDatas": [{
				"Time": 6.197991377431725e-7,
				"TimeDiff": 0.0,
				"PhiDegree": 39.35985251091818,
				"Power": -53.9875804453619
			}, {
				"Time": 7.456239632173854e-7,
				"TimeDiff": 1.2582482547421286e-7,
				"PhiDegree": 162.28408517476626,
				"Power": -73.51788344610503
			}]
	}
}