{
	"SensorDataCollection": {
		"SensorId": 0,
		"SensorDatas": [{
				"Time": 5.078013743659063e-7,
				"TimeDiff": 0.0,
				"PhiDegree": 133.23368731582454,
				"Power": -51.33906198345608
			}, {
				"Time": 6.619426557172307e-7,
				"TimeDiff": 1.5414128135132435e-7,
				"PhiDegree": 36.428014368313605,
				"Power": -55.91095250014166
			}, {
				"Time": 7.966441483289824e-7,
				"TimeDiff": 2.888427739630761e-7,
				"PhiDegree": 163.4525524036053,
				"Power": -76.17393455244843
			}, {
				"Time": 8.146044244809896e-7,
				"TimeDiff": 3.068030501150833e-7,
				"PhiDegree": 159.62754992361488,
				"Power": -77.58007591678356
			}]
	}
}