{
	"SensorDataCollection": {
		"SensorId": 0,
		"SensorDatas": [{
				"Time": 4.791329910498604e-7,
				"TimeDiff": 0.0,
				"PhiDegree": 129.45184180135445,
				"Power": -51.71874744394397
			}, {
				"Time": 8.554008446232163e-7,
				"TimeDiff": 3.7626785357335593e-7,
				"PhiDegree": 160.6390340352354,
				"Power": -80.21882639920258
			}]
	}
}