{
	"SensorDataCollection": {
		"SensorId": 0,
		"SensorDatas": [{
				"Time": 6.301752579292585e-7,
				"TimeDiff": 0.0,
				"PhiDegree": 38.59025698089189,
				"Power": -54.430650709501435
			}, {
				"Time": 7.583484707843951e-7,
				"TimeDiff": 1.2817321285513664e-7,
				"PhiDegree": 162.590933722486,
				"Power": -74.19389220347671
			}, {
				"Time": 7.771942308446614e-7,
				"TimeDiff": 1.4701897291540294e-7,
				"PhiDegree": 158.59991751635977,
				"Power": -75.07836157618374
			}]
	}
}