{
	"SensorDataCollection": {
		"SensorId": 0,
		"SensorDatas": [{
				"Time": 4.6870904987291924e-7,
				"TimeDiff": 0.0,
				"PhiDegree": 127.87691540119752,
				"Power": -52.17203603184717
			}, {
				"Time": 8.711581533267892e-7,
				"TimeDiff": 4.0244910345386993e-7,
				"PhiDegree": 161.0027947841541,
				"Power": -81.2135640352098
			}]
	}
}