{
	"SensorDataCollection": {
		"SensorId": 0,
		"SensorDatas": [{
				"Time": 6.40661378533426e-7,
				"TimeDiff": 0.0,
				"PhiDegree": 37.84572368619412,
				"Power": -54.90077063151233
			}, {
				"Time": 7.710940107646895e-7,
				"TimeDiff": 1.3043263223126345e-7,
				"PhiDegree": 162.88764664724627,
				"Power": -74.8618425377282
			}, {
				"Time": 7.896356392377244e-7,
				"TimeDiff": 1.4897426070429835e-7,
				"PhiDegree": 158.95327641173216,
				"Power": -75.9191461992881
			}]
	}
}