{
	"SensorDataCollection": {
		"SensorId": 0,
		"SensorDatas": [{
				"Time": 3.6578950605421795e-7,
				"TimeDiff": 0.0,
				"PhiDegree": 129.17158711567524,
				"Power": -49.11388178473854
			}, {
				"Time": 4.223413715748615e-7,
				"TimeDiff": 5.6551865520643574e-8,
				"PhiDegree": 236.8339615635233,
				"Power": -54.218376681003264
			}, {
				"Time": 4.3618703889129544e-7,
				"TimeDiff": 7.03975328370775e-8,
				"PhiDegree": 121.98531317010536,
				"Power": -55.49343685827408
			}, {
				"Time": 9.249759321785303e-7,
				"TimeDiff": 5.591864261243123e-7,
				"PhiDegree": 162.14662068060338,
				"Power": -84.51161631963537
			}]
	}
}