{
	"SensorDataCollection": {
		"SensorId": 0,
		"SensorDatas": [{
				"Time": 3.0128962320424217e-7,
				"TimeDiff": 0.0,
				"PhiDegree": 130.16921481928298,
				"Power": -46.952128273298484
			}, {
				"Time": 3.4103867335649684e-7,
				"TimeDiff": 3.9749050152254665e-8,
				"PhiDegree": 124.74081758606516,
				"Power": -50.058400135769006
			}, {
				"Time": 3.5760452241904024e-7,
				"TimeDiff": 5.631489921479807e-8,
				"PhiDegree": 237.08007754994625,
				"Power": -51.37821034508697
			}, {
				"Time": 4.005131854650172e-7,
				"TimeDiff": 9.922356226077504e-8,
				"PhiDegree": 240.97163681105883,
				"Power": -57.73584616542422
			}]
	}
}