{
	"SensorDataCollection": {
		"SensorId": 0,
		"SensorDatas": [{
				"Time": 7.307938813733198e-7,
				"TimeDiff": 0.0,
				"PhiDegree": 161.63685658186978,
				"Power": -72.26598843344738
			}]
	}
}