{
	"SensorDataCollection": {
		"SensorId": 0,
		"SensorDatas": [{
				"Time": 5.079687167154599e-7,
				"TimeDiff": 0.0,
				"PhiDegree": 132.7016892320089,
				"Power": -51.410704596702075
			}, {
				"Time": 6.666090395425287e-7,
				"TimeDiff": 1.586403228270688e-7,
				"PhiDegree": 36.488466766849285,
				"Power": -55.93817285365817
			}, {
				"Time": 8.007960624787544e-7,
				"TimeDiff": 2.928273457632945e-7,
				"PhiDegree": 163.29170068774488,
				"Power": -75.92160353405947
			}, {
				"Time": 8.165820677407031e-7,
				"TimeDiff": 3.086133510252432e-7,
				"PhiDegree": 159.92852488105834,
				"Power": -78.24349022310086
			}]
	}
}