{
	"SensorDataCollection": {
		"SensorId": 0,
		"SensorDatas": [{
				"Time": 3.807467004247652e-7,
				"TimeDiff": 0.0,
				"PhiDegree": 132.60489197474917,
				"Power": -48.85948732054723
			}, {
				"Time": 4.536370035443887e-7,
				"TimeDiff": 7.28903031196235e-8,
				"PhiDegree": 124.62260277260944,
				"Power": -53.75704293381713
			}, {
				"Time": 8.985592277452352e-7,
				"TimeDiff": 5.1781252732047e-7,
				"PhiDegree": 161.827309235246,
				"Power": -83.46117013434687
			}]
	}
}