{
	"SensorDataCollection": {
		"SensorId": 0,
		"SensorDatas": [{
				"Time": 4.693175355507475e-7,
				"TimeDiff": 0.0,
				"PhiDegree": 127.30527520635269,
				"Power": -52.45842158064633
			}, {
				"Time": 8.73237211454267e-7,
				"TimeDiff": 4.039196759035195e-7,
				"PhiDegree": 161.28106487107223,
				"Power": -81.8888717999859
			}]
	}
}