{
	"SensorDataCollection": {
		"SensorId": 0,
		"SensorDatas": [{
				"Time": 2.94931953707086e-7,
				"TimeDiff": 0.0,
				"PhiDegree": 128.68309164825428,
				"Power": -46.94448045574923
			}, {
				"Time": 3.3543523516721353e-7,
				"TimeDiff": 4.050328146012753e-8,
				"PhiDegree": 123.3356703769148,
				"Power": -50.60052264955027
			}, {
				"Time": 3.5226469411718557e-7,
				"TimeDiff": 5.733274041009956e-8,
				"PhiDegree": 238.44689496255558,
				"Power": -52.03932362635878
			}, {
				"Time": 3.9575274098641414e-7,
				"TimeDiff": 1.0082078727932814e-7,
				"PhiDegree": 242.23889454489785,
				"Power": -59.14152949676027
			}]
	}
}