{
	"SensorDataCollection": {
		"SensorId": 0,
		"SensorDatas": [{
				"Time": 6.270770124730948e-7,
				"TimeDiff": 0.0,
				"PhiDegree": 39.208881990266434,
				"Power": -54.14450924871679
			}, {
				"Time": 7.529969863394794e-7,
				"TimeDiff": 1.2591997386638454e-7,
				"PhiDegree": 162.19675297108296,
				"Power": -73.45496773252168
			}, {
				"Time": 7.697638606160616e-7,
				"TimeDiff": 1.4268684814296674e-7,
				"PhiDegree": 158.64991135017118,
				"Power": -75.09330595519233
			}]
	}
}