{
	"SensorDataCollection": {
		"SensorId": 0,
		"SensorDatas": [{
				"Time": 6.348647033728553e-7,
				"TimeDiff": 0.0,
				"PhiDegree": 38.63779901888273,
				"Power": -54.47544349187251
			}, {
				"Time": 7.625336985972235e-7,
				"TimeDiff": 1.2766899522436816e-7,
				"PhiDegree": 162.42671757611762,
				"Power": -73.95707877746082
			}, {
				"Time": 7.790953607682223e-7,
				"TimeDiff": 1.44230657395367e-7,
				"PhiDegree": 158.91791706095614,
				"Power": -75.73130632208088
			}]
	}
}