{
	"SensorDataCollection": {
		"SensorId": 0,
		"SensorDatas": [{
				"Time": 2.8285135572387596e-7,
				"TimeDiff": 0.0,
				"PhiDegree": 125.51583526501716,
				"Power": -47.12526684524563
			}, {
				"Time": 3.2486432415554603e-7,
				"TimeDiff": 4.2012968431670076e-8,
				"PhiDegree": 120.38444788478239,
				"Power": -52.0916944980645
			}, {
				"Time": 3.422140365894278e-7,
				"TimeDiff": 5.9362680865551844e-8,
				"PhiDegree": 241.3043837796988,
				"Power": -53.770858538791714
			}, {
				"Time": 3.868336388108145e-7,
				"TimeDiff": 1.0398228308693854e-7,
				"PhiDegree": 244.86374185567513,
				"Power": -62.559193054027006
			}]
	}
}