{
	"SensorDataCollection": {
		"SensorId": 0,
		"SensorDatas": [{
				"Time": 4.968057831640635e-7,
				"TimeDiff": 0.0,
				"PhiDegree": 131.2875742955708,
				"Power": -51.488640632510936
			}, {
				"Time": 6.800943121040329e-7,
				"TimeDiff": 1.832885289399694e-7,
				"PhiDegree": 35.652636883328995,
				"Power": -56.602061020589304
			}, {
				"Time": 8.167890030542925e-7,
				"TimeDiff": 3.19983219890229e-7,
				"PhiDegree": 163.62815921893804,
				"Power": -76.71981243967375
			}, {
				"Time": 8.322717195631664e-7,
				"TimeDiff": 3.3546593639910297e-7,
				"PhiDegree": 160.32268964626712,
				"Power": -79.27102597326453
			}]
	}
}