{
	"SensorDataCollection": {
		"SensorId": 0,
		"SensorDatas": [{
				"Time": 6.193531825623912e-7,
				"TimeDiff": 0.0,
				"PhiDegree": 39.79426806062379,
				"Power": -53.82992474068625
			}, {
				"Time": 7.434727154178674e-7,
				"TimeDiff": 1.241195328554762e-7,
				"PhiDegree": 161.9608925532926,
				"Power": -72.94839813514841
			}, {
				"Time": 7.604496158490861e-7,
				"TimeDiff": 1.4109643328669491e-7,
				"PhiDegree": 158.3753342587012,
				"Power": -74.45143307971611
			}]
	}
}