{
	"SensorDataCollection": {
		"SensorId": 0,
		"SensorDatas": [{
				"Time": 4.206620594814149e-7,
				"TimeDiff": 0.0,
				"PhiDegree": 62.09668060450861,
				"Power": -56.197724718183935
			}, {
				"Time": 7.213005667826691e-7,
				"TimeDiff": 3.0063850730125416e-7,
				"PhiDegree": 161.38635970384092,
				"Power": -71.74891268437085
			}]
	}
}