{
	"SensorDataCollection": {
		"SensorId": 0,
		"SensorDatas": [{
				"Time": 5.057118134435889e-7,
				"TimeDiff": 0.0,
				"PhiDegree": 132.42387412499488,
				"Power": -51.415131410924346
			}, {
				"Time": 6.692945623873036e-7,
				"TimeDiff": 1.6358274894371467e-7,
				"PhiDegree": 36.318609172664765,
				"Power": -56.06870106955506
			}, {
				"Time": 8.039924062684779e-7,
				"TimeDiff": 2.9828059282488904e-7,
				"PhiDegree": 163.36006305332674,
				"Power": -76.08218967319968
			}, {
				"Time": 8.197168590504787e-7,
				"TimeDiff": 3.1400504560688986e-7,
				"PhiDegree": 160.00856464171088,
				"Power": -78.44991045847061
			}]
	}
}