{
	"SensorDataCollection": {
		"SensorId": 0,
		"SensorDatas": [{
				"Time": 4.303947633586787e-7,
				"TimeDiff": 0.0,
				"PhiDegree": 59.74074919188244,
				"Power": -54.6208238511292
			}, {
				"Time": 4.742666899263319e-7,
				"TimeDiff": 4.387192656765319e-8,
				"PhiDegree": 62.78704297212067,
				"Power": -61.41295138289155
			}, {
				"Time": 7.02356975049826e-7,
				"TimeDiff": 2.719622116911473e-7,
				"PhiDegree": 160.86507626932035,
				"Power": -70.70113614062923
			}]
	}
}