{
	"SensorDataCollection": {
		"SensorId": 0,
		"SensorDatas": [{
				"Time": 4.754508395760023e-7,
				"TimeDiff": 0.0,
				"PhiDegree": 128.2648158563703,
				"Power": -52.1219882792975
			}, {
				"Time": 8.488546022665913e-7,
				"TimeDiff": 3.73403762690589e-7,
				"PhiDegree": 164.2629879176063,
				"Power": -78.28138159556737
			}, {
				"Time": 8.637627425765585e-7,
				"TimeDiff": 3.883119030005562e-7,
				"PhiDegree": 161.0679739727242,
				"Power": -81.2916651796792
			}]
	}
}