{
	"SensorDataCollection": {
		"SensorId": 0,
		"SensorDatas": [{
				"Time": 4.2543849345070794e-7,
				"TimeDiff": 0.0,
				"PhiDegree": 60.90524175927593,
				"Power": -55.35714578884921
			}, {
				"Time": 7.11821406972156e-7,
				"TimeDiff": 2.86382913521448e-7,
				"PhiDegree": 161.1291861832418,
				"Power": -71.2272998588023
			}]
	}
}