{
	"SensorDataCollection": {
		"SensorId": 0,
		"SensorDatas": [{
				"Time": 3.762613571523377e-7,
				"TimeDiff": 0.0,
				"PhiDegree": 131.85691899211037,
				"Power": -48.84451724542075
			}, {
				"Time": 4.498789725987478e-7,
				"TimeDiff": 7.36176154464101e-8,
				"PhiDegree": 123.92319438548094,
				"Power": -54.18483468232644
			}, {
				"Time": 9.049020465718834e-7,
				"TimeDiff": 5.286406894195457e-7,
				"PhiDegree": 161.95908982458087,
				"Power": -83.8496560353039
			}]
	}
}