{
	"SensorDataCollection": {
		"SensorId": 0,
		"SensorDatas": [{
				"Time": 6.374743876978643e-7,
				"TimeDiff": 0.0,
				"PhiDegree": 38.450545633517734,
				"Power": -54.589162448282096
			}, {
				"Time": 7.657152870962712e-7,
				"TimeDiff": 1.2824089939840694e-7,
				"PhiDegree": 162.50209904949665,
				"Power": -74.12346366346793
			}, {
				"Time": 7.822095886443288e-7,
				"TimeDiff": 1.4473520094646452e-7,
				"PhiDegree": 159.00583059983492,
				"Power": -75.94310165263995
			}]
	}
}