{
	"SensorDataCollection": {
		"SensorId": 0,
		"SensorDatas": [{
				"Time": 6.322618560071334e-7,
				"TimeDiff": 0.0,
				"PhiDegree": 38.8265961755735,
				"Power": -54.36339702514459
			}, {
				"Time": 7.593534410633445e-7,
				"TimeDiff": 1.270915850562111e-7,
				"PhiDegree": 162.3507045580828,
				"Power": -73.79020195258184
			}, {
				"Time": 7.759829818552385e-7,
				"TimeDiff": 1.4372112584810516e-7,
				"PhiDegree": 158.82929808976044,
				"Power": -75.51907380750023
			}]
	}
}