{
	"SensorDataCollection": {
		"SensorId": 0,
		"SensorDatas": [{
				"Time": 5.194276725507232e-7,
				"TimeDiff": 0.0,
				"PhiDegree": 134.05420554349308,
				"Power": -51.46496195322311
			}, {
				"Time": 6.532714663269665e-7,
				"TimeDiff": 1.3384379377624326e-7,
				"PhiDegree": 37.35861779710621,
				"Power": -55.304122921762655
			}, {
				"Time": 7.84831861436669e-7,
				"TimeDiff": 2.6540418888594583e-7,
				"PhiDegree": 162.94154191742405,
				"Power": -75.11151348181815
			}, {
				"Time": 8.009325754396256e-7,
				"TimeDiff": 2.815049028889024e-7,
				"PhiDegree": 159.5189368539805,
				"Power": -77.20458645978376
			}]
	}
}