{
	"SensorDataCollection": {
		"SensorId": 0,
		"SensorDatas": [{
				"Time": 4.92428023450488e-7,
				"TimeDiff": 0.0,
				"PhiDegree": 130.70412607335268,
				"Power": -51.56110050595555
			}, {
				"Time": 6.855278276944334e-7,
				"TimeDiff": 1.9309980424394542e-7,
				"PhiDegree": 35.327541410202535,
				"Power": -56.87504073528177
			}, {
				"Time": 8.231938512444179e-7,
				"TimeDiff": 3.307658277939299e-7,
				"PhiDegree": 163.75908019338078,
				"Power": -77.03581295133208
			}, {
				"Time": 8.385583202144153e-7,
				"TimeDiff": 3.461302967639273e-7,
				"PhiDegree": 160.4762225455773,
				"Power": -79.67883492498026
			}]
	}
}