{
	"SensorDataCollection": {
		"SensorId": 0,
		"SensorDatas": [{
				"Time": 1.0009924937337978e-7,
				"TimeDiff": 0.0,
				"PhiDegree": 0.0,
				"Power": -37.112460518429565
			}, {
				"Time": 1.2212168391789647e-7,
				"TimeDiff": 2.2022434544516688e-8,
				"PhiDegree": 325.05158369182055,
				"Power": -39.952037775998136
			}, {
				"Time": 1.939974763229518e-7,
				"TimeDiff": 9.389822694957201e-8,
				"PhiDegree": 301.0631308597591,
				"Power": -47.166080341484815
			}]
	}
}