{
	"SensorDataCollection": {
		"SensorId": 0,
		"SensorDatas": [{
				"Time": 4.7339171652295307e-7,
				"TimeDiff": 0.0,
				"PhiDegree": 127.94773489511466,
				"Power": -52.225840986588096
			}, {
				"Time": 8.669195616915382e-7,
				"TimeDiff": 3.935278451685851e-7,
				"PhiDegree": 161.13952175695923,
				"Power": -81.49119501688197
			}]
	}
}