{
	"SensorDataCollection": {
		"SensorId": 0,
		"SensorDatas": [{
				"Time": 3.653404817455686e-7,
				"TimeDiff": 0.0,
				"PhiDegree": 129.90781189436834,
				"Power": -48.93093095092031
			}, {
				"Time": 4.21398982685839e-7,
				"TimeDiff": 5.6058500940270415e-8,
				"PhiDegree": 236.20600094298936,
				"Power": -53.713101052591455
			}, {
				"Time": 4.4078583087761553e-7,
				"TimeDiff": 7.544534913204695e-8,
				"PhiDegree": 122.12344378368194,
				"Power": -55.46256439154145
			}, {
				"Time": 9.207795313815293e-7,
				"TimeDiff": 5.554390496359607e-7,
				"PhiDegree": 162.2805923600644,
				"Power": -84.81288388653249
			}]
	}
}