{
	"SensorDataCollection": {
		"SensorId": 0,
		"SensorDatas": [{
				"Time": 2.991481975842704e-7,
				"TimeDiff": 0.0,
				"PhiDegree": 129.680871164946,
				"Power": -46.94318050507778
			}, {
				"Time": 3.3914832122851913e-7,
				"TimeDiff": 4.000012364424872e-8,
				"PhiDegree": 124.27760454810108,
				"Power": -50.22556188874108
			}, {
				"Time": 3.5580219437478647e-7,
				"TimeDiff": 5.665399679051606e-8,
				"PhiDegree": 237.53111545055938,
				"Power": -51.58489585691768
			}, {
				"Time": 3.9890477409865473e-7,
				"TimeDiff": 9.975657651438432e-8,
				"PhiDegree": 241.39068778568014,
				"Power": -58.18399017893725
			}]
	}
}