{
	"SensorDataCollection": {
		"SensorId": 0,
		"SensorDatas": [{
				"Time": 7.371303514995567e-7,
				"TimeDiff": 0.0,
				"PhiDegree": 161.80026794150174,
				"Power": -72.60819407557082
			}]
	}
}