{
	"SensorDataCollection": {
		"SensorId": 0,
		"SensorDatas": [{
				"Time": 6.244951894209415e-7,
				"TimeDiff": 0.0,
				"PhiDegree": 39.40240101893337,
				"Power": -54.037764651958966
			}, {
				"Time": 7.498208235702402e-7,
				"TimeDiff": 1.2532563414929868e-7,
				"PhiDegree": 162.118798639149,
				"Power": -73.28660805257263
			}, {
				"Time": 7.666571640138494e-7,
				"TimeDiff": 1.4216197459290783e-7,
				"PhiDegree": 158.5591270371477,
				"Power": -74.87977528546674
			}]
	}
}