{
	"SensorDataCollection": {
		"SensorId": 0,
		"SensorDatas": [{
				"Time": 4.817140746606083e-7,
				"TimeDiff": 0.0,
				"PhiDegree": 129.19966124954286,
				"Power": -51.85748880697804
			}, {
				"Time": 8.392242733492814e-7,
				"TimeDiff": 3.5751019868867305e-7,
				"PhiDegree": 164.07763410517774,
				"Power": -77.81772038048416
			}, {
				"Time": 8.543004861597787e-7,
				"TimeDiff": 3.7258641149917037e-7,
				"PhiDegree": 160.85015960400645,
				"Power": -80.69030938863875
			}]
	}
}