{
	"SensorDataCollection": {
		"SensorId": 0,
		"SensorDatas": [{
				"Time": 4.2707090616623803e-7,
				"TimeDiff": 0.0,
				"PhiDegree": 60.514080412976185,
				"Power": -55.100605841850324
			}, {
				"Time": 7.086649307404139e-7,
				"TimeDiff": 2.8159402457417585e-7,
				"PhiDegree": 161.04193345069766,
				"Power": -71.05241813555403
			}]
	}
}