{
	"SensorDataCollection": {
		"SensorId": 0,
		"SensorDatas": [{
				"Time": 4.426244113495726e-7,
				"TimeDiff": 0.0,
				"PhiDegree": 57.12837424667504,
				"Power": -53.25754493654898
			}, {
				"Time": 4.853922232274246e-7,
				"TimeDiff": 4.2767811877852035e-8,
				"PhiDegree": 60.334454441769154,
				"Power": -58.700831488122574
			}, {
				"Time": 6.803340266158174e-7,
				"TimeDiff": 2.3770961526624475e-7,
				"PhiDegree": 160.2202867494872,
				"Power": -69.45568853480239
			}]
	}
}