{
	"SensorDataCollection": {
		"SensorId": 0,
		"SensorDatas": [{
				"Time": 4.4444423751022606e-7,
				"TimeDiff": 0.0,
				"PhiDegree": 56.767097871257405,
				"Power": -53.09905280712013
			}, {
				"Time": 4.87052277587481e-7,
				"TimeDiff": 4.260804007725498e-8,
				"PhiDegree": 59.99338435972148,
				"Power": -58.367496076608546
			}, {
				"Time": 6.771951860123009e-7,
				"TimeDiff": 2.3275094850207482e-7,
				"PhiDegree": 160.1247534006553,
				"Power": -69.27574178138698
			}]
	}
}