{
	"SensorDataCollection": {
		"SensorId": 0,
		"SensorDatas": [{
				"Time": 4.355247296515322e-7,
				"TimeDiff": 0.0,
				"PhiDegree": 58.60322847711031,
				"Power": -53.97940658411818
			}, {
				"Time": 4.789269578809973e-7,
				"TimeDiff": 4.3402228229465104e-8,
				"PhiDegree": 61.722008139348006,
				"Power": -60.16558543644243
			}, {
				"Time": 6.929078745208243e-7,
				"TimeDiff": 2.573831448692921e-7,
				"PhiDegree": 160.59375718885067,
				"Power": -70.17041329600762
			}]
	}
}