{
	"SensorDataCollection": {
		"SensorId": 0,
		"SensorDatas": [{
				"Time": 3.830132764224713e-7,
				"TimeDiff": 0.0,
				"PhiDegree": 132.97227775700608,
				"Power": -48.87657846212973
			}, {
				"Time": 4.5554105305258955e-7,
				"TimeDiff": 7.252777663011825e-8,
				"PhiDegree": 124.96795388362227,
				"Power": -53.559655736929074
			}, {
				"Time": 8.953896197949783e-7,
				"TimeDiff": 5.12376343372507e-7,
				"PhiDegree": 161.76071897997656,
				"Power": -83.26624037034756
			}]
	}
}