{
	"SensorDataCollection": {
		"SensorId": 0,
		"SensorDatas": [{
				"Time": 3.718416777442666e-7,
				"TimeDiff": 0.0,
				"PhiDegree": 131.09103217979393,
				"Power": -48.85679699891449
			}, {
				"Time": 4.270476183217124e-7,
				"TimeDiff": 5.520594057744583e-8,
				"PhiDegree": 235.0898370415965,
				"Power": -53.037149973284684
			}, {
				"Time": 4.461891016240275e-7,
				"TimeDiff": 7.434742387976092e-8,
				"PhiDegree": 123.21211070122098,
				"Power": -54.65882790700746
			}, {
				"Time": 9.112495856973713e-7,
				"TimeDiff": 5.394079079531046e-7,
				"PhiDegree": 162.08903519142166,
				"Power": -84.23631397716746
			}]
	}
}