{
	"SensorDataCollection": {
		"SensorId": 0,
		"SensorDatas": [{
				"Time": 5.217532789032354e-7,
				"TimeDiff": 0.0,
				"PhiDegree": 134.31753866136089,
				"Power": -51.49014280153784
			}, {
				"Time": 6.506224767138417e-7,
				"TimeDiff": 1.288691978106063e-7,
				"PhiDegree": 37.53691756451319,
				"Power": -55.18128827192163
			}, {
				"Time": 7.816426249891408e-7,
				"TimeDiff": 2.598893460859054e-7,
				"PhiDegree": 162.86979452716304,
				"Power": -74.9480532539494
			}, {
				"Time": 7.978077041957666e-7,
				"TimeDiff": 2.7605442529253114e-7,
				"PhiDegree": 159.43509221146758,
				"Power": -76.995453160698
			}]
	}
}