{
	"SensorDataCollection": {
		"SensorId": 0,
		"SensorDatas": [{
				"Time": 1.0677253266493842e-7,
				"TimeDiff": 0.0,
				"PhiDegree": 0.0,
				"Power": -37.677311142763884
			}, {
				"Time": 1.276488138977949e-7,
				"TimeDiff": 2.0876281232856486e-8,
				"PhiDegree": 326.7676841606601,
				"Power": -40.7532592907954
			}, {
				"Time": 1.9752350449059348e-7,
				"TimeDiff": 9.075097182565506e-8,
				"PhiDegree": 302.72150211949497,
				"Power": -46.331832433277114
			}]
	}
}