{
	"SensorDataCollection": {
		"SensorId": 0,
		"SensorDatas": [{
				"Time": 3.696571993764818e-7,
				"TimeDiff": 0.0,
				"PhiDegree": 130.70125585093058,
				"Power": -48.87380317931246
			}, {
				"Time": 4.2514689232951e-7,
				"TimeDiff": 5.548969295302824e-8,
				"PhiDegree": 235.45859102518435,
				"Power": -53.24986834775818
			}, {
				"Time": 4.4437025795078795e-7,
				"TimeDiff": 7.471305857430617e-8,
				"PhiDegree": 122.85216819430966,
				"Power": -54.914009080557264
			}, {
				"Time": 9.144250946566768e-7,
				"TimeDiff": 5.44767895280195e-7,
				"PhiDegree": 162.15333119169384,
				"Power": -84.42895891368563
			}]
	}
}