{
	"SensorDataCollection": {
		"SensorId": 0,
		"SensorDatas": [{
				"Time": 5.102374568979074e-7,
				"TimeDiff": 0.0,
				"PhiDegree": 132.9770401886038,
				"Power": -51.41155751595389
			}, {
				"Time": 6.639294226899105e-7,
				"TimeDiff": 1.536919657920031e-7,
				"PhiDegree": 36.65969696539888,
				"Power": -55.80883652195561
			}, {
				"Time": 7.976008678408779e-7,
				"TimeDiff": 2.873634109429706e-7,
				"PhiDegree": 163.2227905031798,
				"Power": -75.76054211090069
			}, {
				"Time": 8.134488822628788e-7,
				"TimeDiff": 3.032114253649714e-7,
				"PhiDegree": 159.84786837889575,
				"Power": -78.03661510682294
			}]
	}
}