{
	"SensorDataCollection": {
		"SensorId": 0,
		"SensorDatas": [{
				"Time": 2.9080773018752194e-7,
				"TimeDiff": 0.0,
				"PhiDegree": 127.65669244724957,
				"Power": -46.97342964792861
			}, {
				"Time": 3.3181482126484896e-7,
				"TimeDiff": 4.100709107732702e-8,
				"PhiDegree": 122.37291640826132,
				"Power": -51.03330290285392
			}, {
				"Time": 3.4881899796429405e-7,
				"TimeDiff": 5.801126777677211e-8,
				"PhiDegree": 239.3810095690828,
				"Power": -52.55200732248176
			}, {
				"Time": 3.9268882161019006e-7,
				"TimeDiff": 1.0188109142266811e-7,
				"PhiDegree": 243.1005287484925,
				"Power": -60.185590060948186
			}]
	}
}