{
	"SensorDataCollection": {
		"SensorId": 0,
		"SensorDatas": [{
				"Time": 4.48136252481164e-7,
				"TimeDiff": 0.0,
				"PhiDegree": 56.05341841498358,
				"Power": -52.80666786074161
			}, {
				"Time": 4.904236348657841e-7,
				"TimeDiff": 4.228738238462011e-8,
				"PhiDegree": 59.31823085073924,
				"Power": -57.73777789730249
			}, {
				"Time": 6.709232321189622e-7,
				"TimeDiff": 2.2278697963779818e-7,
				"PhiDegree": 159.93100640092248,
				"Power": -68.9143326407485
			}]
	}
}