{
	"SensorDataCollection": {
		"SensorId": 0,
		"SensorDatas": [{
				"Time": 5.012341563689983e-7,
				"TimeDiff": 0.0,
				"PhiDegree": 131.86077162910212,
				"Power": -51.440416755294905
			}, {
				"Time": 6.74683043798231e-7,
				"TimeDiff": 1.7344888742923267e-7,
				"PhiDegree": 35.982957964148014,
				"Power": -56.33319722167553
			}, {
				"Time": 8.10388486908601e-7,
				"TimeDiff": 3.091543305396026e-7,
				"PhiDegree": 163.49516949130927,
				"Power": -76.40194227454413
			}, {
				"Time": 8.259911860233235e-7,
				"TimeDiff": 3.2475702965432514e-7,
				"PhiDegree": 160.16682079797206,
				"Power": -78.86138281048221
			}]
	}
}