{
	"SensorDataCollection": {
		"SensorId": 0,
		"SensorDatas": [{
				"Time": 4.408223283183484e-7,
				"TimeDiff": 0.0,
				"PhiDegree": 57.4926190011812,
				"Power": -53.424564860451795
			}, {
				"Time": 4.83749486812251e-7,
				"TimeDiff": 4.292715849390257e-8,
				"PhiDegree": 60.67785320135364,
				"Power": -59.04694261635581
			}, {
				"Time": 6.834747412591729e-7,
				"TimeDiff": 2.4265241294082446e-7,
				"PhiDegree": 160.31494236655521,
				"Power": -69.63512939568477
			}]
	}
}