{
	"SensorDataCollection": {
		"SensorId": 0,
		"SensorDatas": [{
				"Time": 6.134469664494648e-7,
				"TimeDiff": 0.0,
				"PhiDegree": 142.69841257412367,
				"Power": -54.78624810828684
			}, {
				"Time": 4.938621544384242e-7,
				"TimeDiff": -1.195848120110406e-7,
				"PhiDegree": 58.65238747140454,
				"Power": -57.15515336116255
			}, {
				"Time": 6.646590947662221e-7,
				"TimeDiff": 5.121212831675727e-8,
				"PhiDegree": 159.73360513751118,
				"Power": -68.55090715421733
			}]
	}
}