{
	"SensorDataCollection": {
		"SensorId": 0,
		"SensorDatas": [{
				"Time": 6.479798392299461e-7,
				"TimeDiff": 0.0,
				"PhiDegree": 37.71667339414074,
				"Power": -55.05986861105471
			}, {
				"Time": 7.784546242579766e-7,
				"TimeDiff": 1.3047478502803051e-7,
				"PhiDegree": 162.79745936935274,
				"Power": -74.78410894473075
			}, {
				"Time": 7.946845548409963e-7,
				"TimeDiff": 1.4670471561105027e-7,
				"PhiDegree": 159.3505883596764,
				"Power": -76.7858720858309
			}]
	}
}