{
	"SensorDataCollection": {
		"SensorId": 0,
		"SensorDatas": [{
				"Time": 3.85295414328216e-7,
				"TimeDiff": 0.0,
				"PhiDegree": 133.3353262041878,
				"Power": -48.89976457713607
			}, {
				"Time": 4.5746151466843346e-7,
				"TimeDiff": 7.216610034021748e-8,
				"PhiDegree": 125.31041772451748,
				"Power": -53.372859762147186
			}, {
				"Time": 8.922212298875334e-7,
				"TimeDiff": 5.069258155593175e-7,
				"PhiDegree": 161.69365569282536,
				"Power": -83.0708520898323
			}]
	}
}