{
	"SensorDataCollection": {
		"SensorId": 0,
		"SensorDatas": [{
				"Time": 4.838298241395236e-7,
				"TimeDiff": 0.0,
				"PhiDegree": 129.50586768817968,
				"Power": -51.7842986602265
			}, {
				"Time": 8.360161454292239e-7,
				"TimeDiff": 3.5218632128970033e-7,
				"PhiDegree": 164.0149007897235,
				"Power": -77.66225726499891
			}, {
				"Time": 8.511491849802491e-7,
				"TimeDiff": 3.673193608407255e-7,
				"PhiDegree": 160.7764790089924,
				"Power": -80.48893552337569
			}]
	}
}