{
	"SensorDataCollection": {
		"SensorId": 0,
		"SensorDatas": [{
				"Time": 5.148098212026099e-7,
				"TimeDiff": 0.0,
				"PhiDegree": 133.5204300956911,
				"Power": -51.428534030304476
			}, {
				"Time": 6.585881951608926e-7,
				"TimeDiff": 1.4377837395828269e-7,
				"PhiDegree": 37.00632973356684,
				"Power": -55.55388037731413
			}, {
				"Time": 7.912139817037137e-7,
				"TimeDiff": 2.764041605011038e-7,
				"PhiDegree": 163.08330094169898,
				"Power": -75.43698735174951
			}, {
				"Time": 8.071874035920344e-7,
				"TimeDiff": 2.923775823894245e-7,
				"PhiDegree": 159.6846777237484,
				"Power": -77.62150418845411
			}]
	}
}