{
	"SensorDataCollection": {
		"SensorId": 0,
		"SensorDatas": [{
				"Time": 6.107961595150063e-7,
				"TimeDiff": 0.0,
				"PhiDegree": 142.50873464495052,
				"Power": -54.65484120424077
			}, {
				"Time": 4.921345867070234e-7,
				"TimeDiff": -1.1866157280798289e-7,
				"PhiDegree": 58.98414611407684,
				"Power": -57.44073672301323
			}, {
				"Time": 6.677901726206608e-7,
				"TimeDiff": 5.699401310565448e-8,
				"PhiDegree": 159.83276869457373,
				"Power": -68.73287154646951
			}]
	}
}