{
	"SensorDataCollection": {
		"SensorId": 0,
		"SensorDatas": [{
				"Time": 4.320857537288758e-7,
				"TimeDiff": 0.0,
				"PhiDegree": 59.35858004626834,
				"Power": -54.39690389024375
			}, {
				"Time": 4.7580178585473706e-7,
				"TimeDiff": 4.371603212586124e-8,
				"PhiDegree": 62.42971782792493,
				"Power": -60.98216729095226
			}, {
				"Time": 6.992055406698891e-7,
				"TimeDiff": 2.671197869410133e-7,
				"PhiDegree": 160.77545145445083,
				"Power": -70.52473532771333
			}]
	}
}