{
	"SensorDataCollection": {
		"SensorId": 0,
		"SensorDatas": [{
				"Time": 6.400908253582258e-7,
				"TimeDiff": 0.0,
				"PhiDegree": 38.26482111317773,
				"Power": -54.704508364139656
			}, {
				"Time": 7.68898190038469e-7,
				"TimeDiff": 1.2880736468024323e-7,
				"PhiDegree": 162.57685655858262,
				"Power": -74.28935784260996
			}, {
				"Time": 7.853256434872344e-7,
				"TimeDiff": 1.4523481812900862e-7,
				"PhiDegree": 159.0930466871134,
				"Power": -76.15445776320217
			}]
	}
}