{
	"SensorDataCollection": {
		"SensorId": 0,
		"SensorDatas": [{
				"Time": 4.462815897440556e-7,
				"TimeDiff": 0.0,
				"PhiDegree": 56.408782114160374,
				"Power": -52.94884036448602
			}, {
				"Time": 4.887294734222482e-7,
				"TimeDiff": 4.244788367819261e-8,
				"PhiDegree": 59.6546432747309,
				"Power": -58.04658981412909
			}, {
				"Time": 6.740582456287606e-7,
				"TimeDiff": 2.2777665588470498e-7,
				"PhiDegree": 160.02833059317277,
				"Power": -69.09528961970726
			}]
	}
}