{
	"SensorDataCollection": {
		"SensorId": 0,
		"SensorDatas": [{
				"Time": 4.902585479711896e-7,
				"TimeDiff": 0.0,
				"PhiDegree": 130.40850988402343,
				"Power": -51.60684479339848
			}, {
				"Time": 6.882527636482553e-7,
				"TimeDiff": 1.9799421567706565e-7,
				"PhiDegree": 35.16692114312695,
				"Power": -57.01299859430239
			}, {
				"Time": 8.263978683824941e-7,
				"TimeDiff": 3.3613932041130444e-7,
				"PhiDegree": 163.82377950224634,
				"Power": -77.1931161451596
			}, {
				"Time": 8.417038532294689e-7,
				"TimeDiff": 3.5144530525827925e-7,
				"PhiDegree": 160.55212868173413,
				"Power": -79.88205030405949
			}]
	}
}