{
	"SensorDataCollection": {
		"SensorId": 0,
		"SensorDatas": [{
				"Time": 2.8480265365321577e-7,
				"TimeDiff": 0.0,
				"PhiDegree": 126.06221570233369,
				"Power": -47.07463140141637
			}, {
				"Time": 3.265646814983498e-7,
				"TimeDiff": 4.1762027845134024e-8,
				"PhiDegree": 120.88946225380444,
				"Power": -51.801350171375915
			}, {
				"Time": 3.438286040048285e-7,
				"TimeDiff": 5.902595035161274e-8,
				"PhiDegree": 240.81664689679704,
				"Power": -53.44037312739442
			}, {
				"Time": 3.8826270257223345e-7,
				"TimeDiff": 1.0346004891901769e-7,
				"PhiDegree": 244.4179793762246,
				"Power": -61.927903943228614
			}]
	}
}