{
	"SensorDataCollection": {
		"SensorId": 0,
		"SensorDatas": [{
				"Time": 3.6749003136003794e-7,
				"TimeDiff": 0.0,
				"PhiDegree": 130.30686389921956,
				"Power": -48.898418796547915
			}, {
				"Time": 4.2326393439032535e-7,
				"TimeDiff": 5.577390303028741e-8,
				"PhiDegree": 235.8306414579448,
				"Power": -53.475055587283435
			}, {
				"Time": 4.425690954522101e-7,
				"TimeDiff": 7.507906409217217e-8,
				"PhiDegree": 122.48928148848717,
				"Power": -55.18179538943983
			}, {
				"Time": 9.176017471632548e-7,
				"TimeDiff": 5.501117158032169e-7,
				"PhiDegree": 162.21718209827884,
				"Power": -84.62114866243317
			}]
	}
}