{
	"SensorDataCollection": {
		"SensorId": 0,
		"SensorDatas": [{
				"Time": 2.9285809438988764e-7,
				"TimeDiff": 0.0,
				"PhiDegree": 128.17350560941114,
				"Power": -46.95533738684958
			}, {
				"Time": 3.336132538192711e-7,
				"TimeDiff": 4.0755159429383465e-8,
				"PhiDegree": 122.85690534430768,
				"Power": -50.80940012954359
			}, {
				"Time": 3.50530199631461e-7,
				"TimeDiff": 5.7672105241573345e-8,
				"PhiDegree": 238.91165671506238,
				"Power": -52.28810794795686
			}, {
				"Time": 3.942096372876459e-7,
				"TimeDiff": 1.0135154289775828e-7,
				"PhiDegree": 242.66803744050782,
				"Power": -59.65236369338922
			}]
	}
}