{
	"SensorDataCollection": {
		"SensorId": 0,
		"SensorDatas": [{
				"Time": 3.7404316317695563e-7,
				"TimeDiff": 0.0,
				"PhiDegree": 131.47623799127447,
				"Power": -48.84712378577923
			}, {
				"Time": 4.289658761789784e-7,
				"TimeDiff": 5.492271300202278e-8,
				"PhiDegree": 234.72436603404856,
				"Power": -52.8365245029282
			}, {
				"Time": 4.480254111317889e-7,
				"TimeDiff": 7.398224795483327e-8,
				"PhiDegree": 123.56911662894929,
				"Power": -54.41588722014946
			}, {
				"Time": 9.080752322821796e-7,
				"TimeDiff": 5.34032069105224e-7,
				"PhiDegree": 162.02428959081726,
				"Power": -84.04321321894574
			}]
	}
}