{
	"SensorDataCollection": {
		"SensorId": 0,
		"SensorDatas": [{
				"Time": 6.161044385238315e-7,
				"TimeDiff": 0.0,
				"PhiDegree": 142.8864562560203,
				"Power": -54.91920485921014
			}, {
				"Time": 4.956061643026407e-7,
				"TimeDiff": -1.2049827422119073e-7,
				"PhiDegree": 58.32295272760737,
				"Power": -56.880725061283044
			}, {
				"Time": 6.615300266935133e-7,
				"TimeDiff": 4.542558816968186e-8,
				"PhiDegree": 159.63350318167386,
				"Power": -68.36844040130548
			}]
	}
}