{
	"SensorDataCollection": {
		"SensorId": 0,
		"SensorDatas": [{
				"Time": 3.784959659068511e-7,
				"TimeDiff": 0.0,
				"PhiDegree": 132.23312141970496,
				"Power": -48.848720827905936
			}, {
				"Time": 4.517495736668115e-7,
				"TimeDiff": 7.32536077599604e-8,
				"PhiDegree": 124.2743531360591,
				"Power": -53.965329706946605
			}, {
				"Time": 9.017300408939338e-7,
				"TimeDiff": 5.232340749870827e-7,
				"PhiDegree": 161.89343126784524,
				"Power": -83.65564185379844
			}]
	}
}