{
	"SensorDataCollection": {
		"SensorId": 0,
		"SensorDatas": [{
				"Time": 4.99013726936071e-7,
				"TimeDiff": 0.0,
				"PhiDegree": 131.57544463132615,
				"Power": -51.461581988621546
			}, {
				"Time": 6.773858636664034e-7,
				"TimeDiff": 1.7837213673033245e-7,
				"PhiDegree": 35.817137735658214,
				"Power": -56.467099178057325
			}, {
				"Time": 8.135881970842167e-7,
				"TimeDiff": 3.145744701481457e-7,
				"PhiDegree": 163.56192591333914,
				"Power": -76.56111186841486
			}, {
				"Time": 8.29130685784184e-7,
				"TimeDiff": 3.3011695884811304e-7,
				"PhiDegree": 160.24505039248427,
				"Power": -79.06643338090592
			}]
	}
}