{
	"SensorDataCollection": {
		"SensorId": 0,
		"SensorDatas": [{
				"Time": 4.859592720409636e-7,
				"TimeDiff": 0.0,
				"PhiDegree": 129.80939917222628,
				"Power": -51.71825704905767
			}, {
				"Time": 8.328090274564693e-7,
				"TimeDiff": 3.4684975541550563e-7,
				"PhiDegree": 163.9516842304598,
				"Power": -77.50633663849396
			}, {
				"Time": 8.479993018199928e-7,
				"TimeDiff": 3.6204002977902915e-7,
				"PhiDegree": 160.7022509191051,
				"Power": -80.28710090342626
			}]
	}
}