{
	"SensorDataCollection": {
		"SensorId": 0,
		"SensorDatas": [{
				"Time": 9.676260772760045e-8,
				"TimeDiff": 0.0,
				"PhiDegree": 0.0,
				"Power": -36.81530868629794
			}, {
				"Time": 1.194020444216682e-7,
				"TimeDiff": 2.2639436694067746e-8,
				"PhiDegree": 324.13436826923964,
				"Power": -39.562881452560404
			}, {
				"Time": 1.9229707056740522e-7,
				"TimeDiff": 9.553446283980477e-8,
				"PhiDegree": 300.2114963878635,
				"Power": -47.65574474479095
			}, {
				"Time": 4.962243810473659e-7,
				"TimeDiff": 3.9946177331976545e-7,
				"PhiDegree": 228.65344907314486,
				"Power": -51.46459969025629
			}]
	}
}