{
	"SensorDataCollection": {
		"SensorId": 0,
		"SensorDatas": [{
				"Time": 3.610954937036503e-7,
				"TimeDiff": 0.0,
				"PhiDegree": 129.09555384680246,
				"Power": -49.02084935218409
			}, {
				"Time": 4.177240603312897e-7,
				"TimeDiff": 5.662856662763938e-8,
				"PhiDegree": 236.96669288576874,
				"Power": -54.22939502972616
			}, {
				"Time": 4.37273869186656e-7,
				"TimeDiff": 7.617837548300568e-8,
				"PhiDegree": 121.38289246600209,
				"Power": -56.064629138743896
			}, {
				"Time": 9.27138448401469e-7,
				"TimeDiff": 5.660429546978187e-7,
				"PhiDegree": 162.40610846127652,
				"Power": -85.19499355326724
			}]
	}
}