{
	"SensorDataCollection": {
		"SensorId": 0,
		"SensorDatas": [{
				"Time": 5.171131368777918e-7,
				"TimeDiff": 0.0,
				"PhiDegree": 133.78850947697896,
				"Power": -51.44438293305366
			}, {
				"Time": 6.559267311092461e-7,
				"TimeDiff": 1.3881359423145432e-7,
				"PhiDegree": 37.1817598833334,
				"Power": -55.42833312525721
			}, {
				"Time": 7.880223185972105e-7,
				"TimeDiff": 2.7090918171941873e-7,
				"PhiDegree": 163.01270845281257,
				"Power": -75.27449103671952
			}, {
				"Time": 8.040591484968804e-7,
				"TimeDiff": 2.8694601161908865e-7,
				"PhiDegree": 159.60212961599012,
				"Power": -77.41327057413912
			}]
	}
}