{
	"SensorDataCollection": {
		"SensorId": 0,
		"SensorDatas": [{
				"Time": 4.390382069027804e-7,
				"TimeDiff": 0.0,
				"PhiDegree": 57.85983906387621,
				"Power": -53.600369451555196
			}, {
				"Time": 4.821242453636977e-7,
				"TimeDiff": 4.308603846091729e-8,
				"PhiDegree": 61.02357964540928,
				"Power": -59.40618839733844
			}, {
				"Time": 6.866173042257526e-7,
				"TimeDiff": 2.475790973229722e-7,
				"PhiDegree": 160.40873178341334,
				"Power": -69.81406398237696
			}]
	}
}