{
	"SensorDataCollection": {
		"SensorId": 0,
		"SensorDatas": [{
				"Time": 5.034669062671349e-7,
				"TimeDiff": 0.0,
				"PhiDegree": 132.14357488075314,
				"Power": -51.42498505621694
			}, {
				"Time": 6.71985920416162e-7,
				"TimeDiff": 1.685190141490272e-7,
				"PhiDegree": 36.15011069429675,
				"Power": -56.20038698601053
			}, {
				"Time": 8.07189885558672e-7,
				"TimeDiff": 3.037229792915372e-7,
				"PhiDegree": 163.42788391425938,
				"Power": -76.24230206759253
			}, {
				"Time": 8.22853237839183e-7,
				"TimeDiff": 3.193863315720482e-7,
				"PhiDegree": 160.08799439895887,
				"Power": -78.65587492451347
			}]
	}
}