{
	"SensorDataCollection": {
		"SensorId": 0,
		"SensorDatas": [{
				"Time": 4.719758914861142e-7,
				"TimeDiff": 0.0,
				"PhiDegree": 127.05978707157159,
				"Power": -52.6324673509058
			}, {
				"Time": 8.593944376494856e-7,
				"TimeDiff": 3.874185461633714e-7,
				"PhiDegree": 164.2298756966733,
				"Power": -78.323052546312
			}, {
				"Time": 8.72172121484109e-7,
				"TimeDiff": 4.0019622999799474e-7,
				"PhiDegree": 161.48866553719228,
				"Power": -82.3752797442375
			}]
	}
}