{
	"SensorDataCollection": {
		"SensorId": 0,
		"SensorDatas": [{
				"Time": 6.187684898622627e-7,
				"TimeDiff": 0.0,
				"PhiDegree": 143.07288272175464,
				"Power": -55.05366516588789
			}, {
				"Time": 4.97366443337239e-7,
				"TimeDiff": -1.2140204652502366e-7,
				"PhiDegree": 57.99583910361767,
				"Power": -56.617158790357664
			}, {
				"Time": 6.584029970570696e-7,
				"TimeDiff": 3.963450719480692e-8,
				"PhiDegree": 159.53245006330275,
				"Power": -68.1854723497626
			}]
	}
}