{
	"SensorDataCollection": {
		"SensorId": 0,
		"SensorDatas": [{
				"Time": 3.6278733388550274e-7,
				"TimeDiff": 0.0,
				"PhiDegree": 130.2458891629505,
				"Power": -48.79885453451024
			}, {
				"Time": 4.186302046395562e-7,
				"TimeDiff": 5.5842870754053437e-8,
				"PhiDegree": 235.95199683313348,
				"Power": -53.467664848815076
			}, {
				"Time": 4.4361519549171786e-7,
				"TimeDiff": 8.082786160621511e-8,
				"PhiDegree": 121.89428817978038,
				"Power": -55.721305204373365
			}, {
				"Time": 9.197694969049884e-7,
				"TimeDiff": 5.569821630194857e-7,
				"PhiDegree": 162.4785834701609,
				"Power": -85.31317044203635
			}]
	}
}