{
	"SensorDataCollection": {
		"SensorId": 0,
		"SensorDatas": [{
				"Time": 4.679845504573524e-7,
				"TimeDiff": 0.0,
				"PhiDegree": 126.4077882622277,
				"Power": -52.91079103794689
			}, {
				"Time": 8.785026897732559e-7,
				"TimeDiff": 4.105181393159035e-7,
				"PhiDegree": 161.62684791120267,
				"Power": -82.77309016165665
			}]
	}
}