{
	"SensorDataCollection": {
		"SensorId": 0,
		"SensorDatas": [{
				"Time": 5.126836796605963e-7,
				"TimeDiff": 0.0,
				"PhiDegree": 132.72283713740694,
				"Power": -51.487876059108885
			}, {
				"Time": 6.659269806245125e-7,
				"TimeDiff": 1.532433009639162e-7,
				"PhiDegree": 36.8899933688696,
				"Power": -55.71123158820326
			}, {
				"Time": 7.985703826521354e-7,
				"TimeDiff": 2.858867029915391e-7,
				"PhiDegree": 162.993582815172,
				"Power": -75.35558802213734
			}, {
				"Time": 8.123054019766172e-7,
				"TimeDiff": 2.996217223160209e-7,
				"PhiDegree": 160.06881039225308,
				"Power": -78.50199134875638
			}]
	}
}