{
	"SensorDataCollection": {
		"SensorId": 0,
		"SensorDatas": [{
				"Time": 3.782975441501215e-7,
				"TimeDiff": 0.0,
				"PhiDegree": 132.9469900844237,
				"Power": -48.77116027916915
			}, {
				"Time": 4.5638670440035487e-7,
				"TimeDiff": 7.808916025023339e-8,
				"PhiDegree": 124.38460244423688,
				"Power": -53.975672112483664
			}, {
				"Time": 8.975241878589014e-7,
				"TimeDiff": 5.192266437087799e-7,
				"PhiDegree": 162.02968838738752,
				"Power": -83.95524450475892
			}]
	}
}