{
	"SensorDataCollection": {
		"SensorId": 0,
		"SensorDatas": [{
				"Time": 6.369534180762562e-7,
				"TimeDiff": 0.0,
				"PhiDegree": 38.87224199345258,
				"Power": -54.40950486336146
			}, {
				"Time": 7.635477412480622e-7,
				"TimeDiff": 1.2659432317180606e-7,
				"PhiDegree": 162.18802372608585,
				"Power": -73.56104782358608
			}, {
				"Time": 7.779013839788651e-7,
				"TimeDiff": 1.4094796590260893e-7,
				"PhiDegree": 159.14722611785385,
				"Power": -76.18234400839475
			}]
	}
}