{
	"SensorDataCollection": {
		"SensorId": 0,
		"SensorDatas": [{
				"Time": 5.101295903380807e-7,
				"TimeDiff": 0.0,
				"PhiDegree": 55.77068715291206,
				"Power": -55.05356900733736
			}, {
				"Time": 6.375941155064809e-7,
				"TimeDiff": 1.2746452516840022e-7,
				"PhiDegree": 144.3339839365381,
				"Power": -56.03333499973745
			}, {
				"Time": 6.365733867265123e-7,
				"TimeDiff": 1.2644379638843165e-7,
				"PhiDegree": 158.79732617849868,
				"Power": -66.89077739043015
			}]
	}
}