{
	"SensorDataCollection": {
		"SensorId": 0,
		"SensorDatas": [{
				"Time": 6.395545795169393e-7,
				"TimeDiff": 0.0,
				"PhiDegree": 38.68464383387241,
				"Power": -54.520203243854496
			}, {
				"Time": 7.667251219058768e-7,
				"TimeDiff": 1.2717054238893752e-7,
				"PhiDegree": 162.26429553435398,
				"Power": -73.72657234075609
			}, {
				"Time": 7.810203727130282e-7,
				"TimeDiff": 1.4146579319608892e-7,
				"PhiDegree": 159.23435874123055,
				"Power": -76.39551764210445
			}]
	}
}