{
	"SensorDataCollection": {
		"SensorId": 0,
		"SensorDatas": [{
				"Time": 5.172344197511882e-7,
				"TimeDiff": 0.0,
				"PhiDegree": 133.26591031503924,
				"Power": -51.495346758073126
			}, {
				"Time": 6.606019043384631e-7,
				"TimeDiff": 1.433674845872749e-7,
				"PhiDegree": 37.23743296211742,
				"Power": -55.46178312471393
			}, {
				"Time": 7.921913130753841e-7,
				"TimeDiff": 2.7495689332419585e-7,
				"PhiDegree": 162.85241783716822,
				"Power": -75.03357066808465
			}, {
				"Time": 8.060350405182872e-7,
				"TimeDiff": 2.88800620767099e-7,
				"PhiDegree": 159.90710487503807,
				"Power": -78.08440305348961
			}]
	}
}