{
	"SensorDataCollection": {
		"SensorId": 0,
		"SensorDatas": [{
				"Time": 6.241159931187294e-7,
				"TimeDiff": 0.0,
				"PhiDegree": 143.44095135512686,
				"Power": -55.32691706181815
			}, {
				"Time": 5.009351212972461e-7,
				"TimeDiff": -1.2318087182148337e-7,
				"PhiDegree": 57.348561285303155,
				"Power": -56.121486216741374
			}, {
				"Time": 6.521551703634558e-7,
				"TimeDiff": 2.8039177244726358e-8,
				"PhiDegree": 159.3274381792603,
				"Power": -67.81803725220769
			}]
	}
}