{
	"SensorDataCollection": {
		"SensorId": 0,
		"SensorDatas": [{
				"Time": 4.6997261369995687e-7,
				"TimeDiff": 0.0,
				"PhiDegree": 126.73517196860242,
				"Power": -52.76714780397806
			}, {
				"Time": 8.626059642199215e-7,
				"TimeDiff": 3.926333505199646e-7,
				"PhiDegree": 164.29010875146918,
				"Power": -78.47475089031124
			}, {
				"Time": 8.75336769214567e-7,
				"TimeDiff": 4.053641555146101e-7,
				"PhiDegree": 161.55800656310913,
				"Power": -82.57442038215677
			}]
	}
}