{
	"SensorDataCollection": {
		"SensorId": 0,
		"SensorDatas": [{
				"Time": 2.855738102548816e-7,
				"TimeDiff": 0.0,
				"PhiDegree": 125.12693394317644,
				"Power": -47.29131343127466
			}, {
				"Time": 3.219903898173156e-7,
				"TimeDiff": 3.641657956243399e-8,
				"PhiDegree": 120.68475787733439,
				"Power": -51.813202073328114
			}, {
				"Time": 3.451445999943462e-7,
				"TimeDiff": 5.957078973946458e-8,
				"PhiDegree": 241.570343203229,
				"Power": -54.053388919569045
			}, {
				"Time": 3.838155934084913e-7,
				"TimeDiff": 9.824178315360966e-8,
				"PhiDegree": 244.65216563055986,
				"Power": -62.17369784007266
			}]
	}
}