{
	"SensorDataCollection": {
		"SensorId": 0,
		"SensorDatas": [{
				"Time": 2.9962247780979713e-7,
				"TimeDiff": 0.0,
				"PhiDegree": 128.78237462341897,
				"Power": -47.06814830508597
			}, {
				"Time": 3.345131376195831e-7,
				"TimeDiff": 3.489065980978597e-8,
				"PhiDegree": 124.12723296354149,
				"Power": -50.17821798668851
			}, {
				"Time": 3.568557453799063e-7,
				"TimeDiff": 5.7233267570109166e-8,
				"PhiDegree": 238.2707134418939,
				"Power": -52.044249178551496
			}, {
				"Time": 3.9438006776319664e-7,
				"TimeDiff": 9.47575899533995e-8,
				"PhiDegree": 241.58413737629093,
				"Power": -58.31322423724707
			}]
	}
}