{
	"SensorDataCollection": {
		"SensorId": 0,
		"SensorDatas": [{
				"Time": 3.67134072344874e-7,
				"TimeDiff": 0.0,
				"PhiDegree": 131.04082971245722,
				"Power": -48.75454332964753
			}, {
				"Time": 4.224026819106817e-7,
				"TimeDiff": 5.526860956580771e-8,
				"PhiDegree": 235.20197052477607,
				"Power": -53.01758301338592
			}, {
				"Time": 4.4717694385996114e-7,
				"TimeDiff": 8.004287151508715e-8,
				"PhiDegree": 122.62025130877271,
				"Power": -55.16121426054734
			}, {
				"Time": 9.134080335553981e-7,
				"TimeDiff": 5.462739612105241e-7,
				"PhiDegree": 162.35255924224603,
				"Power": -84.92751516540937
			}]
	}
}