{
	"SensorDataCollection": {
		"SensorId": 0,
		"SensorDatas": [{
				"Time": 4.885270791381665e-7,
				"TimeDiff": 0.0,
				"PhiDegree": 129.5588546887125,
				"Power": -51.849594441186184
			}, {
				"Time": 6.95630691672415e-7,
				"TimeDiff": 2.0710361253424853e-7,
				"PhiDegree": 35.0750082967075,
				"Power": -57.16567135312293
			}, {
				"Time": 8.337376013360839e-7,
				"TimeDiff": 3.4521052219791745e-7,
				"PhiDegree": 163.73132038794742,
				"Power": -77.09353172762718
			}, {
				"Time": 8.469024724918817e-7,
				"TimeDiff": 3.5837539335371527e-7,
				"PhiDegree": 160.9153031980037,
				"Power": -80.76517321550998
			}]
	}
}