{
	"SensorDataCollection": {
		"SensorId": 0,
		"SensorDatas": [{
				"Time": 5.149532668168697e-7,
				"TimeDiff": 0.0,
				"PhiDegree": 132.99557353200632,
				"Power": -51.48909308244697
			}, {
				"Time": 6.632613938653218e-7,
				"TimeDiff": 1.4830812704845205e-7,
				"PhiDegree": 37.06301580110544,
				"Power": -55.585862491201596
			}, {
				"Time": 7.953802443505668e-7,
				"TimeDiff": 2.8042697753369706e-7,
				"PhiDegree": 162.92328336720465,
				"Power": -75.19481401136363
			}, {
				"Time": 8.09169415595018e-7,
				"TimeDiff": 2.942161487781483e-7,
				"PhiDegree": 159.9882709029334,
				"Power": -78.29343049878375
			}]
	}
}