{
	"SensorDataCollection": {
		"SensorId": 0,
		"SensorDatas": [{
				"Time": 2.9345638109517245e-7,
				"TimeDiff": 0.0,
				"PhiDegree": 127.25869275079637,
				"Power": -47.11722620317069
			}, {
				"Time": 3.290016073466676e-7,
				"TimeDiff": 3.5545226251495164e-8,
				"PhiDegree": 122.68404296750163,
				"Power": -50.78385320049226
			}, {
				"Time": 3.5169452854322484e-7,
				"TimeDiff": 5.8238147448052397e-8,
				"PhiDegree": 239.65787242882647,
				"Power": -52.80973706994976
			}, {
				"Time": 3.8971612263992395e-7,
				"TimeDiff": 9.625974154475151e-8,
				"PhiDegree": 242.87859010527526,
				"Power": -59.8264721542121
			}]
	}
}