{
	"SensorDataCollection": {
		"SensorId": 0,
		"SensorDatas": [{
				"Time": 6.240525901018921e-7,
				"TimeDiff": 0.0,
				"PhiDegree": 39.833576656053154,
				"Power": -53.88249336919074
			}, {
				"Time": 7.476816511767354e-7,
				"TimeDiff": 1.2362906107484334e-7,
				"PhiDegree": 161.79694853916575,
				"Power": -72.72618284010693
			}, {
				"Time": 7.623340878759032e-7,
				"TimeDiff": 1.382814977740111e-7,
				"PhiDegree": 158.7008797117178,
				"Power": -75.10972087135298
			}]
	}
}