{
	"SensorDataCollection": {
		"SensorId": 0,
		"SensorDatas": [{
				"Time": 4.971336158655128e-7,
				"TimeDiff": 0.0,
				"PhiDegree": 130.7448637275942,
				"Power": -51.63256438216196
			}, {
				"Time": 6.847508086761949e-7,
				"TimeDiff": 1.8761719281068212e-7,
				"PhiDegree": 35.716765668961706,
				"Power": -56.6220004567156
			}, {
				"Time": 8.209339648289045e-7,
				"TimeDiff": 3.2380034896339174e-7,
				"PhiDegree": 163.47036655239393,
				"Power": -76.46798226791246
			}, {
				"Time": 8.343008957450069e-7,
				"TimeDiff": 3.3716727987949413e-7,
				"PhiDegree": 160.61561241241787,
				"Power": -79.94879009429215
			}]
	}
}