{
	"SensorDataCollection": {
		"SensorId": 0,
		"SensorDatas": [{
				"Time": 6.31771833100949e-7,
				"TimeDiff": 0.0,
				"PhiDegree": 39.25206242914133,
				"Power": -54.19326018923907
			}, {
				"Time": 7.571970902193989e-7,
				"TimeDiff": 1.2542525711844986e-7,
				"PhiDegree": 162.03356046727876,
				"Power": -73.22855329202037
			}, {
				"Time": 7.716688690545578e-7,
				"TimeDiff": 1.3989703595360882e-7,
				"PhiDegree": 158.97084881933958,
				"Power": -75.75463962557012
			}]
	}
}