{
	"SensorDataCollection": {
		"SensorId": 0,
		"SensorDatas": [{
				"Time": 5.082601947730377e-7,
				"TimeDiff": 0.0,
				"PhiDegree": 56.08167611249028,
				"Power": -55.2485744533511
			}, {
				"Time": 6.348863101108887e-7,
				"TimeDiff": 1.26626115337851e-7,
				"PhiDegree": 144.1584141650057,
				"Power": -55.88955204911815
			}, {
				"Time": 6.396852991020176e-7,
				"TimeDiff": 1.314251043289799e-7,
				"PhiDegree": 158.90541387578978,
				"Power": -67.07721323748125
			}]
	}
}