{
	"SensorDataCollection": {
		"SensorId": 0,
		"SensorDatas": [{
				"Time": 5.264716710372206e-7,
				"TimeDiff": 0.0,
				"PhiDegree": 134.3236553636318,
				"Power": -51.568075176843564
			}, {
				"Time": 6.500264127393509e-7,
				"TimeDiff": 1.235547417021303e-7,
				"PhiDegree": 37.94932383255458,
				"Power": -54.979115254837296
			}, {
				"Time": 7.794479544506379e-7,
				"TimeDiff": 2.529762834134173e-7,
				"PhiDegree": 162.5631604603988,
				"Power": -74.38387749292835
			}, {
				"Time": 7.935140349915051e-7,
				"TimeDiff": 2.6704236395428445e-7,
				"PhiDegree": 159.57603367541913,
				"Power": -77.24364745320929
			}]
	}
}