{
	"SensorDataCollection": {
		"SensorId": 0,
		"SensorDatas": [{
				"Time": 4.220733916072789e-7,
				"TimeDiff": 0.0,
				"PhiDegree": 62.70894510497915,
				"Power": -56.74304618209774
			}, {
				"Time": 7.255307134036014e-7,
				"TimeDiff": 3.034573217963225e-7,
				"PhiDegree": 161.2207493532551,
				"Power": -71.53693223736224
			}]
	}
}