{
	"SensorDataCollection": {
		"SensorId": 0,
		"SensorDatas": [{
				"Time": 7.28690523630688e-7,
				"TimeDiff": 0.0,
				"PhiDegree": 161.3052074009669,
				"Power": -71.70829331142711
			}]
	}
}