{
	"SensorDataCollection": {
		"SensorId": 0,
		"SensorDatas": [{
				"Time": 4.739941909087077e-7,
				"TimeDiff": 0.0,
				"PhiDegree": 127.38164796675574,
				"Power": -52.506503269792375
			}, {
				"Time": 8.561838679704934e-7,
				"TimeDiff": 3.8218967706178566e-7,
				"PhiDegree": 164.16919084333992,
				"Power": -78.17091538214498
			}, {
				"Time": 8.690087604875633e-7,
				"TimeDiff": 3.9501456957885553e-7,
				"PhiDegree": 161.41881957869742,
				"Power": -82.17566791523967
			}]
	}
}