{
	"SensorDataCollection": {
		"SensorId": 0,
		"SensorDatas": [{
				"Time": 6.343591410013e-7,
				"TimeDiff": 0.0,
				"PhiDegree": 39.06137659850442,
				"Power": -54.30050822731512
			}, {
				"Time": 7.603717249631255e-7,
				"TimeDiff": 1.2601258396182545e-7,
				"PhiDegree": 162.11111461720884,
				"Power": -73.39504181868182
			}, {
				"Time": 7.74784208766941e-7,
				"TimeDiff": 1.4042506776564096e-7,
				"PhiDegree": 159.05939217178332,
				"Power": -75.96871736187336
			}]
	}
}