{
	"SensorDataCollection": {
		"SensorId": 0,
		"SensorDatas": [{
				"Time": 6.214390358506851e-7,
				"TimeDiff": 0.0,
				"PhiDegree": 143.25770884774047,
				"Power": -55.189583899200244
			}, {
				"Time": 4.991428194174874e-7,
				"TimeDiff": -1.2229621643319765e-7,
				"PhiDegree": 57.67104325414642,
				"Power": -56.36417079942176
			}, {
				"Time": 6.552780350395453e-7,
				"TimeDiff": 3.3838999188860196e-8,
				"PhiDegree": 159.43043279859478,
				"Power": -68.0020041912575
			}]
	}
}