{
	"SensorDataCollection": {
		"SensorId": 0,
		"SensorDatas": [{
				"Time": 4.92803953745812e-7,
				"TimeDiff": 0.0,
				"PhiDegree": 130.1570373566101,
				"Power": -51.72784470746606
			}, {
				"Time": 6.901799271782564e-7,
				"TimeDiff": 1.973759734324444e-7,
				"PhiDegree": 35.393357856605874,
				"Power": -56.89190661438025
			}, {
				"Time": 8.273336379815501e-7,
				"TimeDiff": 3.345296842357381e-7,
				"PhiDegree": 163.60185308558295,
				"Power": -76.78166655168877
			}, {
				"Time": 8.405988095203338e-7,
				"TimeDiff": 3.477948557745218e-7,
				"PhiDegree": 160.76658098433236,
				"Power": -80.35792542456232
			}]
	}
}