{
	"SensorDataCollection": {
		"SensorId": 0,
		"SensorDatas": [{
				"Time": 5.037241035325057e-7,
				"TimeDiff": 0.0,
				"PhiDegree": 131.60750565868636,
				"Power": -51.536214038251956
			}, {
				"Time": 6.766488563495602e-7,
				"TimeDiff": 1.7292475281705451e-7,
				"PhiDegree": 36.211581778492175,
				"Power": -56.22489615993108
			}, {
				"Time": 8.113427212853198e-7,
				"TimeDiff": 3.076186177528141e-7,
				"PhiDegree": 163.26924927438935,
				"Power": -75.99401840011633
			}, {
				"Time": 8.248650928569373e-7,
				"TimeDiff": 3.2114098932443163e-7,
				"PhiDegree": 160.3848397699504,
				"Power": -79.33155277078666
			}]
	}
}