{
	"SensorDataCollection": {
		"SensorId": 0,
		"SensorDatas": [{
				"Time": 2.975438942175343e-7,
				"TimeDiff": 0.0,
				"PhiDegree": 128.28151052605233,
				"Power": -47.0774374572818
			}, {
				"Time": 3.3265264017793547e-7,
				"TimeDiff": 3.510874596040116e-8,
				"PhiDegree": 123.6514943901619,
				"Power": -50.36548281800955
			}, {
				"Time": 3.5511232418475903e-7,
				"TimeDiff": 5.756842996722472e-8,
				"PhiDegree": 238.72860965054414,
				"Power": -52.28465958041778
			}, {
				"Time": 3.9280323016257954e-7,
				"TimeDiff": 9.525933594504524e-8,
				"PhiDegree": 242.01219807634146,
				"Power": -58.79574545050566
			}]
	}
}