{
	"SensorDataCollection": {
		"SensorId": 0,
		"SensorDatas": [{
				"Time": 6.266184699003211e-7,
				"TimeDiff": 0.0,
				"PhiDegree": 39.63814741597278,
				"Power": -53.9842030157762
			}, {
				"Time": 7.508520354425429e-7,
				"TimeDiff": 1.242335655422218e-7,
				"PhiDegree": 161.87648547557225,
				"Power": -72.8941247351886
			}, {
				"Time": 7.654437857605387e-7,
				"TimeDiff": 1.3882531586021763e-7,
				"PhiDegree": 158.79160097086253,
				"Power": -75.32513915971188
			}]
	}
}