{
	"SensorDataCollection": {
		"SensorId": 0,
		"SensorDatas": [{
				"Time": 6.291915803493433e-7,
				"TimeDiff": 0.0,
				"PhiDegree": 39.444314371450915,
				"Power": -54.08780873584209
			}, {
				"Time": 7.540238544668165e-7,
				"TimeDiff": 1.2483227411747323e-7,
				"PhiDegree": 161.9553534149216,
				"Power": -73.06158124880183
			}, {
				"Time": 7.685553871623114e-7,
				"TimeDiff": 1.3936380681296813e-7,
				"PhiDegree": 158.88158785929033,
				"Power": -75.54011283857322
			}]
	}
}