{
	"SensorDataCollection": {
		"SensorId": 0,
		"SensorDatas": [{
				"Time": 4.843043905384414e-7,
				"TimeDiff": 0.0,
				"PhiDegree": 128.95017349731984,
				"Power": -51.999304498185495
			}, {
				"Time": 8.401457567870504e-7,
				"TimeDiff": 3.55841366248609e-7,
				"PhiDegree": 163.85881332669123,
				"Power": -77.4035902150036
			}, {
				"Time": 8.532117572317563e-7,
				"TimeDiff": 3.689073666933149e-7,
				"PhiDegree": 161.06182686060183,
				"Power": -81.17053235059689
			}]
	}
}