{
	"SensorDataCollection": {
		"SensorId": 0,
		"SensorDatas": [{
				"Time": 6.403078570857216e-7,
				"TimeDiff": 0.0,
				"PhiDegree": 144.5080671376735,
				"Power": -56.17829057396064
			}, {
				"Time": 6.334637620611226e-7,
				"TimeDiff": -6.844095024598954e-9,
				"PhiDegree": 158.68817690126858,
				"Power": -66.70385386212202
			}]
	}
}