{
	"SensorDataCollection": {
		"SensorId": 0,
		"SensorDatas": [{
				"Time": 3.80578706631813e-7,
				"TimeDiff": 0.0,
				"PhiDegree": 133.31468912986557,
				"Power": -48.79424249856578
			}, {
				"Time": 4.58279329650539e-7,
				"TimeDiff": 7.770062301872599e-8,
				"PhiDegree": 124.72887160868311,
				"Power": -53.77262658725115
			}, {
				"Time": 8.943509117020361e-7,
				"TimeDiff": 5.137722050702232e-7,
				"PhiDegree": 161.96373858333044,
				"Power": -83.75939065777737
			}]
	}
}