{
	"SensorDataCollection": {
		"SensorId": 0,
		"SensorDatas": [{
				"Time": 5.064058832575894e-7,
				"TimeDiff": 0.0,
				"PhiDegree": 56.39495186084224,
				"Power": -55.452629489278465
			}, {
				"Time": 6.321845171774552e-7,
				"TimeDiff": 1.2577863391986584e-7,
				"PhiDegree": 143.98134203944878,
				"Power": -55.746979517908485
			}, {
				"Time": 6.427994659619423e-7,
				"TimeDiff": 1.3639358270435288e-7,
				"PhiDegree": 159.01245464726634,
				"Power": -67.26315914987413
			}]
	}
}