{
	"SensorDataCollection": {
		"SensorId": 0,
		"SensorDatas": [{
				"Time": 3.693334744283791e-7,
				"TimeDiff": 0.0,
				"PhiDegree": 131.43124563978134,
				"Power": -48.743852005719816
			}, {
				"Time": 4.243157007961685e-7,
				"TimeDiff": 5.498222636778939e-8,
				"PhiDegree": 234.83199024698314,
				"Power": -52.811400935334035
			}, {
				"Time": 4.4898441774380316e-7,
				"TimeDiff": 7.965094331542404e-8,
				"PhiDegree": 122.97888487006136,
				"Power": -54.90028472831281
			}, {
				"Time": 9.102289763896215e-7,
				"TimeDiff": 5.408955019612423e-7,
				"PhiDegree": 162.28888670813205,
				"Power": -84.73399192631894
			}]
	}
}