{
	"SensorDataCollection": {
		"SensorId": 0,
		"SensorDatas": [{
				"Time": 6.447772220000095e-7,
				"TimeDiff": 0.0,
				"PhiDegree": 38.31399826885271,
				"Power": -54.74652332284258
			}, {
				"Time": 7.730839090419251e-7,
				"TimeDiff": 1.2830668704191555e-7,
				"PhiDegree": 162.41495761943054,
				"Power": -74.05618123408283
			}, {
				"Time": 7.8726370451759e-7,
				"TimeDiff": 1.4248648251758043e-7,
				"PhiDegree": 159.4065517785383,
				"Power": -76.82049873793623
			}]
	}
}