{
	"SensorDataCollection": {
		"SensorId": 0,
		"SensorDatas": [{
				"Time": 5.081798217413678e-7,
				"TimeDiff": 0.0,
				"PhiDegree": 132.1700873446764,
				"Power": -51.501112035112584
			}, {
				"Time": 6.71276155134036e-7,
				"TimeDiff": 1.6309633339266818e-7,
				"PhiDegree": 36.548078628108065,
				"Power": -55.96569548951642
			}, {
				"Time": 8.049542229257722e-7,
				"TimeDiff": 2.967744011844043e-7,
				"PhiDegree": 163.1325095547813,
				"Power": -75.67573353449211
			}, {
				"Time": 8.185821345700439e-7,
				"TimeDiff": 3.104023128286761e-7,
				"PhiDegree": 160.22803730712468,
				"Power": -78.91770990163147
			}]
	}
}