{
	"SensorDataCollection": {
		"SensorId": 0,
		"SensorDatas": [{
				"Time": 5.241457593217393e-7,
				"TimeDiff": 0.0,
				"PhiDegree": 134.06271985488968,
				"Power": -51.54299246175765
			}, {
				"Time": 6.526607636556498e-7,
				"TimeDiff": 1.2851500433391047e-7,
				"PhiDegree": 37.76918999973962,
				"Power": -55.09765729841655
			}, {
				"Time": 7.826319089256272e-7,
				"TimeDiff": 2.584861496038879e-7,
				"PhiDegree": 162.63635779219965,
				"Power": -74.54701134022122
			}, {
				"Time": 7.966417732580856e-7,
				"TimeDiff": 2.724960139363463e-7,
				"PhiDegree": 159.659776960917,
				"Power": -77.45453099531454
			}]
	}
}