{
	"SensorDataCollection": {
		"SensorId": 0,
		"SensorDatas": [{
				"Time": 3.6064062504906234e-7,
				"TimeDiff": 0.0,
				"PhiDegree": 129.84127192992062,
				"Power": -48.83306173941165
			}, {
				"Time": 4.167712310663775e-7,
				"TimeDiff": 5.613060601731514e-8,
				"PhiDegree": 236.33206913167015,
				"Power": -53.71236097799999
			}, {
				"Time": 4.418613498363283e-7,
				"TimeDiff": 8.122072478726595e-8,
				"PhiDegree": 121.52694725780287,
				"Power": -56.02123194523793
			}, {
				"Time": 9.229518800056322e-7,
				"TimeDiff": 5.623112549565698e-7,
				"PhiDegree": 162.54094396511366,
				"Power": -85.50530405814558
			}]
	}
}