{
	"SensorDataCollection": {
		"SensorId": 0,
		"SensorDatas": [{
				"Time": 4.780750922420145e-7,
				"TimeDiff": 0.0,
				"PhiDegree": 128.0171669527916,
				"Power": -52.279775125958
			}, {
				"Time": 8.497656426673353e-7,
				"TimeDiff": 3.7169055042532086e-7,
				"PhiDegree": 164.04644581123497,
				"Power": -77.86531804988417
			}, {
				"Time": 8.626859553099523e-7,
				"TimeDiff": 3.846108630679379e-7,
				"PhiDegree": 161.2775914897943,
				"Power": -81.77502956959702
			}]
	}
}