{
	"SensorDataCollection": {
		"SensorId": 0,
		"SensorDatas": [{
				"Time": 4.993178137758993e-7,
				"TimeDiff": 0.0,
				"PhiDegree": 131.03493881341635,
				"Power": -51.5944070071352
			}, {
				"Time": 6.820445282872519e-7,
				"TimeDiff": 1.827267145113526e-7,
				"PhiDegree": 35.88039772616607,
				"Power": -56.488567766361385
			}, {
				"Time": 8.177357685579624e-7,
				"TimeDiff": 3.184179547820631e-7,
				"PhiDegree": 163.4038516921037,
				"Power": -76.31045413945702
			}, {
				"Time": 8.311541356513225e-7,
				"TimeDiff": 3.3183632187542325e-7,
				"PhiDegree": 160.53927043979812,
				"Power": -79.7435152102393
			}]
	}
}