{
	"SensorDataCollection": {
		"SensorId": 0,
		"SensorDatas": [{
				"Time": 4.760273208979009e-7,
				"TimeDiff": 0.0,
				"PhiDegree": 127.70076950186083,
				"Power": -52.38901651437166
			}, {
				"Time": 8.529742659880778e-7,
				"TimeDiff": 3.7694694509017685e-7,
				"PhiDegree": 164.1080492267271,
				"Power": -78.01833776006526
			}, {
				"Time": 8.658467003281331e-7,
				"TimeDiff": 3.898193794302322e-7,
				"PhiDegree": 161.34846336206496,
				"Power": -81.9755846054577
			}]
	}
}