{
	"SensorDataCollection": {
		"SensorId": 0,
		"SensorDatas": [{
				"Time": 4.80137317606258e-7,
				"TimeDiff": 0.0,
				"PhiDegree": 128.33085600034823,
				"Power": -52.17855397239083
			}, {
				"Time": 8.465580091362337e-7,
				"TimeDiff": 3.664206915299757e-7,
				"PhiDegree": 163.98437548917943,
				"Power": -77.71185462957197
			}, {
				"Time": 8.595265399415652e-7,
				"TimeDiff": 3.793892223353072e-7,
				"PhiDegree": 161.2061984912875,
				"Power": -81.57400260827498
			}]
	}
}