{
	"SensorDataCollection": {
		"SensorId": 0,
		"SensorDatas": [{
				"Time": 6.267992795218189e-7,
				"TimeDiff": 0.0,
				"PhiDegree": 143.62262680934543,
				"Power": -55.46562175883031
			}, {
				"Time": 5.027431786479848e-7,
				"TimeDiff": -1.2405610087383413e-7,
				"PhiDegree": 57.02838877208536,
				"Power": -55.88883866555368
			}, {
				"Time": 6.490344333032212e-7,
				"TimeDiff": 2.2235153781402306e-8,
				"PhiDegree": 159.22345276798353,
				"Power": -67.6335729990787
			}]
	}
}