{
	"SensorDataCollection": {
		"SensorId": 0,
		"SensorDatas": [{
				"Time": 5.218308154758077e-7,
				"TimeDiff": 0.0,
				"PhiDegree": 133.799463723342,
				"Power": -51.52242639544576
			}, {
				"Time": 6.553015137532546e-7,
				"TimeDiff": 1.334706982774469e-7,
				"PhiDegree": 37.590506228060285,
				"Power": -55.21764224607813
			}, {
				"Time": 7.858171303775472e-7,
				"TimeDiff": 2.6398631490173946e-7,
				"PhiDegree": 162.70896184737654,
				"Power": -74.70967063751094
			}, {
				"Time": 7.997712000478756e-7,
				"TimeDiff": 2.779403845720678e-7,
				"PhiDegree": 159.74286506412213,
				"Power": -77.66495223092852
			}]
	}
}