{
	"SensorDataCollection": {
		"SensorId": 0,
		"SensorDatas": [{
				"Time": 4.864088729613877e-7,
				"TimeDiff": 0.0,
				"PhiDegree": 129.25583513133617,
				"Power": -51.92085787440796
			}, {
				"Time": 8.369411610662926e-7,
				"TimeDiff": 3.505322881049049e-7,
				"PhiDegree": 163.7953108990871,
				"Power": -77.24878602322244
			}, {
				"Time": 8.500564199617633e-7,
				"TimeDiff": 3.6364754700037555e-7,
				"PhiDegree": 160.98883691103757,
				"Power": -80.96808889918036
			}]
	}
}