{
	"SensorDataCollection": {
		"SensorId": 0,
		"SensorDatas": [{
				"Time": 3.875140128637972e-7,
				"TimeDiff": 0.0,
				"PhiDegree": 134.3916066884807,
				"Power": -48.89878231184157
			}, {
				"Time": 4.640548482768033e-7,
				"TimeDiff": 7.65408354130061e-8,
				"PhiDegree": 125.74465986456762,
				"Power": -53.22599005485054
			}, {
				"Time": 8.848382947202152e-7,
				"TimeDiff": 4.973242818564179e-7,
				"PhiDegree": 161.7630522455885,
				"Power": -83.16901868235288
			}]
	}
}