{
	"SensorDataCollection": {
		"SensorId": 0,
		"SensorDatas": [{
				"Time": 6.473985391217275e-7,
				"TimeDiff": 0.0,
				"PhiDegree": 38.13092184512659,
				"Power": -54.86205673205758
			}, {
				"Time": 7.762652825425991e-7,
				"TimeDiff": 1.2886674342087162e-7,
				"PhiDegree": 162.4893627921782,
				"Power": -74.22026785957527
			}, {
				"Time": 7.903880052937019e-7,
				"TimeDiff": 1.4298946617197443e-7,
				"PhiDegree": 159.49162778946433,
				"Power": -77.03230290267402
			}]
	}
}