{
	"SensorDataCollection": {
		"SensorId": 0,
		"SensorDatas": [{
				"Time": 7.413452605416204e-7,
				"TimeDiff": 0.0,
				"PhiDegree": 161.63583459322177,
				"Power": -72.3888394863244
			}, {
				"Time": 7.56120496586846e-7,
				"TimeDiff": 1.4775236045225638e-8,
				"PhiDegree": 158.51719969168963,
				"Power": -74.67756023690687
			}]
	}
}