{
	"SensorDataCollection": {
		"SensorId": 0,
		"SensorDatas": [{
				"Time": 5.104258125626449e-7,
				"TimeDiff": 0.0,
				"PhiDegree": 132.4476815646026,
				"Power": -51.49183474234843
			}, {
				"Time": 6.685985916902119e-7,
				"TimeDiff": 1.5817277912756704e-7,
				"PhiDegree": 36.718352120701525,
				"Power": -55.83785433412976
			}, {
				"Time": 8.017617135721396e-7,
				"TimeDiff": 2.913359010094948e-7,
				"PhiDegree": 163.06332272783322,
				"Power": -75.51589406686426
			}, {
				"Time": 8.154429810730786e-7,
				"TimeDiff": 3.0501716851043377e-7,
				"PhiDegree": 160.1487302550624,
				"Power": -78.7100847432379
			}]
	}
}