{
	"SensorDataCollection": {
		"SensorId": 0,
		"SensorDatas": [{
				"Time": 2.875066315697258e-7,
				"TimeDiff": 0.0,
				"PhiDegree": 125.67078513358703,
				"Power": -47.23505034061607
			}, {
				"Time": 3.2370584367259386e-7,
				"TimeDiff": 3.619921210286804e-8,
				"PhiDegree": 121.19265969561926,
				"Power": -51.53013637811202
			}, {
				"Time": 3.4674552195859175e-7,
				"TimeDiff": 5.9238890388865934e-8,
				"PhiDegree": 241.0854857208778,
				"Power": -53.71671032352373
			}, {
				"Time": 3.85255852436522e-7,
				"TimeDiff": 9.77492208667962e-8,
				"PhiDegree": 244.2037054374422,
				"Power": -61.548957966998785
			}]
	}
}