{
	"SensorDataCollection": {
		"SensorId": 0,
		"SensorDatas": [{
				"Time": 4.906588313297886e-7,
				"TimeDiff": 0.0,
				"PhiDegree": 129.85924954584323,
				"Power": -51.785319712084885
			}, {
				"Time": 6.92902635556209e-7,
				"TimeDiff": 2.022438042264204e-7,
				"PhiDegree": 35.23355699798534,
				"Power": -57.02832100354354
			}, {
				"Time": 8.305350895845667e-7,
				"TimeDiff": 3.3987625825477806e-7,
				"PhiDegree": 163.66683630589654,
				"Power": -76.93782575682482
			}, {
				"Time": 8.437499304073808e-7,
				"TimeDiff": 3.530910990775922e-7,
				"PhiDegree": 160.84121986732373,
				"Power": -80.56178535389694
			}]
	}
}