{
	"SensorDataCollection": {
		"SensorId": 0,
		"SensorDatas": [{
				"Time": 5.195269861135945e-7,
				"TimeDiff": 0.0,
				"PhiDegree": 133.53386713774523,
				"Power": -51.50650176347699
			}, {
				"Time": 6.579485859806853e-7,
				"TimeDiff": 1.384215998670907e-7,
				"PhiDegree": 37.413258512455045,
				"Power": -55.33903043333122
			}, {
				"Time": 7.89003603461974e-7,
				"TimeDiff": 2.694766173483795e-7,
				"PhiDegree": 162.78097957936774,
				"Power": -74.87185664947233
			}, {
				"Time": 8.029022956170917e-7,
				"TimeDiff": 2.8337530950349715e-7,
				"PhiDegree": 159.82530529860017,
				"Power": -77.87490995517824
			}]
	}
}