{
	"SensorDataCollection": {
		"SensorId": 0,
		"SensorDatas": [{
				"Time": 3.649519217303409e-7,
				"TimeDiff": 0.0,
				"PhiDegree": 130.64572644191733,
				"Power": -48.77278148899218
			}, {
				"Time": 4.2050743606204433e-7,
				"TimeDiff": 5.555551433170343e-8,
				"PhiDegree": 235.57530152261432,
				"Power": -53.236207277539506
			}, {
				"Time": 4.453871318505651e-7,
				"TimeDiff": 8.043521012022419e-8,
				"PhiDegree": 122.25872111124995,
				"Power": -55.434762445609095
			}, {
				"Time": 9.16588210933746e-7,
				"TimeDiff": 5.516362892034051e-7,
				"PhiDegree": 162.4157900199218,
				"Power": -85.1205744119639
			}]
	}
}