{
	"SensorDataCollection": {
		"SensorId": 0,
		"SensorDatas": [{
				"Time": 6.294888141234196e-7,
				"TimeDiff": 0.0,
				"PhiDegree": 143.8027516197652,
				"Power": -55.60565616918301
			}, {
				"Time": 5.045668220959608e-7,
				"TimeDiff": -1.249219920274588e-7,
				"PhiDegree": 56.71052077572028,
				"Power": -55.66596990452976
			}, {
				"Time": 6.459158546975166e-7,
				"TimeDiff": 1.642704057409702e-8,
				"PhiDegree": 159.11846289378238,
				"Power": -67.44861304388121
			}]
	}
}