{
	"SensorDataCollection": {
		"SensorId": 0,
		"SensorDatas": [{
				"Time": 5.059458653600059e-7,
				"TimeDiff": 0.0,
				"PhiDegree": 131.8900351200615,
				"Power": -51.515854810518036
			}, {
				"Time": 6.739596000116615e-7,
				"TimeDiff": 1.6801373465165567e-7,
				"PhiDegree": 36.379159579113306,
				"Power": -56.094720636685295
			}, {
				"Time": 8.081478967471725e-7,
				"TimeDiff": 3.022020313871666e-7,
				"PhiDegree": 163.20114965016677,
				"Power": -75.83510783535631
			}, {
				"Time": 8.217228444238935e-7,
				"TimeDiff": 3.157769790638876e-7,
				"PhiDegree": 160.3067382694725,
				"Power": -79.12486612042667
			}]
	}
}