{
	"SensorDataCollection": {
		"SensorId": 0,
		"SensorDatas": [{
				"Time": 2.9548836714553213e-7,
				"TimeDiff": 0.0,
				"PhiDegree": 127.77363877053557,
				"Power": -47.09368847415351
			}, {
				"Time": 3.3081533390934075e-7,
				"TimeDiff": 3.532696676380862e-8,
				"PhiDegree": 123.17043795877822,
				"Power": -50.567167802497124
			}, {
				"Time": 3.533918065265506e-7,
				"TimeDiff": 5.790343938101849e-8,
				"PhiDegree": 239.1909942449056,
				"Power": -52.539637495678036
			}, {
				"Time": 3.9124849361799974e-7,
				"TimeDiff": 9.57601264724676e-8,
				"PhiDegree": 242.4436850619482,
				"Power": -59.299903474534105
			}]
	}
}