{
	"SensorDataCollection": {
		"SensorId": 0,
		"SensorDatas": [{
				"Time": 8.254395564229744e-8,
				"TimeDiff": 0.0,
				"PhiDegree": 194.03624346792648,
				"Power": -35.4167994581656
			}, {
				"Time": 9.437336586284758e-8,
				"TimeDiff": 1.1829410220550132e-8,
				"PhiDegree": 211.94697730683743,
				"Power": -38.49044598211633
			}, {
				"Time": 4.14739906237578e-7,
				"TimeDiff": 3.3219595059528056e-7,
				"PhiDegree": 51.06145032681367,
				"Power": -50.65681294927046
			}, {
				"Time": 3.3238392697033195e-7,
				"TimeDiff": 2.498399713280345e-7,
				"PhiDegree": 103.94110584469296,
				"Power": -60.76043265640695
			}]
	}
}