{
	"SensorDataCollection": {
		"SensorId": 0,
		"SensorDatas": [{
				"Time": 4.746428146172047e-7,
				"TimeDiff": 0.0,
				"PhiDegree": 126.81705321990712,
				"Power": -52.809059214394836
			}, {
				"Time": 8.603072576042102e-7,
				"TimeDiff": 3.856644429870055e-7,
				"PhiDegree": 164.01602182837638,
				"Power": -77.91321410100956
			}, {
				"Time": 8.711185096614024e-7,
				"TimeDiff": 3.964756950441977e-7,
				"PhiDegree": 161.69677112409002,
				"Power": -82.8705744730423
			}]
	}
}