{
	"SensorDataCollection": {
		"SensorId": 0,
		"SensorDatas": [{
				"Time": 5.106577038963754e-7,
				"TimeDiff": 0.0,
				"PhiDegree": 131.91875858994794,
				"Power": -51.59070283746196
			}, {
				"Time": 6.73268451671992e-7,
				"TimeDiff": 1.626107477756166e-7,
				"PhiDegree": 36.776193659412804,
				"Power": -55.86713215291158
			}, {
				"Time": 8.05928705922326e-7,
				"TimeDiff": 2.9527100202595055e-7,
				"PhiDegree": 162.9055027721743,
				"Power": -75.27748561519508
			}, {
				"Time": 8.174594542959677e-7,
				"TimeDiff": 3.068017503995923e-7,
				"PhiDegree": 160.44811604672233,
				"Power": -79.39452339713208
			}]
	}
}