{
	"SensorDataCollection": {
		"SensorId": 0,
		"SensorDatas": [{
				"Time": 3.7815790395303844e-7,
				"TimeDiff": 0.0,
				"PhiDegree": 133.66149695963162,
				"Power": -48.71659834359761
			}, {
				"Time": 4.610254909531329e-7,
				"TimeDiff": 8.286758700009448e-8,
				"PhiDegree": 124.49263351349309,
				"Power": -53.98758735420961
			}, {
				"Time": 8.933234585763853e-7,
				"TimeDiff": 5.151655546233469e-7,
				"PhiDegree": 162.16722775119501,
				"Power": -84.26137862179078
			}]
	}
}