{
	"SensorDataCollection": {
		"SensorId": 0,
		"SensorDatas": [{
				"Time": 4.490648268618601e-7,
				"TimeDiff": 0.0,
				"PhiDegree": 56.64431778904938,
				"Power": -53.12441288185423
			}, {
				"Time": 4.858528897782958e-7,
				"TimeDiff": 3.678806291643566e-8,
				"PhiDegree": 59.45585029888214,
				"Power": -57.79393583455915
			}, {
				"Time": 6.752051763492183e-7,
				"TimeDiff": 2.2614034948735817e-7,
				"PhiDegree": 159.76222015327707,
				"Power": -68.72827060588071
			}]
	}
}