{
	"SensorDataCollection": {
		"SensorId": 0,
		"SensorDatas": [{
				"Time": 4.3328006382311643e-7,
				"TimeDiff": 0.0,
				"PhiDegree": 59.96309068917628,
				"Power": -54.83269429315716
			}, {
				"Time": 4.713018411676452e-7,
				"TimeDiff": 3.802177734452875e-8,
				"PhiDegree": 62.601547155178416,
				"Power": -61.11876429958775
			}, {
				"Time": 7.034577685048324e-7,
				"TimeDiff": 2.70177704681716e-7,
				"PhiDegree": 160.60832523940772,
				"Power": -70.32364014020327
			}]
	}
}