{
	"SensorDataCollection": {
		"SensorId": 0,
		"SensorDatas": [{
				"Time": 3.1286371421177897e-7,
				"TimeDiff": 0.0,
				"PhiDegree": 130.78170288817068,
				"Power": -47.220404912727034
			}, {
				"Time": 3.4147120531402955e-7,
				"TimeDiff": 2.8607491102250582e-8,
				"PhiDegree": 126.75949352333517,
				"Power": -49.24989763011351
			}, {
				"Time": 3.686772760422405e-7,
				"TimeDiff": 5.581356183046151e-8,
				"PhiDegree": 236.33783322541188,
				"Power": -51.25318013692237
			}, {
				"Time": 3.997153315418999e-7,
				"TimeDiff": 8.685161733012093e-8,
				"PhiDegree": 239.25262378710113,
				"Power": -55.895956731294206
			}]
	}
}