{
	"SensorDataCollection": {
		"SensorId": 0,
		"SensorDatas": [{
				"Time": 3.8046916656758223e-7,
				"TimeDiff": 0.0,
				"PhiDegree": 134.0250040741978,
				"Power": -48.75171346747619
			}, {
				"Time": 4.6292320064461275e-7,
				"TimeDiff": 8.245403407703052e-8,
				"PhiDegree": 124.8330086992452,
				"Power": -53.78960267401159
			}, {
				"Time": 8.901477144094132e-7,
				"TimeDiff": 5.09678547841831e-7,
				"PhiDegree": 162.1014571325912,
				"Power": -84.06413002948912
			}]
	}
}