{
	"SensorDataCollection": {
		"SensorId": 0,
		"SensorDatas": [{
				"Time": 5.084346349320776e-7,
				"TimeDiff": 0.0,
				"PhiDegree": 131.6389726194765,
				"Power": -51.61028274562034
			}, {
				"Time": 6.759439873341175e-7,
				"TimeDiff": 1.6750935240203987e-7,
				"PhiDegree": 36.606867235044405,
				"Power": -55.99350568355456
			}, {
				"Time": 8.09118533368554e-7,
				"TimeDiff": 3.0068389843647636e-7,
				"PhiDegree": 162.97495584188914,
				"Power": -75.4361147816393
			}, {
				"Time": 8.206044610095086e-7,
				"TimeDiff": 3.1216982607743096e-7,
				"PhiDegree": 160.526081586578,
				"Power": -79.60286358193535
			}]
	}
}