{
	"SensorDataCollection": {
		"SensorId": 0,
		"SensorDatas": [{
				"Time": 4.807081787798502e-7,
				"TimeDiff": 0.0,
				"PhiDegree": 127.7722265162673,
				"Power": -52.44032481691602
			}, {
				"Time": 8.506887947313228e-7,
				"TimeDiff": 3.699806159514726e-7,
				"PhiDegree": 163.83037059920537,
				"Power": -77.45736886381627
			}, {
				"Time": 8.616207436393676e-7,
				"TimeDiff": 3.8091256485951734e-7,
				"PhiDegree": 161.4877301207221,
				"Power": -82.26730239001043
			}]
	}
}