{
	"SensorDataCollection": {
		"SensorId": 0,
		"SensorDatas": [{
				"Time": 3.6462401930912755e-7,
				"TimeDiff": 0.0,
				"PhiDegree": 131.385091023874,
				"Power": -48.63943908841344
			}, {
				"Time": 4.196670557336827e-7,
				"TimeDiff": 5.5043036424555145e-8,
				"PhiDegree": 234.94199915853633,
				"Power": -52.787664043948794
			}, {
				"Time": 4.4999086484457076e-7,
				"TimeDiff": 8.536684553544321e-8,
				"PhiDegree": 122.39123119455627,
				"Power": -55.4098768296612
			}, {
				"Time": 9.124020408483045e-7,
				"TimeDiff": 5.47778021539177e-7,
				"PhiDegree": 162.55222903961402,
				"Power": -85.43486856894853
			}]
	}
}