{
	"SensorDataCollection": {
		"SensorId": 0,
		"SensorDatas": [{
				"Time": 4.3495983717515986e-7,
				"TimeDiff": 0.0,
				"PhiDegree": 59.58259019874456,
				"Power": -54.604721167006716
			}, {
				"Time": 4.7284656257277583e-7,
				"TimeDiff": 3.788672539761596e-8,
				"PhiDegree": 62.2425892280236,
				"Power": -60.692570444060436
			}, {
				"Time": 7.003112877657538e-7,
				"TimeDiff": 2.65351450590594e-7,
				"PhiDegree": 160.5176871318638,
				"Power": -70.14834360388878
			}]
	}
}