{
	"SensorDataCollection": {
		"SensorId": 0,
		"SensorDatas": [{
				"Time": 2.9022377783388335e-7,
				"TimeDiff": 0.0,
				"PhiDegree": 125.28666625319212,
				"Power": -47.397143949900155
			}, {
				"Time": 3.208562319924575e-7,
				"TimeDiff": 3.063245415857416e-8,
				"PhiDegree": 121.5012514658093,
				"Power": -51.260117876367175
			}, {
				"Time": 3.4966994640619025e-7,
				"TimeDiff": 5.9446168572306906e-8,
				"PhiDegree": 241.34983347880961,
				"Power": -53.99339246093221
			}, {
				"Time": 3.8225447521177905e-7,
				"TimeDiff": 9.20306973778957e-8,
				"PhiDegree": 243.98606355199271,
				"Power": -61.1695727679526
			}]
	}
}