{
	"SensorDataCollection": {
		"SensorId": 0,
		"SensorDatas": [{
				"Time": 4.996662799780961e-7,
				"TimeDiff": 0.0,
				"PhiDegree": 130.4951389049757,
				"Power": -51.74670917612093
			}, {
				"Time": 6.867040130565497e-7,
				"TimeDiff": 1.8703773307845362e-7,
				"PhiDegree": 35.94279931732654,
				"Power": -56.51043398451637
			}, {
				"Time": 8.218895014740768e-7,
				"TimeDiff": 3.222232214959807e-7,
				"PhiDegree": 163.2473740668869,
				"Power": -76.06609248262053
			}, {
				"Time": 8.331993957160151e-7,
				"TimeDiff": 3.3353311573791903e-7,
				"PhiDegree": 160.83205372841985,
				"Power": -80.43139567417401
			}]
	}
}