{
	"SensorDataCollection": {
		"SensorId": 0,
		"SensorDatas": [{
				"Time": 4.910156411978084e-7,
				"TimeDiff": 0.0,
				"PhiDegree": 58.449837437150016,
				"Power": -56.91636235858056
			}, {
				"Time": 6.658222164542952e-7,
				"TimeDiff": 1.748065752564868e-7,
				"PhiDegree": 159.46425260215037,
				"Power": -68.1876667870547
			}]
	}
}