{
	"SensorDataCollection": {
		"SensorId": 0,
		"SensorDatas": [{
				"Time": 2.8830917281122413e-7,
				"TimeDiff": 0.0,
				"PhiDegree": 124.74539480109644,
				"Power": -47.45890298315564
			}, {
				"Time": 3.1912546046236857e-7,
				"TimeDiff": 3.081628765114444e-8,
				"PhiDegree": 120.9904684240169,
				"Power": -51.53573255017376
			}, {
				"Time": 3.4808247489155353e-7,
				"TimeDiff": 5.97733020803294e-8,
				"PhiDegree": 241.83181869691916,
				"Power": -54.336124295010464
			}, {
				"Time": 3.808028646509289e-7,
				"TimeDiff": 9.249369183970479e-8,
				"PhiDegree": 244.43723865762206,
				"Power": -61.7876198057847
			}]
	}
}