{
	"SensorDataCollection": {
		"SensorId": 0,
		"SensorDatas": [{
				"Time": 6.207788699902854e-7,
				"TimeDiff": 0.0,
				"PhiDegree": 142.82669807247115,
				"Power": -54.95427385372328
			}, {
				"Time": 4.945401007726955e-7,
				"TimeDiff": -1.2623876921758993e-7,
				"PhiDegree": 57.79096277277248,
				"Power": -56.387585188058125
			}, {
				"Time": 6.595771510614874e-7,
				"TimeDiff": 3.8798281071201975e-8,
				"PhiDegree": 159.26090136104364,
				"Power": -67.82483704632983
			}]
	}
}