{
	"SensorDataCollection": {
		"SensorId": 0,
		"SensorDatas": [{
				"Time": 4.3837626705608856e-7,
				"TimeDiff": 0.0,
				"PhiDegree": 58.83041991560582,
				"Power": -54.179124816354914
			}, {
				"Time": 4.759911378371235e-7,
				"TimeDiff": 3.761487078103496e-8,
				"PhiDegree": 61.5317324406966,
				"Power": -59.88519631345679
			}, {
				"Time": 6.940236553905226e-7,
				"TimeDiff": 2.5564738833443406e-7,
				"PhiDegree": 160.33394652570053,
				"Power": -69.79627351605205
			}]
	}
}