{
	"SensorDataCollection": {
		"SensorId": 0,
		"SensorDatas": [{
				"Time": 3.7358188742769526e-7,
				"TimeDiff": 0.0,
				"PhiDegree": 132.9210640032327,
				"Power": -48.664477508019985
			}, {
				"Time": 4.5727948740399556e-7,
				"TimeDiff": 8.36975999763003e-8,
				"PhiDegree": 123.80346880174042,
				"Power": -54.41576437334537
			}, {
				"Time": 8.996784409203407e-7,
				"TimeDiff": 5.260965534926454e-7,
				"PhiDegree": 162.2973755921386,
				"Power": -84.6544439752339
			}]
	}
}