{
	"SensorDataCollection": {
		"SensorId": 0,
		"SensorDatas": [{
				"Time": 6.234408044546167e-7,
				"TimeDiff": 0.0,
				"PhiDegree": 143.011982320796,
				"Power": -55.087061455864585
			}, {
				"Time": 4.963265925682113e-7,
				"TimeDiff": -1.2711421188640537e-7,
				"PhiDegree": 57.46505601607554,
				"Power": -56.13919510024168
			}, {
				"Time": 6.564577784396678e-7,
				"TimeDiff": 3.3016973985051134e-8,
				"PhiDegree": 159.15777548808373,
				"Power": -67.64269809943332
			}]
	}
}