{
	"SensorDataCollection": {
		"SensorId": 0,
		"SensorDatas": [{
				"Time": 3.150532685480426e-7,
				"TimeDiff": 0.0,
				"PhiDegree": 131.24118179789838,
				"Power": -47.24194265660503
			}, {
				"Time": 3.434784453368675e-7,
				"TimeDiff": 2.8425176788824917e-8,
				"PhiDegree": 127.20540993768981,
				"Power": -49.14537416523554
			}, {
				"Time": 3.705371671267833e-7,
				"TimeDiff": 5.5483898578740684e-8,
				"PhiDegree": 235.90840065424885,
				"Power": -51.083858325200396
			}, {
				"Time": 4.014314444859375e-7,
				"TimeDiff": 8.637817593789492e-8,
				"PhiDegree": 238.84333021436746,
				"Power": -55.53566031894486
			}]
	}
}