{
	"SensorDataCollection": {
		"SensorId": 0,
		"SensorDatas": [{
				"Time": 6.181234832529472e-7,
				"TimeDiff": 0.0,
				"PhiDegree": 142.63981993656972,
				"Power": -54.82297754229657
			}, {
				"Time": 4.92769725540347e-7,
				"TimeDiff": -1.253537577126002e-7,
				"PhiDegree": 58.1192219865602,
				"Power": -56.64654598951
			}, {
				"Time": 6.626986403228672e-7,
				"TimeDiff": 4.4575157069919977e-8,
				"PhiDegree": 159.36305606102113,
				"Power": -68.00649377361147
			}]
	}
}