{
	"SensorDataCollection": {
		"SensorId": 0,
		"SensorDatas": [{
				"Time": 4.889970869230176e-7,
				"TimeDiff": 0.0,
				"PhiDegree": 129.00844470065664,
				"Power": -52.06044910182054
			}, {
				"Time": 7.002792685441688e-7,
				"TimeDiff": 2.1128218162115112e-7,
				"PhiDegree": 35.14155237692341,
				"Power": -57.17998056110929
			}, {
				"Time": 8.37878442920329e-7,
				"TimeDiff": 3.488813559973114e-7,
				"PhiDegree": 163.5762090788879,
				"Power": -76.84345493876775
			}, {
				"Time": 8.489753621270888e-7,
				"TimeDiff": 3.599782752040711e-7,
				"PhiDegree": 161.20173856335282,
				"Power": -81.45618011909143
			}]
	}
}