{
	"SensorDataCollection": {
		"SensorId": 0,
		"SensorDatas": [{
				"Time": 3.001701967380114e-7,
				"TimeDiff": 0.0,
				"PhiDegree": 127.88693747156601,
				"Power": -47.21267137775095
			}, {
				"Time": 3.2988032284142516e-7,
				"TimeDiff": 2.9710126103413776e-8,
				"PhiDegree": 123.9726366743162,
				"Power": -50.13245342477403
			}, {
				"Time": 3.579684025291523e-7,
				"TimeDiff": 5.77982057911409e-8,
				"PhiDegree": 239.0058355873885,
				"Power": -52.53101247448626
			}, {
				"Time": 3.898599615361877e-7,
				"TimeDiff": 8.96897647981763e-8,
				"PhiDegree": 241.78207504555013,
				"Power": -58.450225202475124
			}]
	}
}