{
	"SensorDataCollection": {
		"SensorId": 0,
		"SensorDatas": [{
				"Time": 3.624267561249869e-7,
				"TimeDiff": 0.0,
				"PhiDegree": 130.98932311287095,
				"Power": -48.65119995346451
			}, {
				"Time": 4.1775939937518535e-7,
				"TimeDiff": 5.5332643250198457e-8,
				"PhiDegree": 235.31659712174073,
				"Power": -52.999616520187416
			}, {
				"Time": 4.482122895924457e-7,
				"TimeDiff": 8.578553346745882e-8,
				"PhiDegree": 122.0310636081436,
				"Power": -55.68909327733061
			}, {
				"Time": 9.155857124285725e-7,
				"TimeDiff": 5.531589563035856e-7,
				"PhiDegree": 162.6148352595266,
				"Power": -85.62879069973323
			}]
	}
}