{
	"SensorDataCollection": {
		"SensorId": 0,
		"SensorDatas": [{
				"Time": 4.454305006424083e-7,
				"TimeDiff": 0.0,
				"PhiDegree": 57.36132286745233,
				"Power": -53.441131061468965
			}, {
				"Time": 4.824957436952112e-7,
				"TimeDiff": 3.7065243052802925e-8,
				"PhiDegree": 60.13834937784453,
				"Power": -58.43892508081612
			}, {
				"Time": 6.814703951309611e-7,
				"TimeDiff": 2.3603989448855275e-7,
				"PhiDegree": 159.95630332194497,
				"Power": -69.08623306242168
			}]
	}
}