{
	"SensorDataCollection": {
		"SensorId": 0,
		"SensorDatas": [{
				"Time": 4.848244211801108e-7,
				"TimeDiff": 0.0,
				"PhiDegree": 128.39561932550708,
				"Power": -52.23514095675267
			}, {
				"Time": 8.442815422512347e-7,
				"TimeDiff": 3.594571210711239e-7,
				"PhiDegree": 163.7042539415586,
				"Power": -77.15129125660096
			}, {
				"Time": 8.552953893096525e-7,
				"TimeDiff": 3.7047096812954164e-7,
				"PhiDegree": 161.3457914237905,
				"Power": -81.86270785375808
			}]
	}
}