{
	"SensorDataCollection": {
		"SensorId": 0,
		"SensorDatas": [{
				"Time": 4.869037913370988e-7,
				"TimeDiff": 0.0,
				"PhiDegree": 128.70334495380342,
				"Power": -52.144087008811056
			}, {
				"Time": 8.41079467512367e-7,
				"TimeDiff": 3.5417567617526816e-7,
				"PhiDegree": 163.6404752100862,
				"Power": -76.99759368254658
			}, {
				"Time": 8.521347024145379e-7,
				"TimeDiff": 3.6523091107743905e-7,
				"PhiDegree": 161.2740320927026,
				"Power": -81.65968574457543
			}]
	}
}