{
	"SensorDataCollection": {
		"SensorId": 0,
		"SensorDatas": [{
				"Time": 6.476794760720518e-7,
				"TimeDiff": 0.0,
				"PhiDegree": 144.61048505875462,
				"Power": -56.34229958296912
			}]
	}
}