{
	"SensorDataCollection": {
		"SensorId": 0,
		"SensorDatas": [{
				"Time": 5.018394548833058e-7,
				"TimeDiff": 0.0,
				"PhiDegree": 130.7848373930765,
				"Power": -51.70356799660192
			}, {
				"Time": 6.840054606008982e-7,
				"TimeDiff": 1.821660057175924e-7,
				"PhiDegree": 36.106856223946764,
				"Power": -56.379551385385355
			}, {
				"Time": 8.18695037973654e-7,
				"TimeDiff": 3.1685558309034815e-7,
				"PhiDegree": 163.18006638677502,
				"Power": -75.90927621107775
			}, {
				"Time": 8.300484597846737e-7,
				"TimeDiff": 3.282090049013678e-7,
				"PhiDegree": 160.7564313412301,
				"Power": -80.22498756940021
			}]
	}
}