{
	"SensorDataCollection": {
		"SensorId": 0,
		"SensorDatas": [{
				"Time": 5.054947654576248e-7,
				"TimeDiff": 0.0,
				"PhiDegree": 55.870638963565646,
				"Power": -55.046438546250016
			}, {
				"Time": 6.36845811909139e-7,
				"TimeDiff": 1.313510464515142e-7,
				"PhiDegree": 143.915066759093,
				"Power": -55.77185636952382
			}, {
				"Time": 6.408937459172887e-7,
				"TimeDiff": 1.3539898045966383e-7,
				"PhiDegree": 158.62710713869137,
				"Power": -66.72483253669142
			}]
	}
}