{
	"SensorDataCollection": {
		"SensorId": 0,
		"SensorDatas": [{
				"Time": 3.602469958353062e-7,
				"TimeDiff": 0.0,
				"PhiDegree": 130.5887465191803,
				"Power": -48.67073092683253
			}, {
				"Time": 4.1586976353108195e-7,
				"TimeDiff": 5.562276769577573e-8,
				"PhiDegree": 235.69461557519466,
				"Power": -53.22437539856797
			}, {
				"Time": 4.464515662362323e-7,
				"TimeDiff": 8.620457040092608e-8,
				"PhiDegree": 121.6680407117158,
				"Power": -55.981314835231615
			}, {
				"Time": 9.187704696046056e-7,
				"TimeDiff": 5.585234737692994e-7,
				"PhiDegree": 162.67700752621417,
				"Power": -85.82224096223382
			}]
	}
}