{
	"SensorDataCollection": {
		"SensorId": 0,
		"SensorDatas": [{
				"Time": 6.449622278070718e-7,
				"TimeDiff": 0.0,
				"PhiDegree": 144.4388222847415,
				"Power": -56.19795734381495
			}]
	}
}