{
	"SensorDataCollection": {
		"SensorId": 0,
		"SensorDatas": [{
				"Time": 2.961189383154618e-7,
				"TimeDiff": 0.0,
				"PhiDegree": 126.86783171398376,
				"Power": -47.263069990137865
			}, {
				"Time": 3.2619826182446575e-7,
				"TimeDiff": 3.0079323509003957e-8,
				"PhiDegree": 123.00052663203668,
				"Power": -50.53609751941062
			}, {
				"Time": 3.5457813783228786e-7,
				"TimeDiff": 5.845919951682606e-8,
				"PhiDegree": 239.9302383840147,
				"Power": -53.068220813356504
			}, {
				"Time": 3.8674936099279805e-7,
				"TimeDiff": 9.063042267733626e-8,
				"PhiDegree": 242.6532430464031,
				"Power": -59.46734020512615
			}]
	}
}