{
	"SensorDataCollection": {
		"SensorId": 0,
		"SensorDatas": [{
				"Time": 4.43639816206797e-7,
				"TimeDiff": 0.0,
				"PhiDegree": 57.72420227813883,
				"Power": -53.61217264227977
			}, {
				"Time": 4.808431119455171e-7,
				"TimeDiff": 3.720329573872007e-8,
				"PhiDegree": 60.4831482334633,
				"Power": -58.78041071464597
			}, {
				"Time": 6.846058965623579e-7,
				"TimeDiff": 2.4096608035556086e-7,
				"PhiDegree": 160.05201223353666,
				"Power": -69.26447966354151
			}]
	}
}