{
	"SensorDataCollection": {
		"SensorId": 0,
		"SensorDatas": [{
				"Time": 5.036302720371683e-7,
				"TimeDiff": 0.0,
				"PhiDegree": 56.18485892271884,
				"Power": -55.24594886466032
			}, {
				"Time": 6.341523674471955e-7,
				"TimeDiff": 1.3052209541002722e-7,
				"PhiDegree": 143.7375077663936,
				"Power": -55.63225517023521
			}, {
				"Time": 6.440020691811593e-7,
				"TimeDiff": 1.4037179714399098e-7,
				"PhiDegree": 158.7352920681625,
				"Power": -66.90935504478409
			}]
	}
}