{
	"SensorDataCollection": {
		"SensorId": 0,
		"SensorDatas": [{
				"Time": 5.128928440267676e-7,
				"TimeDiff": 0.0,
				"PhiDegree": 132.19611256286197,
				"Power": -51.57662582888594
			}, {
				"Time": 6.705988431062208e-7,
				"TimeDiff": 1.5770599907945322e-7,
				"PhiDegree": 36.946869738400636,
				"Power": -55.74196856164352
			}, {
				"Time": 8.027400721115988e-7,
				"TimeDiff": 2.8984722808483116e-7,
				"PhiDegree": 162.83549783772847,
				"Power": -75.11839991302853
			}, {
				"Time": 8.143159729257196e-7,
				"TimeDiff": 3.0142312889895196e-7,
				"PhiDegree": 160.36954842402568,
				"Power": -79.18570113786164
			}]
	}
}