{
	"SensorDataCollection": {
		"SensorId": 0,
		"SensorDatas": [{
				"Time": 4.827591563934987e-7,
				"TimeDiff": 0.0,
				"PhiDegree": 128.08525175288483,
				"Power": -52.333816386733645
			}, {
				"Time": 8.474846552335357e-7,
				"TimeDiff": 3.64725498840037e-7,
				"PhiDegree": 163.76755064080538,
				"Power": -77.30454915002736
			}, {
				"Time": 8.584574079385251e-7,
				"TimeDiff": 3.756982515450264e-7,
				"PhiDegree": 161.41702223319578,
				"Power": -82.0652466512737
			}]
	}
}