{
	"SensorDataCollection": {
		"SensorId": 0,
		"SensorDatas": [{
				"Time": 5.173987111783292e-7,
				"TimeDiff": 0.0,
				"PhiDegree": 132.74359960574202,
				"Power": -51.5643979273198
			}, {
				"Time": 6.652776925145143e-7,
				"TimeDiff": 1.4787898133618503e-7,
				"PhiDegree": 37.29232351508204,
				"Power": -55.49541059212493
			}, {
				"Time": 7.963664427427668e-7,
				"TimeDiff": 2.789677315644376e-7,
				"PhiDegree": 162.69380670995932,
				"Power": -74.79885380053241
			}, {
				"Time": 8.080336574147111e-7,
				"TimeDiff": 2.9063494623638185e-7,
				"PhiDegree": 160.21058002547176,
				"Power": -78.76661254239178
			}]
	}
}