{
	"SensorDataCollection": {
		"SensorId": 0,
		"SensorDatas": [{
				"Time": 4.236136561386285e-7,
				"TimeDiff": 0.0,
				"PhiDegree": 62.30787941305548,
				"Power": -56.433873077168954
			}, {
				"Time": 7.223724934614108e-7,
				"TimeDiff": 2.9875883732278237e-7,
				"PhiDegree": 161.13555261616926,
				"Power": -71.36508027130805
			}]
	}
}