{
	"SensorDataCollection": {
		"SensorId": 0,
		"SensorDatas": [{
				"Time": 3.7586204954826844e-7,
				"TimeDiff": 0.0,
				"PhiDegree": 133.2935341073784,
				"Power": -48.68744288884611
			}, {
				"Time": 4.5914418571625917e-7,
				"TimeDiff": 8.328213616799073e-8,
				"PhiDegree": 124.14945681512818,
				"Power": -54.19620598842968
			}, {
				"Time": 8.965003715405768e-7,
				"TimeDiff": 5.206383219923083e-7,
				"PhiDegree": 162.23253231492131,
				"Power": -84.45814969707988
			}]
	}
}