{
	"SensorDataCollection": {
		"SensorId": 0,
		"SensorDatas": [{
				"Time": 4.726508404219745e-7,
				"TimeDiff": 0.0,
				"PhiDegree": 126.49324774336752,
				"Power": -52.94914442603758
			}, {
				"Time": 8.635153892846272e-7,
				"TimeDiff": 3.908645488626527e-7,
				"PhiDegree": 164.076986259657,
				"Power": -78.06429631981587
			}, {
				"Time": 8.742869711482654e-7,
				"TimeDiff": 4.0163613072629087e-7,
				"PhiDegree": 161.7654418291899,
				"Power": -83.07070141572805
			}]
	}
}