{
	"SensorDataCollection": {
		"SensorId": 0,
		"SensorDatas": [{
				"Time": 4.283571793370562e-7,
				"TimeDiff": 0.0,
				"PhiDegree": 61.12225771223692,
				"Power": -55.58117316523595
			}, {
				"Time": 7.129075866425297e-7,
				"TimeDiff": 2.845504073054735e-7,
				"PhiDegree": 160.87543598891912,
				"Power": -70.8465750107402
			}]
	}
}