{
	"SensorDataCollection": {
		"SensorId": 0,
		"SensorDatas": [{
				"Time": 4.93224743991564e-7,
				"TimeDiff": 0.0,
				"PhiDegree": 129.61083239527306,
				"Power": -51.9146287665105
			}, {
				"Time": 6.948329251884998e-7,
				"TimeDiff": 2.0160818119693573e-7,
				"PhiDegree": 35.45829289872868,
				"Power": -56.909252236068326
			}, {
				"Time": 8.314795926869436e-7,
				"TimeDiff": 3.3825484869537954e-7,
				"PhiDegree": 163.4461927587328,
				"Power": -76.53384804953726
			}, {
				"Time": 8.426607819538488e-7,
				"TimeDiff": 3.4943603796228476e-7,
				"PhiDegree": 161.0555258121373,
				"Power": -81.0477177518684
			}]
	}
}