{
	"SensorDataCollection": {
		"SensorId": 0,
		"SensorDatas": [{
				"Time": 4.3665864535042007e-7,
				"TimeDiff": 0.0,
				"PhiDegree": 59.20503381722287,
				"Power": -54.386966839208114
			}, {
				"Time": 4.744097220132745e-7,
				"TimeDiff": 3.775107666285444e-8,
				"PhiDegree": 61.885982881933316,
				"Power": -60.28152546319336
			}, {
				"Time": 6.971665753816683e-7,
				"TimeDiff": 2.6050793003124827e-7,
				"PhiDegree": 160.42623111029312,
				"Power": -69.97255467443964
			}]
	}
}