{
	"SensorDataCollection": {
		"SensorId": 0,
		"SensorDatas": [{
				"Time": 3.6906980142745584e-7,
				"TimeDiff": 0.0,
				"PhiDegree": 132.1623973166044,
				"Power": -48.63808271334425
			}, {
				"Time": 4.53600728958986e-7,
				"TimeDiff": 8.453092753153017e-8,
				"PhiDegree": 123.10302294226081,
				"Power": -54.888974841434504
			}, {
				"Time": 9.060380002464652e-7,
				"TimeDiff": 5.369681988190093e-7,
				"PhiDegree": 162.42569704949454,
				"Power": -85.04560517248552
			}]
	}
}