{
	"SensorDataCollection": {
		"SensorId": 0,
		"SensorDatas": [{
				"Time": 2.9813277770472336e-7,
				"TimeDiff": 0.0,
				"PhiDegree": 127.38084664615452,
				"Power": -47.23420349116614
			}, {
				"Time": 3.2802748898554285e-7,
				"TimeDiff": 2.989471128081948e-8,
				"PhiDegree": 123.48930956903762,
				"Power": -50.32678935056448
			}, {
				"Time": 3.562616781825835e-7,
				"TimeDiff": 5.8128900477860134e-8,
				"PhiDegree": 239.4658378043349,
				"Power": -52.79205353287384
			}, {
				"Time": 3.882934402500194e-7,
				"TimeDiff": 9.016066254529602e-8,
				"PhiDegree": 242.21591434128092,
				"Power": -58.94756875307493
			}]
	}
}