{
	"SensorDataCollection": {
		"SensorId": 0,
		"SensorDatas": [{
				"Time": 4.766498215029879e-7,
				"TimeDiff": 0.0,
				"PhiDegree": 127.13814201529163,
				"Power": -52.67771848654232
			}, {
				"Time": 8.571001072199892e-7,
				"TimeDiff": 3.8045028571700124e-7,
				"PhiDegree": 163.95460108613685,
				"Power": -77.76169981170018
			}, {
				"Time": 8.679513086485573e-7,
				"TimeDiff": 3.913014871455694e-7,
				"PhiDegree": 161.6275991528276,
				"Power": -82.66996593443857
			}]
	}
}