{
	"SensorDataCollection": {
		"SensorId": 0,
		"SensorDatas": [{
				"Time": 4.953587549959466e-7,
				"TimeDiff": 0.0,
				"PhiDegree": 129.90815400329888,
				"Power": -51.852063977918604
			}, {
				"Time": 6.921178103798877e-7,
				"TimeDiff": 1.9675905538394117e-7,
				"PhiDegree": 35.61853005559804,
				"Power": -56.77531417561194
			}, {
				"Time": 8.282817917589326e-7,
				"TimeDiff": 3.3292303676298604e-7,
				"PhiDegree": 163.38043144211633,
				"Power": -76.37837699207876
			}, {
				"Time": 8.395055729103971e-7,
				"TimeDiff": 3.4414681791445054e-7,
				"PhiDegree": 160.98159484185237,
				"Power": -80.84276085718162
			}]
	}
}