{
	"SensorDataCollection": {
		"SensorId": 0,
		"SensorDatas": [{
				"Time": 5.062237961645584e-7,
				"TimeDiff": 0.0,
				"PhiDegree": 131.35673604281547,
				"Power": -51.63551625322786
			}, {
				"Time": 6.786253799884254e-7,
				"TimeDiff": 1.7240158382386697e-7,
				"PhiDegree": 36.438877442275256,
				"Power": -56.12105531164515
			}, {
				"Time": 8.123095403885574e-7,
				"TimeDiff": 3.06085744223999e-7,
				"PhiDegree": 163.04386334524847,
				"Power": -75.59428871614307
			}, {
				"Time": 8.237509755954743e-7,
				"TimeDiff": 3.175271794309159e-7,
				"PhiDegree": 160.60345165259696,
				"Power": -79.81072124579997
			}]
	}
}