{
	"SensorDataCollection": {
		"SensorId": 0,
		"SensorDatas": [{
				"Time": 6.261092031319844e-7,
				"TimeDiff": 0.0,
				"PhiDegree": 143.1956891603183,
				"Power": -55.22129605098698
			}, {
				"Time": 4.981290275254188e-7,
				"TimeDiff": -1.2798017560656565e-7,
				"PhiDegree": 57.14149738183735,
				"Power": -55.901099784518635
			}, {
				"Time": 6.533405527750781e-7,
				"TimeDiff": 2.7231349643093708e-8,
				"PhiDegree": 159.05366520455215,
				"Power": -67.46007856797759
			}]
	}
}