{
	"SensorDataCollection": {
		"SensorId": 0,
		"SensorDatas": [{
				"Time": 5.219510021294192e-7,
				"TimeDiff": 0.0,
				"PhiDegree": 133.28158504558118,
				"Power": -51.57247258558188
			}, {
				"Time": 6.599811159110921e-7,
				"TimeDiff": 1.3803011378167288e-7,
				"PhiDegree": 37.64333499545553,
				"Power": -55.25411889832267
			}, {
				"Time": 7.899977622117554e-7,
				"TimeDiff": 2.680467600823362e-7,
				"PhiDegree": 162.54983016301998,
				"Power": -74.47746648624326
			}, {
				"Time": 8.017576595753904e-7,
				"TimeDiff": 2.7980665744597117e-7,
				"PhiDegree": 160.04912162238628,
				"Power": -78.34560284315299
			}]
	}
}