{
	"SensorDataCollection": {
		"SensorId": 0,
		"SensorDatas": [{
				"Time": 5.196691296382518e-7,
				"TimeDiff": 0.0,
				"PhiDegree": 133.01377050669709,
				"Power": -51.565965479600905
			}, {
				"Time": 6.626262955700378e-7,
				"TimeDiff": 1.42957165931786e-7,
				"PhiDegree": 37.467127820576415,
				"Power": -55.37408798447275
			}, {
				"Time": 7.931814764199316e-7,
				"TimeDiff": 2.735123467816798e-7,
				"PhiDegree": 162.62210744361394,
				"Power": -74.63839090014096
			}, {
				"Time": 8.048948595462198e-7,
				"TimeDiff": 2.8522572990796795e-7,
				"PhiDegree": 160.13016555828273,
				"Power": -78.5563474668657
			}]
	}
}