{
	"SensorDataCollection": {
		"SensorId": 0,
		"SensorDatas": [{
				"Time": 4.786716719891235e-7,
				"TimeDiff": 0.0,
				"PhiDegree": 127.45652826024758,
				"Power": -52.55488406573997
			}, {
				"Time": 8.5389394918895e-7,
				"TimeDiff": 3.7522227719982656e-7,
				"PhiDegree": 163.8927190333141,
				"Power": -77.60975191014597
			}, {
				"Time": 8.64785381958858e-7,
				"TimeDiff": 3.861137099697345e-7,
				"PhiDegree": 161.55792061062658,
				"Power": -82.46887536951405
			}]
	}
}