{
	"SensorDataCollection": {
		"SensorId": 0,
		"SensorDatas": [{
				"Time": 3.713177066777157e-7,
				"TimeDiff": 0.0,
				"PhiDegree": 132.5440353872903,
				"Power": -48.647941356214446
			}, {
				"Time": 4.5543160000028527e-7,
				"TimeDiff": 8.411389332256959e-8,
				"PhiDegree": 123.45466032977819,
				"Power": -54.646578465421115
			}, {
				"Time": 9.028576545038879e-7,
				"TimeDiff": 5.315399478261723e-7,
				"PhiDegree": 162.36176228881558,
				"Power": -84.85026220691515
			}]
	}
}