{
	"SensorDataCollection": {
		"SensorId": 0,
		"SensorDatas": [{
				"Time": 6.395453209182932e-7,
				"TimeDiff": 0.0,
				"PhiDegree": 144.0911284843096,
				"Power": -55.91269904027169
			}, {
				"Time": 6.377877298577625e-7,
				"TimeDiff": -1.7575910605307018e-9,
				"PhiDegree": 158.51786809883112,
				"Power": -66.53983992912346
			}]
	}
}