{
	"SensorDataCollection": {
		"SensorId": 0,
		"SensorDatas": [{
				"Time": 4.527683424955604e-7,
				"TimeDiff": 0.0,
				"PhiDegree": 55.9389335272939,
				"Power": -52.83990921331926
			}, {
				"Time": 4.892780229558911e-7,
				"TimeDiff": 3.65096804603307e-8,
				"PhiDegree": 58.7828123310818,
				"Power": -57.19732846877207
			}, {
				"Time": 6.68947850222563e-7,
				"TimeDiff": 2.161795077270026e-7,
				"PhiDegree": 159.56450377948954,
				"Power": -68.36835472802919
			}]
	}
}