{
	"SensorDataCollection": {
		"SensorId": 0,
		"SensorDatas": [{
				"Time": 3.827955582945687e-7,
				"TimeDiff": 0.0,
				"PhiDegree": 134.38410716023932,
				"Power": -48.792566250297426
			}, {
				"Time": 4.648371138758956e-7,
				"TimeDiff": 8.204155558132685e-8,
				"PhiDegree": 125.17059280636609,
				"Power": -53.601955878109464
			}, {
				"Time": 8.869731515940455e-7,
				"TimeDiff": 5.041775932994769e-7,
				"PhiDegree": 162.03521562735094,
				"Power": -83.86640323220024
			}]
	}
}