{
	"SensorDataCollection": {
		"SensorId": 0,
		"SensorDatas": [{
				"Time": 4.3161954753304535e-7,
				"TimeDiff": 0.0,
				"PhiDegree": 60.346535904323694,
				"Power": -55.071204558126766
			}, {
				"Time": 7.066059939757184e-7,
				"TimeDiff": 2.7498644644267305e-7,
				"PhiDegree": 160.69815590867222,
				"Power": -70.49844420465084
			}]
	}
}