{
	"SensorDataCollection": {
		"SensorId": 0,
		"SensorDatas": [{
				"Time": 5.017810381773607e-7,
				"TimeDiff": 0.0,
				"PhiDegree": 56.50140447605507,
				"Power": -55.45473199276802
			}, {
				"Time": 6.314650651354357e-7,
				"TimeDiff": 1.2968402695807502e-7,
				"PhiDegree": 143.55843577934576,
				"Power": -55.493934508444624
			}, {
				"Time": 6.471126664022889e-7,
				"TimeDiff": 1.453316282249282e-7,
				"PhiDegree": 158.8424373111972,
				"Power": -67.09340502856595
			}]
	}
}