{
	"SensorDataCollection": {
		"SensorId": 0,
		"SensorDatas": [{
				"Time": 4.472389089022075e-7,
				"TimeDiff": 0.0,
				"PhiDegree": 57.001363716750255,
				"Power": -53.27862680825248
			}, {
				"Time": 4.841657292885212e-7,
				"TimeDiff": 3.692682038631368e-8,
				"PhiDegree": 59.795916754026216,
				"Power": -58.11021608342671
			}, {
				"Time": 6.783368128200704e-7,
				"TimeDiff": 2.3109790391786286e-7,
				"PhiDegree": 159.8597098825846,
				"Power": -68.90749645888032
			}]
	}
}