{
	"SensorDataCollection": {
		"SensorId": 0,
		"SensorDatas": [{
				"Time": 6.287839837249848e-7,
				"TimeDiff": 0.0,
				"PhiDegree": 143.37783492016445,
				"Power": -55.35693444286835
			}, {
				"Time": 4.999472332070778e-7,
				"TimeDiff": -1.288367505179069e-7,
				"PhiDegree": 56.82028199860784,
				"Power": -55.673031829236194
			}, {
				"Time": 6.502255049456996e-7,
				"TimeDiff": 2.144152122071484e-8,
				"PhiDegree": 158.94855704492994,
				"Power": -67.27698023328266
			}]
	}
}