{
	"SensorDataCollection": {
		"SensorId": 0,
		"SensorDatas": [{
				"Time": 4.6871275530344406e-7,
				"TimeDiff": 0.0,
				"PhiDegree": 125.8374325179277,
				"Power": -53.2565378749627
			}, {
				"Time": 8.699345531050168e-7,
				"TimeDiff": 4.012217978015728e-7,
				"PhiDegree": 164.1975658396214,
				"Power": -78.36517075527942
			}, {
				"Time": 8.806276211170369e-7,
				"TimeDiff": 4.1191486581359283e-7,
				"PhiDegree": 161.90130030690358,
				"Power": -83.46951243721834
			}]
	}
}