{
	"SensorDataCollection": {
		"SensorId": 0,
		"SensorDatas": [{
				"Time": 4.25174526266974e-7,
				"TimeDiff": 0.0,
				"PhiDegree": 61.909739058220794,
				"Power": -56.13743743054275
			}, {
				"Time": 7.192158847538881e-7,
				"TimeDiff": 2.940413584869141e-7,
				"PhiDegree": 161.04960783776593,
				"Power": -71.19273697958175
			}]
	}
}