{
	"SensorDataCollection": {
		"SensorId": 0,
		"SensorDatas": [{
				"Time": 3.757511344729541e-7,
				"TimeDiff": 0.0,
				"PhiDegree": 134.0127605594882,
				"Power": -48.643838858275345
			}, {
				"Time": 4.637793968980854e-7,
				"TimeDiff": 8.802826242513131e-8,
				"PhiDegree": 124.25919703616536,
				"Power": -54.20444586032113
			}, {
				"Time": 8.836854449594574e-7,
				"TimeDiff": 5.079343104865033e-7,
				"PhiDegree": 164.2250577646584,
				"Power": -78.55563752268317
			}, {
				"Time": 8.923072992968461e-7,
				"TimeDiff": 5.165561648238921e-7,
				"PhiDegree": 162.3711829633726,
				"Power": -84.77239947440307
			}]
	}
}