{
	"SensorDataCollection": {
		"SensorId": 0,
		"SensorDatas": [{
				"Time": 3.621273121330392e-7,
				"TimeDiff": 0.0,
				"PhiDegree": 131.73411213924203,
				"Power": -48.528679972762745
			}, {
				"Time": 4.1694018276722127e-7,
				"TimeDiff": 5.481287063418207e-8,
				"PhiDegree": 234.6786217802067,
				"Power": -52.56023427021752
			}, {
				"Time": 4.528118860212697e-7,
				"TimeDiff": 9.068457388823049e-8,
				"PhiDegree": 122.16506109793536,
				"Power": -55.65991310413949
			}, {
				"Time": 9.114071531866029e-7,
				"TimeDiff": 5.492798410535637e-7,
				"PhiDegree": 162.7523371888196,
				"Power": -85.95121362090566
			}]
	}
}