{
	"SensorDataCollection": {
		"SensorId": 0,
		"SensorDatas": [{
				"Time": 3.6660337295401174e-7,
				"TimeDiff": 0.0,
				"PhiDegree": 132.5124331934733,
				"Power": -48.54027232738443
			}, {
				"Time": 4.56399437982452e-7,
				"TimeDiff": 8.979606502844023e-8,
				"PhiDegree": 122.87425396282394,
				"Power": -55.12789267290714
			}, {
				"Time": 9.050361167523483e-7,
				"TimeDiff": 5.384327437983365e-7,
				"PhiDegree": 162.62707351015345,
				"Power": -85.56021162585608
			}]
	}
}