{
	"SensorDataCollection": {
		"SensorId": 0,
		"SensorDatas": [{
				"Time": 4.5368743635104984e-7,
				"TimeDiff": 0.0,
				"PhiDegree": 56.52403916997883,
				"Power": -53.1509390600861
			}, {
				"Time": 4.846964747329801e-7,
				"TimeDiff": 3.100903838193024e-8,
				"PhiDegree": 58.91570354790314,
				"Power": -57.24253047764944
			}, {
				"Time": 6.732423583593152e-7,
				"TimeDiff": 2.1955492200826534e-7,
				"PhiDegree": 159.39755832512714,
				"Power": -68.19133269322907
			}]
	}
}