{
	"SensorDataCollection": {
		"SensorId": 0,
		"SensorDatas": [{
				"Time": 6.415079463603067e-7,
				"TimeDiff": 0.0,
				"PhiDegree": 143.84975469853217,
				"Power": -55.797146174108235
			}]
	}
}