{
	"SensorDataCollection": {
		"SensorId": 0,
		"SensorDatas": [{
				"Time": 4.4123460795019994e-7,
				"TimeDiff": 0.0,
				"PhiDegree": 59.054671326033656,
				"Power": -54.37948998186147
			}, {
				"Time": 4.7306063244446486e-7,
				"TimeDiff": 3.182602449426492e-8,
				"PhiDegree": 61.33909716427754,
				"Power": -59.605093959616994
			}, {
				"Time": 6.951536609018355e-7,
				"TimeDiff": 2.539190529516356e-7,
				"PhiDegree": 160.07497522118666,
				"Power": -69.43062253229971
			}]
	}
}