{
	"SensorDataCollection": {
		"SensorId": 0,
		"SensorDatas": [{
				"Time": 4.675685704953304e-7,
				"TimeDiff": 0.0,
				"PhiDegree": 124.93507688353385,
				"Power": -53.807895072812414
			}, {
				"Time": 8.772653735552277e-7,
				"TimeDiff": 4.0969680305989727e-7,
				"PhiDegree": 164.10656935331042,
				"Power": -78.25934262081684
			}, {
				"Time": 8.859497087217934e-7,
				"TimeDiff": 4.1838113822646296e-7,
				"PhiDegree": 162.24048162928338,
				"Power": -84.37557514578461
			}]
	}
}