{
	"SensorDataCollection": {
		"SensorId": 0,
		"SensorDatas": [{
				"Time": 6.390527273741133e-7,
				"TimeDiff": 0.0,
				"PhiDegree": 39.10514854045034,
				"Power": -54.34785504139471
			}, {
				"Time": 7.645750003685833e-7,
				"TimeDiff": 1.2552227299447005e-7,
				"PhiDegree": 161.94996715687833,
				"Power": -73.17332151860734
			}, {
				"Time": 7.767199054851404e-7,
				"TimeDiff": 1.376671781110271e-7,
				"PhiDegree": 159.37723647817955,
				"Power": -76.64249998642262
			}]
	}
}