{
	"SensorDataCollection": {
		"SensorId": 0,
		"SensorDatas": [{
				"Time": 4.990020129655064e-7,
				"TimeDiff": 0.0,
				"PhiDegree": 56.28995612658375,
				"Power": -55.2448568766292
			}, {
				"Time": 6.3345272611414e-7,
				"TimeDiff": 1.3445071314863362e-7,
				"PhiDegree": 143.31564878593286,
				"Power": -55.387264781953775
			}, {
				"Time": 6.483244411881147e-7,
				"TimeDiff": 1.4932242822260834e-7,
				"PhiDegree": 158.5674371975929,
				"Power": -66.74682505450036
			}]
	}
}