{
	"SensorDataCollection": {
		"SensorId": 0,
		"SensorDatas": [{
				"Time": 7.455662064921363e-7,
				"TimeDiff": 0.0,
				"PhiDegree": 161.4732617633155,
				"Power": -72.17546353138496
			}, {
				"Time": 7.580157311370929e-7,
				"TimeDiff": 1.2449524644956564e-8,
				"PhiDegree": 158.8442483801442,
				"Power": -75.34545569102876
			}]
	}
}