{
	"SensorDataCollection": {
		"SensorId": 0,
		"SensorDatas": [{
				"Time": 6.338883029879952e-7,
				"TimeDiff": 0.0,
				"PhiDegree": 39.48560664144182,
				"Power": -54.13770946941976
			}, {
				"Time": 7.58232953293594e-7,
				"TimeDiff": 1.243446503055988e-7,
				"PhiDegree": 161.79372152008148,
				"Power": -72.84259489591558
			}, {
				"Time": 7.704778334569737e-7,
				"TimeDiff": 1.3658953046897845e-7,
				"PhiDegree": 159.20244963592162,
				"Power": -76.21200775846079
			}]
	}
}