{
	"SensorDataCollection": {
		"SensorId": 0,
		"SensorDatas": [{
				"Time": 4.395281564293685e-7,
				"TimeDiff": 0.0,
				"PhiDegree": 59.427717756846455,
				"Power": -54.59131059894932
			}, {
				"Time": 4.71469387139812e-7,
				"TimeDiff": 3.1941230710443506e-8,
				"PhiDegree": 61.694905055252455,
				"Power": -59.99673735058725
			}, {
				"Time": 6.982914949023827e-7,
				"TimeDiff": 2.5876333847301423e-7,
				"PhiDegree": 160.1682754563846,
				"Power": -69.60576148353671
			}]
	}
}