{
	"SensorDataCollection": {
		"SensorId": 0,
		"SensorDatas": [{
				"Time": 5.008615073865325e-7,
				"TimeDiff": 0.0,
				"PhiDegree": 55.972440312713566,
				"Power": -55.04069586417562
			}, {
				"Time": 6.36131631719268e-7,
				"TimeDiff": 1.3527012433273545e-7,
				"PhiDegree": 143.4951864625312,
				"Power": -55.5225935651541
			}, {
				"Time": 6.452196859467447e-7,
				"TimeDiff": 1.443581785602122e-7,
				"PhiDegree": 158.45916913436167,
				"Power": -66.56418856854742
			}]
	}
}