{
	"SensorDataCollection": {
		"SensorId": 0,
		"SensorDatas": [{
				"Time": 3.153977616422406e-7,
				"TimeDiff": 0.0,
				"PhiDegree": 130.3857813325452,
				"Power": -47.32777376645143
			}, {
				"Time": 3.388039238175566e-7,
				"TimeDiff": 2.340616217531599e-8,
				"PhiDegree": 127.09718452632724,
				"Power": -49.06323991993024
			}, {
				"Time": 3.7145903495034657e-7,
				"TimeDiff": 5.606127330810596e-8,
				"PhiDegree": 236.62310840852186,
				"Power": -51.46505074497779
			}, {
				"Time": 3.9685138856685013e-7,
				"TimeDiff": 8.145362692460952e-8,
				"PhiDegree": 239.00633642831096,
				"Power": -55.59266600559255
			}]
	}
}