{
	"SensorDataCollection": {
		"SensorId": 0,
		"SensorDatas": [{
				"Time": 4.3452233722510325e-7,
				"TimeDiff": 0.0,
				"PhiDegree": 60.564211414632986,
				"Power": -55.28749346844424
			}, {
				"Time": 4.6680621703588823e-7,
				"TimeDiff": 3.228387981078498e-8,
				"PhiDegree": 62.77668772219433,
				"Power": -61.26176264008066
			}, {
				"Time": 7.077159096318339e-7,
				"TimeDiff": 2.731935724067306e-7,
				"PhiDegree": 160.44320874280567,
				"Power": -70.12831148020852
			}]
	}
}