{
	"SensorDataCollection": {
		"SensorId": 0,
		"SensorDatas": [{
				"Time": 6.496175270571931e-7,
				"TimeDiff": 0.0,
				"PhiDegree": 144.37056978039655,
				"Power": -56.218136681235336
			}]
	}
}