{
	"SensorDataCollection": {
		"SensorId": 0,
		"SensorDatas": [{
				"Time": 4.265709289228132e-7,
				"TimeDiff": 0.0,
				"PhiDegree": 62.51615267830694,
				"Power": -56.670015683748375
			}, {
				"Time": 7.234582208623088e-7,
				"TimeDiff": 2.9688729193949557e-7,
				"PhiDegree": 160.8854935445701,
				"Power": -70.98965818376958
			}]
	}
}