{
	"SensorDataCollection": {
		"SensorId": 0,
		"SensorDatas": [{
				"Time": 5.242441790843045e-7,
				"TimeDiff": 0.0,
				"PhiDegree": 133.54706236525774,
				"Power": -51.58378768063304
			}, {
				"Time": 6.57342228593732e-7,
				"TimeDiff": 1.330980495094275e-7,
				"PhiDegree": 37.82095862198521,
				"Power": -55.13554138516761
			}, {
				"Time": 7.868153153176446e-7,
				"TimeDiff": 2.6257113623334005e-7,
				"PhiDegree": 162.47696808310857,
				"Power": -74.31607937958137
			}, {
				"Time": 7.986220763331245e-7,
				"TimeDiff": 2.7437789724882e-7,
				"PhiDegree": 159.96744112584528,
				"Power": -78.13437950026137
			}]
	}
}