{
	"SensorDataCollection": {
		"SensorId": 0,
		"SensorDatas": [{
				"Time": 5.311900690647924e-7,
				"TimeDiff": 0.0,
				"PhiDegree": 134.3296634003997,
				"Power": -51.64531695149205
			}, {
				"Time": 6.494640867840298e-7,
				"TimeDiff": 1.1827401771923746e-7,
				"PhiDegree": 38.36246568482616,
				"Power": -54.788552512309224
			}, {
				"Time": 7.772757341539375e-7,
				"TimeDiff": 2.460856650891451e-7,
				"PhiDegree": 162.25480364541383,
				"Power": -73.82913054683004
			}, {
				"Time": 7.892252196254051e-7,
				"TimeDiff": 2.580351505606127e-7,
				"PhiDegree": 159.71850782027008,
				"Power": -77.49784672581079
			}]
	}
}