{
	"SensorDataCollection": {
		"SensorId": 0,
		"SensorDatas": [{
				"Time": 3.780771104473097e-7,
				"TimeDiff": 0.0,
				"PhiDegree": 134.37642044183318,
				"Power": -48.685037851723465
			}, {
				"Time": 4.656658838412225e-7,
				"TimeDiff": 8.758877339391283e-8,
				"PhiDegree": 124.5985118787092,
				"Power": -54.00099128314753
			}, {
				"Time": 8.804749385749838e-7,
				"TimeDiff": 5.023978281276741e-7,
				"PhiDegree": 164.16602955148244,
				"Power": -78.407698275778
			}, {
				"Time": 8.891279256686625e-7,
				"TimeDiff": 5.110508152213528e-7,
				"PhiDegree": 162.30606593688907,
				"Power": -84.57423119449584
			}]
	}
}