{
	"SensorDataCollection": {
		"SensorId": 0,
		"SensorDatas": [{
				"Time": 4.3617180266667776e-7,
				"TimeDiff": 0.0,
				"PhiDegree": 60.18248728750615,
				"Power": -55.04500129597858
			}, {
				"Time": 4.6834199486837596e-7,
				"TimeDiff": 3.2170192201698196e-8,
				"PhiDegree": 62.41370474093146,
				"Power": -60.82462851654964
			}, {
				"Time": 7.045726435885796e-7,
				"TimeDiff": 2.684008409219018e-7,
				"PhiDegree": 160.35238161945395,
				"Power": -69.95460631502027
			}]
	}
}