{
	"SensorDataCollection": {
		"SensorId": 0,
		"SensorDatas": [{
				"Time": 4.482438606801904e-7,
				"TimeDiff": 0.0,
				"PhiDegree": 57.59135109117845,
				"Power": -53.62563201113062
			}, {
				"Time": 4.796049847043632e-7,
				"TimeDiff": 3.136112402417277e-8,
				"PhiDegree": 59.939877968012375,
				"Power": -58.17761002421892
			}, {
				"Time": 6.826211815227751e-7,
				"TimeDiff": 2.3437732084258468e-7,
				"PhiDegree": 159.69320438972593,
				"Power": -68.72530256639976
			}]
	}
}