{
	"SensorDataCollection": {
		"SensorId": 0,
		"SensorDatas": [{
				"Time": 7.4240324174341e-7,
				"TimeDiff": 0.0,
				"PhiDegree": 161.39143899172058,
				"Power": -72.00749351878048
			}, {
				"Time": 7.549049302656265e-7,
				"TimeDiff": 1.2501688522216533e-8,
				"PhiDegree": 158.7528512930204,
				"Power": -75.12766984970098
			}]
	}
}