{
	"SensorDataCollection": {
		"SensorId": 0,
		"SensorDatas": [{
				"Time": 6.388167310591873e-7,
				"TimeDiff": 0.0,
				"PhiDegree": 143.67321659549344,
				"Power": -55.65923381526932
			}]
	}
}