{
	"SensorDataCollection": {
		"SensorId": 0,
		"SensorDatas": [{
				"Time": 6.416453784968422e-7,
				"TimeDiff": 0.0,
				"PhiDegree": 38.917220279605324,
				"Power": -54.45554715921874
			}, {
				"Time": 7.677481296526764e-7,
				"TimeDiff": 1.2610275115583423e-7,
				"PhiDegree": 162.02712167866838,
				"Power": -73.33797792226417
			}, {
				"Time": 7.798436195631849e-7,
				"TimeDiff": 1.3819824106634267e-7,
				"PhiDegree": 159.4635802182943,
				"Power": -76.85704372387661
			}]
	}
}