{
	"SensorDataCollection": {
		"SensorId": 0,
		"SensorDatas": [{
				"Time": 4.3128192731035513e-7,
				"TimeDiff": 0.0,
				"PhiDegree": 61.33633330477726,
				"Power": -55.80541928589594
			}, {
				"Time": 7.140077066223285e-7,
				"TimeDiff": 2.827257793119734e-7,
				"PhiDegree": 160.62246278560986,
				"Power": -70.47428617671696
			}]
	}
}