{
	"SensorDataCollection": {
		"SensorId": 0,
		"SensorDatas": [{
				"Time": 4.793139660153923e-7,
				"TimeDiff": 0.0,
				"PhiDegree": 126.89733868603498,
				"Power": -52.85145296937509
			}, {
				"Time": 8.580283434567081e-7,
				"TimeDiff": 3.7871437744131574e-7,
				"PhiDegree": 163.74047262767112,
				"Power": -77.36038078679478
			}, {
				"Time": 8.669054094422872e-7,
				"TimeDiff": 3.8759144342689485e-7,
				"PhiDegree": 161.8368852858988,
				"Power": -83.17335419112746
			}]
	}
}