{
	"SensorDataCollection": {
		"SensorId": 0,
		"SensorDatas": [{
				"Time": 4.899395892131871e-7,
				"TimeDiff": 0.0,
				"PhiDegree": 57.9131349131859,
				"Power": -56.41339195135991
			}, {
				"Time": 6.638819668505676e-7,
				"TimeDiff": 1.7394237763738057e-7,
				"PhiDegree": 159.09356706270657,
				"Power": -67.65312774924682
			}]
	}
}