{
	"SensorDataCollection": {
		"SensorId": 0,
		"SensorDatas": [{
				"Time": 4.773181613413811e-7,
				"TimeDiff": 0.0,
				"PhiDegree": 126.57703612505593,
				"Power": -52.988097531266035
			}, {
				"Time": 8.612320371798896e-7,
				"TimeDiff": 3.839138758385086e-7,
				"PhiDegree": 163.80262425939256,
				"Power": -77.51126606904197
			}, {
				"Time": 8.700764176842514e-7,
				"TimeDiff": 3.927582563428703e-7,
				"PhiDegree": 161.90537796534332,
				"Power": -83.37495212307556
			}]
	}
}