{
	"SensorDataCollection": {
		"SensorId": 0,
		"SensorDatas": [{
				"Time": 4.518555592879298e-7,
				"TimeDiff": 0.0,
				"PhiDegree": 56.87694794267033,
				"Power": -53.301028468990125
			}, {
				"Time": 4.829822244919562e-7,
				"TimeDiff": 3.1126665204026375e-8,
				"PhiDegree": 59.25469177555234,
				"Power": -57.542021022175675
			}, {
				"Time": 6.763666226185175e-7,
				"TimeDiff": 2.2451106333058768e-7,
				"PhiDegree": 159.49701793030115,
				"Power": -68.3697949378925
			}]
	}
}