{
	"SensorDataCollection": {
		"SensorId": 0,
		"SensorDatas": [{
				"Time": 4.5004096410323873e-7,
				"TimeDiff": 0.0,
				"PhiDegree": 57.23271620732107,
				"Power": -53.45918024271491
			}, {
				"Time": 4.812850008952731e-7,
				"TimeDiff": 3.124403679203439e-8,
				"PhiDegree": 59.59608286866672,
				"Power": -57.853601740601704
			}, {
				"Time": 6.79492906254725e-7,
				"TimeDiff": 2.2945194215148621e-7,
				"PhiDegree": 159.59556262137392,
				"Power": -68.54778527495664
			}]
	}
}