{
	"SensorDataCollection": {
		"SensorId": 0,
		"SensorDatas": [{
				"Time": 3.132461588774314e-7,
				"TimeDiff": 0.0,
				"PhiDegree": 129.92090796654972,
				"Power": -47.31646163205781
			}, {
				"Time": 3.3680188063118364e-7,
				"TimeDiff": 2.355572175375225e-8,
				"PhiDegree": 126.6444383993305,
				"Power": -49.17189280171581
			}, {
				"Time": 3.69633903543455e-7,
				"TimeDiff": 5.638774466602361e-8,
				"PhiDegree": 237.05501247990355,
				"Power": -51.65196621808245
			}, {
				"Time": 3.951435594944785e-7,
				"TimeDiff": 8.18974006170471e-8,
				"PhiDegree": 239.4210760563936,
				"Power": -55.96362983427345
			}]
	}
}