{
	"SensorDataCollection": {
		"SensorId": 0,
		"SensorDatas": [{
				"Time": 3.643569382480682e-7,
				"TimeDiff": 0.0,
				"PhiDegree": 132.1256630322502,
				"Power": -48.53090943052827
			}, {
				"Time": 4.5459695597193163e-7,
				"TimeDiff": 9.024001772386345e-8,
				"PhiDegree": 122.52105670935475,
				"Power": -55.387762046576825
			}, {
				"Time": 9.082210923423143e-7,
				"TimeDiff": 5.438641540942462e-7,
				"PhiDegree": 162.68992502598064,
				"Power": -85.755953852305
			}]
	}
}