{
	"SensorDataCollection": {
		"SensorId": 0,
		"SensorDatas": [{
				"Time": 6.281138129204802e-7,
				"TimeDiff": 0.0,
				"PhiDegree": 142.9519880201638,
				"Power": -55.120704036535514
			}, {
				"Time": 4.953295132865565e-7,
				"TimeDiff": -1.3278429963392373e-7,
				"PhiDegree": 56.93209014088769,
				"Power": -55.68194373901741
			}, {
				"Time": 6.545407977536969e-7,
				"TimeDiff": 2.64269848332167e-8,
				"PhiDegree": 158.78089006718727,
				"Power": -67.11072884468443
			}]
	}
}