{
	"SensorDataCollection": {
		"SensorId": 0,
		"SensorDatas": [{
				"Time": 4.71421756670946e-7,
				"TimeDiff": 0.0,
				"PhiDegree": 125.59999934361159,
				"Power": -53.45164429043517
			}, {
				"Time": 8.708491092402696e-7,
				"TimeDiff": 3.994273525693236e-7,
				"PhiDegree": 163.9863344175334,
				"Power": -77.96137610279952
			}, {
				"Time": 8.795967950202002e-7,
				"TimeDiff": 4.081750383492542e-7,
				"PhiDegree": 162.10789160844624,
				"Power": -83.97679664283261
			}]
	}
}