{
	"SensorDataCollection": {
		"SensorId": 0,
		"SensorDatas": [{
				"Time": 6.31316700513911e-7,
				"TimeDiff": 0.0,
				"PhiDegree": 39.67816566756119,
				"Power": -54.03535126270522
			}, {
				"Time": 7.550640708765025e-7,
				"TimeDiff": 1.2374737036259148e-7,
				"PhiDegree": 161.71461472483708,
				"Power": -72.67652297805701
			}, {
				"Time": 7.673595190761774e-7,
				"TimeDiff": 1.3604281856226645e-7,
				"PhiDegree": 159.11399027652809,
				"Power": -75.99606276573358
			}]
	}
}