{
	"SensorDataCollection": {
		"SensorId": 0,
		"SensorDatas": [{
				"Time": 5.265485128063629e-7,
				"TimeDiff": 0.0,
				"PhiDegree": 133.8102216773765,
				"Power": -51.59978268774938
			}, {
				"Time": 6.54709709704112e-7,
				"TimeDiff": 1.281611968977491e-7,
				"PhiDegree": 38.0000123927596,
				"Power": -55.01839440173724
			}, {
				"Time": 7.836341511778137e-7,
				"TimeDiff": 2.570856383714508e-7,
				"PhiDegree": 162.4035143161351,
				"Power": -74.15422842945941
			}, {
				"Time": 7.954881289374461e-7,
				"TimeDiff": 2.689396161310831e-7,
				"PhiDegree": 159.8851168752268,
				"Power": -77.9226783513773
			}]
	}
}