{
	"SensorDataCollection": {
		"SensorId": 0,
		"SensorDatas": [{
				"Time": 6.442448769554663e-7,
				"TimeDiff": 0.0,
				"PhiDegree": 38.73080659052128,
				"Power": -54.56492385592084
			}, {
				"Time": 7.709226396576322e-7,
				"TimeDiff": 1.2667776270216596e-7,
				"PhiDegree": 162.10364092353046,
				"Power": -73.50216425537813
			}, {
				"Time": 7.82969090529708e-7,
				"TimeDiff": 1.3872421357424175e-7,
				"PhiDegree": 159.5492348144575,
				"Power": -77.07111706187467
			}]
	}
}