{
	"SensorDataCollection": {
		"SensorId": 0,
		"SensorDatas": [{
				"Time": 3.6886630915272634e-7,
				"TimeDiff": 0.0,
				"PhiDegree": 132.8944750396489,
				"Power": -48.55650029070182
			}, {
				"Time": 4.582191265730779e-7,
				"TimeDiff": 8.935281742035158e-8,
				"PhiDegree": 123.2246591968258,
				"Power": -54.87995714655597
			}, {
				"Time": 9.018522379147365e-7,
				"TimeDiff": 5.329859287620101e-7,
				"PhiDegree": 162.56377813855886,
				"Power": -85.36398598856354
			}]
	}
}