{
	"SensorDataCollection": {
		"SensorId": 0,
		"SensorDatas": [{
				"Time": 4.6948725990319633e-7,
				"TimeDiff": 0.0,
				"PhiDegree": 125.26890239748029,
				"Power": -53.624871642434584
			}, {
				"Time": 8.740567602703556e-7,
				"TimeDiff": 4.045695003671593e-7,
				"PhiDegree": 164.04667254013833,
				"Power": -78.11056905999229
			}, {
				"Time": 8.827726609493221e-7,
				"TimeDiff": 4.1328540104612577e-7,
				"PhiDegree": 162.17442516634407,
				"Power": -84.17643054544185
			}]
	}
}