{
	"SensorDataCollection": {
		"SensorId": 0,
		"SensorDatas": [{
				"Time": 4.378404820141429e-7,
				"TimeDiff": 0.0,
				"PhiDegree": 59.80365607344579,
				"Power": -54.813045988897144
			}, {
				"Time": 4.6989644647110026e-7,
				"TimeDiff": 3.205596445695734e-8,
				"PhiDegree": 62.05310891445715,
				"Power": -60.40310399997202
			}, {
				"Time": 7.014311639752897e-7,
				"TimeDiff": 2.6359068196114674e-7,
				"PhiDegree": 160.26074069443092,
				"Power": -69.78042287862112
			}]
	}
}