{
	"SensorDataCollection": {
		"SensorId": 0,
		"SensorDatas": [{
				"Time": 4.574022035958966e-7,
				"TimeDiff": 0.0,
				"PhiDegree": 55.82676785174082,
				"Power": -52.87403595205049
			}, {
				"Time": 4.881753358888305e-7,
				"TimeDiff": 3.077313229293389e-8,
				"PhiDegree": 58.244927860964594,
				"Power": -56.67852618693399
			}, {
				"Time": 6.670000014600535e-7,
				"TimeDiff": 2.095977978641569e-7,
				"PhiDegree": 159.1958453947839,
				"Power": -67.83299764694695
			}]
	}
}