{
	"SensorDataCollection": {
		"SensorId": 0,
		"SensorDatas": [{
				"Time": 2.929537260365827e-7,
				"TimeDiff": 0.0,
				"PhiDegree": 124.90968966907361,
				"Power": -47.56077514806779
			}, {
				"Time": 3.180160944731481e-7,
				"TimeDiff": 2.5062368436565388e-8,
				"PhiDegree": 121.81536442578884,
				"Power": -50.9914307320707
			}, {
				"Time": 3.526016905745411e-7,
				"TimeDiff": 5.964796453795836e-8,
				"PhiDegree": 241.6097907990395,
				"Power": -54.27033746936894
			}, {
				"Time": 3.7925870083258285e-7,
				"TimeDiff": 8.630497479600013e-8,
				"PhiDegree": 243.76498011646922,
				"Power": -60.789810911348724
			}]
	}
}