{
	"SensorDataCollection": {
		"SensorId": 0,
		"SensorDatas": [{
				"Time": 3.1976199134467335e-7,
				"TimeDiff": 0.0,
				"PhiDegree": 131.29661086191715,
				"Power": -47.36639802686692
			}, {
				"Time": 3.4287035721092605e-7,
				"TimeDiff": 2.3108365866252705e-8,
				"PhiDegree": 127.98667690856963,
				"Power": -48.87948814006704
			}, {
				"Time": 3.751716909709715e-7,
				"TimeDiff": 5.540969962629813e-8,
				"PhiDegree": 235.77202741947224,
				"Power": -51.12607313571655
			}, {
				"Time": 4.003286245913629e-7,
				"TimeDiff": 8.056663324668956e-8,
				"PhiDegree": 238.18757989017996,
				"Power": -54.903095217823704
			}]
	}
}