{
	"SensorDataCollection": {
		"SensorId": 0,
		"SensorDatas": [{
				"Time": 6.364670072652426e-7,
				"TimeDiff": 0.0,
				"PhiDegree": 39.29460581351598,
				"Power": -54.24189345859257
			}, {
				"Time": 7.614032690677129e-7,
				"TimeDiff": 1.2493626180247033e-7,
				"PhiDegree": 161.87216969723428,
				"Power": -73.00819413333934
			}, {
				"Time": 7.735979695780144e-7,
				"TimeDiff": 1.371309623127718e-7,
				"PhiDegree": 159.29019564058845,
				"Power": -76.42748743367898
			}]
	}
}