{
	"SensorDataCollection": {
		"SensorId": 0,
		"SensorDatas": [{
				"Time": 6.468511401978947e-7,
				"TimeDiff": 0.0,
				"PhiDegree": 38.5458931362916,
				"Power": -54.67594025080254
			}, {
				"Time": 7.740985133968056e-7,
				"TimeDiff": 1.272473731989109e-7,
				"PhiDegree": 162.17953243581633,
				"Power": -73.66588146785844
			}, {
				"Time": 7.860962974288653e-7,
				"TimeDiff": 1.3924515723097052e-7,
				"PhiDegree": 159.63420810606104,
				"Power": -77.2847185215038
			}]
	}
}