{
	"SensorDataCollection": {
		"SensorId": 0,
		"SensorDatas": [{
				"Time": 7.266117217025471e-7,
				"TimeDiff": 0.0,
				"PhiDegree": 160.97164932510307,
				"Power": -71.16049178745087
			}]
	}
}