{
	"SensorDataCollection": {
		"SensorId": 0,
		"SensorDatas": [{
				"Time": 6.287522869823111e-7,
				"TimeDiff": 0.0,
				"PhiDegree": 39.87229763429625,
				"Power": -53.93486818601994
			}, {
				"Time": 7.518966399391679e-7,
				"TimeDiff": 1.231443529568568e-7,
				"PhiDegree": 161.6348412877445,
				"Power": -72.50997759555352
			}, {
				"Time": 7.642430487351765e-7,
				"TimeDiff": 1.354907617528654e-7,
				"PhiDegree": 159.02480925469095,
				"Power": -75.77965437622404
			}]
	}
}