{
	"SensorDataCollection": {
		"SensorId": 0,
		"SensorDatas": [{
				"Time": 6.228006367701877e-7,
				"TimeDiff": 0.0,
				"PhiDegree": 142.58210728591578,
				"Power": -54.85988676220194
			}, {
				"Time": 4.917201540933069e-7,
				"TimeDiff": -1.310804826768808e-7,
				"PhiDegree": 57.583733892353905,
				"Power": -56.159105954658074
			}, {
				"Time": 6.607660677017165e-7,
				"TimeDiff": 3.7965430931528885e-8,
				"PhiDegree": 158.99032379452694,
				"Power": -67.47279176159813
			}]
	}
}