{
	"SensorDataCollection": {
		"SensorId": 0,
		"SensorDatas": [{
				"Time": 4.5553638680253924e-7,
				"TimeDiff": 0.0,
				"PhiDegree": 56.17398200823934,
				"Power": -53.008682283932984
			}, {
				"Time": 4.864275716043479e-7,
				"TimeDiff": 3.089118480180868e-8,
				"PhiDegree": 58.579116388085666,
				"Power": -56.954803989584036
			}, {
				"Time": 6.701201417216093e-7,
				"TimeDiff": 2.145837549190701e-7,
				"PhiDegree": 159.29717161283028,
				"Power": -68.01239980080923
			}]
	}
}