{
	"SensorDataCollection": {
		"SensorId": 0,
		"SensorDatas": [{
				"Time": 4.4295961956670314e-7,
				"TimeDiff": 0.0,
				"PhiDegree": 58.684514804139,
				"Power": -54.17729017774083
			}, {
				"Time": 4.746699982961519e-7,
				"TimeDiff": 3.171037872944874e-8,
				"PhiDegree": 60.985688449995905,
				"Power": -59.22775541691732
			}, {
				"Time": 6.920176869360988e-7,
				"TimeDiff": 2.4905806736939563e-7,
				"PhiDegree": 159.9808291285861,
				"Power": -69.2550065209518
			}]
	}
}