{
	"SensorDataCollection": {
		"SensorId": 0,
		"SensorDatas": [{
				"Time": 6.30780093157669e-7,
				"TimeDiff": 0.0,
				"PhiDegree": 143.13458790656566,
				"Power": -55.253287816173014
			}, {
				"Time": 4.971579574548616e-7,
				"TimeDiff": -1.336221357028074e-7,
				"PhiDegree": 56.60983728093767,
				"Power": -55.45852204000981
			}, {
				"Time": 6.514314893413514e-7,
				"TimeDiff": 2.0651396183682428e-8,
				"PhiDegree": 158.67467285646111,
				"Power": -66.92900595216148
			}]
	}
}