{
	"SensorDataCollection": {
		"SensorId": 0,
		"SensorDatas": [{
				"Time": 3.599148069902617e-7,
				"TimeDiff": 0.0,
				"PhiDegree": 131.3377285802606,
				"Power": -48.533862805872445
			}, {
				"Time": 4.150199924149458e-7,
				"TimeDiff": 5.5105185424684134e-8,
				"PhiDegree": 235.05447207683378,
				"Power": -52.765404375741156
			}, {
				"Time": 4.510444348623281e-7,
				"TimeDiff": 9.112962787206644e-8,
				"PhiDegree": 121.80626155347935,
				"Power": -55.944705818439544
			}, {
				"Time": 9.145942879435086e-7,
				"TimeDiff": 5.546794809532469e-7,
				"PhiDegree": 162.81431444288802,
				"Power": -86.14599190947703
			}]
	}
}