{
	"SensorDataCollection": {
		"SensorId": 0,
		"SensorDatas": [{
				"Time": 2.9105707946318404e-7,
				"TimeDiff": 0.0,
				"PhiDegree": 124.37104363702117,
				"Power": -47.62790138846594
			}, {
				"Time": 3.162697808056839e-7,
				"TimeDiff": 2.521270134249984e-8,
				"PhiDegree": 121.3017086408221,
				"Power": -51.259417498421755
			}, {
				"Time": 3.5102747770359156e-7,
				"TimeDiff": 5.997039824040753e-8,
				"PhiDegree": 242.08891208703386,
				"Power": -54.618986236341215
			}, {
				"Time": 3.777955797308111e-7,
				"TimeDiff": 8.673850026762705e-8,
				"PhiDegree": 244.21888689731009,
				"Power": -61.40101771060742
			}]
	}
}