{
	"SensorDataCollection": {
		"SensorId": 0,
		"SensorDatas": [{
				"Time": 3.7114544500720436e-7,
				"TimeDiff": 0.0,
				"PhiDegree": 133.27184139576187,
				"Power": -48.57933498198611
			}, {
				"Time": 4.600558175689505e-7,
				"TimeDiff": 8.891037256174616e-8,
				"PhiDegree": 123.57227948543763,
				"Power": -54.64361920938126
			}, {
				"Time": 8.986694674864678e-7,
				"TimeDiff": 5.275240224792635e-7,
				"PhiDegree": 162.50003434892926,
				"Power": -85.16727601321622
			}]
	}
}