{
	"SensorDataCollection": {
		"SensorId": 0,
		"SensorDatas": [{
				"Time": 3.175698449181706e-7,
				"TimeDiff": 0.0,
				"PhiDegree": 130.8443253517048,
				"Power": -47.344497269315156
			}, {
				"Time": 3.408268726884487e-7,
				"TimeDiff": 2.3257027770278077e-8,
				"PhiDegree": 127.5445838424617,
				"Power": -48.965915885071865
			}, {
				"Time": 3.7330506693408024e-7,
				"TimeDiff": 5.5735222015909635e-8,
				"PhiDegree": 236.1954518551828,
				"Power": -51.289888310014305
			}, {
				"Time": 3.9857983260553e-7,
				"TimeDiff": 8.100998768735942e-8,
				"PhiDegree": 238.59517245330053,
				"Power": -55.23934647239366
			}]
	}
}