{
	"SensorDataCollection": {
		"SensorId": 0,
		"SensorDatas": [{
				"Time": 4.7337186700201637e-7,
				"TimeDiff": 0.0,
				"PhiDegree": 125.9283791961041,
				"Power": -53.287944839692216
			}, {
				"Time": 8.67642431137261e-7,
				"TimeDiff": 3.942705641352446e-7,
				"PhiDegree": 163.92555022554728,
				"Power": -77.81176226657936
			}, {
				"Time": 8.764221237822638e-7,
				"TimeDiff": 4.0305025678024744e-7,
				"PhiDegree": 162.0408759495005,
				"Power": -83.7766727206992
			}]
	}
}