{
	"SensorDataCollection": {
		"SensorId": 0,
		"SensorDatas": [{
				"Time": 4.4646446024172634e-7,
				"TimeDiff": 0.0,
				"PhiDegree": 57.9528589383166,
				"Power": -53.80062968011738
			}, {
				"Time": 4.779423573766261e-7,
				"TimeDiff": 3.14778971348998e-8,
				"PhiDegree": 60.286077538064404,
				"Power": -58.514395102320364
			}, {
				"Time": 6.857514211662641e-7,
				"TimeDiff": 2.392869609245378e-7,
				"PhiDegree": 159.789955028978,
				"Power": -68.90234579153339
			}]
	}
}