{
	"SensorDataCollection": {
		"SensorId": 0,
		"SensorDatas": [{
				"Time": 4.296914241585879e-7,
				"TimeDiff": 0.0,
				"PhiDegree": 61.7267258407339,
				"Power": -56.08155213524486
			}, {
				"Time": 7.171561913792043e-7,
				"TimeDiff": 2.8746476722061634e-7,
				"PhiDegree": 160.7109098930296,
				"Power": -70.64655550317396
			}]
	}
}