{
	"SensorDataCollection": {
		"SensorId": 0,
		"SensorDatas": [{
				"Time": 6.442052009729781e-7,
				"TimeDiff": 0.0,
				"PhiDegree": 144.02481613974317,
				"Power": -55.936292250589645
			}]
	}
}