{
	"SensorDataCollection": {
		"SensorId": 0,
		"SensorDatas": [{
				"Time": 4.895121323287253e-7,
				"TimeDiff": 0.0,
				"PhiDegree": 128.4591423455023,
				"Power": -52.29173214895522
			}, {
				"Time": 7.049287775504408e-7,
				"TimeDiff": 2.1541664522171544e-7,
				"PhiDegree": 35.20721873322597,
				"Power": -57.194803870701406
			}, {
				"Time": 8.420253648492027e-7,
				"TimeDiff": 3.5251323252047734e-7,
				"PhiDegree": 163.42262448030021,
				"Power": -76.59952506599566
			}, {
				"Time": 8.510693660299788e-7,
				"TimeDiff": 3.615572337012534e-7,
				"PhiDegree": 161.48677151006137,
				"Power": -82.15796658621386
			}]
	}
}