{
	"SensorDataCollection": {
		"SensorId": 0,
		"SensorDatas": [{
				"Time": 4.853897699378689e-7,
				"TimeDiff": 0.0,
				"PhiDegree": 127.84230523011152,
				"Power": -52.49180819950304
			}, {
				"Time": 8.484234115315599e-7,
				"TimeDiff": 3.63033641593691e-7,
				"PhiDegree": 163.55120252080826,
				"Power": -76.90515889526174
			}, {
				"Time": 8.573999276767453e-7,
				"TimeDiff": 3.7201015773887647e-7,
				"PhiDegree": 161.62836888439261,
				"Power": -82.56560313249878
			}]
	}
}