{
	"SensorDataCollection": {
		"SensorId": 0,
		"SensorDatas": [{
				"Time": 6.360152345543398e-7,
				"TimeDiff": 0.0,
				"PhiDegree": 39.71759267206706,
				"Power": -54.08632845988305
			}, {
				"Time": 7.592820660590316e-7,
				"TimeDiff": 1.2326683150469178e-7,
				"PhiDegree": 161.55454117044812,
				"Power": -72.46474760126563
			}, {
				"Time": 7.692994258311315e-7,
				"TimeDiff": 1.3328419127679173e-7,
				"PhiDegree": 159.43476378722048,
				"Power": -76.67871265811934
			}]
	}
}