{
	"SensorDataCollection": {
		"SensorId": 0,
		"SensorDatas": [{
				"Time": 5.176059702056511e-7,
				"TimeDiff": 0.0,
				"PhiDegree": 132.22166383445312,
				"Power": -51.65153520580317
			}, {
				"Time": 6.699540827617654e-7,
				"TimeDiff": 1.5234811255611434e-7,
				"PhiDegree": 37.34644782687876,
				"Power": -55.52920414973626
			}, {
				"Time": 8.005476116080324e-7,
				"TimeDiff": 2.8294164140238124e-7,
				"PhiDegree": 162.53685120603032,
				"Power": -74.57013996886826
			}, {
				"Time": 8.100548309815591e-7,
				"TimeDiff": 2.9244886077590796e-7,
				"PhiDegree": 160.5125492064424,
				"Power": -79.4600322676691
			}]
	}
}