{
	"SensorDataCollection": {
		"SensorId": 0,
		"SensorDatas": [{
				"Time": 4.979228070993623e-7,
				"TimeDiff": 0.0,
				"PhiDegree": 129.66182929012118,
				"Power": -51.97939620164624
			}, {
				"Time": 6.940663234628676e-7,
				"TimeDiff": 1.9614351636350525e-7,
				"PhiDegree": 35.84244140553946,
				"Power": -56.66313704860775
			}, {
				"Time": 8.292422872345173e-7,
				"TimeDiff": 3.3131948013515496e-7,
				"PhiDegree": 163.15951944264353,
				"Power": -75.98304131214327
			}, {
				"Time": 8.38424189586137e-7,
				"TimeDiff": 3.405013824867747e-7,
				"PhiDegree": 161.19716638321546,
				"Power": -81.33675425257265
			}]
	}
}