{
	"SensorDataCollection": {
		"SensorId": 0,
		"SensorDatas": [{
				"Time": 3.136991251859489e-7,
				"TimeDiff": 0.0,
				"PhiDegree": 129.0624055964841,
				"Power": -47.43035599239825
			}, {
				"Time": 3.321339522612487e-7,
				"TimeDiff": 1.8434827075299827e-8,
				"PhiDegree": 126.52614873605027,
				"Power": -49.09406093469286
			}, {
				"Time": 3.706481406098072e-7,
				"TimeDiff": 5.694901542385832e-8,
				"PhiDegree": 237.7683780462552,
				"Power": -52.075973667536786
			}, {
				"Time": 3.9057528296113573e-7,
				"TimeDiff": 7.687615777518684e-8,
				"PhiDegree": 239.59347037369872,
				"Power": -56.036571385551014
			}]
	}
}