{
	"SensorDataCollection": {
		"SensorId": 0,
		"SensorDatas": [{
				"Time": 2.9760061286938134e-7,
				"TimeDiff": 0.0,
				"PhiDegree": 125.06885504523609,
				"Power": -47.66230369212279
			}, {
				"Time": 3.169730996196352e-7,
				"TimeDiff": 1.9372486750253834e-8,
				"PhiDegree": 122.64586215777265,
				"Power": -50.481609298046166
			}, {
				"Time": 3.5712606706219196e-7,
				"TimeDiff": 5.952545419281062e-8,
				"PhiDegree": 241.3933853958932,
				"Power": -54.21062237963169
			}, {
				"Time": 3.7776717075200303e-7,
				"TimeDiff": 8.016655788262169e-8,
				"PhiDegree": 243.08731913144226,
				"Power": -59.83152369865928
			}]
	}
}