{
	"SensorDataCollection": {
		"SensorId": 0,
		"SensorDatas": [{
				"Time": 4.4240422057670254e-7,
				"TimeDiff": 0.0,
				"PhiDegree": 59.64750964982006,
				"Power": -54.796181290344606
			}, {
				"Time": 4.6853436163659573e-7,
				"TimeDiff": 2.613014105989319e-8,
				"PhiDegree": 61.50143112825481,
				"Power": -59.712204209567574
			}, {
				"Time": 6.994305228051964e-7,
				"TimeDiff": 2.5702630222849386e-7,
				"PhiDegree": 159.9111547702759,
				"Power": -69.24723512692127
			}]
	}
}