{
	"SensorDataCollection": {
		"SensorId": 0,
		"SensorDatas": [{
				"Time": 4.936902794804378e-7,
				"TimeDiff": 0.0,
				"PhiDegree": 129.06560806928616,
				"Power": -52.12145133074014
			}, {
				"Time": 6.994868037941252e-7,
				"TimeDiff": 2.0579652431368742e-7,
				"PhiDegree": 35.5223639607515,
				"Power": -56.92705884391212
			}, {
				"Time": 8.356316235541794e-7,
				"TimeDiff": 3.4194134407374164e-7,
				"PhiDegree": 163.29207817314082,
				"Power": -76.29215617014495
			}, {
				"Time": 8.447440801976839e-7,
				"TimeDiff": 3.5105380071724614e-7,
				"PhiDegree": 161.34305273761004,
				"Power": -81.74835105261123
			}]
	}
}