{
	"SensorDataCollection": {
		"SensorId": 0,
		"SensorDatas": [{
				"Time": 4.492961254549345e-7,
				"TimeDiff": 0.0,
				"PhiDegree": 58.17863696356858,
				"Power": -53.98988026030969
			}, {
				"Time": 4.75047326062308e-7,
				"TimeDiff": 2.5751200607373486e-8,
				"PhiDegree": 60.086602484028695,
				"Power": -58.24894773892653
			}, {
				"Time": 6.869112431821865e-7,
				"TimeDiff": 2.3761511772725195e-7,
				"PhiDegree": 159.52877732215396,
				"Power": -68.54851374085389
			}]
	}
}