{
	"SensorDataCollection": {
		"SensorId": 0,
		"SensorDatas": [{
				"Time": 5.087330906102246e-7,
				"TimeDiff": 0.0,
				"PhiDegree": 131.10843552064256,
				"Power": -51.738215026568156
			}, {
				"Time": 6.806125213986636e-7,
				"TimeDiff": 1.7187943078843894e-7,
				"PhiDegree": 36.66484940345965,
				"Power": -56.02158931342143
			}, {
				"Time": 8.132888993370163e-7,
				"TimeDiff": 3.0455580872679165e-7,
				"PhiDegree": 162.81901676123235,
				"Power": -75.20254647724175
			}, {
				"Time": 8.226488828960095e-7,
				"TimeDiff": 3.1391579228578487e-7,
				"PhiDegree": 160.82265247689594,
				"Power": -80.29908674033045
			}]
	}
}