{
	"SensorDataCollection": {
		"SensorId": 0,
		"SensorDatas": [{
				"Time": 3.201014169522552e-7,
				"TimeDiff": 0.0,
				"PhiDegree": 130.4537276142022,
				"Power": -47.44971053187963
			}, {
				"Time": 3.381874306314315e-7,
				"TimeDiff": 1.8086013679176284e-8,
				"PhiDegree": 127.88906425898558,
				"Power": -48.789827201385705
			}, {
				"Time": 3.7608219863471233e-7,
				"TimeDiff": 5.598078168245712e-8,
				"PhiDegree": 236.47827068089742,
				"Power": -51.49755973336691
			}, {
				"Time": 3.957358053709357e-7,
				"TimeDiff": 7.563438841868048e-8,
				"PhiDegree": 238.34344305160533,
				"Power": -54.94443058071455
			}]
	}
}