{
	"SensorDataCollection": {
		"SensorId": 0,
		"SensorDatas": [{
				"Time": 3.1581239175332496e-7,
				"TimeDiff": 0.0,
				"PhiDegree": 129.53243715895155,
				"Power": -47.431182129619856
			}, {
				"Time": 3.3413064493877736e-7,
				"TimeDiff": 1.8318253185452395e-8,
				"PhiDegree": 126.98593134480089,
				"Power": -48.981074606787516
			}, {
				"Time": 3.724384107205289e-7,
				"TimeDiff": 5.662601896720395e-8,
				"PhiDegree": 237.33416749648066,
				"Power": -51.87111679293068
			}, {
				"Time": 3.9227461975342874e-7,
				"TimeDiff": 7.646222800010378e-8,
				"PhiDegree": 239.1731476896,
				"Power": -55.654486066673186
			}]
	}
}