{
	"SensorDataCollection": {
		"SensorId": 0,
		"SensorDatas": [{
				"Time": 4.601665676081458e-7,
				"TimeDiff": 0.0,
				"PhiDegree": 56.06012460573814,
				"Power": -53.04007247028383
			}, {
				"Time": 4.853413475013176e-7,
				"TimeDiff": 2.5174779893171816e-8,
				"PhiDegree": 58.037622605600134,
				"Power": -56.44170451693415
			}, {
				"Time": 6.681923722448928e-7,
				"TimeDiff": 2.0802580463674698e-7,
				"PhiDegree": 158.92839026581896,
				"Power": -67.48668404015179
			}]
	}
}