{
	"SensorDataCollection": {
		"SensorId": 0,
		"SensorDatas": [{
				"Time": 4.407275595878447e-7,
				"TimeDiff": 0.0,
				"PhiDegree": 60.02182888467525,
				"Power": -55.02182895997153
			}, {
				"Time": 4.669515343484694e-7,
				"TimeDiff": 2.6223974760624677e-8,
				"PhiDegree": 61.86123649836241,
				"Power": -60.11381246235784
			}, {
				"Time": 7.025651017338362e-7,
				"TimeDiff": 2.6183754214599147e-7,
				"PhiDegree": 160.0046185412272,
				"Power": -69.42076035209686
			}]
	}
}