{
	"SensorDataCollection": {
		"SensorId": 0,
		"SensorDatas": [{
				"Time": 5.198540679917496e-7,
				"TimeDiff": 0.0,
				"PhiDegree": 132.49400111912271,
				"Power": -51.64335201745597
			}, {
				"Time": 6.673045826889309e-7,
				"TimeDiff": 1.474505146971813e-7,
				"PhiDegree": 37.52024184958247,
				"Power": -55.409284891522844
			}, {
				"Time": 7.973653839397057e-7,
				"TimeDiff": 2.7751131594795614e-7,
				"PhiDegree": 162.46490136623345,
				"Power": -74.41091585965364
			}, {
				"Time": 8.069100979976341e-7,
				"TimeDiff": 2.8705603000588447e-7,
				"PhiDegree": 160.43351160823823,
				"Power": -79.24903164101468
			}]
	}
}