{
	"SensorDataCollection": {
		"SensorId": 0,
		"SensorDatas": [{
				"Time": 7.371625512535225e-7,
				"TimeDiff": 0.0,
				"PhiDegree": 160.9801428396825,
				"Power": -71.29887072420065
			}, {
				"Time": 7.47476406126534e-7,
				"TimeDiff": 1.0313854873011549e-8,
				"PhiDegree": 158.8058559202183,
				"Power": -75.14721964550156
			}]
	}
}