{
	"SensorDataCollection": {
		"SensorId": 0,
		"SensorDatas": [{
				"Time": 5.243850439347784e-7,
				"TimeDiff": 0.0,
				"PhiDegree": 133.03164018407622,
				"Power": -51.64218551226003
			}, {
				"Time": 6.620242225775896e-7,
				"TimeDiff": 1.3763917864281118e-7,
				"PhiDegree": 37.871995045195646,
				"Power": -55.173511582651145
			}, {
				"Time": 7.910047463056887e-7,
				"TimeDiff": 2.6661970237091024e-7,
				"PhiDegree": 162.31926552887805,
				"Power": -74.09111288065684
			}, {
				"Time": 8.006252927701972e-7,
				"TimeDiff": 2.7624024883541874e-7,
				"PhiDegree": 160.27357448990182,
				"Power": -78.82554906292104
			}]
	}
}