{
	"SensorDataCollection": {
		"SensorId": 0,
		"SensorDatas": [{
				"Time": 4.564742971873313e-7,
				"TimeDiff": 0.0,
				"PhiDegree": 56.7550493524517,
				"Power": -53.324673233375535
			}, {
				"Time": 4.818420256088096e-7,
				"TimeDiff": 2.5367728421478233e-8,
				"PhiDegree": 58.71085663838303,
				"Power": -56.99618184017821
			}, {
				"Time": 6.744236928428289e-7,
				"TimeDiff": 2.1794939565549761e-7,
				"PhiDegree": 159.1322215498047,
				"Power": -67.8424464947139
			}]
	}
}