{
	"SensorDataCollection": {
		"SensorId": 0,
		"SensorDatas": [{
				"Time": 4.35812163779831e-7,
				"TimeDiff": 0.0,
				"PhiDegree": 61.161839458487364,
				"Power": -55.76136807911864
			}, {
				"Time": 7.119798579539446e-7,
				"TimeDiff": 2.761676941741136e-7,
				"PhiDegree": 160.28006862427605,
				"Power": -69.93855306663838
			}]
	}
}