{
	"SensorDataCollection": {
		"SensorId": 0,
		"SensorDatas": [{
				"Time": 4.915943212627379e-7,
				"TimeDiff": 0.0,
				"PhiDegree": 128.76366381626244,
				"Power": -52.20296754172594
			}, {
				"Time": 7.022051351798615e-7,
				"TimeDiff": 2.1061081391712364e-7,
				"PhiDegree": 35.3641807668997,
				"Power": -57.06046736116879
			}, {
				"Time": 8.388279498735967e-7,
				"TimeDiff": 3.472336286108588e-7,
				"PhiDegree": 163.35760009022874,
				"Power": -76.44605818808365
			}, {
				"Time": 8.479060562552776e-7,
				"TimeDiff": 3.5631173499253974e-7,
				"PhiDegree": 161.4151801553205,
				"Power": -81.95340635366834
			}]
	}
}