{
	"SensorDataCollection": {
		"SensorId": 0,
		"SensorDatas": [{
				"Time": 5.289613993640434e-7,
				"TimeDiff": 0.0,
				"PhiDegree": 133.56002224623725,
				"Power": -51.660403384686305
			}, {
				"Time": 6.567692150984654e-7,
				"TimeDiff": 1.2780781573442197e-7,
				"PhiDegree": 38.22939085744966,
				"Power": -54.94341220309009
			}, {
				"Time": 7.846493020902512e-7,
				"TimeDiff": 2.556879027262078e-7,
				"PhiDegree": 162.1712695016787,
				"Power": -73.76949657016657
			}, {
				"Time": 7.943468247660813e-7,
				"TimeDiff": 2.6538542540203783e-7,
				"PhiDegree": 160.11110782276089,
				"Power": -78.40009545987225
			}]
	}
}