{
	"SensorDataCollection": {
		"SensorId": 0,
		"SensorDatas": [{
				"Time": 4.390698526787959e-7,
				"TimeDiff": 0.0,
				"PhiDegree": 60.398990801606914,
				"Power": -55.257696855896626
			}, {
				"Time": 4.6538724647492447e-7,
				"TimeDiff": 2.631739379612855e-8,
				"PhiDegree": 62.22347503349689,
				"Power": -60.53058693561343
			}, {
				"Time": 7.057015335621324e-7,
				"TimeDiff": 2.6663168088333647e-7,
				"PhiDegree": 160.0972517729234,
				"Power": -69.59382209904001
			}]
	}
}