{
	"SensorDataCollection": {
		"SensorId": 0,
		"SensorDatas": [{
				"Time": 3.1794662882695616e-7,
				"TimeDiff": 0.0,
				"PhiDegree": 129.9961893509642,
				"Power": -47.43771480972897
			}, {
				"Time": 3.361485979216245e-7,
				"TimeDiff": 1.820196909466836e-8,
				"PhiDegree": 127.44022262268618,
				"Power": -48.87981454066991
			}, {
				"Time": 3.7424986543418283e-7,
				"TimeDiff": 5.630323660722668e-8,
				"PhiDegree": 236.90413580305312,
				"Power": -51.678452299196096
			}, {
				"Time": 3.939948848654863e-7,
				"TimeDiff": 7.604825603853012e-8,
				"PhiDegree": 238.75647317900928,
				"Power": -55.290640143516754
			}]
	}
}