{
	"SensorDataCollection": {
		"SensorId": 0,
		"SensorDatas": [{
				"Time": 4.874438891310508e-7,
				"TimeDiff": 0.0,
				"PhiDegree": 128.15202794501485,
				"Power": -52.38794410797928
			}, {
				"Time": 7.076576695828958e-7,
				"TimeDiff": 2.20213780451845e-7,
				"PhiDegree": 35.05146610212305,
				"Power": -57.330041348976295
			}, {
				"Time": 8.452238561260972e-7,
				"TimeDiff": 3.577799669950464e-7,
				"PhiDegree": 163.48715682311516,
				"Power": -76.75255817364959
			}, {
				"Time": 8.54233994705143e-7,
				"TimeDiff": 3.667901055740923e-7,
				"PhiDegree": 161.5578325347963,
				"Power": -82.36203206008003
			}]
	}
}