{
	"SensorDataCollection": {
		"SensorId": 0,
		"SensorDatas": [{
				"Time": 5.153696684249478e-7,
				"TimeDiff": 0.0,
				"PhiDegree": 131.94695683617024,
				"Power": -51.66496867261998
			}, {
				"Time": 6.726096983359765e-7,
				"TimeDiff": 1.5724002991102872e-7,
				"PhiDegree": 37.17402458456344,
				"Power": -55.65042949421709
			}, {
				"Time": 8.03731091691917e-7,
				"TimeDiff": 2.883614232669692e-7,
				"PhiDegree": 162.60823118870005,
				"Power": -74.72891394652038
			}, {
				"Time": 8.13201093517168e-7,
				"TimeDiff": 2.978314250922202e-7,
				"PhiDegree": 160.59097536241921,
				"Power": -79.67053845889797
			}]
	}
}