{
	"SensorDataCollection": {
		"SensorId": 0,
		"SensorDatas": [{
				"Time": 6.301297136870981e-7,
				"TimeDiff": 0.0,
				"PhiDegree": 142.7098418120134,
				"Power": -55.025036808699696
			}, {
				"Time": 4.925366907722908e-7,
				"TimeDiff": -1.375930229148073e-7,
				"PhiDegree": 56.72030524739877,
				"Power": -55.464082150395114
			}, {
				"Time": 6.557558236894215e-7,
				"TimeDiff": 2.562611000232338e-8,
				"PhiDegree": 158.50911961904012,
				"Power": -66.76977117194073
			}]
	}
}