{
	"SensorDataCollection": {
		"SensorId": 0,
		"SensorDatas": [{
				"Time": 4.4409962096679034e-7,
				"TimeDiff": 0.0,
				"PhiDegree": 59.27603267181407,
				"Power": -54.58045002939467
			}, {
				"Time": 4.701355410868011e-7,
				"TimeDiff": 2.603592012001076e-8,
				"PhiDegree": 61.14406258227531,
				"Power": -59.325325972441235
			}, {
				"Time": 6.962978218002481e-7,
				"TimeDiff": 2.5219820083345774e-7,
				"PhiDegree": 159.81684974415407,
				"Power": -69.07324706366512
			}]
	}
}