{
	"SensorDataCollection": {
		"SensorId": 0,
		"SensorDatas": [{
				"Time": 7.340088767334394e-7,
				"TimeDiff": 0.0,
				"PhiDegree": 160.89526196556858,
				"Power": -71.13045980765938
			}, {
				"Time": 7.443664298372963e-7,
				"TimeDiff": 1.0357553103856945e-8,
				"PhiDegree": 158.71300438557614,
				"Power": -74.92654788421507
			}]
	}
}