{
	"SensorDataCollection": {
		"SensorId": 0,
		"SensorDatas": [{
				"Time": 3.222763439072151e-7,
				"TimeDiff": 0.0,
				"PhiDegree": 130.905118818803,
				"Power": -47.46693617858206
			}, {
				"Time": 3.4024676772079604e-7,
				"TimeDiff": 1.7970423813580963e-8,
				"PhiDegree": 128.33249962441317,
				"Power": -48.71067781516348
			}, {
				"Time": 3.77935106648323e-7,
				"TimeDiff": 5.5658762741107896e-8,
				"PhiDegree": 236.0565582403865,
				"Power": -51.32803546797712
			}, {
				"Time": 3.9749710987621424e-7,
				"TimeDiff": 7.522076596899916e-8,
				"PhiDegree": 237.9340520680679,
				"Power": -54.61527858250241
			}]
	}
}