{
	"SensorDataCollection": {
		"SensorId": 0,
		"SensorDatas": [{
				"Time": 5.221138094108914e-7,
				"TimeDiff": 0.0,
				"PhiDegree": 132.76398707388532,
				"Power": -51.64028044622657
			}, {
				"Time": 6.646612712510657e-7,
				"TimeDiff": 1.4254746184017433e-7,
				"PhiDegree": 37.69541982814246,
				"Power": -55.29070824149858
			}, {
				"Time": 7.941844237418967e-7,
				"TimeDiff": 2.7207061433100526e-7,
				"PhiDegree": 162.39237504750122,
				"Power": -74.25124052028994
			}, {
				"Time": 8.037669125184772e-7,
				"TimeDiff": 2.816531031075858e-7,
				"PhiDegree": 160.353855693599,
				"Power": -79.03753705538102
			}]
	}
}