{
	"SensorDataCollection": {
		"SensorId": 0,
		"SensorDatas": [{
				"Time": 4.3107319518982093e-7,
				"TimeDiff": 0.0,
				"PhiDegree": 62.327385322867194,
				"Power": -56.601835709853006
			}, {
				"Time": 7.214106398470049e-7,
				"TimeDiff": 2.90337444657184e-7,
				"PhiDegree": 160.54832302266163,
				"Power": -70.4521626785689
			}]
	}
}