{
	"SensorDataCollection": {
		"SensorId": 0,
		"SensorDatas": [{
				"Time": 6.327874998875039e-7,
				"TimeDiff": 0.0,
				"PhiDegree": 142.89287987587358,
				"Power": -55.15457795951407
			}, {
				"Time": 4.94375464282879e-7,
				"TimeDiff": -1.3841203560462499e-7,
				"PhiDegree": 56.39702077343329,
				"Power": -55.2453743776082
			}, {
				"Time": 6.526523038219026e-7,
				"TimeDiff": 1.9864803934398704e-8,
				"PhiDegree": 158.40180707683155,
				"Power": -66.5894329258559
			}]
	}
}