{
	"SensorDataCollection": {
		"SensorId": 0,
		"SensorDatas": [{
				"Time": 5.02208340259024e-7,
				"TimeDiff": 0.0,
				"PhiDegree": 130.24793752223465,
				"Power": -51.86408419407715
			}, {
				"Time": 6.886678440788284e-7,
				"TimeDiff": 1.8645950381980443e-7,
				"PhiDegree": 36.167547314902684,
				"Power": -56.40326756081642
			}, {
				"Time": 8.22857458501685e-7,
				"TimeDiff": 3.20649118242661e-7,
				"PhiDegree": 163.02490284637977,
				"Power": -75.67216985366908
			}, {
				"Time": 8.321098171257741e-7,
				"TimeDiff": 3.2990147686675014e-7,
				"PhiDegree": 161.0490649718459,
				"Power": -80.92317471934803
			}]
	}
}