{
	"SensorDataCollection": {
		"SensorId": 0,
		"SensorDatas": [{
				"Time": 6.437466812858672e-7,
				"TimeDiff": 0.0,
				"PhiDegree": 39.14828217083909,
				"Power": -54.395105742731886
			}, {
				"Time": 7.687842577496817e-7,
				"TimeDiff": 1.250375764638145e-7,
				"PhiDegree": 161.79058308048292,
				"Power": -72.95747169666063
			}, {
				"Time": 7.786793856966845e-7,
				"TimeDiff": 1.3493270441081735e-7,
				"PhiDegree": 159.6934908202885,
				"Power": -77.32788120558334
			}]
	}
}