{
	"SensorDataCollection": {
		"SensorId": 0,
		"SensorDatas": [{
				"Time": 4.546536490003001e-7,
				"TimeDiff": 0.0,
				"PhiDegree": 57.10671847871531,
				"Power": -53.478628127235694
			}, {
				"Time": 4.801175837223842e-7,
				"TimeDiff": 2.5463934722084147e-8,
				"PhiDegree": 59.051130277281075,
				"Power": -57.29090136076147
			}, {
				"Time": 6.775425097888147e-7,
				"TimeDiff": 2.2288886078851462e-7,
				"PhiDegree": 159.232730587822,
				"Power": -68.0196477737196
			}]
	}
}