{
	"SensorDataCollection": {
		"SensorId": 0,
		"SensorDatas": [{
				"Time": 4.475457857305944e-7,
				"TimeDiff": 0.0,
				"PhiDegree": 58.541599068263764,
				"Power": -54.17757660389027
			}, {
				"Time": 4.733922094578106e-7,
				"TimeDiff": 2.5846423727216197e-8,
				"PhiDegree": 60.4366465803355,
				"Power": -58.594095047183686
			}, {
				"Time": 6.900381558530248e-7,
				"TimeDiff": 2.424923701224304e-7,
				"PhiDegree": 159.6256721816518,
				"Power": -68.72388547772309
			}]
	}
}