{
	"SensorDataCollection": {
		"SensorId": 0,
		"SensorDatas": [{
				"Time": 6.463377285936319e-7,
				"TimeDiff": 0.0,
				"PhiDegree": 38.96154551663222,
				"Power": -54.50151882921318
			}, {
				"Time": 7.719545068948283e-7,
				"TimeDiff": 1.2561677830119633e-7,
				"PhiDegree": 161.86797189681923,
				"Power": -73.12079272970433
			}, {
				"Time": 7.818095109810793e-7,
				"TimeDiff": 1.354717823874473e-7,
				"PhiDegree": 159.7783529047781,
				"Power": -77.54330067648081
			}]
	}
}