{
	"SensorDataCollection": {
		"SensorId": 0,
		"SensorDatas": [{
				"Time": 4.583120048514907e-7,
				"TimeDiff": 0.0,
				"PhiDegree": 56.4061873679496,
				"Power": -53.17856175557037
			}, {
				"Time": 4.835833407398618e-7,
				"TimeDiff": 2.5271335888371106e-8,
				"PhiDegree": 58.37302170935959,
				"Power": -56.71322176446142
			}, {
				"Time": 6.713069705578333e-7,
				"TimeDiff": 2.1299496570634254e-7,
				"PhiDegree": 159.03077891698067,
				"Power": -67.66479136055669
			}]
	}
}