{
	"SensorDataCollection": {
		"SensorId": 0,
		"SensorDatas": [{
				"Time": 5.043705623409718e-7,
				"TimeDiff": 0.0,
				"PhiDegree": 130.5372414867241,
				"Power": -51.81601591707155
			}, {
				"Time": 6.85977017145661e-7,
				"TimeDiff": 1.8160645480468924e-7,
				"PhiDegree": 36.33201650022051,
				"Power": -56.27492696798055
			}, {
				"Time": 8.196667674007703e-7,
				"TimeDiff": 3.152962050597985e-7,
				"PhiDegree": 162.95680828514972,
				"Power": -75.51607215189766
			}, {
				"Time": 8.289547396127641e-7,
				"TimeDiff": 3.2458417727179236e-7,
				"PhiDegree": 160.97416842022605,
				"Power": -80.71564120549849
			}]
	}
}