{
	"SensorDataCollection": {
		"SensorId": 0,
		"SensorDatas": [{
				"Time": 6.46170902355186e-7,
				"TimeDiff": 0.0,
				"PhiDegree": 143.7853851767453,
				"Power": -55.822829615283155
			}]
	}
}