{
	"SensorDataCollection": {
		"SensorId": 0,
		"SensorDatas": [{
				"Time": 4.458135469639282e-7,
				"TimeDiff": 0.0,
				"PhiDegree": 58.90739657608976,
				"Power": -54.37434250268484
			}, {
				"Time": 4.717548858323473e-7,
				"TimeDiff": 2.5941338868419115e-8,
				"PhiDegree": 60.78913371176342,
				"Power": -58.95275778331336
			}, {
				"Time": 6.931670241802723e-7,
				"TimeDiff": 2.4735347721634414e-7,
				"PhiDegree": 159.72169257140456,
				"Power": -68.89879690057612
			}]
	}
}