{
	"SensorDataCollection": {
		"SensorId": 0,
		"SensorDatas": [{
				"Time": 5.266676228726717e-7,
				"TimeDiff": 0.0,
				"PhiDegree": 133.2969790242518,
				"Power": -51.64893580659303
			}, {
				"Time": 6.5939351180671e-7,
				"TimeDiff": 1.3272588893403828e-7,
				"PhiDegree": 38.04998088994052,
				"Power": -55.057733180161705
			}, {
				"Time": 7.878263671628097e-7,
				"TimeDiff": 2.61158744290138e-7,
				"PhiDegree": 162.24556598848028,
				"Power": -73.9305319003819
			}, {
				"Time": 7.974852572569523e-7,
				"TimeDiff": 2.7081763438428056e-7,
				"PhiDegree": 160.1926609244463,
				"Power": -78.61306829401552
			}]
	}
}