{
	"SensorDataCollection": {
		"SensorId": 0,
		"SensorDatas": [{
				"Time": 5.000590327653765e-7,
				"TimeDiff": 0.0,
				"PhiDegree": 129.95613914557458,
				"Power": -51.91848673124642
			}, {
				"Time": 6.913643013920009e-7,
				"TimeDiff": 1.913052686266244e-7,
				"PhiDegree": 36.004359718256175,
				"Power": -56.532681031700676
			}, {
				"Time": 8.260493028853791e-7,
				"TimeDiff": 3.2599027012000265e-7,
				"PhiDegree": 163.09247126933442,
				"Power": -75.82782581206729
			}, {
				"Time": 8.352663057628132e-7,
				"TimeDiff": 3.352072729974368e-7,
				"PhiDegree": 161.12339557844564,
				"Power": -81.13021238601475
			}]
	}
}