{
	"SensorDataCollection": {
		"SensorId": 0,
		"SensorDatas": [{
				"Time": 5.109330716219978e-7,
				"TimeDiff": 0.0,
				"PhiDegree": 131.39036074978915,
				"Power": -51.70816018894227
			}, {
				"Time": 6.77938988356148e-7,
				"TimeDiff": 1.6700591673415016e-7,
				"PhiDegree": 36.833238278188325,
				"Power": -55.89665653664012
			}, {
				"Time": 8.10101750040713e-7,
				"TimeDiff": 2.991686784187152e-7,
				"PhiDegree": 162.7493075845932,
				"Power": -75.04511603642511
			}, {
				"Time": 8.194981367668036e-7,
				"TimeDiff": 3.085650651448058e-7,
				"PhiDegree": 160.7460203622072,
				"Power": -80.09006599322919
			}]
	}
}