{
	"SensorDataCollection": {
		"SensorId": 0,
		"SensorDatas": [{
				"Time": 7.529545813197213e-7,
				"TimeDiff": 0.0,
				"PhiDegree": 161.39387186968804,
				"Power": -72.13395708947891
			}, {
				"Time": 7.630550126141586e-7,
				"TimeDiff": 1.0100431294437327e-8,
				"PhiDegree": 159.25874761009686,
				"Power": -76.24352341353007
			}]
	}
}