{
	"SensorDataCollection": {
		"SensorId": 0,
		"SensorDatas": [{
				"Time": 6.411625271992307e-7,
				"TimeDiff": 0.0,
				"PhiDegree": 39.3365260922607,
				"Power": -54.29040536648097
			}, {
				"Time": 7.65615422759472e-7,
				"TimeDiff": 1.244528955602413e-7,
				"PhiDegree": 161.712553505738,
				"Power": -72.79369099070755
			}, {
				"Time": 7.755509824069609e-7,
				"TimeDiff": 1.3438845520773015e-7,
				"PhiDegree": 159.607943916637,
				"Power": -77.11197579015469
			}]
	}
}