{
	"SensorDataCollection": {
		"SensorId": 0,
		"SensorDatas": [{
				"Time": 5.359084728302806e-7,
				"TimeDiff": 0.0,
				"PhiDegree": 134.33556564176558,
				"Power": -51.721880215154584
			}, {
				"Time": 6.489355865534947e-7,
				"TimeDiff": 1.130271137232141e-7,
				"PhiDegree": 38.77630201863157,
				"Power": -54.60959954478456
			}, {
				"Time": 7.75126152843323e-7,
				"TimeDiff": 2.3921768001304245e-7,
				"PhiDegree": 161.94472753615892,
				"Power": -73.28365488215147
			}, {
				"Time": 7.849413376596543e-7,
				"TimeDiff": 2.4903286482937375e-7,
				"PhiDegree": 159.8625379925866,
				"Power": -77.75823294737368
			}]
	}
}