{
	"SensorDataCollection": {
		"SensorId": 0,
		"SensorDatas": [{
				"Time": 6.407989622112588e-7,
				"TimeDiff": 0.0,
				"PhiDegree": 143.43285843754552,
				"Power": -55.55158134237786
			}]
	}
}