{
	"SensorDataCollection": {
		"SensorId": 0,
		"SensorDatas": [{
				"Time": 4.96229860012323e-7,
				"TimeDiff": 0.0,
				"PhiDegree": 56.07614235541209,
				"Power": -55.036410610051405
			}, {
				"Time": 6.354516899901328e-7,
				"TimeDiff": 1.3922182997780982e-7,
				"PhiDegree": 143.07438497109726,
				"Power": -55.28554336174774
			}]
	}
}