{
	"SensorDataCollection": {
		"SensorId": 0,
		"SensorDatas": [{
				"Time": 3.244710047207705e-7,
				"TimeDiff": 0.0,
				"PhiDegree": 131.350431102807,
				"Power": -47.489168503472996
			}, {
				"Time": 3.4232623914440735e-7,
				"TimeDiff": 1.7855234423636857e-8,
				"PhiDegree": 128.7705736419853,
				"Power": -48.64194941315273
			}, {
				"Time": 3.7980828835029915e-7,
				"TimeDiff": 5.533728362952866e-8,
				"PhiDegree": 235.6389830617393,
				"Power": -51.169491794809176
			}, {
				"Time": 3.992785286266316e-7,
				"TimeDiff": 7.480752390586111e-8,
				"PhiDegree": 237.5282935946939,
				"Power": -54.302628242026984
			}]
	}
}