{
	"SensorDataCollection": {
		"SensorId": 0,
		"SensorDatas": [{
				"Time": 4.295337605962445e-7,
				"TimeDiff": 0.0,
				"PhiDegree": 62.72155537803316,
				"Power": -56.906113788422985
			}, {
				"Time": 7.245576869454932e-7,
				"TimeDiff": 2.950239263492487e-7,
				"PhiDegree": 160.63618863087643,
				"Power": -70.62243516817534
			}, {
				"Time": 7.350484286474192e-7,
				"TimeDiff": 3.0551466805117475e-7,
				"PhiDegree": 158.42973903433636,
				"Power": -74.2617556972347
			}]
	}
}