{
	"SensorDataCollection": {
		"SensorId": 0,
		"SensorDatas": [{
				"Time": 6.385853500178232e-7,
				"TimeDiff": 0.0,
				"PhiDegree": 39.52629149045279,
				"Power": -54.18746385437123
			}, {
				"Time": 7.624480195564456e-7,
				"TimeDiff": 1.2386266953862242e-7,
				"PhiDegree": 161.63387547461502,
				"Power": -72.6294498612724
			}, {
				"Time": 7.72424322034711e-7,
				"TimeDiff": 1.3383897201688784e-7,
				"PhiDegree": 159.52170425679492,
				"Power": -76.89558578710769
			}]
	}
}