{
	"SensorDataCollection": {
		"SensorId": 0,
		"SensorDatas": [{
				"Time": 4.51064355416566e-7,
				"TimeDiff": 0.0,
				"PhiDegree": 57.81850621614656,
				"Power": -53.81099093545778
			}, {
				"Time": 4.767200503204105e-7,
				"TimeDiff": 2.5655694903844483e-8,
				"PhiDegree": 59.739001971516245,
				"Power": -57.91693965688805
			}, {
				"Time": 6.837863129970468e-7,
				"TimeDiff": 2.3272195758048082e-7,
				"PhiDegree": 159.43099655428236,
				"Power": -68.37268274539086
			}]
	}
}