{
	"SensorDataCollection": {
		"SensorId": 0,
		"SensorDatas": [{
				"Time": 4.37431315336987e-7,
				"TimeDiff": 0.0,
				"PhiDegree": 60.778994846931425,
				"Power": -55.504100558470896
			}, {
				"Time": 4.6384168558634207e-7,
				"TimeDiff": 2.6410370249355066e-8,
				"PhiDegree": 62.588142246897675,
				"Power": -60.9629810032946
			}, {
				"Time": 7.088397936942874e-7,
				"TimeDiff": 2.714084783573004e-7,
				"PhiDegree": 160.18906500904507,
				"Power": -69.76641982209705
			}]
	}
}