{
	"SensorDataCollection": {
		"SensorId": 0,
		"SensorDatas": [{
				"Time": 5.33581966666447e-7,
				"TimeDiff": 0.0,
				"PhiDegree": 134.07929676068417,
				"Power": -51.6969953246215
			}, {
				"Time": 6.515401736980043e-7,
				"TimeDiff": 1.1795820703155736e-7,
				"PhiDegree": 38.59253766571816,
				"Power": -54.71930385498608
			}, {
				"Time": 7.782991785188317e-7,
				"TimeDiff": 2.4471721185238474e-7,
				"PhiDegree": 162.02085746545276,
				"Power": -73.44605898637057
			}, {
				"Time": 7.880748454482769e-7,
				"TimeDiff": 2.544928787818299e-7,
				"PhiDegree": 159.94605379357498,
				"Power": -77.97267686100457
			}]
	}
}