{
	"SensorDataCollection": {
		"SensorId": 0,
		"SensorDatas": [{
				"Time": 3.1160725578017025e-7,
				"TimeDiff": 0.0,
				"PhiDegree": 128.58603081883817,
				"Power": -47.4354908306145
			}, {
				"Time": 3.3015890561530547e-7,
				"TimeDiff": 1.855164983513522e-8,
				"PhiDegree": 126.06083492233657,
				"Power": -49.21924684961152
			}, {
				"Time": 3.6887936354576167e-7,
				"TimeDiff": 5.727210776559142e-8,
				"PhiDegree": 238.20677805740442,
				"Power": -52.29346118248148
			}, {
				"Time": 3.8889714883576865e-7,
				"TimeDiff": 7.72898930555984e-8,
				"PhiDegree": 240.0174435176834,
				"Power": -56.437524839679824
			}]
	}
}