{
	"SensorDataCollection": {
		"SensorId": 0,
		"SensorDatas": [{
				"Time": 6.427924007141428e-7,
				"TimeDiff": 0.0,
				"PhiDegree": 143.1939869029421,
				"Power": -55.448798211739
			}]
	}
}