{
	"SensorDataCollection": {
		"SensorId": 0,
		"SensorDatas": [{
				"Time": 4.70307835516873e-7,
				"TimeDiff": 0.0,
				"PhiDegree": 124.70230054760441,
				"Power": -54.015804432255564
			}, {
				"Time": 8.78184972754877e-7,
				"TimeDiff": 4.0787713723800394e-7,
				"PhiDegree": 163.8971968644127,
				"Power": -77.86201357836705
			}, {
				"Time": 8.8493766304454e-7,
				"TimeDiff": 4.1462982752766697e-7,
				"PhiDegree": 162.44621977564782,
				"Power": -84.89399637836243
			}]
	}
}