{
	"SensorDataCollection": {
		"SensorId": 0,
		"SensorDatas": [{
				"Time": 5.134410343073572e-7,
				"TimeDiff": 0.0,
				"PhiDegree": 131.14417302995238,
				"Power": -51.80938154980646
			}, {
				"Time": 6.799445096539229e-7,
				"TimeDiff": 1.6650347534656567e-7,
				"PhiDegree": 37.058277437526385,
				"Power": -55.80408940964969
			}, {
				"Time": 8.110975010148387e-7,
				"TimeDiff": 2.976564667074815e-7,
				"PhiDegree": 162.52420988120764,
				"Power": -74.66191288789922
			}, {
				"Time": 8.184039206008022e-7,
				"TimeDiff": 3.049628862934449e-7,
				"PhiDegree": 160.96655051641832,
				"Power": -80.58667892257373
			}]
	}
}