{
	"SensorDataCollection": {
		"SensorId": 0,
		"SensorDatas": [{
				"Time": 4.839860403740554e-7,
				"TimeDiff": 0.0,
				"PhiDegree": 126.97607426094847,
				"Power": -52.89429315117563
			}, {
				"Time": 8.557693798994784e-7,
				"TimeDiff": 3.71783339525423e-7,
				"PhiDegree": 163.46346226427315,
				"Power": -76.81609123658822
			}, {
				"Time": 8.626975441461424e-7,
				"TimeDiff": 3.7871150377208703e-7,
				"PhiDegree": 161.97836713319523,
				"Power": -83.48295298628905
			}]
	}
}