{
	"SensorDataCollection": {
		"SensorId": 0,
		"SensorDatas": [{
				"Time": 5.200817555212378e-7,
				"TimeDiff": 0.0,
				"PhiDegree": 131.974644120902,
				"Power": -51.73866004713139
			}, {
				"Time": 6.719834352752418e-7,
				"TimeDiff": 1.5190167975400399e-7,
				"PhiDegree": 37.572616283677284,
				"Power": -55.44461093889733
			}, {
				"Time": 8.01555231524825e-7,
				"TimeDiff": 2.814734760035872e-7,
				"PhiDegree": 162.30933760667844,
				"Power": -74.18923964702722
			}, {
				"Time": 8.089478415120864e-7,
				"TimeDiff": 2.8886608599084856e-7,
				"PhiDegree": 160.73533782291125,
				"Power": -79.95310231079426
			}]
	}
}