{
	"SensorDataCollection": {
		"SensorId": 0,
		"SensorDatas": [{
				"Time": 4.4867413464716623e-7,
				"TimeDiff": 0.0,
				"PhiDegree": 59.127439611748635,
				"Power": -54.57200562488822
			}, {
				"Time": 4.688453942248533e-7,
				"TimeDiff": 2.0171259577687073e-8,
				"PhiDegree": 60.59013710651511,
				"Power": -58.67822433376267
			}, {
				"Time": 6.943304934571324e-7,
				"TimeDiff": 2.4565635880996616e-7,
				"PhiDegree": 159.46341920083395,
				"Power": -68.55066615698112
			}]
	}
}