{
	"SensorDataCollection": {
		"SensorId": 0,
		"SensorDatas": [{
				"Time": 3.6872309724249314e-7,
				"TimeDiff": 0.0,
				"PhiDegree": 133.62724116069407,
				"Power": -48.49910892443246
			}, {
				"Time": 4.6283954812932164e-7,
				"TimeDiff": 9.41164508868285e-8,
				"PhiDegree": 123.34386744582582,
				"Power": -54.87311617409517
			}, {
				"Time": 8.910155844768738e-7,
				"TimeDiff": 5.222924872343807e-7,
				"PhiDegree": 164.13523939792964,
				"Power": -78.4505996504571
			}, {
				"Time": 8.976717623290334e-7,
				"TimeDiff": 5.289486650865403e-7,
				"PhiDegree": 162.70314613622315,
				"Power": -85.68932887155447
			}]
	}
}