{
	"SensorDataCollection": {
		"SensorId": 0,
		"SensorDatas": [{
				"Time": 7.540258034469691e-7,
				"TimeDiff": 0.0,
				"PhiDegree": 161.15358288763434,
				"Power": -71.76586182978815
			}, {
				"Time": 7.618797368129009e-7,
				"TimeDiff": 7.85393336593182e-9,
				"PhiDegree": 159.49341163435088,
				"Power": -76.71695564690593
			}]
	}
}