{
	"SensorDataCollection": {
		"SensorId": 0,
		"SensorDatas": [{
				"Time": 4.538918518459955e-7,
				"TimeDiff": 0.0,
				"PhiDegree": 58.04283472783461,
				"Power": -53.997153163399005
			}, {
				"Time": 4.738410469309952e-7,
				"TimeDiff": 1.994919508499971e-8,
				"PhiDegree": 59.53568245185488,
				"Power": -57.65696942260752
			}, {
				"Time": 6.849657163505234e-7,
				"TimeDiff": 2.3107386450452787e-7,
				"PhiDegree": 159.16968622313323,
				"Power": -68.02816746599638
			}]
	}
}