{
	"SensorDataCollection": {
		"SensorId": 0,
		"SensorDatas": [{
				"Time": 4.880290163441683e-7,
				"TimeDiff": 0.0,
				"PhiDegree": 127.60198212040763,
				"Power": -52.65242979354555
			}, {
				"Time": 7.123059060897445e-7,
				"TimeDiff": 2.2427688974557623e-7,
				"PhiDegree": 35.117040263149285,
				"Power": -57.34388803449198
			}, {
				"Time": 8.49374237876533e-7,
				"TimeDiff": 3.613452215323647e-7,
				"PhiDegree": 163.3353357076022,
				"Power": -76.51348651662244
			}, {
				"Time": 8.563541423211478e-7,
				"TimeDiff": 3.6832512597697957e-7,
				"PhiDegree": 161.84023462009714,
				"Power": -83.07527564629726
			}]
	}
}