{
	"SensorDataCollection": {
		"SensorId": 0,
		"SensorDatas": [{
				"Time": 5.26828972566998e-7,
				"TimeDiff": 0.0,
				"PhiDegree": 132.78400960545233,
				"Power": -51.715533639384574
			}, {
				"Time": 6.640778083587934e-7,
				"TimeDiff": 1.3724883579179544e-7,
				"PhiDegree": 38.09924448489227,
				"Power": -55.097123402770876
			}, {
				"Time": 7.920245068251472e-7,
				"TimeDiff": 2.651955342581492e-7,
				"PhiDegree": 162.08929089938746,
				"Power": -73.71259632359424
			}, {
				"Time": 7.995052473335402e-7,
				"TimeDiff": 2.726762747665422e-7,
				"PhiDegree": 160.49865970221478,
				"Power": -79.31495532627181
			}]
	}
}