{
	"SensorDataCollection": {
		"SensorId": 0,
		"SensorDatas": [{
				"Time": 4.340309436618389e-7,
				"TimeDiff": 0.0,
				"PhiDegree": 62.53194603453608,
				"Power": -56.83404040196908
			}, {
				"Time": 7.22528630587021e-7,
				"TimeDiff": 2.884976869251821e-7,
				"PhiDegree": 160.29883218843082,
				"Power": -70.09398328524674
			}, {
				"Time": 7.307211801502701e-7,
				"TimeDiff": 2.9669023648843123e-7,
				"PhiDegree": 158.57685803889404,
				"Power": -74.4975401552158
			}]
	}
}