{
	"SensorDataCollection": {
		"SensorId": 0,
		"SensorDatas": [{
				"Time": 5.069109943468057e-7,
				"TimeDiff": 0.0,
				"PhiDegree": 130.29212274130043,
				"Power": -51.931646211519634
			}, {
				"Time": 6.879591065806272e-7,
				"TimeDiff": 1.8104811223382152e-7,
				"PhiDegree": 36.555882791785386,
				"Power": -56.17461138503202
			}, {
				"Time": 8.206509125777654e-7,
				"TimeDiff": 3.1373991823095965e-7,
				"PhiDegree": 162.73408228194359,
				"Power": -75.13064361809245
			}, {
				"Time": 8.278730225203423e-7,
				"TimeDiff": 3.209620281735366e-7,
				"PhiDegree": 161.19247765899996,
				"Power": -81.21568115632242
			}]
	}
}