{
	"SensorDataCollection": {
		"SensorId": 0,
		"SensorDatas": [{
				"Time": 4.722153949681551e-7,
				"TimeDiff": 0.0,
				"PhiDegree": 125.03513658104588,
				"Power": -53.827431905945815
			}, {
				"Time": 8.749797317125697e-7,
				"TimeDiff": 4.027643367444146e-7,
				"PhiDegree": 163.83659573594684,
				"Power": -77.71384178759553
			}, {
				"Time": 8.817569687901809e-7,
				"TimeDiff": 4.0954157382202577e-7,
				"PhiDegree": 162.3808290772535,
				"Power": -84.69392007012135
			}]
	}
}