{
	"SensorDataCollection": {
		"SensorId": 0,
		"SensorDatas": [{
				"Time": 4.879172896742212e-7,
				"TimeDiff": 0.0,
				"PhiDegree": 56.83286536984841,
				"Power": -55.47149927900317
			}]
	}
}