{
	"SensorDataCollection": {
		"SensorId": 0,
		"SensorDatas": [{
				"Time": 7.382566882217138e-7,
				"TimeDiff": 0.0,
				"PhiDegree": 160.7353242793428,
				"Power": -70.93558092394932
			}, {
				"Time": 7.462765967162179e-7,
				"TimeDiff": 8.019908494504054e-9,
				"PhiDegree": 159.04470172606153,
				"Power": -75.61330955464513
			}]
	}
}