{
	"SensorDataCollection": {
		"SensorId": 0,
		"SensorDatas": [{
				"Time": 7.256708292644082e-7,
				"TimeDiff": 0.0,
				"PhiDegree": 160.3876438657099,
				"Power": -70.26320813004091
			}, {
				"Time": 7.338282997728703e-7,
				"TimeDiff": 8.157470508462095e-9,
				"PhiDegree": 158.67201301601992,
				"Power": -74.72164963546338
			}]
	}
}