{
	"SensorDataCollection": {
		"SensorId": 0,
		"SensorDatas": [{
				"Time": 4.5566668070605927e-7,
				"TimeDiff": 0.0,
				"PhiDegree": 57.68686676141431,
				"Power": -53.82299582339208
			}, {
				"Time": 4.755414266813695e-7,
				"TimeDiff": 1.987474597531025e-8,
				"PhiDegree": 59.18916422554968,
				"Power": -57.34259085221194
			}, {
				"Time": 6.818481977409113e-7,
				"TimeDiff": 2.26181517034852e-7,
				"PhiDegree": 159.06998320341197,
				"Power": -67.85311521569606
			}]
	}
}