{
	"SensorDataCollection": {
		"SensorId": 0,
		"SensorDatas": [{
				"Time": 4.942004337627509e-7,
				"TimeDiff": 0.0,
				"PhiDegree": 128.52146020088978,
				"Power": -52.34831159520287
			}, {
				"Time": 7.04141545534791e-7,
				"TimeDiff": 2.0994111177204008e-7,
				"PhiDegree": 35.585588014897816,
				"Power": -56.94530839468784
			}, {
				"Time": 8.397896404592234e-7,
				"TimeDiff": 3.4558920669647246e-7,
				"PhiDegree": 163.13948861542482,
				"Power": -76.05639810786462
			}, {
				"Time": 8.468485468635342e-7,
				"TimeDiff": 3.526481131007833e-7,
				"PhiDegree": 161.62915779702837,
				"Power": -82.45997165506913
			}]
	}
}