{
	"SensorDataCollection": {
		"SensorId": 0,
		"SensorDatas": [{
				"Time": 4.780321481487333e-7,
				"TimeDiff": 0.0,
				"PhiDegree": 126.01755283764199,
				"Power": -53.32015894773426
			}, {
				"Time": 8.653699686512225e-7,
				"TimeDiff": 3.873378205024891e-7,
				"PhiDegree": 163.6520997943536,
				"Power": -77.26684330328544
			}, {
				"Time": 8.722218775894502e-7,
				"TimeDiff": 3.9418972944071684e-7,
				"PhiDegree": 162.1817967078747,
				"Power": -84.09069330307099
			}]
	}
}