{
	"SensorDataCollection": {
		"SensorId": 0,
		"SensorDatas": [{
				"Time": 5.090751120169169e-7,
				"TimeDiff": 0.0,
				"PhiDegree": 130.57856591966882,
				"Power": -51.88490712552172
			}, {
				"Time": 6.852817429831591e-7,
				"TimeDiff": 1.7620663096624216e-7,
				"PhiDegree": 36.72204149756272,
				"Power": -56.04993283167093
			}, {
				"Time": 8.1746522815288e-7,
				"TimeDiff": 3.083901161359631e-7,
				"PhiDegree": 162.66466989395792,
				"Power": -74.97483630638064
			}, {
				"Time": 8.247152359095156e-7,
				"TimeDiff": 3.156401238925987e-7,
				"PhiDegree": 161.11774510304994,
				"Power": -81.00652203948744
			}]
	}
}