{
	"SensorDataCollection": {
		"SensorId": 0,
		"SensorDatas": [{
				"Time": 7.31960389887871e-7,
				"TimeDiff": 0.0,
				"PhiDegree": 160.56297863766792,
				"Power": -70.600300092161
			}, {
				"Time": 7.40048534534764e-7,
				"TimeDiff": 8.08814464689299e-9,
				"PhiDegree": 158.85992460999037,
				"Power": -75.16844044246932
			}]
	}
}