{
	"SensorDataCollection": {
		"SensorId": 0,
		"SensorDatas": [{
				"Time": 4.800017908089886e-7,
				"TimeDiff": 0.0,
				"PhiDegree": 126.33969871457248,
				"Power": -53.16948591333718
			}, {
				"Time": 8.621687378921329e-7,
				"TimeDiff": 3.821669470831443e-7,
				"PhiDegree": 163.58968743223525,
				"Power": -77.11701149692564
			}, {
				"Time": 8.690458869937543e-7,
				"TimeDiff": 3.890440961847657e-7,
				"PhiDegree": 162.11448232369165,
				"Power": -83.88861571180547
			}]
	}
}