{
	"SensorDataCollection": {
		"SensorId": 0,
		"SensorDatas": [{
				"Time": 4.760777420784277e-7,
				"TimeDiff": 0.0,
				"PhiDegree": 125.69275165991994,
				"Power": -53.47987221226397
			}, {
				"Time": 8.685722186688147e-7,
				"TimeDiff": 3.92494476590387e-7,
				"PhiDegree": 163.71405202603174,
				"Power": -77.41625803748175
			}, {
				"Time": 8.753990633679677e-7,
				"TimeDiff": 3.9932132128954003e-7,
				"PhiDegree": 162.2486225601781,
				"Power": -84.2922693655147
			}]
	}
}