{
	"SensorDataCollection": {
		"SensorId": 0,
		"SensorDatas": [{
				"Time": 5.24568319679212e-7,
				"TimeDiff": 0.0,
				"PhiDegree": 132.5165365005028,
				"Power": -51.7181849093584
			}, {
				"Time": 6.667067344614415e-7,
				"TimeDiff": 1.4213841478222952e-7,
				"PhiDegree": 37.92231461497769,
				"Power": -55.211559025954244
			}, {
				"Time": 7.952001066698489e-7,
				"TimeDiff": 2.706317869906369e-7,
				"PhiDegree": 162.16322583445904,
				"Power": -73.87192015828735
			}, {
				"Time": 8.026512510112886e-7,
				"TimeDiff": 2.7808293133207657e-7,
				"PhiDegree": 160.5781711012945,
				"Power": -79.5281783322101
			}]
	}
}