{
	"SensorDataCollection": {
		"SensorId": 0,
		"SensorDatas": [{
				"Time": 4.897506744621045e-7,
				"TimeDiff": 0.0,
				"PhiDegree": 56.50610786257264,
				"Power": -55.247581332994756
			}]
	}
}