{
	"SensorDataCollection": {
		"SensorId": 0,
		"SensorDatas": [{
				"Time": 3.6642889503757194e-7,
				"TimeDiff": 0.0,
				"PhiDegree": 133.24959023825483,
				"Power": -48.46988691024366
			}, {
				"Time": 4.610139477184108e-7,
				"TimeDiff": 9.458505268083884e-8,
				"PhiDegree": 122.99744312727123,
				"Power": -55.114892650837234
			}, {
				"Time": 8.942255973858454e-7,
				"TimeDiff": 5.277967023482734e-7,
				"PhiDegree": 164.1936823711813,
				"Power": -78.59672800749392
			}, {
				"Time": 9.008580576996132e-7,
				"TimeDiff": 5.344291626620413e-7,
				"PhiDegree": 162.76624239626565,
				"Power": -85.88692357617742
			}]
	}
}