{
	"SensorDataCollection": {
		"SensorId": 0,
		"SensorDatas": [{
				"Time": 4.962853857278007e-7,
				"TimeDiff": 0.0,
				"PhiDegree": 128.82284243296536,
				"Power": -52.26176327424842
			}, {
				"Time": 7.014307185726023e-7,
				"TimeDiff": 2.051453328448016e-7,
				"PhiDegree": 35.744190534174365,
				"Power": -56.81431467798026
			}, {
				"Time": 8.365969884103602e-7,
				"TimeDiff": 3.4031160268255947e-7,
				"PhiDegree": 163.0732093156221,
				"Power": -75.90318181982283
			}, {
				"Time": 8.436826074534974e-7,
				"TimeDiff": 3.4739722172569667e-7,
				"PhiDegree": 161.55774225595223,
				"Power": -82.25385811542289
			}]
	}
}