{
	"SensorDataCollection": {
		"SensorId": 0,
		"SensorDatas": [{
				"Time": 4.860998933809125e-7,
				"TimeDiff": 0.0,
				"PhiDegree": 57.16207696777731,
				"Power": -55.7056805906241
			}, {
				"Time": 6.631878703188304e-7,
				"TimeDiff": 1.7708797693791786e-7,
				"PhiDegree": 158.4521090599972,
				"Power": -66.79361426504019
			}]
	}
}