{
	"SensorDataCollection": {
		"SensorId": 0,
		"SensorDatas": [{
				"Time": 5.004959678790909e-7,
				"TimeDiff": 0.0,
				"PhiDegree": 129.41803292931363,
				"Power": -52.10973814275468
			}, {
				"Time": 6.960253771525994e-7,
				"TimeDiff": 1.9552940927350845e-7,
				"PhiDegree": 36.0650956849823,
				"Power": -56.555292762741516
			}, {
				"Time": 8.302150815730972e-7,
				"TimeDiff": 3.2971911369400626e-7,
				"PhiDegree": 162.93912187495695,
				"Power": -75.59546151719532
			}, {
				"Time": 8.373547054705502e-7,
				"TimeDiff": 3.368587375914593e-7,
				"PhiDegree": 161.41329165408234,
				"Power": -81.84011014361026
			}]
	}
}