{
	"SensorDataCollection": {
		"SensorId": 0,
		"SensorDatas": [{
				"Time": 5.313842809593508e-7,
				"TimeDiff": 0.0,
				"PhiDegree": 133.312099724804,
				"Power": -51.72474740607987
			}, {
				"Time": 6.588391808144159e-7,
				"TimeDiff": 1.2745489985506507e-7,
				"PhiDegree": 38.45733161657533,
				"Power": -54.872625195749265
			}, {
				"Time": 7.856773116262229e-7,
				"TimeDiff": 2.5429303066687207e-7,
				"PhiDegree": 161.93962864510797,
				"Power": -73.39261596788778
			}, {
				"Time": 7.93217914010051e-7,
				"TimeDiff": 2.618336330507001e-7,
				"PhiDegree": 160.33774556695133,
				"Power": -78.88698943993448
			}]
	}
}