{
	"SensorDataCollection": {
		"SensorId": 0,
		"SensorDatas": [{
				"Time": 4.3873796569624917e-7,
				"TimeDiff": 0.0,
				"PhiDegree": 61.372013329530084,
				"Power": -55.982088176211946
			}, {
				"Time": 4.5934575988873314e-7,
				"TimeDiff": 2.0607794192483965e-8,
				"PhiDegree": 62.765996102642056,
				"Power": -61.1079286216935
			}, {
				"Time": 7.13112634066744e-7,
				"TimeDiff": 2.743746683704948e-7,
				"PhiDegree": 160.02770422712794,
				"Power": -69.5835966049288
			}]
	}
}