{
	"SensorDataCollection": {
		"SensorId": 0,
		"SensorDatas": [{
				"Time": 4.403463592244989e-7,
				"TimeDiff": 0.0,
				"PhiDegree": 60.99093753999728,
				"Power": -55.720981279486665
			}, {
				"Time": 4.6088224164828266e-7,
				"TimeDiff": 2.0535882423783754e-8,
				"PhiDegree": 62.397173282987204,
				"Power": -60.66425539994657
			}, {
				"Time": 7.09977579827737e-7,
				"TimeDiff": 2.6963122060323806e-7,
				"PhiDegree": 159.93573086853945,
				"Power": -69.4125650551066
			}]
	}
}