{
	"SensorDataCollection": {
		"SensorId": 0,
		"SensorDatas": [{
				"Time": 4.4528671081552006e-7,
				"TimeDiff": 0.0,
				"PhiDegree": 59.864459127722334,
				"Power": -55.001530260886085
			}, {
				"Time": 4.656047459094238e-7,
				"TimeDiff": 2.0318035093903745e-8,
				"PhiDegree": 61.3055202424982,
				"Power": -59.427974085145834
			}, {
				"Time": 7.005835902767357e-7,
				"TimeDiff": 2.5529687946121566e-7,
				"PhiDegree": 159.65487531008264,
				"Power": -68.89677072996523
			}]
	}
}