{
	"SensorDataCollection": {
		"SensorId": 0,
		"SensorDatas": [{
				"Time": 6.458583853614691e-7,
				"TimeDiff": 0.0,
				"PhiDegree": 39.37783681128575,
				"Power": -54.33879246268651
			}, {
				"Time": 7.69833453220383e-7,
				"TimeDiff": 1.2397506785891383e-7,
				"PhiDegree": 161.55468522128115,
				"Power": -72.5848531093981
			}, {
				"Time": 7.775277273509074e-7,
				"TimeDiff": 1.3166934198943825e-7,
				"PhiDegree": 159.9240862223541,
				"Power": -77.80823828672999
			}]
	}
}