{
	"SensorDataCollection": {
		"SensorId": 0,
		"SensorDatas": [{
				"Time": 4.4697117780419766e-7,
				"TimeDiff": 0.0,
				"PhiDegree": 59.49455298201278,
				"Power": -54.78195502097853
			}, {
				"Time": 4.672159654508248e-7,
				"TimeDiff": 2.024478764662715e-8,
				"PhiDegree": 60.94658819351535,
				"Power": -59.045941954541874
			}, {
				"Time": 6.974560684209871e-7,
				"TimeDiff": 2.5048489061678944e-7,
				"PhiDegree": 159.55957638393141,
				"Power": -68.72394199333496
			}]
	}
}