{
	"SensorDataCollection": {
		"SensorId": 0,
		"SensorDatas": [{
				"Time": 4.43620944303898e-7,
				"TimeDiff": 0.0,
				"PhiDegree": 60.23715885067635,
				"Power": -55.231022754398296
			}, {
				"Time": 4.6401192528808647e-7,
				"TimeDiff": 2.0390980984188487e-8,
				"PhiDegree": 61.66693077929257,
				"Power": -59.82474228011496
			}, {
				"Time": 7.037130330665805e-7,
				"TimeDiff": 2.600920887626825e-7,
				"PhiDegree": 159.7493268985746,
				"Power": -69.06915138728709
			}]
	}
}