{
	"SensorDataCollection": {
		"SensorId": 0,
		"SensorDatas": [{
				"Time": 4.647985293622401e-7,
				"TimeDiff": 0.0,
				"PhiDegree": 55.94853606764534,
				"Power": -53.07236188029509
			}, {
				"Time": 4.842986655791813e-7,
				"TimeDiff": 1.950013621694123e-8,
				"PhiDegree": 57.49374842439007,
				"Power": -55.95040448761445
			}, {
				"Time": 6.662924440674789e-7,
				"TimeDiff": 2.0149391470523878e-7,
				"PhiDegree": 158.55749032483135,
				"Power": -66.97128173015614
			}]
	}
}