{
	"SensorDataCollection": {
		"SensorId": 0,
		"SensorDatas": [{
				"Time": 4.6841627577097076e-7,
				"TimeDiff": 0.0,
				"PhiDegree": 124.3667649961769,
				"Power": -54.214270043487375
			}, {
				"Time": 8.813911890824142e-7,
				"TimeDiff": 4.129749133114435e-7,
				"PhiDegree": 163.95735716512831,
				"Power": -78.00977384548017
			}, {
				"Time": 8.881195016969056e-7,
				"TimeDiff": 4.1970322592593484e-7,
				"PhiDegree": 162.51114201157932,
				"Power": -85.0935744875373
			}]
	}
}