{
	"SensorDataCollection": {
		"SensorId": 0,
		"SensorDatas": [{
				"Time": 6.535274944442721e-7,
				"TimeDiff": 0.0,
				"PhiDegree": 143.895028864233,
				"Power": -55.98473748203379
			}]
	}
}