{
	"SensorDataCollection": {
		"SensorId": 0,
		"SensorDatas": [{
				"Time": 4.629384736539912e-7,
				"TimeDiff": 0.0,
				"PhiDegree": 56.290690636778855,
				"Power": -53.2072154276828
			}, {
				"Time": 4.825137873403844e-7,
				"TimeDiff": 1.9575313686393214e-8,
				"PhiDegree": 57.82788493480953,
				"Power": -56.205959215414595
			}, {
				"Time": 6.693992508658403e-7,
				"TimeDiff": 2.064607772118491e-7,
				"PhiDegree": 158.66189375190217,
				"Power": -67.1485184470132
			}]
	}
}