{
	"SensorDataCollection": {
		"SensorId": 0,
		"SensorDatas": [{
				"Time": 5.047596547459421e-7,
				"TimeDiff": 0.0,
				"PhiDegree": 130.00323058802636,
				"Power": -51.98458528605639
			}, {
				"Time": 6.906422110929348e-7,
				"TimeDiff": 1.8588255634699269e-7,
				"PhiDegree": 36.391013742065994,
				"Power": -56.300418275996066
			}, {
				"Time": 8.238377921322515e-7,
				"TimeDiff": 3.1907813738630943e-7,
				"PhiDegree": 162.80295774979575,
				"Power": -75.28601615565198
			}, {
				"Time": 8.310322068654082e-7,
				"TimeDiff": 3.2627255211946607e-7,
				"PhiDegree": 161.26664214593148,
				"Power": -81.42433209652668
			}]
	}
}