{
	"SensorDataCollection": {
		"SensorId": 0,
		"SensorDatas": [{
				"Time": 4.900720733573005e-7,
				"TimeDiff": 0.0,
				"PhiDegree": 127.91104493681343,
				"Power": -52.54344363589425
			}, {
				"Time": 7.095792003678316e-7,
				"TimeDiff": 2.1950712701053105e-7,
				"PhiDegree": 35.27202444860421,
				"Power": -57.210122000128734
			}, {
				"Time": 8.461782777276665e-7,
				"TimeDiff": 3.5610620437036603e-7,
				"PhiDegree": 163.27054633707675,
				"Power": -76.36154918528999
			}, {
				"Time": 8.531843287358294e-7,
				"TimeDiff": 3.631122553785289e-7,
				"PhiDegree": 161.77039830813538,
				"Power": -82.87067993301474
			}]
	}
}