{
	"SensorDataCollection": {
		"SensorId": 0,
		"SensorDatas": [{
				"Time": 3.5964422876392837e-7,
				"TimeDiff": 0.0,
				"PhiDegree": 132.0879660139271,
				"Power": -48.422463300202224
			}, {
				"Time": 4.556398755109769e-7,
				"TimeDiff": 9.599564674704854e-8,
				"PhiDegree": 121.94169506625722,
				"Power": -55.91124256469797
			}, {
				"Time": 9.104234069762316e-7,
				"TimeDiff": 5.507791782123032e-7,
				"PhiDegree": 162.95288023718777,
				"Power": -86.4767516989362
			}]
	}
}