{
	"SensorDataCollection": {
		"SensorId": 0,
		"SensorDatas": [{
				"Time": 5.156425198340532e-7,
				"TimeDiff": 0.0,
				"PhiDegree": 131.42337126796608,
				"Power": -51.78028227376771
			}, {
				"Time": 6.77284777779753e-7,
				"TimeDiff": 1.6164225794569984e-7,
				"PhiDegree": 37.22837971540605,
				"Power": -55.682990756832
			}, {
				"Time": 8.079154870044709e-7,
				"TimeDiff": 2.9227296717041776e-7,
				"PhiDegree": 162.45314979346122,
				"Power": -74.50479460531223
			}, {
				"Time": 8.152504248658318e-7,
				"TimeDiff": 2.996079050317786e-7,
				"PhiDegree": 160.89007562742296,
				"Power": -80.37599489580447
			}]
	}
}