{
	"SensorDataCollection": {
		"SensorId": 0,
		"SensorDatas": [{
				"Time": 5.026212572939619e-7,
				"TimeDiff": 0.0,
				"PhiDegree": 129.7118727968726,
				"Power": -52.04389185631288
			}, {
				"Time": 6.933309898702103e-7,
				"TimeDiff": 1.9070973257624835e-7,
				"PhiDegree": 36.22742209047568,
				"Power": -56.427322250025554
			}, {
				"Time": 8.270258530003227e-7,
				"TimeDiff": 3.2440459570636074e-7,
				"PhiDegree": 162.87130230653847,
				"Power": -75.44095506585671
			}, {
				"Time": 8.341927730645709e-7,
				"TimeDiff": 3.31571515770609e-7,
				"PhiDegree": 161.34024477074843,
				"Power": -81.63247502042486
			}]
	}
}