{
	"SensorDataCollection": {
		"SensorId": 0,
		"SensorDatas": [{
				"Time": 4.921292713612296e-7,
				"TimeDiff": 0.0,
				"PhiDegree": 128.21753272146404,
				"Power": -52.442138940536495
			}, {
				"Time": 7.068577266281492e-7,
				"TimeDiff": 2.147284552669196e-7,
				"PhiDegree": 35.42820319373863,
				"Power": -57.07725324717069
			}, {
				"Time": 8.4298340777439e-7,
				"TimeDiff": 3.508541364131604e-7,
				"PhiDegree": 163.20526578483393,
				"Power": -76.20918680873946
			}, {
				"Time": 8.500157921386939e-7,
				"TimeDiff": 3.5788652077746434e-7,
				"PhiDegree": 161.70004124441064,
				"Power": -82.6655787725831
			}]
	}
}