{
	"SensorDataCollection": {
		"SensorId": 0,
		"SensorDatas": [{
				"Time": 3.733586695768739e-7,
				"TimeDiff": 0.0,
				"PhiDegree": 134.3685394365052,
				"Power": -48.576164349398766
			}, {
				"Time": 4.665409103397804e-7,
				"TimeDiff": 9.31822407629065e-8,
				"PhiDegree": 124.02852024623522,
				"Power": -54.423113168785875
			}, {
				"Time": 8.845983700904525e-7,
				"TimeDiff": 5.112397005135786e-7,
				"PhiDegree": 164.01708129948224,
				"Power": -78.15712399943845
			}, {
				"Time": 8.913024724912035e-7,
				"TimeDiff": 5.179438029143296e-7,
				"PhiDegree": 162.57560063628094,
				"Power": -85.29265530833203
			}]
	}
}