{
	"SensorDataCollection": {
		"SensorId": 0,
		"SensorDatas": [{
				"Time": 5.406268821834498e-7,
				"TimeDiff": 0.0,
				"PhiDegree": 134.3413648576424,
				"Power": -51.7977767439083
			}, {
				"Time": 6.484409947549058e-7,
				"TimeDiff": 1.0781411257145596e-7,
				"PhiDegree": 39.19079130318826,
				"Power": -54.44225620910886
			}, {
				"Time": 7.729993993844548e-7,
				"TimeDiff": 2.3237251720100498e-7,
				"PhiDegree": 161.63293602802884,
				"Power": -72.74730146777372
			}, {
				"Time": 7.806624703102972e-7,
				"TimeDiff": 2.4003558812684737e-7,
				"PhiDegree": 160.00814797301098,
				"Power": -78.02499527235702
			}]
	}
}