{
	"SensorDataCollection": {
		"SensorId": 0,
		"SensorDatas": [{
				"Time": 5.359839616864973e-7,
				"TimeDiff": 0.0,
				"PhiDegree": 133.83116943857848,
				"Power": -51.752480877563215
			}, {
				"Time": 6.536266994375166e-7,
				"TimeDiff": 1.1764273775101929e-7,
				"PhiDegree": 38.82114442856119,
				"Power": -54.654224836974265
			}, {
				"Time": 7.793355644499865e-7,
				"TimeDiff": 2.433516027634892e-7,
				"PhiDegree": 161.78752962259648,
				"Power": -73.07085308793938
			}, {
				"Time": 7.869369371930807e-7,
				"TimeDiff": 2.509529755065834e-7,
				"PhiDegree": 160.17426143642172,
				"Power": -78.45700084864623
			}]
	}
}