{
	"SensorDataCollection": {
		"SensorId": 0,
		"SensorDatas": [{
				"Time": 4.4197408971138167e-7,
				"TimeDiff": 0.0,
				"PhiDegree": 60.61265201923369,
				"Power": -55.47073501501549
			}, {
				"Time": 4.6243769370659975e-7,
				"TimeDiff": 2.0463603995218085e-8,
				"PhiDegree": 62.03081650656013,
				"Power": -60.23668437137255
			}, {
				"Time": 7.068443712766171e-7,
				"TimeDiff": 2.6487028156523544e-7,
				"PhiDegree": 159.84294189380324,
				"Power": -69.24108308834182
			}]
	}
}