{
	"SensorDataCollection": {
		"SensorId": 0,
		"SensorDatas": [{
				"Time": 4.860002786603463e-7,
				"TimeDiff": 0.0,
				"PhiDegree": 127.29032989664607,
				"Power": -52.769307522812326
			}, {
				"Time": 8.525712759608238e-7,
				"TimeDiff": 3.6657099730047747e-7,
				"PhiDegree": 163.39963925539647,
				"Power": -76.66500009730424
			}, {
				"Time": 8.595252187665671e-7,
				"TimeDiff": 3.7352494010622084e-7,
				"PhiDegree": 161.9095557353183,
				"Power": -83.27936646569354
			}]
	}
}