{
	"SensorDataCollection": {
		"SensorId": 0,
		"SensorDatas": [{
				"Time": 5.383000866475899e-7,
				"TimeDiff": 0.0,
				"PhiDegree": 134.08736727283707,
				"Power": -51.77299139871954
			}, {
				"Time": 6.510304599407656e-7,
				"TimeDiff": 1.1273037329317563e-7,
				"PhiDegree": 39.005231772741475,
				"Power": -54.54741507648322
			}, {
				"Time": 7.761667756063648e-7,
				"TimeDiff": 2.3786668895877486e-7,
				"PhiDegree": 161.71054832781383,
				"Power": -72.90930123474246
			}, {
				"Time": 7.837988802348654e-7,
				"TimeDiff": 2.4549879358727545e-7,
				"PhiDegree": 160.09153714747885,
				"Power": -78.24124977194359
			}]
	}
}