{
	"SensorDataCollection": {
		"SensorId": 0,
		"SensorDatas": [{
				"Time": 4.5745896099444056e-7,
				"TimeDiff": 0.0,
				"PhiDegree": 57.33367454723601,
				"Power": -53.65715506036037
			}, {
				"Time": 4.772590759520322e-7,
				"TimeDiff": 1.98001149575916e-8,
				"PhiDegree": 58.84512771975988,
				"Power": -57.040634980053284
			}, {
				"Time": 6.787327628046378e-7,
				"TimeDiff": 2.2127380181019722e-7,
				"PhiDegree": 158.9693645878033,
				"Power": -67.67762244151754
			}]
	}
}