{
	"SensorDataCollection": {
		"SensorId": 0,
		"SensorDatas": [{
				"Time": 6.432827143330223e-7,
				"TimeDiff": 0.0,
				"PhiDegree": 39.566382183486276,
				"Power": -54.23706910911653
			}, {
				"Time": 7.666689548303463e-7,
				"TimeDiff": 1.2338624049732408e-7,
				"PhiDegree": 161.47578829119414,
				"Power": -72.42195552485666
			}, {
				"Time": 7.743946716002787e-7,
				"TimeDiff": 1.3111195726725644e-7,
				"PhiDegree": 159.83934409186733,
				"Power": -77.59097984633539
			}]
	}
}