{
	"SensorDataCollection": {
		"SensorId": 0,
		"SensorDatas": [{
				"Time": 5.336786462286523e-7,
				"TimeDiff": 0.0,
				"PhiDegree": 133.5727530201048,
				"Power": -51.736360191054274
			}, {
				"Time": 6.562296328416021e-7,
				"TimeDiff": 1.2255098661294975e-7,
				"PhiDegree": 38.63851557564323,
				"Power": -54.76264228161175
			}, {
				"Time": 7.825057487539126e-7,
				"TimeDiff": 2.488271025252603e-7,
				"PhiDegree": 161.8638873019599,
				"Power": -73.23195774619123
			}, {
				"Time": 7.900766215596871e-7,
				"TimeDiff": 2.5639797533103483e-7,
				"PhiDegree": 160.25632841944056,
				"Power": -78.67224765699564
			}]
	}
}