{
	"SensorDataCollection": {
		"SensorId": 0,
		"SensorDatas": [{
				"Time": 5.178561452430202e-7,
				"TimeDiff": 0.0,
				"PhiDegree": 131.70018911359128,
				"Power": -51.75675713988406
			}, {
				"Time": 6.746310625599519e-7,
				"TimeDiff": 1.5677491731693166e-7,
				"PhiDegree": 37.399821736133575,
				"Power": -55.56315290971986
			}, {
				"Time": 8.047347255374105e-7,
				"TimeDiff": 2.868785802943903e-7,
				"PhiDegree": 162.38152785644456,
				"Power": -74.34723719914949
			}, {
				"Time": 8.120983927998005e-7,
				"TimeDiff": 2.942422475567803e-7,
				"PhiDegree": 160.81300694975295,
				"Power": -80.16480264317777
			}]
	}
}