{
	"SensorDataCollection": {
		"SensorId": 0,
		"SensorDatas": [{
				"Time": 4.915998688609254e-7,
				"TimeDiff": 0.0,
				"PhiDegree": 56.18179812506069,
				"Power": -55.03365617486435
			}, {
				"Time": 6.348060967403373e-7,
				"TimeDiff": 1.4320622787941194e-7,
				"PhiDegree": 142.6527047906281,
				"Power": -55.06070329110426
			}]
	}
}