{
	"SensorDataCollection": {
		"SensorId": 0,
		"SensorDatas": [{
				"Time": 7.445595533355009e-7,
				"TimeDiff": 0.0,
				"PhiDegree": 160.90475354276026,
				"Power": -71.26905061803288
			}, {
				"Time": 7.525122919696451e-7,
				"TimeDiff": 7.95273863414418e-9,
				"PhiDegree": 159.2264183938641,
				"Power": -76.05623799066213
			}]
	}
}