{
	"SensorDataCollection": {
		"SensorId": 0,
		"SensorDatas": [{
				"Time": 4.6109505986923965e-7,
				"TimeDiff": 0.0,
				"PhiDegree": 56.635593390319535,
				"Power": -53.34948886352693
			}, {
				"Time": 4.807454407691167e-7,
				"TimeDiff": 1.9650380899877052e-8,
				"PhiDegree": 58.16449110099134,
				"Power": -56.47264245322427
			}, {
				"Time": 6.725082597656524e-7,
				"TimeDiff": 2.1141319989641271e-7,
				"PhiDegree": 158.76533220469966,
				"Power": -67.3253221757231
			}]
	}
}