{
	"SensorDataCollection": {
		"SensorId": 0,
		"SensorDatas": [{
				"Time": 3.618891536644997e-7,
				"TimeDiff": 0.0,
				"PhiDegree": 132.48000764535527,
				"Power": -48.43130021754433
			}, {
				"Time": 4.5741390929055227e-7,
				"TimeDiff": 9.552475562605257e-8,
				"PhiDegree": 122.29636300699133,
				"Power": -55.63361524074108
			}, {
				"Time": 9.072338913786058e-7,
				"TimeDiff": 5.453447377141061e-7,
				"PhiDegree": 162.89110493694247,
				"Power": -86.28063393258213
			}]
	}
}