{
	"SensorDataCollection": {
		"SensorId": 0,
		"SensorDatas": [{
				"Time": 4.592684884002962e-7,
				"TimeDiff": 0.0,
				"PhiDegree": 56.983252273498394,
				"Power": -53.4993953186698
			}, {
				"Time": 4.789938089599568e-7,
				"TimeDiff": 1.9725320559660604e-8,
				"PhiDegree": 58.50357091127401,
				"Power": -56.75076174849755
			}, {
				"Time": 6.756194403665788e-7,
				"TimeDiff": 2.1635095196628254e-7,
				"PhiDegree": 158.86781833518523,
				"Power": -67.50169082391666
			}]
	}
}