{
	"SensorDataCollection": {
		"SensorId": 0,
		"SensorDatas": [{
				"Time": 3.6415081237278536e-7,
				"TimeDiff": 0.0,
				"PhiDegree": 132.86719745332596,
				"Power": -48.44719773668206
			}, {
				"Time": 4.592053342723898e-7,
				"TimeDiff": 9.505452189960445e-8,
				"PhiDegree": 122.64827712544492,
				"Power": -55.368280725406294
			}, {
				"Time": 8.974365340314733e-7,
				"TimeDiff": 5.332857216586879e-7,
				"PhiDegree": 164.25170719841634,
				"Power": -78.74245197031483
			}, {
				"Time": 9.040454378606594e-7,
				"TimeDiff": 5.39894625487874e-7,
				"PhiDegree": 162.82889381666544,
				"Power": -86.08402491474743
			}]
	}
}