{
	"SensorDataCollection": {
		"SensorId": 0,
		"SensorDatas": [{
				"Time": 4.371491225648743e-7,
				"TimeDiff": 0.0,
				"PhiDegree": 61.755876286153075,
				"Power": -56.25439544733106
			}, {
				"Time": 7.162495097576778e-7,
				"TimeDiff": 2.7910038719280347e-7,
				"PhiDegree": 160.1188722086214,
				"Power": -69.75417714708178
			}]
	}
}