{
	"SensorDataCollection": {
		"SensorId": 0,
		"SensorDatas": [{
				"Time": 4.3558004376938643e-7,
				"TimeDiff": 0.0,
				"PhiDegree": 62.1425222618788,
				"Power": -56.538256729872984
			}, {
				"Time": 7.193881830733407e-7,
				"TimeDiff": 2.838081393039543e-7,
				"PhiDegree": 160.20924488985042,
				"Power": -69.92430617943661
			}, {
				"Time": 7.276160931753847e-7,
				"TimeDiff": 2.9203604940599827e-7,
				"PhiDegree": 158.48089065130523,
				"Power": -74.27295842372318
			}]
	}
}