{
	"SensorDataCollection": {
		"SensorId": 0,
		"SensorDatas": [{
				"Time": 4.983839541935893e-7,
				"TimeDiff": 0.0,
				"PhiDegree": 129.12169478782977,
				"Power": -52.18230123821576
			}, {
				"Time": 6.987253080584497e-7,
				"TimeDiff": 2.0034135386486044e-7,
				"PhiDegree": 35.90402247954808,
				"Power": -56.684299963265985
			}, {
				"Time": 8.334054644450575e-7,
				"TimeDiff": 3.3502151025146827e-7,
				"PhiDegree": 163.00642229307817,
				"Power": -75.74953669886527
			}, {
				"Time": 8.405179886648052e-7,
				"TimeDiff": 3.4213403447121595e-7,
				"PhiDegree": 161.48578883171126,
				"Power": -82.04723773507952
			}]
	}
}