{
	"SensorDataCollection": {
		"SensorId": 0,
		"SensorDatas": [{
				"Time": 4.5213467992805106e-7,
				"TimeDiff": 0.0,
				"PhiDegree": 58.401583492890936,
				"Power": -54.1798708342333
			}, {
				"Time": 4.7215812327875477e-7,
				"TimeDiff": 2.0023443350703707e-8,
				"PhiDegree": 59.88468372501348,
				"Power": -57.984122666587496
			}, {
				"Time": 6.880852903118825e-7,
				"TimeDiff": 2.3595061038383148e-7,
				"PhiDegree": 159.26848549212545,
				"Power": -68.2027776396308
			}]
	}
}