{
	"SensorDataCollection": {
		"SensorId": 0,
		"SensorDatas": [{
				"Time": 7.68152592936127e-8,
				"TimeDiff": 0.0,
				"PhiDegree": 177.51044707800085,
				"Power": -34.77989317087152
			}, {
				"Time": 1.0611911428175429e-7,
				"TimeDiff": 2.930385498814159e-8,
				"PhiDegree": 223.68270699931608,
				"Power": -37.65858201303335
			}, {
				"Time": 3.9904386506562075e-7,
				"TimeDiff": 3.22228605772008e-7,
				"PhiDegree": 48.58034935699174,
				"Power": -49.55446547852601
			}, {
				"Time": 3.089207846063788e-7,
				"TimeDiff": 2.321055253127661e-7,
				"PhiDegree": 104.38416131655413,
				"Power": -59.62609173782437
			}]
	}
}