{
	"SensorDataCollection": {
		"SensorId": 0,
		"SensorDatas": [{
				"Time": 7.3481909842418e-8,
				"TimeDiff": 0.0,
				"PhiDegree": 177.39743779750017,
				"Power": -34.38541880832664
			}, {
				"Time": 1.0373173781291976e-7,
				"TimeDiff": 3.0249827970501754e-8,
				"PhiDegree": 224.95569175919772,
				"Power": -37.44261084593583
			}, {
				"Time": 4.0125908516469274e-7,
				"TimeDiff": 3.277771753222747e-7,
				"PhiDegree": 48.223072942794836,
				"Power": -49.525014694881165
			}, {
				"Time": 3.081088414433526e-7,
				"TimeDiff": 2.346269316009346e-7,
				"PhiDegree": 103.78312083398812,
				"Power": -60.28400415619234
			}]
	}
}