{
	"SensorDataCollection": {
		"SensorId": 0,
		"SensorDatas": [{
				"Time": 9.015109292080017e-8,
				"TimeDiff": 0.0,
				"PhiDegree": 177.87890360333853,
				"Power": -36.19378016544555
			}, {
				"Time": 1.161374268287955e-7,
				"TimeDiff": 2.598633390799532e-8,
				"PhiDegree": 219.1302697017188,
				"Power": -38.79093231119542
			}, {
				"Time": 3.90342517634409e-7,
				"TimeDiff": 3.001914247136088e-7,
				"PhiDegree": 50.04957378294032,
				"Power": -49.76868037750697
			}, {
				"Time": 3.1250389862574594e-7,
				"TimeDiff": 2.2235280570494575e-7,
				"PhiDegree": 106.75514425272132,
				"Power": -57.341472453493864
			}]
	}
}