{
	"SensorDataCollection": {
		"SensorId": 0,
		"SensorDatas": [{
				"Time": 8.681682526319568e-8,
				"TimeDiff": 0.0,
				"PhiDegree": 177.7974018382342,
				"Power": -35.862048703306364
			}, {
				"Time": 1.1356867307659857e-7,
				"TimeDiff": 2.6751847813402895e-8,
				"PhiDegree": 220.19266680883038,
				"Power": -38.47520114913982
			}, {
				"Time": 3.9249339208971017e-7,
				"TimeDiff": 3.056765668265145e-7,
				"PhiDegree": 49.67617584499487,
				"Power": -49.69999073863977
			}, {
				"Time": 3.1155838658308646e-7,
				"TimeDiff": 2.2474156131989076e-7,
				"PhiDegree": 106.16757403333352,
				"Power": -57.865493200920426
			}]
	}
}