{
	"SensorDataCollection": {
		"SensorId": 0,
		"SensorDatas": [{
				"Time": 6.348393690525444e-8,
				"TimeDiff": 0.0,
				"PhiDegree": 176.98721249581666,
				"Power": -33.07345262641954
			}, {
				"Time": 9.69066179401046e-8,
				"TimeDiff": 3.3422681034850167e-8,
				"PhiDegree": 229.1410748711541,
				"Power": -37.03361155637806
			}, {
				"Time": 4.079963150556202e-7,
				"TimeDiff": 3.4451237815036577e-7,
				"PhiDegree": 47.17471058635602,
				"Power": -49.48943508546712
			}, {
				"Time": 3.0587853364769826e-7,
				"TimeDiff": 2.4239459674244384e-7,
				"PhiDegree": 101.96179231602993,
				"Power": -62.51525963613021
			}]
	}
}