{
	"SensorDataCollection": {
		"SensorId": 0,
		"SensorDatas": [{
				"Time": 6.681619688677243e-8,
				"TimeDiff": 0.0,
				"PhiDegree": 177.13759477388828,
				"Power": -33.534661441953936
			}, {
				"Time": 9.91215744528456e-8,
				"TimeDiff": 3.2305377566073166e-8,
				"PhiDegree": 227.68220000137953,
				"Power": -37.1240111546025
			}, {
				"Time": 4.057355627171889e-7,
				"TimeDiff": 3.389193658304165e-7,
				"PhiDegree": 47.52029199199091,
				"Power": -49.492797660261786
			}, {
				"Time": 3.0658746104152346e-7,
				"TimeDiff": 2.3977126415475103e-7,
				"PhiDegree": 102.5718232614274,
				"Power": -61.72474009131943
			}]
	}
}