{
	"SensorDataCollection": {
		"SensorId": 0,
		"SensorDatas": [{
				"Time": 7.014887342486866e-8,
				"TimeDiff": 0.0,
				"PhiDegree": 177.27368900609372,
				"Power": -33.971092681780036
			}, {
				"Time": 1.0139796249618293e-7,
				"TimeDiff": 3.124908907131427e-8,
				"PhiDegree": 226.2879579226708,
				"Power": -37.26252309855505
			}, {
				"Time": 4.0348973588289417e-7,
				"TimeDiff": 3.333408624580255e-7,
				"PhiDegree": 47.86973324591956,
				"Power": -49.50455986432722
			}, {
				"Time": 3.073309804498303e-7,
				"TimeDiff": 2.3718210702496161e-7,
				"PhiDegree": 103.17897109123606,
				"Power": -60.982360574364634
			}]
	}
}