{
	"SensorDataCollection": {
		"SensorId": 0,
		"SensorDatas": [{
				"Time": 1.0551387336435417e-8,
				"TimeDiff": 0.0,
				"PhiDegree": 161.56505117707798,
				"Power": -17.049147454092015
			}, {
				"Time": 7.397306354560805e-8,
				"TimeDiff": 6.342167620917264e-8,
				"PhiDegree": 262.22296166937144,
				"Power": -57.371201153390786
			}]
	}
}