{
	"SensorDataCollection": {
		"SensorId": 0,
		"SensorDatas": [{
				"Time": 3.021457517048048e-8,
				"TimeDiff": 0.0,
				"PhiDegree": 173.65980825409224,
				"Power": -25.90389753405603
			}, {
				"Time": 7.920607873346395e-8,
				"TimeDiff": 4.8991503562983476e-8,
				"PhiDegree": 247.7199042210898,
				"Power": -41.25476390073534
			}, {
				"Time": 4.313723508481191e-7,
				"TimeDiff": 4.011577756776386e-7,
				"PhiDegree": 43.92255188772773,
				"Power": -49.85996904869509
			}, {
				"Time": 4.7645695302028986e-7,
				"TimeDiff": 4.4624237784980936e-7,
				"PhiDegree": 141.0939223252799,
				"Power": -51.87467146473051
			}]
	}
}