{
	"SensorDataCollection": {
		"SensorId": 0,
		"SensorDatas": [{
				"Time": 2.6900864961979994e-8,
				"TimeDiff": 0.0,
				"PhiDegree": 172.8749836510982,
				"Power": -24.719538534899637
			}, {
				"Time": 7.800217234988881e-8,
				"TimeDiff": 5.1101307387908814e-8,
				"PhiDegree": 249.98841582841717,
				"Power": -42.635700263517336
			}, {
				"Time": 4.33781835979972e-7,
				"TimeDiff": 4.06880971017992e-7,
				"PhiDegree": 43.61683076733778,
				"Power": -49.93225401711737
			}, {
				"Time": 4.7386509039746346e-7,
				"TimeDiff": 4.4696422543548346e-7,
				"PhiDegree": 140.8405436387454,
				"Power": -51.72986458312462
			}]
	}
}