{
	"SensorDataCollection": {
		"SensorId": 0,
		"SensorDatas": [{
				"Time": 3.685441156261451e-8,
				"TimeDiff": 0.0,
				"PhiDegree": 174.8055710922617,
				"Power": -27.917631925082084
			}, {
				"Time": 8.196907958020299e-8,
				"TimeDiff": 4.511466801758848e-8,
				"PhiDegree": 243.39948577306612,
				"Power": -39.25787430192679
			}, {
				"Time": 4.265908482858271e-7,
				"TimeDiff": 3.897364367232126e-7,
				"PhiDegree": 44.5443103852904,
				"Power": -49.73287058187539
			}, {
				"Time": 4.816681798854662e-7,
				"TimeDiff": 4.4481376832285167e-7,
				"PhiDegree": 141.59247482677446,
				"Power": -52.17333146763224
			}]
	}
}