{
	"SensorDataCollection": {
		"SensorId": 0,
		"SensorDatas": [{
				"Time": 2.0295998779979068e-8,
				"TimeDiff": 0.0,
				"PhiDegree": 170.53767779197437,
				"Power": -21.98071133896599
			}, {
				"Time": 7.597769358223497e-8,
				"TimeDiff": 5.56816948022559e-8,
				"PhiDegree": 254.72237134335646,
				"Power": -46.49122029577484
			}, {
				"Time": 4.6870962716191923e-7,
				"TimeDiff": 4.484136283819402e-7,
				"PhiDegree": 140.3254047854481,
				"Power": -51.44986034600598
			}]
	}
}