{
	"SensorDataCollection": {
		"SensorId": 0,
		"SensorDatas": [{
				"Time": 2.3593619341200035e-8,
				"TimeDiff": 0.0,
				"PhiDegree": 171.86989764584402,
				"Power": -23.408177696911917
			}, {
				"Time": 7.692425644240264e-8,
				"TimeDiff": 5.3330637101202606e-8,
				"PhiDegree": 252.32425559524157,
				"Power": -44.35105471549576
			}, {
				"Time": 4.7128259682313583e-7,
				"TimeDiff": 4.476889774819358e-7,
				"PhiDegree": 140.58438301145222,
				"Power": -51.58822211379338
			}]
	}
}