{
	"SensorDataCollection": {
		"SensorId": 0,
		"SensorDatas": [{
				"Time": 3.353283353233433e-8,
				"TimeDiff": 0.0,
				"PhiDegree": 174.2894068624999,
				"Power": -26.965792952511748
			}, {
				"Time": 8.053032522165997e-8,
				"TimeDiff": 4.699749168932564e-8,
				"PhiDegree": 245.52264531212006,
				"Power": -40.14454016264942
			}, {
				"Time": 4.2897528516367336e-7,
				"TimeDiff": 3.95442451631339e-7,
				"PhiDegree": 44.231698562765715,
				"Power": -49.79344055583289
			}, {
				"Time": 4.790580326226728e-7,
				"TimeDiff": 4.4552519909033844e-7,
				"PhiDegree": 141.34455439401611,
				"Power": -52.022530125372214
			}]
	}
}