{
	"SensorDataCollection": {
		"SensorId": 0,
		"SensorDatas": [{
				"Time": 1.3757325940382908e-8,
				"TimeDiff": 0.0,
				"PhiDegree": 165.96375653207352,
				"Power": -18.87401369140813
			}, {
				"Time": 7.449796220453959e-8,
				"TimeDiff": 6.074063626415668e-8,
				"PhiDegree": 259.67954573032176,
				"Power": -52.68072221007553
			}]
	}
}