{
	"SensorDataCollection": {
		"SensorId": 0,
		"SensorDatas": [{
				"Time": 2.0295998779979068e-8,
				"TimeDiff": 0.0,
				"PhiDegree": 9.462322208025618,
				"Power": -21.98071133896599
			}, {
				"Time": 7.597769358223497e-8,
				"TimeDiff": 5.56816948022559e-8,
				"PhiDegree": 285.27762865664357,
				"Power": -46.49122029577484
			}]
	}
}