{
	"SensorDataCollection": {
		"SensorId": 0,
		"SensorDatas": [{
				"Time": 1.3757325940382908e-8,
				"TimeDiff": 0.0,
				"PhiDegree": 14.03624353864674,
				"Power": -18.87401334521131
			}, {
				"Time": 7.449796220453959e-8,
				"TimeDiff": 6.074063626415668e-8,
				"PhiDegree": 280.32045426967824,
				"Power": -52.68072221007553
			}]
	}
}