{
	"SensorDataCollection": {
		"SensorId": 0,
		"SensorDatas": [{
				"Time": 2.6900864961979994e-8,
				"TimeDiff": 0.0,
				"PhiDegree": 7.125016348901799,
				"Power": -24.719538534899637
			}, {
				"Time": 7.800217234988881e-8,
				"TimeDiff": 5.1101307387908814e-8,
				"PhiDegree": 290.01158417158285,
				"Power": -42.635700263517336
			}]
	}
}