{
	"SensorDataCollection": {
		"SensorId": 0,
		"SensorDatas": [{
				"Time": 4.718723868240007e-9,
				"TimeDiff": 0.0,
				"PhiDegree": 135.0,
				"Power": -10.591650115789225
			}, {
				"Time": 7.336858122209924e-8,
				"TimeDiff": 6.864985735385923e-8,
				"PhiDegree": 267.3934149818995,
				"Power": -76.09971263432783
			}]
	}
}