{
	"SensorDataCollection": {
		"SensorId": 0,
		"SensorDatas": [{
				"Time": 3.353283353233433e-8,
				"TimeDiff": 0.0,
				"PhiDegree": 5.710593137500113,
				"Power": -26.965792952511748
			}, {
				"Time": 8.053032522165997e-8,
				"TimeDiff": 4.699749168932564e-8,
				"PhiDegree": 294.47735468787994,
				"Power": -40.14454016264942
			}]
	}
}