{
	"SensorDataCollection": {
		"SensorId": 0,
		"SensorDatas": [{
				"Time": 5.016072276942256e-8,
				"TimeDiff": 0.0,
				"PhiDegree": 3.8140748342903543,
				"Power": -30.905922389718953
			}, {
				"Time": 8.875122795967356e-8,
				"TimeDiff": 3.8590505190251e-8,
				"PhiDegree": 304.32813466868197,
				"Power": -37.3222812830664
			}, {
				"Time": 3.033934165571603e-7,
				"TimeDiff": 2.5323269378773776e-7,
				"PhiDegree": 80.50473561259463,
				"Power": -66.26747815264392
			}]
	}
}