{
	"SensorDataCollection": {
		"SensorId": 0,
		"SensorDatas": [{
				"Time": 5.682095975061668e-8,
				"TimeDiff": 0.0,
				"PhiDegree": 3.366460663429801,
				"Power": -32.06325446599975
			}, {
				"Time": 9.267849708848475e-8,
				"TimeDiff": 3.5857537337868066e-8,
				"PhiDegree": 307.7371240777055,
				"Power": -37.028394345218345
			}, {
				"Time": 3.045654093433083e-7,
				"TimeDiff": 2.4774444959269157e-7,
				"PhiDegree": 79.26644059647255,
				"Power": -64.26060961266717
			}]
	}
}