{
	"SensorDataCollection": {
		"SensorId": 0,
		"SensorDatas": [{
				"Time": 3.021457517048048e-8,
				"TimeDiff": 0.0,
				"PhiDegree": 6.340191745907775,
				"Power": -25.90389753405603
			}, {
				"Time": 7.920607873346395e-8,
				"TimeDiff": 4.8991503562983476e-8,
				"PhiDegree": 292.2800957789101,
				"Power": -41.25476390073534
			}]
	}
}