{
	"SensorDataCollection": {
		"SensorId": 0,
		"SensorDatas": [{
				"Time": 4.68319972033304e-8,
				"TimeDiff": 0.0,
				"PhiDegree": 4.085616779974877,
				"Power": -30.256817064998142
			}, {
				"Time": 8.69132804446583e-8,
				"TimeDiff": 4.00812832413279e-8,
				"PhiDegree": 302.51134349626835,
				"Power": -37.6120081456873
			}, {
				"Time": 3.028608641992697e-7,
				"TimeDiff": 2.560288669959393e-7,
				"PhiDegree": 81.12733155553836,
				"Power": -67.38970961207826
			}]
	}
}