{
	"SensorDataCollection": {
		"SensorId": 0,
		"SensorDatas": [{
				"Time": 5.349043475607284e-8,
				"TimeDiff": 0.0,
				"PhiDegree": 3.5763343749973515,
				"Power": -31.505718475332888
			}, {
				"Time": 9.0674742712581e-8,
				"TimeDiff": 3.7184307956508157e-8,
				"PhiDegree": 306.06953613668077,
				"Power": -37.13230762978087
			}, {
				"Time": 3.0396166487218324e-7,
				"TimeDiff": 2.504712301161104e-7,
				"PhiDegree": 79.88439449630182,
				"Power": -65.22759320933329
			}]
	}
}