{
	"SensorDataCollection": {
		"SensorId": 0,
		"SensorDatas": [{
				"Time": 4.0178485953188936e-8,
				"TimeDiff": 0.0,
				"PhiDegree": 4.763641690733074,
				"Power": -28.77419986122797
			}, {
				"Time": 8.351642406790222e-8,
				"TimeDiff": 4.333793811471328e-8,
				"PhiDegree": 298.64772806007875,
				"Power": -38.55849539399017
			}]
	}
}