{
	"SensorDataCollection": {
		"SensorId": 0,
		"SensorDatas": [{
				"Time": 4.350448448492781e-8,
				"TimeDiff": 0.0,
				"PhiDegree": 4.398705354995532,
				"Power": -29.54975147568362
			}, {
				"Time": 8.516644013869784e-8,
				"TimeDiff": 4.166195565377003e-8,
				"PhiDegree": 300.6180534773416,
				"Power": -38.0176512968538
			}, {
				"Time": 3.0236419641183556e-7,
				"TimeDiff": 2.5885971192690777e-7,
				"PhiDegree": 81.75204684212633,
				"Power": -68.60581956611756
			}]
	}
}