{
	"SensorDataCollection": {
		"SensorId": 0,
		"SensorDatas": [{
				"Time": 6.015216270852956e-8,
				"TimeDiff": 0.0,
				"PhiDegree": 3.179830119864234,
				"Power": -32.58426927772955
			}, {
				"Time": 9.475740094637722e-8,
				"TimeDiff": 3.460523823784766e-8,
				"PhiDegree": 309.332844364475,
				"Power": -36.998846125773255
			}, {
				"Time": 3.05204439318941e-7,
				"TimeDiff": 2.450522766104114e-7,
				"PhiDegree": 78.65100306539377,
				"Power": -63.358690716127825
			}]
	}
}