{
	"SensorDataCollection": {
		"SensorId": 0,
		"SensorDatas": [{
				"Time": 8.348274730559874e-8,
				"TimeDiff": 0.0,
				"PhiDegree": 2.290610042638529,
				"Power": -35.51667741101169
			}, {
				"Time": 1.1104076482665965e-7,
				"TimeDiff": 2.7558017521060903e-8,
				"PhiDegree": 318.6961671206157,
				"Power": -38.178941486808
			}, {
				"Time": 1.829633205060098e-7,
				"TimeDiff": 9.948057320041105e-8,
				"PhiDegree": 297.1239346017604,
				"Power": -49.627595588082556
			}, {
				"Time": 4.849655504614927e-7,
				"TimeDiff": 4.014828031558939e-7,
				"PhiDegree": 229.57683319894653,
				"Power": -51.50825552770678
			}]
	}
}