{
	"SensorDataCollection": {
		"SensorId": 0,
		"SensorDatas": [{
				"Time": 8.014888272175323e-8,
				"TimeDiff": 0.0,
				"PhiDegree": 2.3859440303888126,
				"Power": -35.15643185553134
			}, {
				"Time": 1.0855655556964041e-7,
				"TimeDiff": 2.840767284788718e-8,
				"PhiDegree": 317.5336909994671,
				"Power": -37.905471185783284
			}, {
				"Time": 1.8146639070207951e-7,
				"TimeDiff": 1.0131750798032628e-7,
				"PhiDegree": 296.1862509702125,
				"Power": -50.403704634915584
			}, {
				"Time": 4.828086612973849e-7,
				"TimeDiff": 4.026597785756317e-7,
				"PhiDegree": 229.87827355516123,
				"Power": -51.56086712475789
			}]
	}
}