{
	"SensorDataCollection": {
		"SensorId": 0,
		"SensorDatas": [{
				"Time": 7.3481909842418e-8,
				"TimeDiff": 0.0,
				"PhiDegree": 2.602562202499806,
				"Power": -34.38541880832664
			}, {
				"Time": 1.0373173781291973e-7,
				"TimeDiff": 3.024982797050173e-8,
				"PhiDegree": 315.0443082408023,
				"Power": -37.44261084593582
			}, {
				"Time": 4.785355149488025e-7,
				"TimeDiff": 4.0505360510638447e-7,
				"PhiDegree": 230.48926387879277,
				"Power": -51.68701053029807
			}]
	}
}