{
	"SensorDataCollection": {
		"SensorId": 0,
		"SensorDatas": [{
				"Time": 8.681682526319568e-8,
				"TimeDiff": 0.0,
				"PhiDegree": 2.2025981617658053,
				"Power": -35.862048703306364
			}, {
				"Time": 1.1356867307659857e-7,
				"TimeDiff": 2.6751847813402895e-8,
				"PhiDegree": 319.80733319116956,
				"Power": -38.47520114913982
			}, {
				"Time": 1.8450845157248127e-7,
				"TimeDiff": 9.769162630928559e-8,
				"PhiDegree": 298.0461569409513,
				"Power": -48.922312244824255
			}, {
				"Time": 4.871357441206802e-7,
				"TimeDiff": 4.003189188574845e-7,
				"PhiDegree": 229.278070472691,
				"Power": -51.462361971231246
			}]
	}
}