{
	"SensorDataCollection": {
		"SensorId": 0,
		"SensorDatas": [{
				"Time": 7.68152592936127e-8,
				"TimeDiff": 0.0,
				"PhiDegree": 2.489552921999156,
				"Power": -34.77989317087152
			}, {
				"Time": 1.0611911428175429e-7,
				"TimeDiff": 2.930385498814159e-8,
				"PhiDegree": 316.3172930006839,
				"Power": -37.65858201303335
			}, {
				"Time": 1.800188646037947e-7,
				"TimeDiff": 1.0320360531018201e-7,
				"PhiDegree": 295.2332288311545,
				"Power": -51.256321295158585
			}, {
				"Time": 4.806652557321695e-7,
				"TimeDiff": 4.0384999643855686e-7,
				"PhiDegree": 230.18241078717614,
				"Power": -51.62038688625432
			}]
	}
}