{
	"SensorDataCollection": {
		"SensorId": 0,
		"SensorDatas": [{
				"Time": 6.348393690525444e-8,
				"TimeDiff": 0.0,
				"PhiDegree": 3.01278750418334,
				"Power": -33.07345262641954
			}, {
				"Time": 9.69066179401046e-8,
				"TimeDiff": 3.3422681034850167e-8,
				"PhiDegree": 310.85892512884584,
				"Power": -37.03361155637806
			}, {
				"Time": 3.0587853364769826e-7,
				"TimeDiff": 2.4239459674244384e-7,
				"PhiDegree": 78.0382076839701,
				"Power": -62.51525963613021
			}]
	}
}