{
	"SensorDataCollection": {
		"SensorId": 0,
		"SensorDatas": [{
				"Time": 9.348552998081543e-8,
				"TimeDiff": 0.0,
				"PhiDegree": 2.0454084888872277,
				"Power": -36.51295292071966
			}, {
				"Time": 1.1874437532528862e-7,
				"TimeDiff": 2.5258845344473194e-8,
				"PhiDegree": 321.88581581606417,
				"Power": -39.123229911948044
			}, {
				"Time": 1.877385199384728e-7,
				"TimeDiff": 9.425298995765736e-8,
				"PhiDegree": 299.84390482814706,
				"Power": -47.70418404489139
			}, {
				"Time": 4.915153389224224e-7,
				"TimeDiff": 3.98029808941607e-7,
				"PhiDegree": 228.6884997356357,
				"Power": -51.389995334468054
			}]
	}
}