{
	"SensorDataCollection": {
		"SensorId": 0,
		"SensorDatas": [{
				"Time": 9.015109292080017e-8,
				"TimeDiff": 0.0,
				"PhiDegree": 2.1210963966614536,
				"Power": -36.19378016544555
			}, {
				"Time": 1.161374268287955e-7,
				"TimeDiff": 2.598633390799532e-8,
				"PhiDegree": 320.8697302982812,
				"Power": -38.79093231119542
			}, {
				"Time": 1.8610058330835287e-7,
				"TimeDiff": 9.59494903875527e-8,
				"PhiDegree": 298.9528312502146,
				"Power": -48.282725618629314
			}, {
				"Time": 4.893190652534845e-7,
				"TimeDiff": 3.991679723326843e-7,
				"PhiDegree": 228.98196588847807,
				"Power": -51.423001737445034
			}]
	}
}