{
	"SensorDataCollection": {
		"SensorId": 0,
		"SensorDatas": [{
				"Time": 7.931106651582216e-8,
				"TimeDiff": 0.0,
				"PhiDegree": 194.62087398863164,
				"Power": -35.06339482576799
			}, {
				"Time": 9.155912211834759e-8,
				"TimeDiff": 1.2248055602525431e-8,
				"PhiDegree": 213.05187828667684,
				"Power": -37.91501909065968
			}, {
				"Time": 4.1684501994351234e-7,
				"TimeDiff": 3.375339534276902e-7,
				"PhiDegree": 50.70472022831556,
				"Power": -50.56562046084511
			}, {
				"Time": 3.3159586180623333e-7,
				"TimeDiff": 2.522847952904112e-7,
				"PhiDegree": 103.38154775682088,
				"Power": -61.396680383728096
			}]
	}
}