{
	"SensorDataCollection": {
		"SensorId": 0,
		"SensorDatas": [{
				"Time": 9.682011894083704e-8,
				"TimeDiff": 0.0,
				"PhiDegree": 1.9749340108819762,
				"Power": -36.82051965101127
			}, {
				"Time": 1.2138705774223586e-7,
				"TimeDiff": 2.456693880139882e-8,
				"PhiDegree": 322.8579543304849,
				"Power": -39.469549033305285
			}, {
				"Time": 1.8942107323265868e-7,
				"TimeDiff": 9.260095429182165e-8,
				"PhiDegree": 300.71935694896865,
				"Power": -47.182450967654745
			}]
	}
}