{
	"SensorDataCollection": {
		"SensorId": 0,
		"SensorDatas": [{
				"Time": 1.0348969382696862e-7,
				"TimeDiff": 0.0,
				"PhiDegree": 1.8476102659945963,
				"Power": -37.40411994099959
			}, {
				"Time": 1.267706554530613e-7,
				"TimeDiff": 2.3280961626092687e-8,
				"PhiDegree": 324.67935196597443,
				"Power": -40.19560579061971
			}, {
				"Time": 1.92915329306134e-7,
				"TimeDiff": 8.942563547916537e-8,
				"PhiDegree": 302.42346127327653,
				"Power": -46.294238471914724
			}]
	}
}