{
	"SensorDataCollection": {
		"SensorId": 0,
		"SensorDatas": [{
				"Time": 1.0015484462863702e-7,
				"TimeDiff": 0.0,
				"PhiDegree": 1.909152432996376,
				"Power": -37.11732462298336
			}, {
				"Time": 1.2406319058522353e-7,
				"TimeDiff": 2.3908345956586507e-8,
				"PhiDegree": 323.78841174747254,
				"Power": -39.82765937423959
			}, {
				"Time": 1.9114706499311162e-7,
				"TimeDiff": 9.09922203644746e-8,
				"PhiDegree": 301.57919677638205,
				"Power": -46.71365333560395
			}]
	}
}