{
	"SensorDataCollection": {
		"SensorId": 0,
		"SensorDatas": [{
				"Time": 1.1015971788662304e-7,
				"TimeDiff": 0.0,
				"PhiDegree": 1.7357045889283886,
				"Power": -37.950306630658574
			}, {
				"Time": 1.4405461949826549e-7,
				"TimeDiff": 3.389490161164245e-8,
				"PhiDegree": 40.15016743209071,
				"Power": -40.544958558375455
			}, {
				"Time": 1.322718632229071e-7,
				"TimeDiff": 2.2112145336284074e-8,
				"PhiDegree": 326.3508202284647,
				"Power": -40.954360884948755
			}, {
				"Time": 1.965740852649575e-7,
				"TimeDiff": 8.641436737833447e-8,
				"PhiDegree": 304.06553870175145,
				"Power": -45.59073586999327
			}]
	}
}