{
	"SensorDataCollection": {
		"SensorId": 0,
		"SensorDatas": [{
				"Time": 8.035697190637787e-8,
				"TimeDiff": 0.0,
				"PhiDegree": 175.2363583092738,
				"Power": -35.17937898592964
			}, {
				"Time": 1.1083664415405229e-7,
				"TimeDiff": 3.047967224767441e-8,
				"PhiDegree": 223.7387840789063,
				"Power": -38.03484652715528
			}, {
				"Time": 3.9433446128138365e-7,
				"TimeDiff": 3.139774893750058e-7,
				"PhiDegree": 48.623165012518925,
				"Power": -49.46119112039868
			}, {
				"Time": 3.065445358122422e-7,
				"TimeDiff": 2.2618756390586435e-7,
				"PhiDegree": 105.1432076844556,
				"Power": -58.74618873000364
			}]
	}
}