{
	"SensorDataCollection": {
		"SensorId": 0,
		"SensorDatas": [{
				"Time": 9.033614496552194e-8,
				"TimeDiff": 0.0,
				"PhiDegree": 175.76360520094119,
				"Power": -36.21181361397906
			}, {
				"Time": 1.1827145826699443e-7,
				"TimeDiff": 2.7935313301472488e-8,
				"PhiDegree": 220.38424230739992,
				"Power": -38.8083522920804
			}, {
				"Time": 3.8779056590702516e-7,
				"TimeDiff": 2.974544209415032e-7,
				"PhiDegree": 49.73301347844561,
				"Power": -49.61242184543559
			}, {
				"Time": 3.093104081495035e-7,
				"TimeDiff": 2.1897426318398155e-7,
				"PhiDegree": 106.93332314512102,
				"Power": -57.090173050938546
			}]
	}
}