{
	"SensorDataCollection": {
		"SensorId": 0,
		"SensorDatas": [{
				"Time": 8.700896896985562e-8,
				"TimeDiff": 0.0,
				"PhiDegree": 175.6012946450045,
				"Power": -35.881525233078236
			}, {
				"Time": 1.1575007315145382e-7,
				"TimeDiff": 2.87411041815982e-8,
				"PhiDegree": 221.45440831293786,
				"Power": -38.52811798160445
			}, {
				"Time": 3.899555163956639e-7,
				"TimeDiff": 3.0294654742580824e-7,
				"PhiDegree": 49.35893043634983,
				"Power": -49.55188009823256
			}, {
				"Time": 3.0835510403360917e-7,
				"TimeDiff": 2.2134613506375354e-7,
				"PhiDegree": 106.34020757564076,
				"Power": -57.611453964736
			}]
	}
}