{
	"SensorDataCollection": {
		"SensorId": 0,
		"SensorDatas": [{
				"Time": 7.7032354194598e-8,
				"TimeDiff": 0.0,
				"PhiDegree": 175.0302592718897,
				"Power": -34.80494225857826
			}, {
				"Time": 1.0845046033158004e-7,
				"TimeDiff": 3.141810613698205e-8,
				"PhiDegree": 224.95761962867837,
				"Power": -37.82900402749934
			}, {
				"Time": 3.965479141034929e-7,
				"TimeDiff": 3.195155599088949e-7,
				"PhiDegree": 48.26140569377684,
				"Power": -49.43035588062418
			}, {
				"Time": 3.056898642335768e-7,
				"TimeDiff": 2.2865751003897882e-7,
				"PhiDegree": 104.53952230101251,
				"Power": -59.36427415444719
			}]
	}
}