{
	"SensorDataCollection": {
		"SensorId": 0,
		"SensorDatas": [{
				"Time": 8.368254674726087e-8,
				"TimeDiff": 0.0,
				"PhiDegree": 175.42607874009911,
				"Power": -35.537780758789744
			}, {
				"Time": 1.1327085849183414e-7,
				"TimeDiff": 2.9588311744573264e-8,
				"PhiDegree": 222.5718250958589,
				"Power": -38.26916058346016
			}, {
				"Time": 3.921369057909133e-7,
				"TimeDiff": 3.0845435904365245e-7,
				"PhiDegree": 48.9889936879134,
				"Power": -49.50158656791717
			}, {
				"Time": 3.074330465849242e-7,
				"TimeDiff": 2.2375049983766332e-7,
				"PhiDegree": 105.74346997356938,
				"Power": -58.16273169857695
			}]
	}
}