{
	"SensorDataCollection": {
		"SensorId": 0,
		"SensorDatas": [{
				"Time": 6.706566706466866e-8,
				"TimeDiff": 0.0,
				"PhiDegree": 174.28940686250036,
				"Power": -33.56815464281557
			}, {
				"Time": 1.0161359383566057e-7,
				"TimeDiff": 3.454792677099191e-8,
				"PhiDegree": 228.9489389898702,
				"Power": -37.42901537886695
			}, {
				"Time": 4.0328102953989284e-7,
				"TimeDiff": 3.3621536247522417e-7,
				"PhiDegree": 47.200150402663375,
				"Power": -49.392006293780355
			}, {
				"Time": 3.0333168842244226e-7,
				"TimeDiff": 2.362660213577736e-7,
				"PhiDegree": 102.70900616910154,
				"Power": -61.45587106613429
			}]
	}
}