{
	"SensorDataCollection": {
		"SensorId": 0,
		"SensorDatas": [{
				"Time": 7.038653262659904e-8,
				"TimeDiff": 0.0,
				"PhiDegree": 174.5596679689945,
				"Power": -34.00134035902837
			}, {
				"Time": 1.0383536357409697e-7,
				"TimeDiff": 3.3448830947497926e-8,
				"PhiDegree": 227.56035376314767,
				"Power": -37.52077184966163
			}, {
				"Time": 4.0102145690245756e-7,
				"TimeDiff": 3.306349242758585e-7,
				"PhiDegree": 47.54993810578271,
				"Power": -49.39607286578769
			}, {
				"Time": 3.0408316868510816e-7,
				"TimeDiff": 2.3369663605850913e-7,
				"PhiDegree": 103.32230956922683,
				"Power": -60.715756201090045
			}]
	}
}