{
	"SensorDataCollection": {
		"SensorId": 0,
		"SensorDatas": [{
				"Time": 3.402720172339025e-8,
				"TimeDiff": 0.0,
				"PhiDegree": 168.69006752597983,
				"Power": -27.11413582490593
			}, {
				"Time": 8.357852122701087e-8,
				"TimeDiff": 4.955131950362062e-8,
				"PhiDegree": 246.4704250834142,
				"Power": -40.98469589970446
			}, {
				"Time": 4.2665447051985375e-7,
				"TimeDiff": 3.926272687964635e-7,
				"PhiDegree": 43.910636202166195,
				"Power": -49.765269279007526
			}, {
				"Time": 4.7698096456109e-7,
				"TimeDiff": 4.429537628376998e-7,
				"PhiDegree": 141.65754971092062,
				"Power": -52.11626926915595
			}]
	}
}