{
	"SensorDataCollection": {
		"SensorId": 0,
		"SensorDatas": [{
				"Time": 3.07623159913174e-8,
				"TimeDiff": 0.0,
				"PhiDegree": 167.47119229084845,
				"Power": -26.08744135886207
			}, {
				"Time": 8.230333430985208e-8,
				"TimeDiff": 5.154101831853468e-8,
				"PhiDegree": 248.6005990224496,
				"Power": -42.14728712973836
			}, {
				"Time": 4.290645021550427e-7,
				"TimeDiff": 3.983021861637253e-7,
				"PhiDegree": 43.60162056051391,
				"Power": -49.83862303568296
			}, {
				"Time": 4.743684960183388e-7,
				"TimeDiff": 4.436061800270214e-7,
				"PhiDegree": 141.40753720364168,
				"Power": -51.96301536592378
			}]
	}
}