{
	"SensorDataCollection": {
		"SensorId": 0,
		"SensorDatas": [{
				"Time": 2.1102774672870835e-8,
				"TimeDiff": 0.0,
				"PhiDegree": 161.56505117707798,
				"Power": -22.339842489084283
			}, {
				"Time": 7.920129956170903e-8,
				"TimeDiff": 5.8098524888838196e-8,
				"PhiDegree": 255.35841001416273,
				"Power": -47.52246865012407
			}, {
				"Time": 4.665864941547143e-7,
				"TimeDiff": 4.4548371948184346e-7,
				"PhiDegree": 140.6407701227314,
				"Power": -51.521595641381026
			}]
	}
}