{
	"SensorDataCollection": {
		"SensorId": 0,
		"SensorDatas": [{
				"Time": 2.7514651880765816e-8,
				"TimeDiff": 0.0,
				"PhiDegree": 165.96375653207355,
				"Power": -24.94867809585152
			}, {
				"Time": 8.114539310083686e-8,
				"TimeDiff": 5.3630741220071044e-8,
				"PhiDegree": 250.79467657862256,
				"Power": -43.578047691102086
			}, {
				"Time": 4.7176515961940016e-7,
				"TimeDiff": 4.4425050773863434e-7,
				"PhiDegree": 141.1547605564966,
				"Power": -51.812743219355596
			}]
	}
}