{
	"SensorDataCollection": {
		"SensorId": 0,
		"SensorDatas": [{
				"Time": 1.7968365164870175e-8,
				"TimeDiff": 0.0,
				"PhiDegree": 158.1985905136482,
				"Power": -20.914468518367435
			}, {
				"Time": 7.842436419932096e-8,
				"TimeDiff": 6.045599903445078e-8,
				"PhiDegree": 257.71761968264263,
				"Power": -50.261599772048726
			}, {
				"Time": 4.640114776688598e-7,
				"TimeDiff": 4.4604311250398963e-7,
				"PhiDegree": 140.37948308691583,
				"Power": -51.38095522942936
			}]
	}
}