{
	"SensorDataCollection": {
		"SensorId": 0,
		"SensorDatas": [{
				"Time": 2.4291117842423295e-8,
				"TimeDiff": 0.0,
				"PhiDegree": 164.05460409907712,
				"Power": -23.69533727103308
			}, {
				"Time": 8.010978192083729e-8,
				"TimeDiff": 5.5818664078414e-8,
				"PhiDegree": 253.048862595047,
				"Power": -45.33990819085989
			}, {
				"Time": 4.691711073816038e-7,
				"TimeDiff": 4.4487998953918053e-7,
				"PhiDegree": 140.8991836790756,
				"Power": -51.665564773662595
			}]
	}
}