{
	"SensorDataCollection": {
		"SensorId": 0,
		"SensorDatas": [{
				"Time": 1.4921915073038694e-8,
				"TimeDiff": 0.0,
				"PhiDegree": 153.43494882292202,
				"Power": -19.457419898482517
			}, {
				"Time": 4.6144621858265907e-7,
				"TimeDiff": 4.465243035096204e-7,
				"PhiDegree": 140.11528542624274,
				"Power": -51.24376686988789
			}, {
				"Time": 7.77829178085818e-8,
				"TimeDiff": 6.286100273554311e-8,
				"PhiDegree": 260.1198748501463,
				"Power": -53.78133227567072
			}]
	}
}