{
	"SensorDataCollection": {
		"SensorId": 0,
		"SensorDatas": [{
				"Time": 2.4291117842423295e-8,
				"TimeDiff": 0.0,
				"PhiDegree": 15.945395718108824,
				"Power": -23.69533571464004
			}, {
				"Time": 8.010978192083729e-8,
				"TimeDiff": 5.5818664078414e-8,
				"PhiDegree": 286.951137404953,
				"Power": -45.33990819085989
			}]
	}
}