{
	"SensorDataCollection": {
		"SensorId": 0,
		"SensorDatas": [{
				"Time": 7.460957536519347e-9,
				"TimeDiff": 0.0,
				"PhiDegree": 63.43494882292201,
				"Power": -14.45171346649328
			}, {
				"Time": 7.670192071083591e-8,
				"TimeDiff": 6.924096317431656e-8,
				"PhiDegree": 272.49323393152787,
				"Power": -77.25594933465173
			}]
	}
}