{
	"SensorDataCollection": {
		"SensorId": 0,
		"SensorDatas": [{
				"Time": 1.4921915073038694e-8,
				"TimeDiff": 0.0,
				"PhiDegree": 26.565051177077986,
				"Power": -19.457419898482517
			}, {
				"Time": 7.77829178085818e-8,
				"TimeDiff": 6.286100273554311e-8,
				"PhiDegree": 279.88012514985365,
				"Power": -53.78133227567072
			}]
	}
}