{
	"SensorDataCollection": {
		"SensorId": 0,
		"SensorDatas": [{
				"Time": 9.437447736480014e-9,
				"TimeDiff": 0.0,
				"PhiDegree": 45.0,
				"Power": -16.255268669107767
			}, {
				"Time": 7.69193354960143e-8,
				"TimeDiff": 6.74818877595343e-8,
				"PhiDegree": 274.97706124899776,
				"Power": -65.33767458590799
			}]
	}
}