{
	"SensorDataCollection": {
		"SensorId": 0,
		"SensorDatas": [{
				"Time": 2.1102774672870835e-8,
				"TimeDiff": 0.0,
				"PhiDegree": 18.434948822922006,
				"Power": -22.339842489084283
			}, {
				"Time": 7.920129956170903e-8,
				"TimeDiff": 5.8098524888838196e-8,
				"PhiDegree": 284.64158998583724,
				"Power": -47.52246865012407
			}]
	}
}