{
	"SensorDataCollection": {
		"SensorId": 0,
		"SensorDatas": [{
				"Time": 1.3215422778013223e-7,
				"TimeDiff": 0.0,
				"PhiDegree": 314.40287192934846,
				"Power": -28.224025328044164
			}]
	}
}