{
	"SensorDataCollection": {
		"SensorId": 0,
		"SensorDatas": [{
				"Time": 1.3289316961732998e-7,
				"TimeDiff": 0.0,
				"PhiDegree": 314.749644269678,
				"Power": -28.177750055676903
			}]
	}
}