{
	"SensorDataCollection": {
		"SensorId": 0,
		"SensorDatas": [{
				"Time": 1.3774586809543424e-7,
				"TimeDiff": 0.0,
				"PhiDegree": 317.4528229024119,
				"Power": -30.079791654076686
			}]
	}
}