{
	"SensorDataCollection": {
		"SensorId": 3,
		"SensorDatas": [{
				"Time": 7.781327402131902e-8,
				"TimeDiff": -6.073080456235671e-8,
				"PhiDegree": 255.74400703908944,
				"Power": -19.49803586770156
			}]
	}
}