{
	"SensorDataCollection": {
		"SensorId": 1,
		"SensorDatas": [{
				"Time": 1.869849976516031e-7,
				"TimeDiff": 4.3801467994811486e-8,
				"PhiDegree": 59.39417180271429,
				"Power": -36.37613888733026
			}]
	}
}