{
	"SensorDataCollection": {
		"SensorId": 0,
		"SensorDatas": [{
				"Time": 1.428664617971468e-7,
				"TimeDiff": 0.0,
				"PhiDegree": 321.0696822237372,
				"Power": -33.50870089336431
			}]
	}
}