{
	"SensorDataCollection": {
		"SensorId": 0,
		"SensorDatas": [{
				"Time": 1.4073678116252765e-7,
				"TimeDiff": 0.0,
				"PhiDegree": 321.9264019834269,
				"Power": -33.536234887398976
			}]
	}
}