{
	"SensorDataCollection": {
		"SensorId": 3,
		"SensorDatas": [{
				"Time": 4.93144735697694e-8,
				"TimeDiff": -7.041659950833818e-8,
				"PhiDegree": 233.2868732507408,
				"Power": -18.58512998646441
			}]
	}
}