{
	"SensorDataCollection": {
		"SensorId": 0,
		"SensorDatas": [{
				"Time": 1.1934708539256592e-7,
				"TimeDiff": 0.0,
				"PhiDegree": 332.6301962007933,
				"Power": -28.739716856171547
			}]
	}
}