{
	"SensorDataCollection": {
		"SensorId": 3,
		"SensorDatas": [{
				"Time": 4.167460401649019e-8,
				"TimeDiff": -7.22813988604545e-8,
				"PhiDegree": 222.66623268627046,
				"Power": -20.004139856622537
			}]
	}
}