{
	"SensorDataCollection": {
		"SensorId": 3,
		"SensorDatas": [{
				"Time": 4.025617790898662e-8,
				"TimeDiff": -5.655428930893081e-8,
				"PhiDegree": 220.4199664336378,
				"Power": -20.544167219288262
			}]
	}
}