{
	"SensorDataCollection": {
		"SensorId": 3,
		"SensorDatas": [{
				"Time": 3.9049980806430664e-8,
				"TimeDiff": -5.924751128852392e-8,
				"PhiDegree": 217.4818694372357,
				"Power": -19.82463952090953
			}]
	}
}