{
	"SensorDataCollection": {
		"SensorId": 3,
		"SensorDatas": [{
				"Time": 3.753883575080865e-8,
				"TimeDiff": -6.28127665215907e-8,
				"PhiDegree": 213.57293335926894,
				"Power": -18.044826399120716
			}]
	}
}