{
	"SensorDataCollection": {
		"SensorId": 3,
		"SensorDatas": [{
				"Time": 3.629962120787525e-8,
				"TimeDiff": -6.889164571730899e-8,
				"PhiDegree": 210.57172268533373,
				"Power": -17.315302256647755
			}]
	}
}