{
	"SensorDataCollection": {
		"SensorId": 0,
		"SensorDatas": [{
				"Time": 4.759156608605441e-8,
				"TimeDiff": 0.0,
				"PhiDegree": 299.3796965497164,
				"Power": -24.544393112197795
			}]
	}
}