{
	"SensorDataCollection": {
		"SensorId": 3,
		"SensorDatas": [{
				"Time": 3.57788928186493e-8,
				"TimeDiff": -1.1812673267405111e-8,
				"PhiDegree": 209.0622818498203,
				"Power": -17.740958569160412
			}]
	}
}