{
	"SensorDataCollection": {
		"SensorId": 3,
		"SensorDatas": [{
				"Time": 3.4746290537392416e-8,
				"TimeDiff": -1.0946613567917821e-8,
				"PhiDegree": 205.89853530338115,
				"Power": -17.106540699142073
			}]
	}
}