{
	"SensorDataCollection": {
		"SensorId": 1,
		"SensorDatas": [{
				"Time": 2.6814779803268526e-8,
				"TimeDiff": -1.887812430204171e-8,
				"PhiDegree": 44.390869751734385,
				"Power": -17.405731748133633
			}]
	}
}