{
	"SensorDataCollection": {
		"SensorId": 0,
		"SensorDatas": [{
				"Time": 4.8160812313709256e-8,
				"TimeDiff": 0.0,
				"PhiDegree": 334.03315821289056,
				"Power": -23.280362440634867
			}]
	}
}