{
	"SensorDataCollection": {
		"SensorId": 3,
		"SensorDatas": [{
				"Time": 3.40093768045053e-8,
				"TimeDiff": -8.774573941023333e-9,
				"PhiDegree": 200.8245276124907,
				"Power": -18.033345561121322
			}]
	}
}