{
	"SensorDataCollection": {
		"SensorId": 0,
		"SensorDatas": [{
				"Time": 4.0887677923687253e-8,
				"TimeDiff": 0.0,
				"PhiDegree": 303.6328076154396,
				"Power": -19.632476246955022
			}]
	}
}