{
	"SensorDataCollection": {
		"SensorId": 3,
		"SensorDatas": [{
				"Time": 3.2501099449583604e-8,
				"TimeDiff": -1.9742802476118163e-9,
				"PhiDegree": 184.03208315475587,
				"Power": -19.32794915872463
			}]
	}
}