{
	"SensorDataCollection": {
		"SensorId": 3,
		"SensorDatas": [{
				"Time": 3.2516652737296237e-8,
				"TimeDiff": 5.189007647960941e-10,
				"PhiDegree": 178.29277722328828,
				"Power": -18.877813157002876
			}]
	}
}