{
	"SensorDataCollection": {
		"SensorId": 0,
		"SensorDatas": [{
				"Time": 3.11944960707042e-8,
				"TimeDiff": 0.0,
				"PhiDegree": 315.0296566343053,
				"Power": -16.418357944865058
			}]
	}
}