{
	"SensorDataCollection": {
		"SensorId": 3,
		"SensorDatas": [{
				"Time": 3.272014070270158e-8,
				"TimeDiff": 2.8624519685400395e-9,
				"PhiDegree": 172.84554146411085,
				"Power": -18.84168414386526
			}]
	}
}