{
	"SensorDataCollection": {
		"SensorId": 3,
		"SensorDatas": [{
				"Time": 3.307009255714521e-8,
				"TimeDiff": 4.197154128285566e-9,
				"PhiDegree": 170.63391051936276,
				"Power": -18.697608402392085
			}]
	}
}