{
	"SensorDataCollection": {
		"SensorId": 3,
		"SensorDatas": [{
				"Time": 3.312026829544283e-8,
				"TimeDiff": 4.8027916457172466e-9,
				"PhiDegree": 168.81960992230972,
				"Power": -18.598589785767807
			}]
	}
}