{
	"SensorDataCollection": {
		"SensorId": 3,
		"SensorDatas": [{
				"Time": 3.4440051828702336e-8,
				"TimeDiff": 8.809782877958571e-9,
				"PhiDegree": 161.70381054820493,
				"Power": -20.297676907552002
			}]
	}
}