{
	"SensorDataCollection": {
		"SensorId": 3,
		"SensorDatas": [{
				"Time": 3.533260754406061e-8,
				"TimeDiff": 1.0705994404856978e-8,
				"PhiDegree": 160.65442688878258,
				"Power": -18.471611809751934
			}]
	}
}