{
	"SensorDataCollection": {
		"SensorId": 3,
		"SensorDatas": [{
				"Time": 4.28737163534173e-8,
				"TimeDiff": 2.4763482440594706e-8,
				"PhiDegree": 163.79604652734395,
				"Power": -20.755751478484143
			}]
	}
}