{
	"SensorDataCollection": {
		"SensorId": 3,
		"SensorDatas": [{
				"Time": 4.388862140658457e-8,
				"TimeDiff": 2.6463924631737954e-8,
				"PhiDegree": 164.40958664517717,
				"Power": -20.89940110696199
			}]
	}
}