{
	"SensorDataCollection": {
		"SensorId": 0,
		"SensorDatas": [{
				"Time": 1.5589938796715133e-8,
				"TimeDiff": 0.0,
				"PhiDegree": 305.74068085907135,
				"Power": -12.693163138122152
			}]
	}
}