{
	"SensorDataCollection": {
		"SensorId": 3,
		"SensorDatas": [{
				"Time": 4.78448047294006e-8,
				"TimeDiff": 3.25203473225179e-8,
				"PhiDegree": 166.62813794171035,
				"Power": -20.372218958190928
			}]
	}
}