{
	"SensorDataCollection": {
		"SensorId": 3,
		"SensorDatas": [{
				"Time": 4.899325125937529e-8,
				"TimeDiff": 3.4355358643478496e-8,
				"PhiDegree": 166.79297141450746,
				"Power": -19.75007023581272
			}]
	}
}