{
	"SensorDataCollection": {
		"SensorId": 0,
		"SensorDatas": [{
				"Time": 1.4331691133865955e-8,
				"TimeDiff": 0.0,
				"PhiDegree": 250.54116406615225,
				"Power": -13.208100720721802
			}]
	}
}