{
	"SensorDataCollection": {
		"SensorId": 3,
		"SensorDatas": [{
				"Time": 8.576272303701498e-8,
				"TimeDiff": 4.7679554986918365e-8,
				"PhiDegree": 222.93770879327116,
				"Power": -23.226877597530162
			}]
	}
}