{
	"SensorDataCollection": {
		"SensorId": 3,
		"SensorDatas": [{
				"Time": 4.7727710417488215e-8,
				"TimeDiff": -3.0249384916446594e-8,
				"PhiDegree": 210.29036978696328,
				"Power": -19.820002079952076
			}]
	}
}