{
	"SensorDataCollection": {
		"SensorId": 3,
		"SensorDatas": [{
				"Time": 4.573280810320072e-8,
				"TimeDiff": -4.609530790337079e-8,
				"PhiDegree": 211.43562248475308,
				"Power": -19.605994242816294
			}]
	}
}