{
	"SensorDataCollection": {
		"SensorId": 3,
		"SensorDatas": [{
				"Time": 4.4761351257001267e-8,
				"TimeDiff": -7.297821827610222e-8,
				"PhiDegree": 212.23532945361637,
				"Power": -20.979023816030953
			}]
	}
}