{
	"SensorDataCollection": {
		"SensorId": 0,
		"SensorDatas": [{
				"Time": 1.177395695331035e-7,
				"TimeDiff": 0.0,
				"PhiDegree": 340.74955628662883,
				"Power": -35.97300154435095
			}]
	}
}