{
	"SensorDataCollection": {
		"SensorId": 3,
		"SensorDatas": [{
				"Time": 4.3933439666763886e-8,
				"TimeDiff": -7.295585767976675e-8,
				"PhiDegree": 213.03015629670716,
				"Power": -19.407643283120322
			}]
	}
}