{
	"SensorDataCollection": {
		"SensorId": 3,
		"SensorDatas": [{
				"Time": 3.428502350781453e-8,
				"TimeDiff": -2.0870537282376e-8,
				"PhiDegree": 221.70543969603818,
				"Power": -17.874401440316433
			}]
	}
}