{
	"SensorDataCollection": {
		"SensorId": 3,
		"SensorDatas": [{
				"Time": 3.346430116083572e-8,
				"TimeDiff": -2.2346290558772707e-8,
				"PhiDegree": 223.07856234396675,
				"Power": -17.231438654433816
			}]
	}
}