{
	"SensorDataCollection": {
		"SensorId": 3,
		"SensorDatas": [{
				"Time": 3.265916618923375e-8,
				"TimeDiff": -2.3735814025190907e-8,
				"PhiDegree": 224.36851446936444,
				"Power": -18.123166576953764
			}]
	}
}