{
	"SensorDataCollection": {
		"SensorId": 3,
		"SensorDatas": [{
				"Time": 3.078792866240327e-8,
				"TimeDiff": -2.6581239853912726e-8,
				"PhiDegree": 226.80746233574118,
				"Power": -17.670984886523016
			}]
	}
}