{
	"SensorDataCollection": {
		"SensorId": 0,
		"SensorDatas": [{
				"Time": 5.8191506738161325e-8,
				"TimeDiff": 0.0,
				"PhiDegree": 307.47117695134415,
				"Power": -24.337181070612274
			}]
	}
}