{
	"SensorDataCollection": {
		"SensorId": 0,
		"SensorDatas": [{
				"Time": 5.825457447310134e-8,
				"TimeDiff": 0.0,
				"PhiDegree": 319.6828751519854,
				"Power": -20.95626493742573
			}]
	}
}