{
	"SensorDataCollection": {
		"SensorId": 0,
		"SensorDatas": [{
				"Time": 6.500496942395596e-8,
				"TimeDiff": 0.0,
				"PhiDegree": 313.7814521334186,
				"Power": -21.15303052052051
			}]
	}
}