{
	"SensorDataCollection": {
		"SensorId": 0,
		"SensorDatas": [{
				"Time": 4.3919805352016913e-8,
				"TimeDiff": 0.0,
				"PhiDegree": 346.47057223524735,
				"Power": -23.732007333335886
			}]
	}
}