{
	"SensorDataCollection": {
		"SensorId": 3,
		"SensorDatas": [{
				"Time": 3.123207265986965e-8,
				"TimeDiff": -3.921717035026848e-8,
				"PhiDegree": 252.72715731710025,
				"Power": -19.038220703374762
			}]
	}
}