{
	"SensorDataCollection": {
		"SensorId": 3,
		"SensorDatas": [{
				"Time": 3.31592882476691e-8,
				"TimeDiff": -3.911672152307658e-8,
				"PhiDegree": 254.33923475069744,
				"Power": -17.90726946061524
			}]
	}
}