{
	"SensorDataCollection": {
		"SensorId": 0,
		"SensorDatas": [{
				"Time": 7.609926090406757e-8,
				"TimeDiff": 0.0,
				"PhiDegree": 307.0152862939101,
				"Power": -25.427164389006983
			}]
	}
}