{
	"SensorDataCollection": {
		"SensorId": 3,
		"SensorDatas": [{
				"Time": 3.849919741244985e-8,
				"TimeDiff": -3.83032428723746e-8,
				"PhiDegree": 256.890260682493,
				"Power": -19.190131940804413
			}]
	}
}