{
	"SensorDataCollection": {
		"SensorId": 3,
		"SensorDatas": [{
				"Time": 4.225029512756816e-8,
				"TimeDiff": -3.808259804452395e-8,
				"PhiDegree": 258.8478163654355,
				"Power": -20.711943079462998
			}]
	}
}