{
	"SensorDataCollection": {
		"SensorId": 3,
		"SensorDatas": [{
				"Time": 4.9998891458665083e-8,
				"TimeDiff": -3.726461595844867e-8,
				"PhiDegree": 261.26248686937,
				"Power": -20.38455166063852
			}]
	}
}