{
	"SensorDataCollection": {
		"SensorId": 0,
		"SensorDatas": [{
				"Time": 4.5287386365683537e-8,
				"TimeDiff": 0.0,
				"PhiDegree": 341.11201225508756,
				"Power": -25.09906038784318
			}]
	}
}