{
	"SensorDataCollection": {
		"SensorId": 1,
		"SensorDatas": [{
				"Time": 6.12192455278129e-7,
				"TimeDiff": 4.591845993344132e-7,
				"PhiDegree": 349.7018571626204,
				"Power": -81.35411772754172
			}]
	}
}