{
	"SensorDataCollection": {
		"SensorId": 0,
		"SensorDatas": [{
				"Time": 1.5300785594371582e-7,
				"TimeDiff": 0.0,
				"PhiDegree": 20.687658788704674,
				"Power": -38.6620079080966
			}]
	}
}