{
	"SensorDataCollection": {
		"SensorId": 0,
		"SensorDatas": [{
				"Time": 9.993431991784648e-8,
				"TimeDiff": 0.0,
				"PhiDegree": 323.91643154134084,
				"Power": -27.24718715108572
			}]
	}
}