{
	"SensorDataCollection": {
		"SensorId": 2,
		"SensorDatas": [{
				"Time": 5.004962468668989e-8,
				"TimeDiff": -4.658409320132856e-7,
				"PhiDegree": 0.0,
				"Power": -28.101099218746093
			}]
	}
}