{
	"SensorDataCollection": {
		"SensorId": 1,
		"SensorDatas": [{
				"Time": 1.7734493609738574e-7,
				"TimeDiff": -3.3854562060258974e-7,
				"PhiDegree": 94.31602751986563,
				"Power": -35.05765907290075
			}]
	}
}