{
	"SensorDataCollection": {
		"SensorId": 0,
		"SensorDatas": [{
				"Time": 5.158905566999755e-7,
				"TimeDiff": 0.0,
				"PhiDegree": 159.95306640137196,
				"Power": -41.73082414668663
			}]
	}
}