{
	"SensorDataCollection": {
		"SensorId": 0,
		"SensorDatas": [{
				"Time": 1.8375470551088634e-7,
				"TimeDiff": 0.0,
				"PhiDegree": 42.15488236632755,
				"Power": -39.62418378896173
			}]
	}
}