{
	"SensorDataCollection": {
		"SensorId": 0,
		"SensorDatas": [{
				"Time": 1.3532698099951525e-7,
				"TimeDiff": 0.0,
				"PhiDegree": 316.07450913991624,
				"Power": -28.17223525679816
			}]
	}
}