{
	"SensorDataCollection": {
		"SensorId": 0,
		"SensorDatas": [{
				"Time": 1.3917567642068486e-7,
				"TimeDiff": 0.0,
				"PhiDegree": 322.42655077666853,
				"Power": -33.468935316106126
			}]
	}
}