{
	"SensorDataCollection": {
		"SensorId": 3,
		"SensorDatas": [{
				"Time": 6.310277192806987e-8,
				"TimeDiff": -6.713794099805493e-8,
				"PhiDegree": 243.0411739485532,
				"Power": -19.91143764939128
			}]
	}
}