{
	"SensorDataCollection": {
		"SensorId": 0,
		"SensorDatas": [{
				"Time": 1.2826609824835046e-7,
				"TimeDiff": 0.0,
				"PhiDegree": 327.34533816049975,
				"Power": -27.145917142167008
			}]
	}
}