{
	"SensorDataCollection": {
		"SensorId": 3,
		"SensorDatas": [{
				"Time": 4.304108774905441e-8,
				"TimeDiff": -7.195831343112636e-8,
				"PhiDegree": 225.196643865049,
				"Power": -19.349692752400884
			}]
	}
}