{
	"SensorDataCollection": {
		"SensorId": 3,
		"SensorDatas": [{
				"Time": 4.228713224324476e-8,
				"TimeDiff": -7.210413479395043e-8,
				"PhiDegree": 224.13523248348454,
				"Power": -19.899710142623213
			}]
	}
}