{
	"SensorDataCollection": {
		"SensorId": 3,
		"SensorDatas": [{
				"Time": 3.789666546577948e-8,
				"TimeDiff": -6.187586275326735e-8,
				"PhiDegree": 214.97287288173467,
				"Power": -17.314934560983673
			}]
	}
}