{
	"SensorDataCollection": {
		"SensorId": 2,
		"SensorDatas": [{
				"Time": 5.598526875471162e-8,
				"TimeDiff": 9.246612434647954e-9,
				"PhiDegree": 128.7998106190001,
				"Power": -23.76759810573739
			}]
	}
}