{
	"SensorDataCollection": {
		"SensorId": 3,
		"SensorDatas": [{
				"Time": 3.4425932016163954e-8,
				"TimeDiff": -1.0447202060531336e-8,
				"PhiDegree": 204.47979580576546,
				"Power": -17.09632179160507
			}]
	}
}