{
	"SensorDataCollection": {
		"SensorId": 0,
		"SensorDatas": [{
				"Time": 4.2783950745528633e-8,
				"TimeDiff": 0.0,
				"PhiDegree": 302.25577249935947,
				"Power": -20.604956783191838
			}]
	}
}