{
	"SensorDataCollection": {
		"SensorId": 3,
		"SensorDatas": [{
				"Time": 3.348782252719742e-8,
				"TimeDiff": -7.399855396489833e-9,
				"PhiDegree": 197.2895998580375,
				"Power": -19.91437235608079
			}]
	}
}