{
	"SensorDataCollection": {
		"SensorId": 3,
		"SensorDatas": [{
				"Time": 3.327728431409816e-8,
				"TimeDiff": -6.616094306441957e-9,
				"PhiDegree": 195.38287922607492,
				"Power": -19.92869522068372
			}]
	}
}