{
	"SensorDataCollection": {
		"SensorId": 3,
		"SensorDatas": [{
				"Time": 3.318832674066028e-8,
				"TimeDiff": -5.67081727009365e-9,
				"PhiDegree": 193.42425263149286,
				"Power": -19.955656428463
			}]
	}
}