{
	"SensorDataCollection": {
		"SensorId": 3,
		"SensorDatas": [{
				"Time": 3.291364201195152e-8,
				"TimeDiff": -3.1546047414638597e-9,
				"PhiDegree": 187.8240655520054,
				"Power": -19.54818314358687
			}]
	}
}