{
	"SensorDataCollection": {
		"SensorId": 2,
		"SensorDatas": [{
				"Time": 6.908416022830369e-8,
				"TimeDiff": 3.544524388655988e-8,
				"PhiDegree": 121.78921486011978,
				"Power": -19.627452882572534
			}]
	}
}