{
	"SensorDataCollection": {
		"SensorId": 3,
		"SensorDatas": [{
				"Time": 3.261570427915221e-8,
				"TimeDiff": 1.421208208448009e-9,
				"PhiDegree": 176.40671372884543,
				"Power": -18.786436401436838
			}]
	}
}