{
	"SensorDataCollection": {
		"SensorId": 0,
		"SensorDatas": [{
				"Time": 3.049726312355471e-8,
				"TimeDiff": 0.0,
				"PhiDegree": 316.5926166540806,
				"Power": -17.10139294834103
			}]
	}
}