{
	"SensorDataCollection": {
		"SensorId": 3,
		"SensorDatas": [{
				"Time": 3.385008166623047e-8,
				"TimeDiff": 7.0633452845764145e-9,
				"PhiDegree": 165.17020209526135,
				"Power": -20.352368937034612
			}]
	}
}