{
	"SensorDataCollection": {
		"SensorId": 3,
		"SensorDatas": [{
				"Time": 3.4114120396380233e-8,
				"TimeDiff": 7.969172753276497e-9,
				"PhiDegree": 163.04591522256166,
				"Power": -18.35894605878667
			}]
	}
}