{
	"SensorDataCollection": {
		"SensorId": 0,
		"SensorDatas": [{
				"Time": 2.180119222276731e-8,
				"TimeDiff": 0.0,
				"PhiDegree": 326.86675337248244,
				"Power": -16.192963304679232
			}]
	}
}