{
	"SensorDataCollection": {
		"SensorId": 3,
		"SensorDatas": [{
				"Time": 4.189263012815376e-8,
				"TimeDiff": 2.30261304013636e-8,
				"PhiDegree": 163.35256218464733,
				"Power": -19.22369447835343
			}]
	}
}