{
	"SensorDataCollection": {
		"SensorId": 3,
		"SensorDatas": [{
				"Time": 4.6929359988757284e-8,
				"TimeDiff": 3.133942119204215e-8,
				"PhiDegree": 165.89497461668606,
				"Power": -21.034156791518754
			}]
	}
}