{
	"SensorDataCollection": {
		"SensorId": 3,
		"SensorDatas": [{
				"Time": 5.509904404584419e-8,
				"TimeDiff": 4.181850293545063e-8,
				"PhiDegree": 168.67134053620094,
				"Power": -20.384487086893202
			}]
	}
}