{
	"SensorDataCollection": {
		"SensorId": 0,
		"SensorDatas": [{
				"Time": 1.354569779524927e-8,
				"TimeDiff": 0.0,
				"PhiDegree": 258.3111171584382,
				"Power": -13.622267181191027
			}]
	}
}