{
	"SensorDataCollection": {
		"SensorId": 1,
		"SensorDatas": [{
				"Time": 4.5696201149816685e-8,
				"TimeDiff": 3.104599953491258e-8,
				"PhiDegree": 102.67483837957438,
				"Power": -18.173506281008486
			}]
	}
}