{
	"SensorDataCollection": {
		"SensorId": 0,
		"SensorDatas": [{
				"Time": 1.638743730009965e-8,
				"TimeDiff": 0.0,
				"PhiDegree": 237.0798290315616,
				"Power": -15.907056291184695
			}]
	}
}