{
	"SensorDataCollection": {
		"SensorId": 3,
		"SensorDatas": [{
				"Time": 6.701520771258632e-8,
				"TimeDiff": 4.14372336621841e-8,
				"PhiDegree": 178.54101923304015,
				"Power": -21.991444569736295
			}]
	}
}