{
	"SensorDataCollection": {
		"SensorId": 0,
		"SensorDatas": [{
				"Time": 3.0259792804661495e-8,
				"TimeDiff": 0.0,
				"PhiDegree": 246.24041666466047,
				"Power": -19.87602831933377
			}]
	}
}