{
	"SensorDataCollection": {
		"SensorId": 0,
		"SensorDatas": [{
				"Time": 3.227497497221153e-8,
				"TimeDiff": 0.0,
				"PhiDegree": 248.33194050932818,
				"Power": -19.88945901427148
			}]
	}
}