{
	"SensorDataCollection": {
		"SensorId": 0,
		"SensorDatas": [{
				"Time": 3.8985472838831444e-8,
				"TimeDiff": 0.0,
				"PhiDegree": 253.25792809559675,
				"Power": -20.13677632774644
			}]
	}
}