{
	"SensorDataCollection": {
		"SensorId": 0,
		"SensorDatas": [{
				"Time": 4.2020058361117674e-8,
				"TimeDiff": 0.0,
				"PhiDegree": 254.5396085661072,
				"Power": -20.74718934099065
			}]
	}
}