{
	"SensorDataCollection": {
		"SensorId": 1,
		"SensorDatas": [{
				"Time": 9.600132655818708e-9,
				"TimeDiff": -3.981600586626103e-8,
				"PhiDegree": 115.9346863846901,
				"Power": -11.05768553618637
			}]
	}
}