{
	"SensorDataCollection": {
		"SensorId": 3,
		"SensorDatas": [{
				"Time": 4.98209451415625e-8,
				"TimeDiff": -2.6326353316238504e-8,
				"PhiDegree": 209.04927148284366,
				"Power": -19.283202070303524
			}]
	}
}