{
	"SensorDataCollection": {
		"SensorId": 3,
		"SensorDatas": [{
				"Time": 4.863113254916317e-8,
				"TimeDiff": -2.8462300077158518e-8,
				"PhiDegree": 209.6260892137503,
				"Power": -19.749928462779536
			}]
	}
}