{
	"SensorDataCollection": {
		"SensorId": 3,
		"SensorDatas": [{
				"Time": 4.686144196545675e-8,
				"TimeDiff": -3.20571145839698e-8,
				"PhiDegree": 211.0695182199046,
				"Power": -19.92772635363565
			}]
	}
}