{
	"SensorDataCollection": {
		"SensorId": 3,
		"SensorDatas": [{
				"Time": 4.27707742043643e-8,
				"TimeDiff": -7.29367701397683e-8,
				"PhiDegree": 213.6228505815483,
				"Power": -19.698372293633
			}]
	}
}