{
	"SensorDataCollection": {
		"SensorId": 3,
		"SensorDatas": [{
				"Time": 4.177687291518226e-8,
				"TimeDiff": -5.436103943940003e-8,
				"PhiDegree": 214.27121475081043,
				"Power": -20.446885417984205
			}]
	}
}