{
	"SensorDataCollection": {
		"SensorId": 0,
		"SensorDatas": [{
				"Time": 9.692288574295259e-8,
				"TimeDiff": 0.0,
				"PhiDegree": 228.3814732147647,
				"Power": -27.325137298739023
			}]
	}
}