{
	"SensorDataCollection": {
		"SensorId": 0,
		"SensorDatas": [{
				"Time": 4.333513807958361e-8,
				"TimeDiff": 0.0,
				"PhiDegree": 348.3212761182483,
				"Power": -23.727994044559587
			}]
	}
}