{
	"SensorDataCollection": {
		"SensorId": 3,
		"SensorDatas": [{
				"Time": 3.892033426088922e-8,
				"TimeDiff": -5.959518393272105e-8,
				"PhiDegree": 216.76277306310217,
				"Power": -19.049252870797908
			}]
	}
}