{
	"SensorDataCollection": {
		"SensorId": 3,
		"SensorDatas": [{
				"Time": 3.536082456214733e-8,
				"TimeDiff": -1.935959134229927e-8,
				"PhiDegree": 220.66474331720855,
				"Power": -17.608502864019833
			}]
	}
}