{
	"SensorDataCollection": {
		"SensorId": 3,
		"SensorDatas": [{
				"Time": 3.164491268042984e-8,
				"TimeDiff": -2.5156168653450818e-8,
				"PhiDegree": 225.44552212770782,
				"Power": -17.96652969255676
			}]
	}
}