{
	"SensorDataCollection": {
		"SensorId": 0,
		"SensorDatas": [{
				"Time": 5.8019374429165996e-8,
				"TimeDiff": 0.0,
				"PhiDegree": 306.58282056853056,
				"Power": -24.447861755767114
			}]
	}
}