{
	"SensorDataCollection": {
		"SensorId": 2,
		"SensorDatas": [{
				"Time": 4.3925264125721e-8,
				"TimeDiff": -1.4999967048056614e-8,
				"PhiDegree": 118.80272667632643,
				"Power": -17.981467551186796
			}]
	}
}