{
	"SensorDataCollection": {
		"SensorId": 0,
		"SensorDatas": [{
				"Time": 5.8925231173777614e-8,
				"TimeDiff": 0.0,
				"PhiDegree": 309.3084895707049,
				"Power": -23.52976500395966
			}]
	}
}