{
	"SensorDataCollection": {
		"SensorId": 0,
		"SensorDatas": [{
				"Time": 6.096097748544616e-8,
				"TimeDiff": 0.0,
				"PhiDegree": 310.8133617738711,
				"Power": -23.192369619933743
			}]
	}
}