{
	"SensorDataCollection": {
		"SensorId": 0,
		"SensorDatas": [{
				"Time": 6.325828404551854e-8,
				"TimeDiff": 0.0,
				"PhiDegree": 312.5265815624452,
				"Power": -21.95143949139336
			}]
	}
}