{
	"SensorDataCollection": {
		"SensorId": 1,
		"SensorDatas": [{
				"Time": 4.5061540404216486e-8,
				"TimeDiff": -1.319303406888485e-8,
				"PhiDegree": 26.821883022546793,
				"Power": -19.05358820779052
			}]
	}
}