{
	"SensorDataCollection": {
		"SensorId": 0,
		"SensorDatas": [{
				"Time": 5.890833117374313e-8,
				"TimeDiff": 0.0,
				"PhiDegree": 319.096599319349,
				"Power": -21.852331347538183
			}]
	}
}