{
	"SensorDataCollection": {
		"SensorId": 3,
		"SensorDatas": [{
				"Time": 3.034754720203486e-8,
				"TimeDiff": -3.940504309105425e-8,
				"PhiDegree": 252.23074467153086,
				"Power": -18.800028493703373
			}]
	}
}