{
	"SensorDataCollection": {
		"SensorId": 3,
		"SensorDatas": [{
				"Time": 3.582191756631613e-8,
				"TimeDiff": -3.881974263914554e-8,
				"PhiDegree": 255.95134552760814,
				"Power": -17.851082071518
			}]
	}
}