{
	"SensorDataCollection": {
		"SensorId": 3,
		"SensorDatas": [{
				"Time": 3.681283371032869e-8,
				"TimeDiff": -3.8690331252781214e-8,
				"PhiDegree": 256.44575398764607,
				"Power": -18.831197134144247
			}]
	}
}