{
	"SensorDataCollection": {
		"SensorId": 3,
		"SensorDatas": [{
				"Time": 3.771607908196555e-8,
				"TimeDiff": -3.8383181822102017e-8,
				"PhiDegree": 256.4956698436662,
				"Power": -19.01002239147818
			}]
	}
}