{
	"SensorDataCollection": {
		"SensorId": 0,
		"SensorDatas": [{
				"Time": 7.940781293246077e-8,
				"TimeDiff": 0.0,
				"PhiDegree": 305.5865171770529,
				"Power": -27.07238658343283
			}]
	}
}