{
	"SensorDataCollection": {
		"SensorId": 3,
		"SensorDatas": [{
				"Time": 4.641171630812141e-8,
				"TimeDiff": -3.766385547496195e-8,
				"PhiDegree": 260.3103464931043,
				"Power": -19.49108671579723
			}]
	}
}