{
	"SensorDataCollection": {
		"SensorId": 3,
		"SensorDatas": [{
				"Time": 1.6215787011014425e-8,
				"TimeDiff": -2.8562263408317237e-8,
				"PhiDegree": 136.44840512396792,
				"Power": -13.41900593025661
			}]
	}
}