{
	"SensorDataCollection": {
		"SensorId": 0,
		"SensorDatas": [{
				"Time": 1.2352717169134742e-7,
				"TimeDiff": 0.0,
				"PhiDegree": 315.6995278974701,
				"Power": -26.716295527261735
			}]
	}
}