{
	"SensorDataCollection": {
		"SensorId": 2,
		"SensorDatas": [{
				"Time": 1.1974892360316313e-8,
				"TimeDiff": -1.1155227933103111e-7,
				"PhiDegree": 210.59282431971806,
				"Power": -12.146523784024069
			}]
	}
}